index	module	class	vm	jit	rc	status	seconds	tests	failed	aborted	skipped	containersFailed	stdoutLog	stderrLog	note
1	module/spring-boot-jackson	org.springframework.boot.jackson.autoconfigure.jsontest.JacksonAutoConfigureJsonIntegrationTests	craton	on	0	PASS	5.287	1	0	0	0	0	/data/data/cratonvm/apps/spring-boot-suite-runner/.suite/results/craton-fullsuite-azure-20260805-s6/all-jit/logs/module_spring-boot-jackson.org.springframework.boot.jackson.autoconfigure.jsontest.JacksonAutoConfigureJso-3a66b158738f.out.log	/data/data/cratonvm/apps/spring-boot-suite-runner/.suite/results/craton-fullsuite-azure-20260805-s6/all-jit/logs/module_spring-boot-jackson.org.springframework.boot.jackson.autoconfigure.jsontest.JacksonAutoConfigureJso-3a66b158738f.err.log	
2	module/spring-boot-jackson	org.springframework.boot.jackson.autoconfigure.JacksonTesterAutoConfigurationTests	craton	on	0	PASS	7.027	1	0	0	0	0	/data/data/cratonvm/apps/spring-boot-suite-runner/.suite/results/craton-fullsuite-azure-20260805-s6/all-jit/logs/module_spring-boot-jackson.org.springframework.boot.jackson.autoconfigure.JacksonTesterAutoConfigurationTests.out.log	/data/data/cratonvm/apps/spring-boot-suite-runner/.suite/results/craton-fullsuite-azure-20260805-s6/all-jit/logs/module_spring-boot-jackson.org.springframework.boot.jackson.autoconfigure.JacksonTesterAutoConfigurationTests.err.log	
3	module/spring-boot-jackson	org.springframework.boot.jackson.autoconfigure.jsontest.JsonTestWithAutoConfigureJsonTestersTests	craton	on	0	PASS	7.858	1	0	0	0	0	/data/data/cratonvm/apps/spring-boot-suite-runner/.suite/results/craton-fullsuite-azure-20260805-s6/all-jit/logs/module_spring-boot-jackson.org.springframework.boot.jackson.autoconfigure.jsontest.JsonTestWithAutoConfigu-6e64ae07c860.out.log	/data/data/cratonvm/apps/spring-boot-suite-runner/.suite/results/craton-fullsuite-azure-20260805-s6/all-jit/logs/module_spring-boot-jackson.org.springframework.boot.jackson.autoconfigure.jsontest.JsonTestWithAutoConfigu-6e64ae07c860.err.log	
4	module/spring-boot-jackson	org.springframework.boot.jackson.autoconfigure.jsontest.JsonTestIntegrationTests	craton	on	0	PASS	10.763	3	0	0	0	0	/data/data/cratonvm/apps/spring-boot-suite-runner/.suite/results/craton-fullsuite-azure-20260805-s6/all-jit/logs/module_spring-boot-jackson.org.springframework.boot.jackson.autoconfigure.jsontest.JsonTestIntegrationTests.out.log	/data/data/cratonvm/apps/spring-boot-suite-runner/.suite/results/craton-fullsuite-azure-20260805-s6/all-jit/logs/module_spring-boot-jackson.org.springframework.boot.jackson.autoconfigure.jsontest.JsonTestIntegrationTests.err.log	
5	module/spring-boot-jackson	org.springframework.boot.jackson.autoconfigure.SpringBeanHandlerInstantiatorTests	craton	on	0	PASS	1.609	5	0	0	0	0	/data/data/cratonvm/apps/spring-boot-suite-runner/.suite/results/craton-fullsuite-azure-20260805-s6/all-jit/logs/module_spring-boot-jackson.org.springframework.boot.jackson.autoconfigure.SpringBeanHandlerInstantiatorTests.out.log	/data/data/cratonvm/apps/spring-boot-suite-runner/.suite/results/craton-fullsuite-azure-20260805-s6/all-jit/logs/module_spring-boot-jackson.org.springframework.boot.jackson.autoconfigure.SpringBeanHandlerInstantiatorTests.err.log	
6	module/spring-boot-jackson	org.springframework.boot.jackson.JacksonComponentModuleTests	craton	on	0	PASS	3.422	9	0	0	0	0	/data/data/cratonvm/apps/spring-boot-suite-runner/.suite/results/craton-fullsuite-azure-20260805-s6/all-jit/logs/module_spring-boot-jackson.org.springframework.boot.jackson.JacksonComponentModuleTests.out.log	/data/data/cratonvm/apps/spring-boot-suite-runner/.suite/results/craton-fullsuite-azure-20260805-s6/all-jit/logs/module_spring-boot-jackson.org.springframework.boot.jackson.JacksonComponentModuleTests.err.log	
7	module/spring-boot-jackson	org.springframework.boot.jackson.autoconfigure.jsontest.SpringBootTestWithAutoConfigureJsonTestersTests	craton	on	0	PASS	9.748	1	0	0	0	0	/data/data/cratonvm/apps/spring-boot-suite-runner/.suite/results/craton-fullsuite-azure-20260805-s6/all-jit/logs/module_spring-boot-jackson.org.springframework.boot.jackson.autoconfigure.jsontest.SpringBootTestWithAutoC-65c47e7688a0.out.log	/data/data/cratonvm/apps/spring-boot-suite-runner/.suite/results/craton-fullsuite-azure-20260805-s6/all-jit/logs/module_spring-boot-jackson.org.springframework.boot.jackson.autoconfigure.jsontest.SpringBootTestWithAutoC-65c47e7688a0.err.log	
8	module/spring-boot-jackson	org.springframework.boot.jackson.JacksonMixinModuleTests	craton	on	0	PASS	1.612	5	0	0	0	0	/data/data/cratonvm/apps/spring-boot-suite-runner/.suite/results/craton-fullsuite-azure-20260805-s6/all-jit/logs/module_spring-boot-jackson.org.springframework.boot.jackson.JacksonMixinModuleTests.out.log	/data/data/cratonvm/apps/spring-boot-suite-runner/.suite/results/craton-fullsuite-azure-20260805-s6/all-jit/logs/module_spring-boot-jackson.org.springframework.boot.jackson.JacksonMixinModuleTests.err.log	
9	module/spring-boot-jackson	org.springframework.boot.jackson.ObjectValueDeserializerTests	craton	on	0	PASS	8.854	18	0	0	0	0	/data/data/cratonvm/apps/spring-boot-suite-runner/.suite/results/craton-fullsuite-azure-20260805-s6/all-jit/logs/module_spring-boot-jackson.org.springframework.boot.jackson.ObjectValueDeserializerTests.out.log	/data/data/cratonvm/apps/spring-boot-suite-runner/.suite/results/craton-fullsuite-azure-20260805-s6/all-jit/logs/module_spring-boot-jackson.org.springframework.boot.jackson.ObjectValueDeserializerTests.err.log	
10	module/spring-boot-jackson	org.springframework.boot.jackson.ObjectValueSerializerTests	craton	on	0	PASS	0.806	1	0	0	0	0	/data/data/cratonvm/apps/spring-boot-suite-runner/.suite/results/craton-fullsuite-azure-20260805-s6/all-jit/logs/module_spring-boot-jackson.org.springframework.boot.jackson.ObjectValueSerializerTests.out.log	/data/data/cratonvm/apps/spring-boot-suite-runner/.suite/results/craton-fullsuite-azure-20260805-s6/all-jit/logs/module_spring-boot-jackson.org.springframework.boot.jackson.ObjectValueSerializerTests.err.log	
11	module/spring-boot-jackson	org.springframework.boot.jackson.JacksonMixinModuleEntriesBeanRegistrationAotProcessorTests	craton	on	0	PASS	25.051	3	0	0	0	0	/data/data/cratonvm/apps/spring-boot-suite-runner/.suite/results/craton-fullsuite-azure-20260805-s6/all-jit/logs/module_spring-boot-jackson.org.springframework.boot.jackson.JacksonMixinModuleEntriesBeanRegistrationAotProcessorTests.out.log	/data/data/cratonvm/apps/spring-boot-suite-runner/.suite/results/craton-fullsuite-azure-20260805-s6/all-jit/logs/module_spring-boot-jackson.org.springframework.boot.jackson.JacksonMixinModuleEntriesBeanRegistrationAotProcessorTests.err.log	
12	module/spring-boot-jackson2	org.springframework.boot.jackson2.AutoConfigureJsonTests	craton	on	0	PASS	3.221	1	0	0	0	0	/data/data/cratonvm/apps/spring-boot-suite-runner/.suite/results/craton-fullsuite-azure-20260805-s6/all-jit/logs/module_spring-boot-jackson2.org.springframework.boot.jackson2.AutoConfigureJsonTests.out.log	/data/data/cratonvm/apps/spring-boot-suite-runner/.suite/results/craton-fullsuite-azure-20260805-s6/all-jit/logs/module_spring-boot-jackson2.org.springframework.boot.jackson2.AutoConfigureJsonTests.err.log	
13	module/spring-boot-jackson2	org.springframework.boot.jackson2.JsonComponentModuleTests	craton	on	0	PASS	3.020	9	0	0	0	0	/data/data/cratonvm/apps/spring-boot-suite-runner/.suite/results/craton-fullsuite-azure-20260805-s6/all-jit/logs/module_spring-boot-jackson2.org.springframework.boot.jackson2.JsonComponentModuleTests.out.log	/data/data/cratonvm/apps/spring-boot-suite-runner/.suite/results/craton-fullsuite-azure-20260805-s6/all-jit/logs/module_spring-boot-jackson2.org.springframework.boot.jackson2.JsonComponentModuleTests.err.log	
14	module/spring-boot-jackson2	org.springframework.boot.jackson2.autoconfigure.Jackson2AutoConfigurationTests	craton	on	0	PASS	35.282	40	0	0	0	0	/data/data/cratonvm/apps/spring-boot-suite-runner/.suite/results/craton-fullsuite-azure-20260805-s6/all-jit/logs/module_spring-boot-jackson2.org.springframework.boot.jackson2.autoconfigure.Jackson2AutoConfigurationTests.out.log	/data/data/cratonvm/apps/spring-boot-suite-runner/.suite/results/craton-fullsuite-azure-20260805-s6/all-jit/logs/module_spring-boot-jackson2.org.springframework.boot.jackson2.autoconfigure.Jackson2AutoConfigurationTests.err.log	
15	module/spring-boot-jackson2	org.springframework.boot.jackson2.JsonMixinModuleTests	craton	on	0	PASS	1.613	5	0	0	0	0	/data/data/cratonvm/apps/spring-boot-suite-runner/.suite/results/craton-fullsuite-azure-20260805-s6/all-jit/logs/module_spring-boot-jackson2.org.springframework.boot.jackson2.JsonMixinModuleTests.out.log	/data/data/cratonvm/apps/spring-boot-suite-runner/.suite/results/craton-fullsuite-azure-20260805-s6/all-jit/logs/module_spring-boot-jackson2.org.springframework.boot.jackson2.JsonMixinModuleTests.err.log	
16	module/spring-boot-jackson2	org.springframework.boot.jackson2.JsonMixinModuleEntriesBeanRegistrationAotProcessorTests	craton	on	0	PASS	25.185	3	0	0	0	0	/data/data/cratonvm/apps/spring-boot-suite-runner/.suite/results/craton-fullsuite-azure-20260805-s6/all-jit/logs/module_spring-boot-jackson2.org.springframework.boot.jackson2.JsonMixinModuleEntriesBeanRegistrationAotProcessorTests.out.log	/data/data/cratonvm/apps/spring-boot-suite-runner/.suite/results/craton-fullsuite-azure-20260805-s6/all-jit/logs/module_spring-boot-jackson2.org.springframework.boot.jackson2.JsonMixinModuleEntriesBeanRegistrationAotProcessorTests.err.log	
17	module/spring-boot-jackson2	org.springframework.boot.jackson2.JsonObjectSerializerTests	craton	on	0	PASS	0.806	1	0	0	0	0	/data/data/cratonvm/apps/spring-boot-suite-runner/.suite/results/craton-fullsuite-azure-20260805-s6/all-jit/logs/module_spring-boot-jackson2.org.springframework.boot.jackson2.JsonObjectSerializerTests.out.log	/data/data/cratonvm/apps/spring-boot-suite-runner/.suite/results/craton-fullsuite-azure-20260805-s6/all-jit/logs/module_spring-boot-jackson2.org.springframework.boot.jackson2.JsonObjectSerializerTests.err.log	
18	module/spring-boot-jackson2	org.springframework.boot.jackson2.JsonObjectDeserializerTests	craton	on	0	PASS	5.887	18	0	0	0	0	/data/data/cratonvm/apps/spring-boot-suite-runner/.suite/results/craton-fullsuite-azure-20260805-s6/all-jit/logs/module_spring-boot-jackson2.org.springframework.boot.jackson2.JsonObjectDeserializerTests.out.log	/data/data/cratonvm/apps/spring-boot-suite-runner/.suite/results/craton-fullsuite-azure-20260805-s6/all-jit/logs/module_spring-boot-jackson2.org.springframework.boot.jackson2.JsonObjectDeserializerTests.err.log	
19	module/spring-boot-jdbc	org.springframework.boot.jdbc.autoconfigure.DataSourceAutoConfigurationWithoutSpringJdbcTests	craton	on	0	PASS	7.644	3	0	0	0	0	/data/data/cratonvm/apps/spring-boot-suite-runner/.suite/results/craton-fullsuite-azure-20260805-s6/all-jit/logs/module_spring-boot-jdbc.org.springframework.boot.jdbc.autoconfigure.DataSourceAutoConfigurationWithoutSpringJdbcTests.out.log	/data/data/cratonvm/apps/spring-boot-suite-runner/.suite/results/craton-fullsuite-azure-20260805-s6/all-jit/logs/module_spring-boot-jdbc.org.springframework.boot.jdbc.autoconfigure.DataSourceAutoConfigurationWithoutSpringJdbcTests.err.log	
20	module/spring-boot-jdbc	org.springframework.boot.jdbc.autoconfigure.DataSourceBeanCreationFailureAnalyzerTests	craton	on	0	PASS	5.232	2	0	0	0	0	/data/data/cratonvm/apps/spring-boot-suite-runner/.suite/results/craton-fullsuite-azure-20260805-s6/all-jit/logs/module_spring-boot-jdbc.org.springframework.boot.jdbc.autoconfigure.DataSourceBeanCreationFailureAnalyzerTests.out.log	/data/data/cratonvm/apps/spring-boot-suite-runner/.suite/results/craton-fullsuite-azure-20260805-s6/all-jit/logs/module_spring-boot-jdbc.org.springframework.boot.jdbc.autoconfigure.DataSourceBeanCreationFailureAnalyzerTests.err.log	
21	module/spring-boot-jdbc	org.springframework.boot.jdbc.autoconfigure.DataSourceInitializationAutoConfigurationTests	craton	on	0	PASS	12.673	7	0	0	0	0	/data/data/cratonvm/apps/spring-boot-suite-runner/.suite/results/craton-fullsuite-azure-20260805-s6/all-jit/logs/module_spring-boot-jdbc.org.springframework.boot.jdbc.autoconfigure.DataSourceInitializationAutoConfigurationTests.out.log	/data/data/cratonvm/apps/spring-boot-suite-runner/.suite/results/craton-fullsuite-azure-20260805-s6/all-jit/logs/module_spring-boot-jdbc.org.springframework.boot.jdbc.autoconfigure.DataSourceInitializationAutoConfigurationTests.err.log	
22	module/spring-boot-jdbc	org.springframework.boot.jdbc.autoconfigure.DataSourceAutoConfigurationTests	craton	on	0	PASS	31.873	24	0	0	0	0	/data/data/cratonvm/apps/spring-boot-suite-runner/.suite/results/craton-fullsuite-azure-20260805-s6/all-jit/logs/module_spring-boot-jdbc.org.springframework.boot.jdbc.autoconfigure.DataSourceAutoConfigurationTests.out.log	/data/data/cratonvm/apps/spring-boot-suite-runner/.suite/results/craton-fullsuite-azure-20260805-s6/all-jit/logs/module_spring-boot-jdbc.org.springframework.boot.jdbc.autoconfigure.DataSourceAutoConfigurationTests.err.log	
23	module/spring-boot-jdbc	org.springframework.boot.jdbc.autoconfigure.DataSourceJsonSerializationTests	craton	on	0	PASS	1.410	2	0	0	0	0	/data/data/cratonvm/apps/spring-boot-suite-runner/.suite/results/craton-fullsuite-azure-20260805-s6/all-jit/logs/module_spring-boot-jdbc.org.springframework.boot.jdbc.autoconfigure.DataSourceJsonSerializationTests.out.log	/data/data/cratonvm/apps/spring-boot-suite-runner/.suite/results/craton-fullsuite-azure-20260805-s6/all-jit/logs/module_spring-boot-jdbc.org.springframework.boot.jdbc.autoconfigure.DataSourceJsonSerializationTests.err.log	
24	module/spring-boot-jdbc	org.springframework.boot.jdbc.autoconfigure.DataSourcePropertiesTests	craton	on	0	PASS	1.009	16	0	0	0	0	/data/data/cratonvm/apps/spring-boot-suite-runner/.suite/results/craton-fullsuite-azure-20260805-s6/all-jit/logs/module_spring-boot-jdbc.org.springframework.boot.jdbc.autoconfigure.DataSourcePropertiesTests.out.log	/data/data/cratonvm/apps/spring-boot-suite-runner/.suite/results/craton-fullsuite-azure-20260805-s6/all-jit/logs/module_spring-boot-jdbc.org.springframework.boot.jdbc.autoconfigure.DataSourcePropertiesTests.err.log	
25	module/spring-boot-jdbc	org.springframework.boot.jdbc.autoconfigure.DataSourceJmxConfigurationTests	craton	on	0	PASS	18.362	8	0	0	0	0	/data/data/cratonvm/apps/spring-boot-suite-runner/.suite/results/craton-fullsuite-azure-20260805-s6/all-jit/logs/module_spring-boot-jdbc.org.springframework.boot.jdbc.autoconfigure.DataSourceJmxConfigurationTests.out.log	/data/data/cratonvm/apps/spring-boot-suite-runner/.suite/results/craton-fullsuite-azure-20260805-s6/all-jit/logs/module_spring-boot-jdbc.org.springframework.boot.jdbc.autoconfigure.DataSourceJmxConfigurationTests.err.log	
26	module/spring-boot-jdbc	org.springframework.boot.jdbc.autoconfigure.Dbcp2JdbcConnectionDetailsBeanPostProcessorTests	craton	on	0	PASS	3.624	1	0	0	0	0	/data/data/cratonvm/apps/spring-boot-suite-runner/.suite/results/craton-fullsuite-azure-20260805-s6/all-jit/logs/module_spring-boot-jdbc.org.springframework.boot.jdbc.autoconfigure.Dbcp2JdbcConnectionDetailsBeanPostProcessorTests.out.log	/data/data/cratonvm/apps/spring-boot-suite-runner/.suite/results/craton-fullsuite-azure-20260805-s6/all-jit/logs/module_spring-boot-jdbc.org.springframework.boot.jdbc.autoconfigure.Dbcp2JdbcConnectionDetailsBeanPostProcessorTests.err.log	
27	module/spring-boot-jdbc	org.springframework.boot.jdbc.autoconfigure.EmbeddedDataSourceConfigurationTests	craton	on	0	PASS	2.217	2	0	0	0	0	/data/data/cratonvm/apps/spring-boot-suite-runner/.suite/results/craton-fullsuite-azure-20260805-s6/all-jit/logs/module_spring-boot-jdbc.org.springframework.boot.jdbc.autoconfigure.EmbeddedDataSourceConfigurationTests.out.log	/data/data/cratonvm/apps/spring-boot-suite-runner/.suite/results/craton-fullsuite-azure-20260805-s6/all-jit/logs/module_spring-boot-jdbc.org.springframework.boot.jdbc.autoconfigure.EmbeddedDataSourceConfigurationTests.err.log	
28	module/spring-boot-jdbc	org.springframework.boot.jdbc.autoconfigure.DataSourceTransactionManagerAutoConfigurationTests	craton	on	0	PASS	19.194	10	0	0	0	0	/data/data/cratonvm/apps/spring-boot-suite-runner/.suite/results/craton-fullsuite-azure-20260805-s6/all-jit/logs/module_spring-boot-jdbc.org.springframework.boot.jdbc.autoconfigure.DataSourceTransactionManagerAutoConfigurationTests.out.log	/data/data/cratonvm/apps/spring-boot-suite-runner/.suite/results/craton-fullsuite-azure-20260805-s6/all-jit/logs/module_spring-boot-jdbc.org.springframework.boot.jdbc.autoconfigure.DataSourceTransactionManagerAutoConfigurationTests.err.log	
29	module/spring-boot-jdbc	org.springframework.boot.jdbc.autoconfigure.health.DataSourceHealthContributorAutoConfigurationTests	craton	on	0	PASS	24.775	14	0	0	0	0	/data/data/cratonvm/apps/spring-boot-suite-runner/.suite/results/craton-fullsuite-azure-20260805-s6/all-jit/logs/module_spring-boot-jdbc.org.springframework.boot.jdbc.autoconfigure.health.DataSourceHealthContributorAuto-4149ee2667b3.out.log	/data/data/cratonvm/apps/spring-boot-suite-runner/.suite/results/craton-fullsuite-azure-20260805-s6/all-jit/logs/module_spring-boot-jdbc.org.springframework.boot.jdbc.autoconfigure.health.DataSourceHealthContributorAuto-4149ee2667b3.err.log	
30	module/spring-boot-jdbc	org.springframework.boot.jdbc.autoconfigure.HikariDataSourcePoolMetadataRuntimeHintsTests	craton	on	0	PASS	0.804	2	0	0	0	0	/data/data/cratonvm/apps/spring-boot-suite-runner/.suite/results/craton-fullsuite-azure-20260805-s6/all-jit/logs/module_spring-boot-jdbc.org.springframework.boot.jdbc.autoconfigure.HikariDataSourcePoolMetadataRuntimeHintsTests.out.log	/data/data/cratonvm/apps/spring-boot-suite-runner/.suite/results/craton-fullsuite-azure-20260805-s6/all-jit/logs/module_spring-boot-jdbc.org.springframework.boot.jdbc.autoconfigure.HikariDataSourcePoolMetadataRuntimeHintsTests.err.log	
31	module/spring-boot-jdbc	org.springframework.boot.jdbc.autoconfigure.HikariDriverConfigurationFailureAnalyzerTests	craton	on	0	PASS	3.218	2	0	0	0	0	/data/data/cratonvm/apps/spring-boot-suite-runner/.suite/results/craton-fullsuite-azure-20260805-s6/all-jit/logs/module_spring-boot-jdbc.org.springframework.boot.jdbc.autoconfigure.HikariDriverConfigurationFailureAnalyzerTests.out.log	/data/data/cratonvm/apps/spring-boot-suite-runner/.suite/results/craton-fullsuite-azure-20260805-s6/all-jit/logs/module_spring-boot-jdbc.org.springframework.boot.jdbc.autoconfigure.HikariDriverConfigurationFailureAnalyzerTests.err.log	
32	module/spring-boot-jdbc	org.springframework.boot.jdbc.autoconfigure.HikariJdbcConnectionDetailsBeanPostProcessorTests	craton	on	0	PASS	3.621	2	0	0	0	0	/data/data/cratonvm/apps/spring-boot-suite-runner/.suite/results/craton-fullsuite-azure-20260805-s6/all-jit/logs/module_spring-boot-jdbc.org.springframework.boot.jdbc.autoconfigure.HikariJdbcConnectionDetailsBeanPostProcessorTests.out.log	/data/data/cratonvm/apps/spring-boot-suite-runner/.suite/results/craton-fullsuite-azure-20260805-s6/all-jit/logs/module_spring-boot-jdbc.org.springframework.boot.jdbc.autoconfigure.HikariJdbcConnectionDetailsBeanPostProcessorTests.err.log	
33	module/spring-boot-jdbc	org.springframework.boot.jdbc.autoconfigure.JdbcClientAutoConfigurationTests	craton	on	0	PASS	6.842	3	0	0	0	0	/data/data/cratonvm/apps/spring-boot-suite-runner/.suite/results/craton-fullsuite-azure-20260805-s6/all-jit/logs/module_spring-boot-jdbc.org.springframework.boot.jdbc.autoconfigure.JdbcClientAutoConfigurationTests.out.log	/data/data/cratonvm/apps/spring-boot-suite-runner/.suite/results/craton-fullsuite-azure-20260805-s6/all-jit/logs/module_spring-boot-jdbc.org.springframework.boot.jdbc.autoconfigure.JdbcClientAutoConfigurationTests.err.log	
34	module/spring-boot-jdbc	org.springframework.boot.jdbc.autoconfigure.HikariDataSourceConfigurationTests	craton	on	0	PASS	37.562	13	0	0	0	0	/data/data/cratonvm/apps/spring-boot-suite-runner/.suite/results/craton-fullsuite-azure-20260805-s6/all-jit/logs/module_spring-boot-jdbc.org.springframework.boot.jdbc.autoconfigure.HikariDataSourceConfigurationTests.out.log	/data/data/cratonvm/apps/spring-boot-suite-runner/.suite/results/craton-fullsuite-azure-20260805-s6/all-jit/logs/module_spring-boot-jdbc.org.springframework.boot.jdbc.autoconfigure.HikariDataSourceConfigurationTests.err.log	
35	module/spring-boot-jdbc	org.springframework.boot.jdbc.autoconfigure.JndiDataSourceAutoConfigurationTests	craton	on	0	PASS	6.239	4	0	0	0	0	/data/data/cratonvm/apps/spring-boot-suite-runner/.suite/results/craton-fullsuite-azure-20260805-s6/all-jit/logs/module_spring-boot-jdbc.org.springframework.boot.jdbc.autoconfigure.JndiDataSourceAutoConfigurationTests.out.log	/data/data/cratonvm/apps/spring-boot-suite-runner/.suite/results/craton-fullsuite-azure-20260805-s6/all-jit/logs/module_spring-boot-jdbc.org.springframework.boot.jdbc.autoconfigure.JndiDataSourceAutoConfigurationTests.err.log	
36	module/spring-boot-jdbc	org.springframework.boot.jdbc.autoconfigure.LazyConnectionDataSourceConfigurationTests	craton	on	0	PASS	11.082	6	0	0	0	0	/data/data/cratonvm/apps/spring-boot-suite-runner/.suite/results/craton-fullsuite-azure-20260805-s6/all-jit/logs/module_spring-boot-jdbc.org.springframework.boot.jdbc.autoconfigure.LazyConnectionDataSourceConfigurationTests.out.log	/data/data/cratonvm/apps/spring-boot-suite-runner/.suite/results/craton-fullsuite-azure-20260805-s6/all-jit/logs/module_spring-boot-jdbc.org.springframework.boot.jdbc.autoconfigure.LazyConnectionDataSourceConfigurationTests.err.log	
37	module/spring-boot-jdbc	org.springframework.boot.jdbc.autoconfigure.JdbcTemplateAutoConfigurationTests	craton	on	0	PASS	33.895	13	0	0	0	0	/data/data/cratonvm/apps/spring-boot-suite-runner/.suite/results/craton-fullsuite-azure-20260805-s6/all-jit/logs/module_spring-boot-jdbc.org.springframework.boot.jdbc.autoconfigure.JdbcTemplateAutoConfigurationTests.out.log	/data/data/cratonvm/apps/spring-boot-suite-runner/.suite/results/craton-fullsuite-azure-20260805-s6/all-jit/logs/module_spring-boot-jdbc.org.springframework.boot.jdbc.autoconfigure.JdbcTemplateAutoConfigurationTests.err.log	
38	module/spring-boot-jdbc	org.springframework.boot.jdbc.autoconfigure.OracleUcpDataSourceConfigurationTests	craton	on	0	PASS	13.089	7	0	0	0	0	/data/data/cratonvm/apps/spring-boot-suite-runner/.suite/results/craton-fullsuite-azure-20260805-s6/all-jit/logs/module_spring-boot-jdbc.org.springframework.boot.jdbc.autoconfigure.OracleUcpDataSourceConfigurationTests.out.log	/data/data/cratonvm/apps/spring-boot-suite-runner/.suite/results/craton-fullsuite-azure-20260805-s6/all-jit/logs/module_spring-boot-jdbc.org.springframework.boot.jdbc.autoconfigure.OracleUcpDataSourceConfigurationTests.err.log	
39	module/spring-boot-jdbc	org.springframework.boot.jdbc.autoconfigure.OracleUcpJdbcConnectionDetailsBeanPostProcessorTests	craton	on	0	PASS	2.817	1	0	0	0	0	/data/data/cratonvm/apps/spring-boot-suite-runner/.suite/results/craton-fullsuite-azure-20260805-s6/all-jit/logs/module_spring-boot-jdbc.org.springframework.boot.jdbc.autoconfigure.OracleUcpJdbcConnectionDetailsBeanPost-676366b2094a.out.log	/data/data/cratonvm/apps/spring-boot-suite-runner/.suite/results/craton-fullsuite-azure-20260805-s6/all-jit/logs/module_spring-boot-jdbc.org.springframework.boot.jdbc.autoconfigure.OracleUcpJdbcConnectionDetailsBeanPost-676366b2094a.err.log	
40	module/spring-boot-jdbc	org.springframework.boot.jdbc.autoconfigure.metrics.DataSourcePoolMetricsAutoConfigurationTests	craton	on	0	PASS	35.925	14	0	0	0	0	/data/data/cratonvm/apps/spring-boot-suite-runner/.suite/results/craton-fullsuite-azure-20260805-s6/all-jit/logs/module_spring-boot-jdbc.org.springframework.boot.jdbc.autoconfigure.metrics.DataSourcePoolMetricsAutoConfigurationTests.out.log	/data/data/cratonvm/apps/spring-boot-suite-runner/.suite/results/craton-fullsuite-azure-20260805-s6/all-jit/logs/module_spring-boot-jdbc.org.springframework.boot.jdbc.autoconfigure.metrics.DataSourcePoolMetricsAutoConfigurationTests.err.log	
41	module/spring-boot-jdbc	org.springframework.boot.jdbc.autoconfigure.TomcatDataSourceConfigurationTests	craton	on	0	PASS	5.251	4	0	0	0	0	/data/data/cratonvm/apps/spring-boot-suite-runner/.suite/results/craton-fullsuite-azure-20260805-s6/all-jit/logs/module_spring-boot-jdbc.org.springframework.boot.jdbc.autoconfigure.TomcatDataSourceConfigurationTests.out.log	/data/data/cratonvm/apps/spring-boot-suite-runner/.suite/results/craton-fullsuite-azure-20260805-s6/all-jit/logs/module_spring-boot-jdbc.org.springframework.boot.jdbc.autoconfigure.TomcatDataSourceConfigurationTests.err.log	
42	module/spring-boot-jdbc	org.springframework.boot.jdbc.autoconfigure.TomcatJdbcConnectionDetailsBeanPostProcessorTests	craton	on	0	PASS	2.844	1	0	0	0	0	/data/data/cratonvm/apps/spring-boot-suite-runner/.suite/results/craton-fullsuite-azure-20260805-s6/all-jit/logs/module_spring-boot-jdbc.org.springframework.boot.jdbc.autoconfigure.TomcatJdbcConnectionDetailsBeanPostProcessorTests.out.log	/data/data/cratonvm/apps/spring-boot-suite-runner/.suite/results/craton-fullsuite-azure-20260805-s6/all-jit/logs/module_spring-boot-jdbc.org.springframework.boot.jdbc.autoconfigure.TomcatJdbcConnectionDetailsBeanPostProcessorTests.err.log	
43	module/spring-boot-jdbc	org.springframework.boot.jdbc.DatabaseDriverClassNameTests	craton	on	0	PASS	1.812	25	0	0	0	0	/data/data/cratonvm/apps/spring-boot-suite-runner/.suite/results/craton-fullsuite-azure-20260805-s6/all-jit/logs/module_spring-boot-jdbc.org.springframework.boot.jdbc.DatabaseDriverClassNameTests.out.log	/data/data/cratonvm/apps/spring-boot-suite-runner/.suite/results/craton-fullsuite-azure-20260805-s6/all-jit/logs/module_spring-boot-jdbc.org.springframework.boot.jdbc.DatabaseDriverClassNameTests.err.log	
44	module/spring-boot-jdbc	org.springframework.boot.jdbc.DatabaseDriverTests	craton	on	0	PASS	0.809	9	0	0	0	0	/data/data/cratonvm/apps/spring-boot-suite-runner/.suite/results/craton-fullsuite-azure-20260805-s6/all-jit/logs/module_spring-boot-jdbc.org.springframework.boot.jdbc.DatabaseDriverTests.out.log	/data/data/cratonvm/apps/spring-boot-suite-runner/.suite/results/craton-fullsuite-azure-20260805-s6/all-jit/logs/module_spring-boot-jdbc.org.springframework.boot.jdbc.DatabaseDriverTests.err.log	
45	module/spring-boot-jdbc	org.springframework.boot.jdbc.DataSourceBuilderNoHikariTests	craton	on	0	PASS	1.810	2	0	0	0	0	/data/data/cratonvm/apps/spring-boot-suite-runner/.suite/results/craton-fullsuite-azure-20260805-s6/all-jit/logs/module_spring-boot-jdbc.org.springframework.boot.jdbc.DataSourceBuilderNoHikariTests.out.log	/data/data/cratonvm/apps/spring-boot-suite-runner/.suite/results/craton-fullsuite-azure-20260805-s6/all-jit/logs/module_spring-boot-jdbc.org.springframework.boot.jdbc.DataSourceBuilderNoHikariTests.err.log	
46	module/spring-boot-jdbc	org.springframework.boot.jdbc.autoconfigure.XADataSourceAutoConfigurationTests	craton	on	1	FAIL	8.168	6	1	0	0	0	/data/data/cratonvm/apps/spring-boot-suite-runner/.suite/results/craton-fullsuite-azure-20260805-s6/all-jit/logs/module_spring-boot-jdbc.org.springframework.boot.jdbc.autoconfigure.XADataSourceAutoConfigurationTests.out.log	/data/data/cratonvm/apps/spring-boot-suite-runner/.suite/results/craton-fullsuite-azure-20260805-s6/all-jit/logs/module_spring-boot-jdbc.org.springframework.boot.jdbc.autoconfigure.XADataSourceAutoConfigurationTests.err.log	    => org.mockito.exceptions.base.MockitoException:  | hotspot-baseline: PASS 0/6
47	module/spring-boot-jdbc	org.springframework.boot.jdbc.DataSourceBuilderRuntimeHintsTests	craton	on	0	PASS	1.630	1	0	0	0	0	/data/data/cratonvm/apps/spring-boot-suite-runner/.suite/results/craton-fullsuite-azure-20260805-s6/all-jit/logs/module_spring-boot-jdbc.org.springframework.boot.jdbc.DataSourceBuilderRuntimeHintsTests.out.log	/data/data/cratonvm/apps/spring-boot-suite-runner/.suite/results/craton-fullsuite-azure-20260805-s6/all-jit/logs/module_spring-boot-jdbc.org.springframework.boot.jdbc.DataSourceBuilderRuntimeHintsTests.err.log	
48	module/spring-boot-jdbc	org.springframework.boot.jdbc.DataSourceUnwrapperNoSpringJdbcTests	craton	on	0	PASS	1.813	2	0	0	0	0	/data/data/cratonvm/apps/spring-boot-suite-runner/.suite/results/craton-fullsuite-azure-20260805-s6/all-jit/logs/module_spring-boot-jdbc.org.springframework.boot.jdbc.DataSourceUnwrapperNoSpringJdbcTests.out.log	/data/data/cratonvm/apps/spring-boot-suite-runner/.suite/results/craton-fullsuite-azure-20260805-s6/all-jit/logs/module_spring-boot-jdbc.org.springframework.boot.jdbc.DataSourceUnwrapperNoSpringJdbcTests.err.log	
49	module/spring-boot-jdbc	org.springframework.boot.jdbc.DataSourceBuilderTests	craton	on	0	PASS	4.682	40	0	0	0	0	/data/data/cratonvm/apps/spring-boot-suite-runner/.suite/results/craton-fullsuite-azure-20260805-s6/all-jit/logs/module_spring-boot-jdbc.org.springframework.boot.jdbc.DataSourceBuilderTests.out.log	/data/data/cratonvm/apps/spring-boot-suite-runner/.suite/results/craton-fullsuite-azure-20260805-s6/all-jit/logs/module_spring-boot-jdbc.org.springframework.boot.jdbc.DataSourceBuilderTests.err.log	
50	module/spring-boot-jdbc	org.springframework.boot.jdbc.DataSourceUnwrapperTests	craton	on	0	PASS	2.642	15	0	0	0	0	/data/data/cratonvm/apps/spring-boot-suite-runner/.suite/results/craton-fullsuite-azure-20260805-s6/all-jit/logs/module_spring-boot-jdbc.org.springframework.boot.jdbc.DataSourceUnwrapperTests.out.log	/data/data/cratonvm/apps/spring-boot-suite-runner/.suite/results/craton-fullsuite-azure-20260805-s6/all-jit/logs/module_spring-boot-jdbc.org.springframework.boot.jdbc.DataSourceUnwrapperTests.err.log	
51	module/spring-boot-jdbc	org.springframework.boot.jdbc.docker.compose.ClickHouseEnvironmentTests	craton	on	0	PASS	0.830	8	0	0	0	0	/data/data/cratonvm/apps/spring-boot-suite-runner/.suite/results/craton-fullsuite-azure-20260805-s6/all-jit/logs/module_spring-boot-jdbc.org.springframework.boot.jdbc.docker.compose.ClickHouseEnvironmentTests.out.log	/data/data/cratonvm/apps/spring-boot-suite-runner/.suite/results/craton-fullsuite-azure-20260805-s6/all-jit/logs/module_spring-boot-jdbc.org.springframework.boot.jdbc.docker.compose.ClickHouseEnvironmentTests.err.log	
52	module/spring-boot-jdbc	org.springframework.boot.jdbc.docker.compose.MariaDbEnvironmentTests	craton	on	0	PASS	1.009	20	0	0	0	0	/data/data/cratonvm/apps/spring-boot-suite-runner/.suite/results/craton-fullsuite-azure-20260805-s6/all-jit/logs/module_spring-boot-jdbc.org.springframework.boot.jdbc.docker.compose.MariaDbEnvironmentTests.out.log	/data/data/cratonvm/apps/spring-boot-suite-runner/.suite/results/craton-fullsuite-azure-20260805-s6/all-jit/logs/module_spring-boot-jdbc.org.springframework.boot.jdbc.docker.compose.MariaDbEnvironmentTests.err.log	
53	module/spring-boot-jdbc	org.springframework.boot.jdbc.docker.compose.JdbcUrlBuilderTests	craton	on	0	PASS	2.473	6	0	0	0	0	/data/data/cratonvm/apps/spring-boot-suite-runner/.suite/results/craton-fullsuite-azure-20260805-s6/all-jit/logs/module_spring-boot-jdbc.org.springframework.boot.jdbc.docker.compose.JdbcUrlBuilderTests.out.log	/data/data/cratonvm/apps/spring-boot-suite-runner/.suite/results/craton-fullsuite-azure-20260805-s6/all-jit/logs/module_spring-boot-jdbc.org.springframework.boot.jdbc.docker.compose.JdbcUrlBuilderTests.err.log	
54	module/spring-boot-jdbc	org.springframework.boot.jdbc.docker.compose.MySqlEnvironmentTests	craton	on	0	PASS	1.010	10	0	0	0	0	/data/data/cratonvm/apps/spring-boot-suite-runner/.suite/results/craton-fullsuite-azure-20260805-s6/all-jit/logs/module_spring-boot-jdbc.org.springframework.boot.jdbc.docker.compose.MySqlEnvironmentTests.out.log	/data/data/cratonvm/apps/spring-boot-suite-runner/.suite/results/craton-fullsuite-azure-20260805-s6/all-jit/logs/module_spring-boot-jdbc.org.springframework.boot.jdbc.docker.compose.MySqlEnvironmentTests.err.log	
55	module/spring-boot-jdbc	org.springframework.boot.jdbc.docker.compose.OracleEnvironmentTests	craton	on	0	PASS	0.862	12	0	0	0	0	/data/data/cratonvm/apps/spring-boot-suite-runner/.suite/results/craton-fullsuite-azure-20260805-s6/all-jit/logs/module_spring-boot-jdbc.org.springframework.boot.jdbc.docker.compose.OracleEnvironmentTests.out.log	/data/data/cratonvm/apps/spring-boot-suite-runner/.suite/results/craton-fullsuite-azure-20260805-s6/all-jit/logs/module_spring-boot-jdbc.org.springframework.boot.jdbc.docker.compose.OracleEnvironmentTests.err.log	
56	module/spring-boot-jdbc	org.springframework.boot.jdbc.docker.compose.PostgresEnvironmentTests	craton	on	0	PASS	1.063	18	0	0	0	0	/data/data/cratonvm/apps/spring-boot-suite-runner/.suite/results/craton-fullsuite-azure-20260805-s6/all-jit/logs/module_spring-boot-jdbc.org.springframework.boot.jdbc.docker.compose.PostgresEnvironmentTests.out.log	/data/data/cratonvm/apps/spring-boot-suite-runner/.suite/results/craton-fullsuite-azure-20260805-s6/all-jit/logs/module_spring-boot-jdbc.org.springframework.boot.jdbc.docker.compose.PostgresEnvironmentTests.err.log	
57	module/spring-boot-jdbc	org.springframework.boot.jdbc.docker.compose.SqlServerEnvironmentTests	craton	on	0	PASS	0.805	5	0	0	0	0	/data/data/cratonvm/apps/spring-boot-suite-runner/.suite/results/craton-fullsuite-azure-20260805-s6/all-jit/logs/module_spring-boot-jdbc.org.springframework.boot.jdbc.docker.compose.SqlServerEnvironmentTests.out.log	/data/data/cratonvm/apps/spring-boot-suite-runner/.suite/results/craton-fullsuite-azure-20260805-s6/all-jit/logs/module_spring-boot-jdbc.org.springframework.boot.jdbc.docker.compose.SqlServerEnvironmentTests.err.log	
58	module/spring-boot-jdbc	org.springframework.boot.jdbc.docker.compose.PostgresJdbcDockerComposeConnectionDetailsFactoryConnectionDetailsTests	craton	on	0	PASS	2.663	6	0	0	0	0	/data/data/cratonvm/apps/spring-boot-suite-runner/.suite/results/craton-fullsuite-azure-20260805-s6/all-jit/logs/module_spring-boot-jdbc.org.springframework.boot.jdbc.docker.compose.PostgresJdbcDockerComposeConnectionDe-f053963ac36c.out.log	/data/data/cratonvm/apps/spring-boot-suite-runner/.suite/results/craton-fullsuite-azure-20260805-s6/all-jit/logs/module_spring-boot-jdbc.org.springframework.boot.jdbc.docker.compose.PostgresJdbcDockerComposeConnectionDe-f053963ac36c.err.log	
59	module/spring-boot-jdbc	org.springframework.boot.jdbc.health.DataSourceHealthIndicatorTests	craton	on	0	PASS	11.079	5	0	0	0	0	/data/data/cratonvm/apps/spring-boot-suite-runner/.suite/results/craton-fullsuite-azure-20260805-s6/all-jit/logs/module_spring-boot-jdbc.org.springframework.boot.jdbc.health.DataSourceHealthIndicatorTests.out.log	/data/data/cratonvm/apps/spring-boot-suite-runner/.suite/results/craton-fullsuite-azure-20260805-s6/all-jit/logs/module_spring-boot-jdbc.org.springframework.boot.jdbc.health.DataSourceHealthIndicatorTests.err.log	
60	module/spring-boot-jdbc	org.springframework.boot.jdbc.HikariCheckpointRestoreLifecycleTests	craton	on	0	PASS	16.118	6	0	0	0	0	/data/data/cratonvm/apps/spring-boot-suite-runner/.suite/results/craton-fullsuite-azure-20260805-s6/all-jit/logs/module_spring-boot-jdbc.org.springframework.boot.jdbc.HikariCheckpointRestoreLifecycleTests.out.log	/data/data/cratonvm/apps/spring-boot-suite-runner/.suite/results/craton-fullsuite-azure-20260805-s6/all-jit/logs/module_spring-boot-jdbc.org.springframework.boot.jdbc.HikariCheckpointRestoreLifecycleTests.err.log	
61	module/spring-boot-jdbc	org.springframework.boot.jdbc.init.DataSourceScriptDatabaseInitializerTests	craton	on	0	PASS	3.223	16	0	0	0	0	/data/data/cratonvm/apps/spring-boot-suite-runner/.suite/results/craton-fullsuite-azure-20260805-s6/all-jit/logs/module_spring-boot-jdbc.org.springframework.boot.jdbc.init.DataSourceScriptDatabaseInitializerTests.out.log	/data/data/cratonvm/apps/spring-boot-suite-runner/.suite/results/craton-fullsuite-azure-20260805-s6/all-jit/logs/module_spring-boot-jdbc.org.springframework.boot.jdbc.init.DataSourceScriptDatabaseInitializerTests.err.log	
62	module/spring-boot-jdbc	org.springframework.boot.jdbc.EmbeddedDatabaseConnectionTests	craton	on	0	PASS	37.154	24	0	0	0	0	/data/data/cratonvm/apps/spring-boot-suite-runner/.suite/results/craton-fullsuite-azure-20260805-s6/all-jit/logs/module_spring-boot-jdbc.org.springframework.boot.jdbc.EmbeddedDatabaseConnectionTests.out.log	/data/data/cratonvm/apps/spring-boot-suite-runner/.suite/results/craton-fullsuite-azure-20260805-s6/all-jit/logs/module_spring-boot-jdbc.org.springframework.boot.jdbc.EmbeddedDatabaseConnectionTests.err.log	
63	module/spring-boot-jdbc	org.springframework.boot.jdbc.metadata.AbstractDataSourcePoolMetadataTests	craton	on	0	EMPTY	0.604	0	0	0	0	0	/data/data/cratonvm/apps/spring-boot-suite-runner/.suite/results/craton-fullsuite-azure-20260805-s6/all-jit/logs/module_spring-boot-jdbc.org.springframework.boot.jdbc.metadata.AbstractDataSourcePoolMetadataTests.out.log	/data/data/cratonvm/apps/spring-boot-suite-runner/.suite/results/craton-fullsuite-azure-20260805-s6/all-jit/logs/module_spring-boot-jdbc.org.springframework.boot.jdbc.metadata.AbstractDataSourcePoolMetadataTests.err.log	
64	module/spring-boot-jdbc	org.springframework.boot.jdbc.metadata.CommonsDbcp2DataSourcePoolMetadataTests	craton	on	0	PASS	3.019	9	0	0	0	0	/data/data/cratonvm/apps/spring-boot-suite-runner/.suite/results/craton-fullsuite-azure-20260805-s6/all-jit/logs/module_spring-boot-jdbc.org.springframework.boot.jdbc.metadata.CommonsDbcp2DataSourcePoolMetadataTests.out.log	/data/data/cratonvm/apps/spring-boot-suite-runner/.suite/results/craton-fullsuite-azure-20260805-s6/all-jit/logs/module_spring-boot-jdbc.org.springframework.boot.jdbc.metadata.CommonsDbcp2DataSourcePoolMetadataTests.err.log	
65	module/spring-boot-jdbc	org.springframework.boot.jdbc.init.PlatformPlaceholderDatabaseDriverResolverTests	craton	on	0	PASS	10.954	12	0	0	0	0	/data/data/cratonvm/apps/spring-boot-suite-runner/.suite/results/craton-fullsuite-azure-20260805-s6/all-jit/logs/module_spring-boot-jdbc.org.springframework.boot.jdbc.init.PlatformPlaceholderDatabaseDriverResolverTests.out.log	/data/data/cratonvm/apps/spring-boot-suite-runner/.suite/results/craton-fullsuite-azure-20260805-s6/all-jit/logs/module_spring-boot-jdbc.org.springframework.boot.jdbc.init.PlatformPlaceholderDatabaseDriverResolverTests.err.log	
66	module/spring-boot-jdbc	org.springframework.boot.jdbc.metadata.CompositeDataSourcePoolMetadataProviderTests	craton	on	0	PASS	3.053	1	0	0	0	0	/data/data/cratonvm/apps/spring-boot-suite-runner/.suite/results/craton-fullsuite-azure-20260805-s6/all-jit/logs/module_spring-boot-jdbc.org.springframework.boot.jdbc.metadata.CompositeDataSourcePoolMetadataProviderTests.out.log	/data/data/cratonvm/apps/spring-boot-suite-runner/.suite/results/craton-fullsuite-azure-20260805-s6/all-jit/logs/module_spring-boot-jdbc.org.springframework.boot.jdbc.metadata.CompositeDataSourcePoolMetadataProviderTests.err.log	
67	module/spring-boot-jdbc	org.springframework.boot.jdbc.metadata.HikariDataSourcePoolMetadataTests	craton	on	0	PASS	3.245	6	0	0	0	0	/data/data/cratonvm/apps/spring-boot-suite-runner/.suite/results/craton-fullsuite-azure-20260805-s6/all-jit/logs/module_spring-boot-jdbc.org.springframework.boot.jdbc.metadata.HikariDataSourcePoolMetadataTests.out.log	/data/data/cratonvm/apps/spring-boot-suite-runner/.suite/results/craton-fullsuite-azure-20260805-s6/all-jit/logs/module_spring-boot-jdbc.org.springframework.boot.jdbc.metadata.HikariDataSourcePoolMetadataTests.err.log	
68	module/spring-boot-jdbc	org.springframework.boot.jdbc.metadata.OracleUcpDataSourcePoolMetadataTests	craton	on	0	PASS	4.253	6	0	0	0	0	/data/data/cratonvm/apps/spring-boot-suite-runner/.suite/results/craton-fullsuite-azure-20260805-s6/all-jit/logs/module_spring-boot-jdbc.org.springframework.boot.jdbc.metadata.OracleUcpDataSourcePoolMetadataTests.out.log	/data/data/cratonvm/apps/spring-boot-suite-runner/.suite/results/craton-fullsuite-azure-20260805-s6/all-jit/logs/module_spring-boot-jdbc.org.springframework.boot.jdbc.metadata.OracleUcpDataSourcePoolMetadataTests.err.log	
69	module/spring-boot-jdbc	org.springframework.boot.jdbc.metadata.TomcatDataSourcePoolMetadataTests	craton	on	0	PASS	2.029	6	0	0	0	0	/data/data/cratonvm/apps/spring-boot-suite-runner/.suite/results/craton-fullsuite-azure-20260805-s6/all-jit/logs/module_spring-boot-jdbc.org.springframework.boot.jdbc.metadata.TomcatDataSourcePoolMetadataTests.out.log	/data/data/cratonvm/apps/spring-boot-suite-runner/.suite/results/craton-fullsuite-azure-20260805-s6/all-jit/logs/module_spring-boot-jdbc.org.springframework.boot.jdbc.metadata.TomcatDataSourcePoolMetadataTests.err.log	
70	module/spring-boot-jdbc	org.springframework.boot.jdbc.metrics.DataSourcePoolMetricsTests	craton	on	0	PASS	3.866	1	0	0	0	0	/data/data/cratonvm/apps/spring-boot-suite-runner/.suite/results/craton-fullsuite-azure-20260805-s6/all-jit/logs/module_spring-boot-jdbc.org.springframework.boot.jdbc.metrics.DataSourcePoolMetricsTests.out.log	/data/data/cratonvm/apps/spring-boot-suite-runner/.suite/results/craton-fullsuite-azure-20260805-s6/all-jit/logs/module_spring-boot-jdbc.org.springframework.boot.jdbc.metrics.DataSourcePoolMetricsTests.err.log	
71	module/spring-boot-jdbc-test	org.springframework.boot.jdbc.test.autoconfigure.AutoConfigureTestDatabaseWithNoDatabaseIntegrationTests	craton	on	0	PASS	3.423	1	0	0	0	0	/data/data/cratonvm/apps/spring-boot-suite-runner/.suite/results/craton-fullsuite-azure-20260805-s6/all-jit/logs/module_spring-boot-jdbc-test.org.springframework.boot.jdbc.test.autoconfigure.AutoConfigureTestDatabaseWit-4bf25e18e2b2.out.log	/data/data/cratonvm/apps/spring-boot-suite-runner/.suite/results/craton-fullsuite-azure-20260805-s6/all-jit/logs/module_spring-boot-jdbc-test.org.springframework.boot.jdbc.test.autoconfigure.AutoConfigureTestDatabaseWit-4bf25e18e2b2.err.log	
72	module/spring-boot-jdbc-test	org.springframework.boot.jdbc.test.autoconfigure.AutoConfigureTestDatabaseWithMultipleDatasourcesIntegrationTests	craton	on	0	PASS	8.705	1	0	0	0	0	/data/data/cratonvm/apps/spring-boot-suite-runner/.suite/results/craton-fullsuite-azure-20260805-s6/all-jit/logs/module_spring-boot-jdbc-test.org.springframework.boot.jdbc.test.autoconfigure.AutoConfigureTestDatabaseWit-33eca28aeea0.out.log	/data/data/cratonvm/apps/spring-boot-suite-runner/.suite/results/craton-fullsuite-azure-20260805-s6/all-jit/logs/module_spring-boot-jdbc-test.org.springframework.boot.jdbc.test.autoconfigure.AutoConfigureTestDatabaseWit-33eca28aeea0.err.log	
73	module/spring-boot-jdbc-test	org.springframework.boot.jdbc.test.autoconfigure.JdbcTestIntegrationTests	craton	on	0	PASS	9.685	6	0	0	0	0	/data/data/cratonvm/apps/spring-boot-suite-runner/.suite/results/craton-fullsuite-azure-20260805-s6/all-jit/logs/module_spring-boot-jdbc-test.org.springframework.boot.jdbc.test.autoconfigure.JdbcTestIntegrationTests.out.log	/data/data/cratonvm/apps/spring-boot-suite-runner/.suite/results/craton-fullsuite-azure-20260805-s6/all-jit/logs/module_spring-boot-jdbc-test.org.springframework.boot.jdbc.test.autoconfigure.JdbcTestIntegrationTests.err.log	
74	module/spring-boot-jdbc-test	org.springframework.boot.jdbc.test.autoconfigure.JdbcTestPropertiesIntegrationTests	craton	on	0	PASS	9.283	2	0	0	0	0	/data/data/cratonvm/apps/spring-boot-suite-runner/.suite/results/craton-fullsuite-azure-20260805-s6/all-jit/logs/module_spring-boot-jdbc-test.org.springframework.boot.jdbc.test.autoconfigure.JdbcTestPropertiesIntegrationTests.out.log	/data/data/cratonvm/apps/spring-boot-suite-runner/.suite/results/craton-fullsuite-azure-20260805-s6/all-jit/logs/module_spring-boot-jdbc-test.org.springframework.boot.jdbc.test.autoconfigure.JdbcTestPropertiesIntegrationTests.err.log	
75	module/spring-boot-jdbc-test	org.springframework.boot.jdbc.test.autoconfigure.JdbcTestWithAutoConfigureTestDatabaseReplaceAutoConfiguredIntegrationTests	craton	on	0	PASS	8.881	1	0	0	0	0	/data/data/cratonvm/apps/spring-boot-suite-runner/.suite/results/craton-fullsuite-azure-20260805-s6/all-jit/logs/module_spring-boot-jdbc-test.org.springframework.boot.jdbc.test.autoconfigure.JdbcTestWithAutoConfigureTes-98820e6dcdd2.out.log	/data/data/cratonvm/apps/spring-boot-suite-runner/.suite/results/craton-fullsuite-azure-20260805-s6/all-jit/logs/module_spring-boot-jdbc-test.org.springframework.boot.jdbc.test.autoconfigure.JdbcTestWithAutoConfigureTes-98820e6dcdd2.err.log	
76	module/spring-boot-jdbc-test	org.springframework.boot.jdbc.test.autoconfigure.JdbcTestWithAutoConfigureTestDatabaseReplaceAutoConfiguredWithoutOverrideIntegrationTests	craton	on	0	PASS	9.485	1	0	0	0	0	/data/data/cratonvm/apps/spring-boot-suite-runner/.suite/results/craton-fullsuite-azure-20260805-s6/all-jit/logs/module_spring-boot-jdbc-test.org.springframework.boot.jdbc.test.autoconfigure.JdbcTestWithAutoConfigureTes-43e2bc71f7e8.out.log	/data/data/cratonvm/apps/spring-boot-suite-runner/.suite/results/craton-fullsuite-azure-20260805-s6/all-jit/logs/module_spring-boot-jdbc-test.org.springframework.boot.jdbc.test.autoconfigure.JdbcTestWithAutoConfigureTes-43e2bc71f7e8.err.log	
77	module/spring-boot-jdbc-test	org.springframework.boot.jdbc.test.autoconfigure.JdbcTestWithAutoConfigureTestDatabaseReplaceExplicitIntegrationTests	craton	on	0	PASS	9.292	1	0	0	0	0	/data/data/cratonvm/apps/spring-boot-suite-runner/.suite/results/craton-fullsuite-azure-20260805-s6/all-jit/logs/module_spring-boot-jdbc-test.org.springframework.boot.jdbc.test.autoconfigure.JdbcTestWithAutoConfigureTes-ab6ad3f1d159.out.log	/data/data/cratonvm/apps/spring-boot-suite-runner/.suite/results/craton-fullsuite-azure-20260805-s6/all-jit/logs/module_spring-boot-jdbc-test.org.springframework.boot.jdbc.test.autoconfigure.JdbcTestWithAutoConfigureTes-ab6ad3f1d159.err.log	
78	module/spring-boot-jdbc-test	org.springframework.boot.jdbc.test.autoconfigure.JdbcTestWithAutoConfigureTestDatabaseReplaceNoneIntegrationTests	craton	on	0	PASS	11.108	1	0	0	0	0	/data/data/cratonvm/apps/spring-boot-suite-runner/.suite/results/craton-fullsuite-azure-20260805-s6/all-jit/logs/module_spring-boot-jdbc-test.org.springframework.boot.jdbc.test.autoconfigure.JdbcTestWithAutoConfigureTes-f9dba9b0a4b4.out.log	/data/data/cratonvm/apps/spring-boot-suite-runner/.suite/results/craton-fullsuite-azure-20260805-s6/all-jit/logs/module_spring-boot-jdbc-test.org.springframework.boot.jdbc.test.autoconfigure.JdbcTestWithAutoConfigureTes-f9dba9b0a4b4.err.log	
79	module/spring-boot-jdbc-test	org.springframework.boot.jdbc.test.autoconfigure.JdbcTestWithAutoConfigureTestDatabaseReplacePropertyAnyIntegrationTests	craton	on	0	PASS	10.514	1	0	0	0	0	/data/data/cratonvm/apps/spring-boot-suite-runner/.suite/results/craton-fullsuite-azure-20260805-s6/all-jit/logs/module_spring-boot-jdbc-test.org.springframework.boot.jdbc.test.autoconfigure.JdbcTestWithAutoConfigureTes-353a193302b0.out.log	/data/data/cratonvm/apps/spring-boot-suite-runner/.suite/results/craton-fullsuite-azure-20260805-s6/all-jit/logs/module_spring-boot-jdbc-test.org.springframework.boot.jdbc.test.autoconfigure.JdbcTestWithAutoConfigureTes-353a193302b0.err.log	
80	module/spring-boot-jdbc-test	org.springframework.boot.jdbc.test.autoconfigure.JdbcTestWithAutoConfigureTestDatabaseReplacePropertyAutoConfiguredIntegrationTests	craton	on	0	PASS	10.111	1	0	0	0	0	/data/data/cratonvm/apps/spring-boot-suite-runner/.suite/results/craton-fullsuite-azure-20260805-s6/all-jit/logs/module_spring-boot-jdbc-test.org.springframework.boot.jdbc.test.autoconfigure.JdbcTestWithAutoConfigureTes-a4e94dfa69dd.out.log	/data/data/cratonvm/apps/spring-boot-suite-runner/.suite/results/craton-fullsuite-azure-20260805-s6/all-jit/logs/module_spring-boot-jdbc-test.org.springframework.boot.jdbc.test.autoconfigure.JdbcTestWithAutoConfigureTes-a4e94dfa69dd.err.log	
81	module/spring-boot-jdbc-test	org.springframework.boot.jdbc.test.autoconfigure.JdbcTestWithAutoConfigureTestDatabaseReplacePropertyNoneIntegrationTests	craton	on	0	PASS	11.316	1	0	0	0	0	/data/data/cratonvm/apps/spring-boot-suite-runner/.suite/results/craton-fullsuite-azure-20260805-s6/all-jit/logs/module_spring-boot-jdbc-test.org.springframework.boot.jdbc.test.autoconfigure.JdbcTestWithAutoConfigureTes-43d474764a17.out.log	/data/data/cratonvm/apps/spring-boot-suite-runner/.suite/results/craton-fullsuite-azure-20260805-s6/all-jit/logs/module_spring-boot-jdbc-test.org.springframework.boot.jdbc.test.autoconfigure.JdbcTestWithAutoConfigureTes-43d474764a17.err.log	
82	module/spring-boot-jdbc-test	org.springframework.boot.jdbc.test.autoconfigure.JdbcTestWithIncludeFilterIntegrationTests	craton	on	0	PASS	12.319	1	0	0	0	0	/data/data/cratonvm/apps/spring-boot-suite-runner/.suite/results/craton-fullsuite-azure-20260805-s6/all-jit/logs/module_spring-boot-jdbc-test.org.springframework.boot.jdbc.test.autoconfigure.JdbcTestWithIncludeFilterIntegrationTests.out.log	/data/data/cratonvm/apps/spring-boot-suite-runner/.suite/results/craton-fullsuite-azure-20260805-s6/all-jit/logs/module_spring-boot-jdbc-test.org.springframework.boot.jdbc.test.autoconfigure.JdbcTestWithIncludeFilterIntegrationTests.err.log	
83	module/spring-boot-jdbc-test	org.springframework.boot.jdbc.test.autoconfigure.TestDatabaseAutoConfigurationNoEmbeddedTests	craton	on	0	PASS	6.680	2	0	0	0	0	/data/data/cratonvm/apps/spring-boot-suite-runner/.suite/results/craton-fullsuite-azure-20260805-s6/all-jit/logs/module_spring-boot-jdbc-test.org.springframework.boot.jdbc.test.autoconfigure.TestDatabaseAutoConfiguratio-b797bd517673.out.log	/data/data/cratonvm/apps/spring-boot-suite-runner/.suite/results/craton-fullsuite-azure-20260805-s6/all-jit/logs/module_spring-boot-jdbc-test.org.springframework.boot.jdbc.test.autoconfigure.TestDatabaseAutoConfiguratio-b797bd517673.err.log	
84	module/spring-boot-jdbc-test	org.springframework.boot.jdbc.test.autoconfigure.TestDatabaseAutoConfigurationTests	craton	on	0	PASS	4.070	3	0	0	0	0	/data/data/cratonvm/apps/spring-boot-suite-runner/.suite/results/craton-fullsuite-azure-20260805-s6/all-jit/logs/module_spring-boot-jdbc-test.org.springframework.boot.jdbc.test.autoconfigure.TestDatabaseAutoConfigurationTests.out.log	/data/data/cratonvm/apps/spring-boot-suite-runner/.suite/results/craton-fullsuite-azure-20260805-s6/all-jit/logs/module_spring-boot-jdbc-test.org.springframework.boot.jdbc.test.autoconfigure.TestDatabaseAutoConfigurationTests.err.log	
85	module/spring-boot-jersey	org.springframework.boot.jersey.autoconfigure.actuate.endpoint.web.HealthEndpointJerseyExtensionAutoConfigurationTests	craton	on	0	PASS	4.455	1	0	0	0	0	/data/data/cratonvm/apps/spring-boot-suite-runner/.suite/results/craton-fullsuite-azure-20260805-s6/all-jit/logs/module_spring-boot-jersey.org.springframework.boot.jersey.autoconfigure.actuate.endpoint.web.HealthEndpoin-c4443e9d742f.out.log	/data/data/cratonvm/apps/spring-boot-suite-runner/.suite/results/craton-fullsuite-azure-20260805-s6/all-jit/logs/module_spring-boot-jersey.org.springframework.boot.jersey.autoconfigure.actuate.endpoint.web.HealthEndpoin-c4443e9d742f.err.log	
86	module/spring-boot-jersey	org.springframework.boot.jersey.autoconfigure.actuate.endpoint.web.JerseyEndpointIntegrationTests	craton	on	0	PASS	36.188	4	0	0	0	0	/data/data/cratonvm/apps/spring-boot-suite-runner/.suite/results/craton-fullsuite-azure-20260805-s6/all-jit/logs/module_spring-boot-jersey.org.springframework.boot.jersey.autoconfigure.actuate.endpoint.web.JerseyEndpoin-e43fae444711.out.log	/data/data/cratonvm/apps/spring-boot-suite-runner/.suite/results/craton-fullsuite-azure-20260805-s6/all-jit/logs/module_spring-boot-jersey.org.springframework.boot.jersey.autoconfigure.actuate.endpoint.web.JerseyEndpoin-e43fae444711.err.log	
87	module/spring-boot-jersey	org.springframework.boot.jersey.autoconfigure.actuate.web.JerseyChildManagementContextConfigurationTests	craton	on	0	PASS	13.850	6	0	0	0	0	/data/data/cratonvm/apps/spring-boot-suite-runner/.suite/results/craton-fullsuite-azure-20260805-s6/all-jit/logs/module_spring-boot-jersey.org.springframework.boot.jersey.autoconfigure.actuate.web.JerseyChildManagementC-f4ff991cfbf9.out.log	/data/data/cratonvm/apps/spring-boot-suite-runner/.suite/results/craton-fullsuite-azure-20260805-s6/all-jit/logs/module_spring-boot-jersey.org.springframework.boot.jersey.autoconfigure.actuate.web.JerseyChildManagementC-f4ff991cfbf9.err.log	
88	module/spring-boot-jersey	org.springframework.boot.jersey.autoconfigure.actuate.endpoint.web.JerseyEndpointAccessIntegrationTests	craton	on	0	PASS	53.783	6	0	0	0	0	/data/data/cratonvm/apps/spring-boot-suite-runner/.suite/results/craton-fullsuite-azure-20260805-s6/all-jit/logs/module_spring-boot-jersey.org.springframework.boot.jersey.autoconfigure.actuate.endpoint.web.JerseyEndpoin-359244bb59ee.out.log	/data/data/cratonvm/apps/spring-boot-suite-runner/.suite/results/craton-fullsuite-azure-20260805-s6/all-jit/logs/module_spring-boot-jersey.org.springframework.boot.jersey.autoconfigure.actuate.endpoint.web.JerseyEndpoin-359244bb59ee.err.log	
89	module/spring-boot-jersey	org.springframework.boot.jersey.autoconfigure.actuate.web.JerseyEndpointManagementContextConfigurationTests	craton	on	0	PASS	1.624	2	0	0	0	0	/data/data/cratonvm/apps/spring-boot-suite-runner/.suite/results/craton-fullsuite-azure-20260805-s6/all-jit/logs/module_spring-boot-jersey.org.springframework.boot.jersey.autoconfigure.actuate.web.JerseyEndpointManageme-4a9420a1bb29.out.log	/data/data/cratonvm/apps/spring-boot-suite-runner/.suite/results/craton-fullsuite-azure-20260805-s6/all-jit/logs/module_spring-boot-jersey.org.springframework.boot.jersey.autoconfigure.actuate.web.JerseyEndpointManageme-4a9420a1bb29.err.log	
90	module/spring-boot-jersey	org.springframework.boot.jersey.autoconfigure.actuate.web.JerseySameManagementContextConfigurationTests	craton	on	0	PASS	10.864	7	0	0	0	0	/data/data/cratonvm/apps/spring-boot-suite-runner/.suite/results/craton-fullsuite-azure-20260805-s6/all-jit/logs/module_spring-boot-jersey.org.springframework.boot.jersey.autoconfigure.actuate.web.JerseySameManagementCo-7a7aa1485f96.out.log	/data/data/cratonvm/apps/spring-boot-suite-runner/.suite/results/craton-fullsuite-azure-20260805-s6/all-jit/logs/module_spring-boot-jersey.org.springframework.boot.jersey.autoconfigure.actuate.web.JerseySameManagementCo-7a7aa1485f96.err.log	
91	module/spring-boot-jersey	org.springframework.boot.jersey.autoconfigure.actuate.web.JerseyWebEndpointIntegrationTests	craton	on	0	PASS	6.030	1	0	0	0	0	/data/data/cratonvm/apps/spring-boot-suite-runner/.suite/results/craton-fullsuite-azure-20260805-s6/all-jit/logs/module_spring-boot-jersey.org.springframework.boot.jersey.autoconfigure.actuate.web.JerseyWebEndpointIntegrationTests.out.log	/data/data/cratonvm/apps/spring-boot-suite-runner/.suite/results/craton-fullsuite-azure-20260805-s6/all-jit/logs/module_spring-boot-jersey.org.springframework.boot.jersey.autoconfigure.actuate.web.JerseyWebEndpointIntegrationTests.err.log	
92	module/spring-boot-jersey	org.springframework.boot.jersey.autoconfigure.actuate.web.JerseyWebEndpointManagementContextConfigurationTests	craton	on	0	PASS	2.614	3	0	0	0	0	/data/data/cratonvm/apps/spring-boot-suite-runner/.suite/results/craton-fullsuite-azure-20260805-s6/all-jit/logs/module_spring-boot-jersey.org.springframework.boot.jersey.autoconfigure.actuate.web.JerseyWebEndpointManag-e4caa06dbfa2.out.log	/data/data/cratonvm/apps/spring-boot-suite-runner/.suite/results/craton-fullsuite-azure-20260805-s6/all-jit/logs/module_spring-boot-jersey.org.springframework.boot.jersey.autoconfigure.actuate.web.JerseyWebEndpointManag-e4caa06dbfa2.err.log	
93	module/spring-boot-jersey	org.springframework.boot.jersey.autoconfigure.JerseyApplicationPathTests	craton	on	0	PASS	0.803	10	0	0	0	0	/data/data/cratonvm/apps/spring-boot-suite-runner/.suite/results/craton-fullsuite-azure-20260805-s6/all-jit/logs/module_spring-boot-jersey.org.springframework.boot.jersey.autoconfigure.JerseyApplicationPathTests.out.log	/data/data/cratonvm/apps/spring-boot-suite-runner/.suite/results/craton-fullsuite-azure-20260805-s6/all-jit/logs/module_spring-boot-jersey.org.springframework.boot.jersey.autoconfigure.JerseyApplicationPathTests.err.log	
94	module/spring-boot-jersey	org.springframework.boot.jersey.autoconfigure.JerseyAutoConfigurationCustomApplicationTests	craton	on	0	PASS	8.858	1	0	0	0	0	/data/data/cratonvm/apps/spring-boot-suite-runner/.suite/results/craton-fullsuite-azure-20260805-s6/all-jit/logs/module_spring-boot-jersey.org.springframework.boot.jersey.autoconfigure.JerseyAutoConfigurationCustomApplicationTests.out.log	/data/data/cratonvm/apps/spring-boot-suite-runner/.suite/results/craton-fullsuite-azure-20260805-s6/all-jit/logs/module_spring-boot-jersey.org.springframework.boot.jersey.autoconfigure.JerseyAutoConfigurationCustomApplicationTests.err.log	
95	module/spring-boot-jersey	org.springframework.boot.jersey.autoconfigure.JerseyAutoConfigurationCustomFilterContextPathTests	craton	on	0	PASS	7.848	1	0	0	0	0	/data/data/cratonvm/apps/spring-boot-suite-runner/.suite/results/craton-fullsuite-azure-20260805-s6/all-jit/logs/module_spring-boot-jersey.org.springframework.boot.jersey.autoconfigure.JerseyAutoConfigurationCustomFilte-e7bae0c8bb6d.out.log	/data/data/cratonvm/apps/spring-boot-suite-runner/.suite/results/craton-fullsuite-azure-20260805-s6/all-jit/logs/module_spring-boot-jersey.org.springframework.boot.jersey.autoconfigure.JerseyAutoConfigurationCustomFilte-e7bae0c8bb6d.err.log	
96	module/spring-boot-jersey	org.springframework.boot.jersey.autoconfigure.JerseyAutoConfigurationCustomFilterPathTests	craton	on	0	PASS	9.059	1	0	0	0	0	/data/data/cratonvm/apps/spring-boot-suite-runner/.suite/results/craton-fullsuite-azure-20260805-s6/all-jit/logs/module_spring-boot-jersey.org.springframework.boot.jersey.autoconfigure.JerseyAutoConfigurationCustomFilterPathTests.out.log	/data/data/cratonvm/apps/spring-boot-suite-runner/.suite/results/craton-fullsuite-azure-20260805-s6/all-jit/logs/module_spring-boot-jersey.org.springframework.boot.jersey.autoconfigure.JerseyAutoConfigurationCustomFilterPathTests.err.log	
97	module/spring-boot-jersey	org.springframework.boot.jersey.autoconfigure.JerseyAutoConfigurationCustomLoadOnStartupTests	craton	on	0	PASS	7.641	1	0	0	0	0	/data/data/cratonvm/apps/spring-boot-suite-runner/.suite/results/craton-fullsuite-azure-20260805-s6/all-jit/logs/module_spring-boot-jersey.org.springframework.boot.jersey.autoconfigure.JerseyAutoConfigurationCustomLoadOnStartupTests.out.log	/data/data/cratonvm/apps/spring-boot-suite-runner/.suite/results/craton-fullsuite-azure-20260805-s6/all-jit/logs/module_spring-boot-jersey.org.springframework.boot.jersey.autoconfigure.JerseyAutoConfigurationCustomLoadOnStartupTests.err.log	
98	module/spring-boot-jersey	org.springframework.boot.jersey.autoconfigure.actuate.web.JerseyHealthEndpointAdditionalPathIntegrationTests	craton	on	0	PASS	62.292	8	0	0	0	0	/data/data/cratonvm/apps/spring-boot-suite-runner/.suite/results/craton-fullsuite-azure-20260805-s6/all-jit/logs/module_spring-boot-jersey.org.springframework.boot.jersey.autoconfigure.actuate.web.JerseyHealthEndpointAd-16dbea055b7d.out.log	/data/data/cratonvm/apps/spring-boot-suite-runner/.suite/results/craton-fullsuite-azure-20260805-s6/all-jit/logs/module_spring-boot-jersey.org.springframework.boot.jersey.autoconfigure.actuate.web.JerseyHealthEndpointAd-16dbea055b7d.err.log	
99	module/spring-boot-jersey	org.springframework.boot.jersey.autoconfigure.JerseyAutoConfigurationCustomObjectMapperProviderTests	craton	on	0	PASS	9.274	1	0	0	0	0	/data/data/cratonvm/apps/spring-boot-suite-runner/.suite/results/craton-fullsuite-azure-20260805-s6/all-jit/logs/module_spring-boot-jersey.org.springframework.boot.jersey.autoconfigure.JerseyAutoConfigurationCustomObjec-b38f10747c6d.out.log	/data/data/cratonvm/apps/spring-boot-suite-runner/.suite/results/craton-fullsuite-azure-20260805-s6/all-jit/logs/module_spring-boot-jersey.org.springframework.boot.jersey.autoconfigure.JerseyAutoConfigurationCustomObjec-b38f10747c6d.err.log	
100	module/spring-boot-jersey	org.springframework.boot.jersey.autoconfigure.JerseyAutoConfigurationCustomServletContextPathTests	craton	on	0	PASS	8.873	1	0	0	0	0	/data/data/cratonvm/apps/spring-boot-suite-runner/.suite/results/craton-fullsuite-azure-20260805-s6/all-jit/logs/module_spring-boot-jersey.org.springframework.boot.jersey.autoconfigure.JerseyAutoConfigurationCustomServl-aa134a163863.out.log	/data/data/cratonvm/apps/spring-boot-suite-runner/.suite/results/craton-fullsuite-azure-20260805-s6/all-jit/logs/module_spring-boot-jersey.org.springframework.boot.jersey.autoconfigure.JerseyAutoConfigurationCustomServl-aa134a163863.err.log	
101	module/spring-boot-jersey	org.springframework.boot.jersey.autoconfigure.JerseyAutoConfigurationCustomServletPathTests	craton	on	0	PASS	9.491	1	0	0	0	0	/data/data/cratonvm/apps/spring-boot-suite-runner/.suite/results/craton-fullsuite-azure-20260805-s6/all-jit/logs/module_spring-boot-jersey.org.springframework.boot.jersey.autoconfigure.JerseyAutoConfigurationCustomServletPathTests.out.log	/data/data/cratonvm/apps/spring-boot-suite-runner/.suite/results/craton-fullsuite-azure-20260805-s6/all-jit/logs/module_spring-boot-jersey.org.springframework.boot.jersey.autoconfigure.JerseyAutoConfigurationCustomServletPathTests.err.log	
102	module/spring-boot-jersey	org.springframework.boot.jersey.autoconfigure.JerseyAutoConfigurationDefaultFilterPathTests	craton	on	0	PASS	9.889	1	0	0	0	0	/data/data/cratonvm/apps/spring-boot-suite-runner/.suite/results/craton-fullsuite-azure-20260805-s6/all-jit/logs/module_spring-boot-jersey.org.springframework.boot.jersey.autoconfigure.JerseyAutoConfigurationDefaultFilterPathTests.out.log	/data/data/cratonvm/apps/spring-boot-suite-runner/.suite/results/craton-fullsuite-azure-20260805-s6/all-jit/logs/module_spring-boot-jersey.org.springframework.boot.jersey.autoconfigure.JerseyAutoConfigurationDefaultFilterPathTests.err.log	
103	module/spring-boot-jersey	org.springframework.boot.jersey.autoconfigure.JerseyAutoConfigurationDefaultServletPathTests	craton	on	0	PASS	8.884	1	0	0	0	0	/data/data/cratonvm/apps/spring-boot-suite-runner/.suite/results/craton-fullsuite-azure-20260805-s6/all-jit/logs/module_spring-boot-jersey.org.springframework.boot.jersey.autoconfigure.JerseyAutoConfigurationDefaultServletPathTests.out.log	/data/data/cratonvm/apps/spring-boot-suite-runner/.suite/results/craton-fullsuite-azure-20260805-s6/all-jit/logs/module_spring-boot-jersey.org.springframework.boot.jersey.autoconfigure.JerseyAutoConfigurationDefaultServletPathTests.err.log	
104	module/spring-boot-jersey	org.springframework.boot.jersey.autoconfigure.JerseyAutoConfigurationServletContainerTests	craton	on	0	PASS	6.646	1	0	0	0	0	/data/data/cratonvm/apps/spring-boot-suite-runner/.suite/results/craton-fullsuite-azure-20260805-s6/all-jit/logs/module_spring-boot-jersey.org.springframework.boot.jersey.autoconfigure.JerseyAutoConfigurationServletContainerTests.out.log	/data/data/cratonvm/apps/spring-boot-suite-runner/.suite/results/craton-fullsuite-azure-20260805-s6/all-jit/logs/module_spring-boot-jersey.org.springframework.boot.jersey.autoconfigure.JerseyAutoConfigurationServletContainerTests.err.log	
105	module/spring-boot-jersey	org.springframework.boot.jersey.autoconfigure.JerseyAutoConfigurationObjectMapperProviderTests	craton	on	0	PASS	11.139	1	0	0	0	0	/data/data/cratonvm/apps/spring-boot-suite-runner/.suite/results/craton-fullsuite-azure-20260805-s6/all-jit/logs/module_spring-boot-jersey.org.springframework.boot.jersey.autoconfigure.JerseyAutoConfigurationObjectMappe-d2726aa9d0b6.out.log	/data/data/cratonvm/apps/spring-boot-suite-runner/.suite/results/craton-fullsuite-azure-20260805-s6/all-jit/logs/module_spring-boot-jersey.org.springframework.boot.jersey.autoconfigure.JerseyAutoConfigurationObjectMappe-d2726aa9d0b6.err.log	
106	module/spring-boot-jersey	org.springframework.boot.jersey.autoconfigure.JerseyAutoConfigurationTests	craton	on	0	PASS	8.902	8	0	0	0	0	/data/data/cratonvm/apps/spring-boot-suite-runner/.suite/results/craton-fullsuite-azure-20260805-s6/all-jit/logs/module_spring-boot-jersey.org.springframework.boot.jersey.autoconfigure.JerseyAutoConfigurationTests.out.log	/data/data/cratonvm/apps/spring-boot-suite-runner/.suite/results/craton-fullsuite-azure-20260805-s6/all-jit/logs/module_spring-boot-jersey.org.springframework.boot.jersey.autoconfigure.JerseyAutoConfigurationTests.err.log	
107	module/spring-boot-jersey	org.springframework.boot.jersey.autoconfigure.JerseyAutoConfigurationWithoutApplicationPathTests	craton	on	0	PASS	9.479	1	0	0	0	0	/data/data/cratonvm/apps/spring-boot-suite-runner/.suite/results/craton-fullsuite-azure-20260805-s6/all-jit/logs/module_spring-boot-jersey.org.springframework.boot.jersey.autoconfigure.JerseyAutoConfigurationWithoutAppl-47e15c1b0afc.out.log	/data/data/cratonvm/apps/spring-boot-suite-runner/.suite/results/craton-fullsuite-azure-20260805-s6/all-jit/logs/module_spring-boot-jersey.org.springframework.boot.jersey.autoconfigure.JerseyAutoConfigurationWithoutAppl-47e15c1b0afc.err.log	
108	module/spring-boot-jetty	org.springframework.boot.jetty.autoconfigure.actuate.web.server.JettyManagementServerPropertiesTests	craton	on	0	PASS	0.606	1	0	0	0	0	/data/data/cratonvm/apps/spring-boot-suite-runner/.suite/results/craton-fullsuite-azure-20260805-s6/all-jit/logs/module_spring-boot-jetty.org.springframework.boot.jetty.autoconfigure.actuate.web.server.JettyManagementSe-59802550ab73.out.log	/data/data/cratonvm/apps/spring-boot-suite-runner/.suite/results/craton-fullsuite-azure-20260805-s6/all-jit/logs/module_spring-boot-jetty.org.springframework.boot.jetty.autoconfigure.actuate.web.server.JettyManagementSe-59802550ab73.err.log	
109	module/spring-boot-jetty	org.springframework.boot.jetty.autoconfigure.AutoConfigureWebServerJettyReactiveTests	craton	on	0	PASS	7.253	1	0	0	0	0	/data/data/cratonvm/apps/spring-boot-suite-runner/.suite/results/craton-fullsuite-azure-20260805-s6/all-jit/logs/module_spring-boot-jetty.org.springframework.boot.jetty.autoconfigure.AutoConfigureWebServerJettyReactiveTests.out.log	/data/data/cratonvm/apps/spring-boot-suite-runner/.suite/results/craton-fullsuite-azure-20260805-s6/all-jit/logs/module_spring-boot-jetty.org.springframework.boot.jetty.autoconfigure.AutoConfigureWebServerJettyReactiveTests.err.log	
110	module/spring-boot-jersey	org.springframework.boot.jersey.autoconfigure.metrics.JerseyServerMetricsAutoConfigurationTests	craton	on	0	PASS	13.977	4	0	0	0	0	/data/data/cratonvm/apps/spring-boot-suite-runner/.suite/results/craton-fullsuite-azure-20260805-s6/all-jit/logs/module_spring-boot-jersey.org.springframework.boot.jersey.autoconfigure.metrics.JerseyServerMetricsAutoCon-a99c34f7f0ee.out.log	/data/data/cratonvm/apps/spring-boot-suite-runner/.suite/results/craton-fullsuite-azure-20260805-s6/all-jit/logs/module_spring-boot-jersey.org.springframework.boot.jersey.autoconfigure.metrics.JerseyServerMetricsAutoCon-a99c34f7f0ee.err.log	
111	module/spring-boot-jetty	org.springframework.boot.jetty.autoconfigure.JettyServerPropertiesTests	craton	on	0	PASS	8.661	10	0	0	0	0	/data/data/cratonvm/apps/spring-boot-suite-runner/.suite/results/craton-fullsuite-azure-20260805-s6/all-jit/logs/module_spring-boot-jetty.org.springframework.boot.jetty.autoconfigure.JettyServerPropertiesTests.out.log	/data/data/cratonvm/apps/spring-boot-suite-runner/.suite/results/craton-fullsuite-azure-20260805-s6/all-jit/logs/module_spring-boot-jetty.org.springframework.boot.jetty.autoconfigure.JettyServerPropertiesTests.err.log	
112	module/spring-boot-jetty	org.springframework.boot.jetty.autoconfigure.AutoConfigureWebServerJettyServletTests	craton	on	0	PASS	12.327	1	0	0	0	0	/data/data/cratonvm/apps/spring-boot-suite-runner/.suite/results/craton-fullsuite-azure-20260805-s6/all-jit/logs/module_spring-boot-jetty.org.springframework.boot.jetty.autoconfigure.AutoConfigureWebServerJettyServletTests.out.log	/data/data/cratonvm/apps/spring-boot-suite-runner/.suite/results/craton-fullsuite-azure-20260805-s6/all-jit/logs/module_spring-boot-jetty.org.springframework.boot.jetty.autoconfigure.AutoConfigureWebServerJettyServletTests.err.log	
113	module/spring-boot-jetty	org.springframework.boot.jetty.autoconfigure.JettyVirtualThreadsWebServerFactoryCustomizerTests	craton	on	0	PASS	2.444	1	0	0	0	0	/data/data/cratonvm/apps/spring-boot-suite-runner/.suite/results/craton-fullsuite-azure-20260805-s6/all-jit/logs/module_spring-boot-jetty.org.springframework.boot.jetty.autoconfigure.JettyVirtualThreadsWebServerFactoryC-39d01cc01c24.out.log	/data/data/cratonvm/apps/spring-boot-suite-runner/.suite/results/craton-fullsuite-azure-20260805-s6/all-jit/logs/module_spring-boot-jetty.org.springframework.boot.jetty.autoconfigure.JettyVirtualThreadsWebServerFactoryC-39d01cc01c24.err.log	
114	module/spring-boot-jetty	org.springframework.boot.jetty.autoconfigure.metrics.JettyMetricsAutoConfigurationTests	craton	on	0	PASS	49.547	11	0	0	0	0	/data/data/cratonvm/apps/spring-boot-suite-runner/.suite/results/craton-fullsuite-azure-20260805-s6/all-jit/logs/module_spring-boot-jetty.org.springframework.boot.jetty.autoconfigure.metrics.JettyMetricsAutoConfigurationTests.out.log	/data/data/cratonvm/apps/spring-boot-suite-runner/.suite/results/craton-fullsuite-azure-20260805-s6/all-jit/logs/module_spring-boot-jetty.org.springframework.boot.jetty.autoconfigure.metrics.JettyMetricsAutoConfigurationTests.err.log	
115	module/spring-boot-jetty	org.springframework.boot.jetty.autoconfigure.JettyWebServerFactoryCustomizerTests	craton	on	0	PASS	51.805	24	0	0	0	0	/data/data/cratonvm/apps/spring-boot-suite-runner/.suite/results/craton-fullsuite-azure-20260805-s6/all-jit/logs/module_spring-boot-jetty.org.springframework.boot.jetty.autoconfigure.JettyWebServerFactoryCustomizerTests.out.log	/data/data/cratonvm/apps/spring-boot-suite-runner/.suite/results/craton-fullsuite-azure-20260805-s6/all-jit/logs/module_spring-boot-jetty.org.springframework.boot.jetty.autoconfigure.JettyWebServerFactoryCustomizerTests.err.log	
116	module/spring-boot-jetty	org.springframework.boot.jetty.autoconfigure.reactive.JettyReactiveWebServerAutoConfigurationTests	craton	on	0	PASS	15.142	11	0	0	0	0	/data/data/cratonvm/apps/spring-boot-suite-runner/.suite/results/craton-fullsuite-azure-20260805-s6/all-jit/logs/module_spring-boot-jetty.org.springframework.boot.jetty.autoconfigure.reactive.JettyReactiveWebServerAutoC-d8962aeecfae.out.log	/data/data/cratonvm/apps/spring-boot-suite-runner/.suite/results/craton-fullsuite-azure-20260805-s6/all-jit/logs/module_spring-boot-jetty.org.springframework.boot.jetty.autoconfigure.reactive.JettyReactiveWebServerAutoC-d8962aeecfae.err.log	
117	module/spring-boot-jetty	org.springframework.boot.jetty.autoconfigure.servlet.JettyServletWebServerServletContextListenerTests	craton	on	0	PASS	17.524	2	0	0	0	0	/data/data/cratonvm/apps/spring-boot-suite-runner/.suite/results/craton-fullsuite-azure-20260805-s6/all-jit/logs/module_spring-boot-jetty.org.springframework.boot.jetty.autoconfigure.servlet.JettyServletWebServerServlet-5e972da7fd0d.out.log	/data/data/cratonvm/apps/spring-boot-suite-runner/.suite/results/craton-fullsuite-azure-20260805-s6/all-jit/logs/module_spring-boot-jetty.org.springframework.boot.jetty.autoconfigure.servlet.JettyServletWebServerServlet-5e972da7fd0d.err.log	
118	module/spring-boot-jetty	org.springframework.boot.jetty.reactive.JettyReactiveWebServerFactoryTests	craton	on	0	PASS	14.706	35	0	0	1	0	/data/data/cratonvm/apps/spring-boot-suite-runner/.suite/results/craton-fullsuite-azure-20260805-s6/all-jit/logs/module_spring-boot-jetty.org.springframework.boot.jetty.reactive.JettyReactiveWebServerFactoryTests.out.log	/data/data/cratonvm/apps/spring-boot-suite-runner/.suite/results/craton-fullsuite-azure-20260805-s6/all-jit/logs/module_spring-boot-jetty.org.springframework.boot.jetty.reactive.JettyReactiveWebServerFactoryTests.err.log	
119	module/spring-boot-jetty	org.springframework.boot.jetty.autoconfigure.servlet.JettyServletWebServerAutoConfigurationTests	craton	on	0	PASS	70.961	15	0	0	0	0	/data/data/cratonvm/apps/spring-boot-suite-runner/.suite/results/craton-fullsuite-azure-20260805-s6/all-jit/logs/module_spring-boot-jetty.org.springframework.boot.jetty.autoconfigure.servlet.JettyServletWebServerAutoCon-1d700487c5b2.out.log	/data/data/cratonvm/apps/spring-boot-suite-runner/.suite/results/craton-fullsuite-azure-20260805-s6/all-jit/logs/module_spring-boot-jetty.org.springframework.boot.jetty.autoconfigure.servlet.JettyServletWebServerAutoCon-1d700487c5b2.err.log	
120	module/spring-boot-jetty	org.springframework.boot.jetty.servlet.JettyServletWebServerMvcIntegrationTests	craton	on	0	PASS	9.053	2	0	0	0	0	/data/data/cratonvm/apps/spring-boot-suite-runner/.suite/results/craton-fullsuite-azure-20260805-s6/all-jit/logs/module_spring-boot-jetty.org.springframework.boot.jetty.servlet.JettyServletWebServerMvcIntegrationTests.out.log	/data/data/cratonvm/apps/spring-boot-suite-runner/.suite/results/craton-fullsuite-azure-20260805-s6/all-jit/logs/module_spring-boot-jetty.org.springframework.boot.jetty.servlet.JettyServletWebServerMvcIntegrationTests.err.log	
121	module/spring-boot-jetty	org.springframework.boot.jetty.servlet.LoaderHidingResourceTests	craton	on	0	PASS	0.806	3	0	0	0	0	/data/data/cratonvm/apps/spring-boot-suite-runner/.suite/results/craton-fullsuite-azure-20260805-s6/all-jit/logs/module_spring-boot-jetty.org.springframework.boot.jetty.servlet.LoaderHidingResourceTests.out.log	/data/data/cratonvm/apps/spring-boot-suite-runner/.suite/results/craton-fullsuite-azure-20260805-s6/all-jit/logs/module_spring-boot-jetty.org.springframework.boot.jetty.servlet.LoaderHidingResourceTests.err.log	
122	module/spring-boot-jetty	org.springframework.boot.jetty.SslServerCustomizerTests	craton	on	0	PASS	1.811	6	0	0	0	0	/data/data/cratonvm/apps/spring-boot-suite-runner/.suite/results/craton-fullsuite-azure-20260805-s6/all-jit/logs/module_spring-boot-jetty.org.springframework.boot.jetty.SslServerCustomizerTests.out.log	/data/data/cratonvm/apps/spring-boot-suite-runner/.suite/results/craton-fullsuite-azure-20260805-s6/all-jit/logs/module_spring-boot-jetty.org.springframework.boot.jetty.SslServerCustomizerTests.err.log	
123	module/spring-boot-jms	org.springframework.boot.jms.autoconfigure.AcknowledgeModeTests	craton	on	0	PASS	1.011	15	0	0	0	0	/data/data/cratonvm/apps/spring-boot-suite-runner/.suite/results/craton-fullsuite-azure-20260805-s6/all-jit/logs/module_spring-boot-jms.org.springframework.boot.jms.autoconfigure.AcknowledgeModeTests.out.log	/data/data/cratonvm/apps/spring-boot-suite-runner/.suite/results/craton-fullsuite-azure-20260805-s6/all-jit/logs/module_spring-boot-jms.org.springframework.boot.jms.autoconfigure.AcknowledgeModeTests.err.log	
124	module/spring-boot-jms	org.springframework.boot.jms.autoconfigure.health.JmsHealthContributorAutoConfigurationTests	craton	on	0	PASS	2.613	2	0	0	0	0	/data/data/cratonvm/apps/spring-boot-suite-runner/.suite/results/craton-fullsuite-azure-20260805-s6/all-jit/logs/module_spring-boot-jms.org.springframework.boot.jms.autoconfigure.health.JmsHealthContributorAutoConfigurationTests.out.log	/data/data/cratonvm/apps/spring-boot-suite-runner/.suite/results/craton-fullsuite-azure-20260805-s6/all-jit/logs/module_spring-boot-jms.org.springframework.boot.jms.autoconfigure.health.JmsHealthContributorAutoConfigurationTests.err.log	
125	module/spring-boot-jms	org.springframework.boot.jms.autoconfigure.JmsAutoConfigurationTests	craton	on	0	PASS	43.632	34	0	0	0	0	/data/data/cratonvm/apps/spring-boot-suite-runner/.suite/results/craton-fullsuite-azure-20260805-s6/all-jit/logs/module_spring-boot-jms.org.springframework.boot.jms.autoconfigure.JmsAutoConfigurationTests.out.log	/data/data/cratonvm/apps/spring-boot-suite-runner/.suite/results/craton-fullsuite-azure-20260805-s6/all-jit/logs/module_spring-boot-jms.org.springframework.boot.jms.autoconfigure.JmsAutoConfigurationTests.err.log	
126	module/spring-boot-jms	org.springframework.boot.jms.autoconfigure.JmsPropertiesTests	craton	on	0	PASS	0.603	8	0	0	0	0	/data/data/cratonvm/apps/spring-boot-suite-runner/.suite/results/craton-fullsuite-azure-20260805-s6/all-jit/logs/module_spring-boot-jms.org.springframework.boot.jms.autoconfigure.JmsPropertiesTests.out.log	/data/data/cratonvm/apps/spring-boot-suite-runner/.suite/results/craton-fullsuite-azure-20260805-s6/all-jit/logs/module_spring-boot-jms.org.springframework.boot.jms.autoconfigure.JmsPropertiesTests.err.log	
127	module/spring-boot-jms	org.springframework.boot.jms.autoconfigure.JndiConnectionFactoryAutoConfigurationTests	craton	on	0	PASS	3.418	6	0	0	0	0	/data/data/cratonvm/apps/spring-boot-suite-runner/.suite/results/craton-fullsuite-azure-20260805-s6/all-jit/logs/module_spring-boot-jms.org.springframework.boot.jms.autoconfigure.JndiConnectionFactoryAutoConfigurationTests.out.log	/data/data/cratonvm/apps/spring-boot-suite-runner/.suite/results/craton-fullsuite-azure-20260805-s6/all-jit/logs/module_spring-boot-jms.org.springframework.boot.jms.autoconfigure.JndiConnectionFactoryAutoConfigurationTests.err.log	
128	module/spring-boot-jms	org.springframework.boot.jms.ConnectionFactoryUnwrapperTests	craton	on	0	PASS	3.214	12	0	0	0	0	/data/data/cratonvm/apps/spring-boot-suite-runner/.suite/results/craton-fullsuite-azure-20260805-s6/all-jit/logs/module_spring-boot-jms.org.springframework.boot.jms.ConnectionFactoryUnwrapperTests.out.log	/data/data/cratonvm/apps/spring-boot-suite-runner/.suite/results/craton-fullsuite-azure-20260805-s6/all-jit/logs/module_spring-boot-jms.org.springframework.boot.jms.ConnectionFactoryUnwrapperTests.err.log	
129	module/spring-boot-jms	org.springframework.boot.jms.health.JmsHealthIndicatorTests	craton	on	0	PASS	7.227	5	0	0	0	0	/data/data/cratonvm/apps/spring-boot-suite-runner/.suite/results/craton-fullsuite-azure-20260805-s6/all-jit/logs/module_spring-boot-jms.org.springframework.boot.jms.health.JmsHealthIndicatorTests.out.log	/data/data/cratonvm/apps/spring-boot-suite-runner/.suite/results/craton-fullsuite-azure-20260805-s6/all-jit/logs/module_spring-boot-jms.org.springframework.boot.jms.health.JmsHealthIndicatorTests.err.log	
130	module/spring-boot-jooq	org.springframework.boot.jooq.autoconfigure.DefaultExceptionTranslatorExecuteListenerTests	craton	on	0	PASS	9.446	17	0	0	0	0	/data/data/cratonvm/apps/spring-boot-suite-runner/.suite/results/craton-fullsuite-azure-20260805-s6/all-jit/logs/module_spring-boot-jooq.org.springframework.boot.jooq.autoconfigure.DefaultExceptionTranslatorExecuteListenerTests.out.log	/data/data/cratonvm/apps/spring-boot-suite-runner/.suite/results/craton-fullsuite-azure-20260805-s6/all-jit/logs/module_spring-boot-jooq.org.springframework.boot.jooq.autoconfigure.DefaultExceptionTranslatorExecuteListenerTests.err.log	
131	module/spring-boot-jetty	org.springframework.boot.jetty.servlet.JettyServletWebServerFactoryTests	craton	on	1	BOTH-FAIL	272.264	113	1	0	2	0	/data/data/cratonvm/apps/spring-boot-suite-runner/.suite/results/craton-fullsuite-azure-20260805-s6/all-jit/logs/module_spring-boot-jetty.org.springframework.boot.jetty.servlet.JettyServletWebServerFactoryTests.out.log	/data/data/cratonvm/apps/spring-boot-suite-runner/.suite/results/craton-fullsuite-azure-20260805-s6/all-jit/logs/module_spring-boot-jetty.org.springframework.boot.jetty.servlet.JettyServletWebServerFactoryTests.err.log	java.lang.RuntimeException: Planned | hotspot-baseline: FAIL 1/113
132	module/spring-boot-jooq	org.springframework.boot.jooq.autoconfigure.JooqAutoConfigurationTests	craton	on	TIMEOUT	HANG	300.042	0	0	0	0	0	/data/data/cratonvm/apps/spring-boot-suite-runner/.suite/results/craton-fullsuite-azure-20260805-s6/all-jit/logs/module_spring-boot-jooq.org.springframework.boot.jooq.autoconfigure.JooqAutoConfigurationTests.out.log	/data/data/cratonvm/apps/spring-boot-suite-runner/.suite/results/craton-fullsuite-azure-20260805-s6/all-jit/logs/module_spring-boot-jooq.org.springframework.boot.jooq.autoconfigure.JooqAutoConfigurationTests.err.log	11:51:02.703 [main] WARN org.springframework.context.annotation.AnnotationConfigApplicationContext -- Exception encountered during context initialization - cancelling refresh attem | hotspot-baseline: PASS 0/17
133	module/spring-boot-jooq	org.springframework.boot.jooq.autoconfigure.JooqPropertiesTests	craton	on	0	PASS	9.652	4	0	0	0	0	/data/data/cratonvm/apps/spring-boot-suite-runner/.suite/results/craton-fullsuite-azure-20260805-s6/all-jit/logs/module_spring-boot-jooq.org.springframework.boot.jooq.autoconfigure.JooqPropertiesTests.out.log	/data/data/cratonvm/apps/spring-boot-suite-runner/.suite/results/craton-fullsuite-azure-20260805-s6/all-jit/logs/module_spring-boot-jooq.org.springframework.boot.jooq.autoconfigure.JooqPropertiesTests.err.log	
134	module/spring-boot-jooq	org.springframework.boot.jooq.autoconfigure.NoDslContextBeanFailureAnalyzerTests	craton	on	0	PASS	1.808	2	0	0	0	0	/data/data/cratonvm/apps/spring-boot-suite-runner/.suite/results/craton-fullsuite-azure-20260805-s6/all-jit/logs/module_spring-boot-jooq.org.springframework.boot.jooq.autoconfigure.NoDslContextBeanFailureAnalyzerTests.out.log	/data/data/cratonvm/apps/spring-boot-suite-runner/.suite/results/craton-fullsuite-azure-20260805-s6/all-jit/logs/module_spring-boot-jooq.org.springframework.boot.jooq.autoconfigure.NoDslContextBeanFailureAnalyzerTests.err.log	
135	module/spring-boot-jooq	org.springframework.boot.jooq.autoconfigure.SqlDialectLookupTests	craton	on	0	PASS	8.840	11	0	0	0	0	/data/data/cratonvm/apps/spring-boot-suite-runner/.suite/results/craton-fullsuite-azure-20260805-s6/all-jit/logs/module_spring-boot-jooq.org.springframework.boot.jooq.autoconfigure.SqlDialectLookupTests.out.log	/data/data/cratonvm/apps/spring-boot-suite-runner/.suite/results/craton-fullsuite-azure-20260805-s6/all-jit/logs/module_spring-boot-jooq.org.springframework.boot.jooq.autoconfigure.SqlDialectLookupTests.err.log	
136	module/spring-boot-jooq	org.springframework.boot.jooq.autoconfigure.JooqFlywayDatabaseInitializationTests	craton	on	0	PASS	276.467	3	0	0	0	0	/data/data/cratonvm/apps/spring-boot-suite-runner/.suite/results/craton-fullsuite-azure-20260805-s6/all-jit/logs/module_spring-boot-jooq.org.springframework.boot.jooq.autoconfigure.JooqFlywayDatabaseInitializationTests.out.log	/data/data/cratonvm/apps/spring-boot-suite-runner/.suite/results/craton-fullsuite-azure-20260805-s6/all-jit/logs/module_spring-boot-jooq.org.springframework.boot.jooq.autoconfigure.JooqFlywayDatabaseInitializationTests.err.log	
137	module/spring-boot-jooq-test	org.springframework.boot.jooq.test.autoconfigure.JooqTestIntegrationTests	craton	on	0	PASS	176.755	7	0	0	0	0	/data/data/cratonvm/apps/spring-boot-suite-runner/.suite/results/craton-fullsuite-azure-20260805-s6/all-jit/logs/module_spring-boot-jooq-test.org.springframework.boot.jooq.test.autoconfigure.JooqTestIntegrationTests.out.log	/data/data/cratonvm/apps/spring-boot-suite-runner/.suite/results/craton-fullsuite-azure-20260805-s6/all-jit/logs/module_spring-boot-jooq-test.org.springframework.boot.jooq.test.autoconfigure.JooqTestIntegrationTests.err.log	
138	module/spring-boot-jooq-test	org.springframework.boot.jooq.test.autoconfigure.JooqTestPropertiesIntegrationTests	craton	on	0	PASS	157.231	2	0	0	0	0	/data/data/cratonvm/apps/spring-boot-suite-runner/.suite/results/craton-fullsuite-azure-20260805-s6/all-jit/logs/module_spring-boot-jooq-test.org.springframework.boot.jooq.test.autoconfigure.JooqTestPropertiesIntegrationTests.out.log	/data/data/cratonvm/apps/spring-boot-suite-runner/.suite/results/craton-fullsuite-azure-20260805-s6/all-jit/logs/module_spring-boot-jooq-test.org.springframework.boot.jooq.test.autoconfigure.JooqTestPropertiesIntegrationTests.err.log	
139	module/spring-boot-jpa	org.springframework.boot.jpa.autoconfigure.BootstrapExecutorRequiredFailureAnalyzerTests	craton	on	0	PASS	0.602	2	0	0	0	0	/data/data/cratonvm/apps/spring-boot-suite-runner/.suite/results/craton-fullsuite-azure-20260805-s6/all-jit/logs/module_spring-boot-jpa.org.springframework.boot.jpa.autoconfigure.BootstrapExecutorRequiredFailureAnalyzerTests.out.log	/data/data/cratonvm/apps/spring-boot-suite-runner/.suite/results/craton-fullsuite-azure-20260805-s6/all-jit/logs/module_spring-boot-jpa.org.springframework.boot.jpa.autoconfigure.BootstrapExecutorRequiredFailureAnalyzerTests.err.log	
140	module/spring-boot-jpa	org.springframework.boot.jpa.EntityManagerFactoryBuilderTests	craton	on	0	PASS	2.208	8	0	0	0	0	/data/data/cratonvm/apps/spring-boot-suite-runner/.suite/results/craton-fullsuite-azure-20260805-s6/all-jit/logs/module_spring-boot-jpa.org.springframework.boot.jpa.EntityManagerFactoryBuilderTests.out.log	/data/data/cratonvm/apps/spring-boot-suite-runner/.suite/results/craton-fullsuite-azure-20260805-s6/all-jit/logs/module_spring-boot-jpa.org.springframework.boot.jpa.EntityManagerFactoryBuilderTests.err.log	
141	module/spring-boot-jpa-test	org.springframework.boot.jpa.test.autoconfigure.TestEntityManagerExtensionsTests	craton	on	0	PASS	3.412	3	0	0	0	0	/data/data/cratonvm/apps/spring-boot-suite-runner/.suite/results/craton-fullsuite-azure-20260805-s6/all-jit/logs/module_spring-boot-jpa-test.org.springframework.boot.jpa.test.autoconfigure.TestEntityManagerExtensionsTests.out.log	/data/data/cratonvm/apps/spring-boot-suite-runner/.suite/results/craton-fullsuite-azure-20260805-s6/all-jit/logs/module_spring-boot-jpa-test.org.springframework.boot.jpa.test.autoconfigure.TestEntityManagerExtensionsTests.err.log	
142	module/spring-boot-jpa-test	org.springframework.boot.jpa.test.autoconfigure.TestEntityManagerTests	craton	on	0	PASS	3.614	18	0	0	0	0	/data/data/cratonvm/apps/spring-boot-suite-runner/.suite/results/craton-fullsuite-azure-20260805-s6/all-jit/logs/module_spring-boot-jpa-test.org.springframework.boot.jpa.test.autoconfigure.TestEntityManagerTests.out.log	/data/data/cratonvm/apps/spring-boot-suite-runner/.suite/results/craton-fullsuite-azure-20260805-s6/all-jit/logs/module_spring-boot-jpa-test.org.springframework.boot.jpa.test.autoconfigure.TestEntityManagerTests.err.log	
143	module/spring-boot-jsonb	org.springframework.boot.jsonb.autoconfigure.JsonbAutoConfigurationTests	craton	on	0	PASS	0.803	1	0	0	0	0	/data/data/cratonvm/apps/spring-boot-suite-runner/.suite/results/craton-fullsuite-azure-20260805-s6/all-jit/logs/module_spring-boot-jsonb.org.springframework.boot.jsonb.autoconfigure.JsonbAutoConfigurationTests.out.log	/data/data/cratonvm/apps/spring-boot-suite-runner/.suite/results/craton-fullsuite-azure-20260805-s6/all-jit/logs/module_spring-boot-jsonb.org.springframework.boot.jsonb.autoconfigure.JsonbAutoConfigurationTests.err.log	
144	module/spring-boot-jsonb	org.springframework.boot.jsonb.autoconfigure.JsonbAutoConfigurationWithNoProviderTests	craton	on	0	PASS	1.004	1	0	0	0	0	/data/data/cratonvm/apps/spring-boot-suite-runner/.suite/results/craton-fullsuite-azure-20260805-s6/all-jit/logs/module_spring-boot-jsonb.org.springframework.boot.jsonb.autoconfigure.JsonbAutoConfigurationWithNoProviderTests.out.log	/data/data/cratonvm/apps/spring-boot-suite-runner/.suite/results/craton-fullsuite-azure-20260805-s6/all-jit/logs/module_spring-boot-jsonb.org.springframework.boot.jsonb.autoconfigure.JsonbAutoConfigurationWithNoProviderTests.err.log	
145	module/spring-boot-jsonb	org.springframework.boot.jsonb.autoconfigure.JsonbTesterAutoConfigurationTests	craton	on	0	PASS	1.606	1	0	0	0	0	/data/data/cratonvm/apps/spring-boot-suite-runner/.suite/results/craton-fullsuite-azure-20260805-s6/all-jit/logs/module_spring-boot-jsonb.org.springframework.boot.jsonb.autoconfigure.JsonbTesterAutoConfigurationTests.out.log	/data/data/cratonvm/apps/spring-boot-suite-runner/.suite/results/craton-fullsuite-azure-20260805-s6/all-jit/logs/module_spring-boot-jsonb.org.springframework.boot.jsonb.autoconfigure.JsonbTesterAutoConfigurationTests.err.log	
146	module/spring-boot-jsonb	org.springframework.boot.jsonb.autoconfigure.jsontest.JsonbAutoConfigureJsonIntegrationTests	craton	on	0	PASS	1.405	1	0	0	0	0	/data/data/cratonvm/apps/spring-boot-suite-runner/.suite/results/craton-fullsuite-azure-20260805-s6/all-jit/logs/module_spring-boot-jsonb.org.springframework.boot.jsonb.autoconfigure.jsontest.JsonbAutoConfigureJsonIntegrationTests.out.log	/data/data/cratonvm/apps/spring-boot-suite-runner/.suite/results/craton-fullsuite-azure-20260805-s6/all-jit/logs/module_spring-boot-jsonb.org.springframework.boot.jsonb.autoconfigure.jsontest.JsonbAutoConfigureJsonIntegrationTests.err.log	
147	module/spring-boot-jsonb	org.springframework.boot.jsonb.autoconfigure.jsontest.JsonTestIntegrationTests	craton	on	0	PASS	2.810	1	0	0	0	0	/data/data/cratonvm/apps/spring-boot-suite-runner/.suite/results/craton-fullsuite-azure-20260805-s6/all-jit/logs/module_spring-boot-jsonb.org.springframework.boot.jsonb.autoconfigure.jsontest.JsonTestIntegrationTests.out.log	/data/data/cratonvm/apps/spring-boot-suite-runner/.suite/results/craton-fullsuite-azure-20260805-s6/all-jit/logs/module_spring-boot-jsonb.org.springframework.boot.jsonb.autoconfigure.jsontest.JsonTestIntegrationTests.err.log	
148	module/spring-boot-jsonb	org.springframework.boot.jsonb.autoconfigure.jsontest.JsonTestWithAutoConfigureJsonTestersTests	craton	on	0	PASS	2.810	1	0	0	0	0	/data/data/cratonvm/apps/spring-boot-suite-runner/.suite/results/craton-fullsuite-azure-20260805-s6/all-jit/logs/module_spring-boot-jsonb.org.springframework.boot.jsonb.autoconfigure.jsontest.JsonTestWithAutoConfigureJs-4aff19949696.out.log	/data/data/cratonvm/apps/spring-boot-suite-runner/.suite/results/craton-fullsuite-azure-20260805-s6/all-jit/logs/module_spring-boot-jsonb.org.springframework.boot.jsonb.autoconfigure.jsontest.JsonTestWithAutoConfigureJs-4aff19949696.err.log	
149	module/spring-boot-jsonb	org.springframework.boot.jsonb.autoconfigure.jsontest.SpringBootTestWithAutoConfigureJsonTestersTests	craton	on	0	PASS	3.814	1	0	0	0	0	/data/data/cratonvm/apps/spring-boot-suite-runner/.suite/results/craton-fullsuite-azure-20260805-s6/all-jit/logs/module_spring-boot-jsonb.org.springframework.boot.jsonb.autoconfigure.jsontest.SpringBootTestWithAutoConfi-7684260385f1.out.log	/data/data/cratonvm/apps/spring-boot-suite-runner/.suite/results/craton-fullsuite-azure-20260805-s6/all-jit/logs/module_spring-boot-jsonb.org.springframework.boot.jsonb.autoconfigure.jsontest.SpringBootTestWithAutoConfi-7684260385f1.err.log	
150	module/spring-boot-kafka	org.springframework.boot.kafka.autoconfigure.ConcurrentKafkaListenerContainerFactoryConfigurerTests	craton	on	1	FAIL	4.618	5	1	0	0	0	/data/data/cratonvm/apps/spring-boot-suite-runner/.suite/results/craton-fullsuite-azure-20260805-s6/all-jit/logs/module_spring-boot-kafka.org.springframework.boot.kafka.autoconfigure.ConcurrentKafkaListenerContainerFact-43075b094e33.out.log	/data/data/cratonvm/apps/spring-boot-suite-runner/.suite/results/craton-fullsuite-azure-20260805-s6/all-jit/logs/module_spring-boot-kafka.org.springframework.boot.kafka.autoconfigure.ConcurrentKafkaListenerContainerFact-43075b094e33.err.log	    => org.mockito.exceptions.base.MockitoException:  | hotspot-baseline: PASS 0/5
151	module/spring-boot-kafka	org.springframework.boot.kafka.autoconfigure.KafkaAutoConfigurationIntegrationTests	craton	on	1	FAIL	2.811	0	0	0	0	1	/data/data/cratonvm/apps/spring-boot-suite-runner/.suite/results/craton-fullsuite-azure-20260805-s6/all-jit/logs/module_spring-boot-kafka.org.springframework.boot.kafka.autoconfigure.KafkaAutoConfigurationIntegrationTests.out.log	/data/data/cratonvm/apps/spring-boot-suite-runner/.suite/results/craton-fullsuite-azure-20260805-s6/all-jit/logs/module_spring-boot-kafka.org.springframework.boot.kafka.autoconfigure.KafkaAutoConfigurationIntegrationTests.err.log	11:59:50.521 [kafka-cluster-test-kit-4] ERROR kafka.server.SharedServer -- [SharedServer id=0] Got exception while starting SharedServer | hotspot-baseline: PASS 0/3
152	module/spring-boot-jooq-test	org.springframework.boot.jooq.test.autoconfigure.JooqTestWithAutoConfigureTestDatabaseIntegrationTests	craton	on	0	PASS	141.694	1	0	0	0	0	/data/data/cratonvm/apps/spring-boot-suite-runner/.suite/results/craton-fullsuite-azure-20260805-s6/all-jit/logs/module_spring-boot-jooq-test.org.springframework.boot.jooq.test.autoconfigure.JooqTestWithAutoConfigureTes-53bf83635bcb.out.log	/data/data/cratonvm/apps/spring-boot-suite-runner/.suite/results/craton-fullsuite-azure-20260805-s6/all-jit/logs/module_spring-boot-jooq-test.org.springframework.boot.jooq.test.autoconfigure.JooqTestWithAutoConfigureTes-53bf83635bcb.err.log	
153	module/spring-boot-kafka	org.springframework.boot.kafka.autoconfigure.KafkaPropertiesTests	craton	on	0	PASS	1.004	12	0	0	0	0	/data/data/cratonvm/apps/spring-boot-suite-runner/.suite/results/craton-fullsuite-azure-20260805-s6/all-jit/logs/module_spring-boot-kafka.org.springframework.boot.kafka.autoconfigure.KafkaPropertiesTests.out.log	/data/data/cratonvm/apps/spring-boot-suite-runner/.suite/results/craton-fullsuite-azure-20260805-s6/all-jit/logs/module_spring-boot-kafka.org.springframework.boot.kafka.autoconfigure.KafkaPropertiesTests.err.log	
154	module/spring-boot-kafka	org.springframework.boot.kafka.autoconfigure.metrics.KafkaMetricsAutoConfigurationTests	craton	on	0	PASS	8.426	4	0	0	0	0	/data/data/cratonvm/apps/spring-boot-suite-runner/.suite/results/craton-fullsuite-azure-20260805-s6/all-jit/logs/module_spring-boot-kafka.org.springframework.boot.kafka.autoconfigure.metrics.KafkaMetricsAutoConfigurationTests.out.log	/data/data/cratonvm/apps/spring-boot-suite-runner/.suite/results/craton-fullsuite-azure-20260805-s6/all-jit/logs/module_spring-boot-kafka.org.springframework.boot.kafka.autoconfigure.metrics.KafkaMetricsAutoConfigurationTests.err.log	
155	module/spring-boot-kafka	org.springframework.boot.kafka.autoconfigure.KafkaAutoConfigurationTests	craton	on	1	CRASH	22.514	0	0	0	0	0	/data/data/cratonvm/apps/spring-boot-suite-runner/.suite/results/craton-fullsuite-azure-20260805-s6/all-jit/logs/module_spring-boot-kafka.org.springframework.boot.kafka.autoconfigure.KafkaAutoConfigurationTests.out.log	/data/data/cratonvm/apps/spring-boot-suite-runner/.suite/results/craton-fullsuite-azure-20260805-s6/all-jit/logs/module_spring-boot-kafka.org.springframework.boot.kafka.autoconfigure.KafkaAutoConfigurationTests.err.log	 default.deserialization.exception.handler = class org.apache.kafka.streams.errors.LogAndFailExceptionHandler | hotspot-baseline: PASS 0/53
156	module/spring-boot-kotlinx-serialization-json	org.springframework.boot.kotlinx.serialization.json.autoconfigure.KotlinxSerializationJsonPropertiesTests	craton	on	0	PASS	0.602	15	0	0	0	0	/data/data/cratonvm/apps/spring-boot-suite-runner/.suite/results/craton-fullsuite-azure-20260805-s6/all-jit/logs/module_spring-boot-kotlinx-serialization-json.org.springframework.boot.kotlinx.serialization.json.autoconf-7458f3efdee2.out.log	/data/data/cratonvm/apps/spring-boot-suite-runner/.suite/results/craton-fullsuite-azure-20260805-s6/all-jit/logs/module_spring-boot-kotlinx-serialization-json.org.springframework.boot.kotlinx.serialization.json.autoconf-7458f3efdee2.err.log	
157	module/spring-boot-kotlinx-serialization-json	org.springframework.boot.kotlinx.serialization.json.autoconfigure.KotlinxSerializationJsonAutoConfigurationTests	craton	on	0	PASS	7.650	21	0	0	0	0	/data/data/cratonvm/apps/spring-boot-suite-runner/.suite/results/craton-fullsuite-azure-20260805-s6/all-jit/logs/module_spring-boot-kotlinx-serialization-json.org.springframework.boot.kotlinx.serialization.json.autoconf-9f044f63f5ce.out.log	/data/data/cratonvm/apps/spring-boot-suite-runner/.suite/results/craton-fullsuite-azure-20260805-s6/all-jit/logs/module_spring-boot-kotlinx-serialization-json.org.springframework.boot.kotlinx.serialization.json.autoconf-9f044f63f5ce.err.log	
158	module/spring-boot-ldap	org.springframework.boot.ldap.autoconfigure.health.LdapHealthContributorAutoConfigurationTests	craton	on	0	PASS	4.215	2	0	0	0	0	/data/data/cratonvm/apps/spring-boot-suite-runner/.suite/results/craton-fullsuite-azure-20260805-s6/all-jit/logs/module_spring-boot-ldap.org.springframework.boot.ldap.autoconfigure.health.LdapHealthContributorAutoConfigurationTests.out.log	/data/data/cratonvm/apps/spring-boot-suite-runner/.suite/results/craton-fullsuite-azure-20260805-s6/all-jit/logs/module_spring-boot-ldap.org.springframework.boot.ldap.autoconfigure.health.LdapHealthContributorAutoConfigurationTests.err.log	
159	module/spring-boot-ldap	org.springframework.boot.ldap.autoconfigure.embedded.EmbeddedLdapAutoConfigurationTests	craton	on	0	PASS	10.861	17	0	0	0	0	/data/data/cratonvm/apps/spring-boot-suite-runner/.suite/results/craton-fullsuite-azure-20260805-s6/all-jit/logs/module_spring-boot-ldap.org.springframework.boot.ldap.autoconfigure.embedded.EmbeddedLdapAutoConfigurationTests.out.log	/data/data/cratonvm/apps/spring-boot-suite-runner/.suite/results/craton-fullsuite-azure-20260805-s6/all-jit/logs/module_spring-boot-ldap.org.springframework.boot.ldap.autoconfigure.embedded.EmbeddedLdapAutoConfigurationTests.err.log	
160	module/spring-boot-ldap	org.springframework.boot.ldap.autoconfigure.LdapPropertiesTests	craton	on	0	PASS	0.401	1	0	0	0	0	/data/data/cratonvm/apps/spring-boot-suite-runner/.suite/results/craton-fullsuite-azure-20260805-s6/all-jit/logs/module_spring-boot-ldap.org.springframework.boot.ldap.autoconfigure.LdapPropertiesTests.out.log	/data/data/cratonvm/apps/spring-boot-suite-runner/.suite/results/craton-fullsuite-azure-20260805-s6/all-jit/logs/module_spring-boot-ldap.org.springframework.boot.ldap.autoconfigure.LdapPropertiesTests.err.log	
161	module/spring-boot-ldap	org.springframework.boot.ldap.autoconfigure.LdapAutoConfigurationTests	craton	on	0	PASS	7.043	16	0	0	0	0	/data/data/cratonvm/apps/spring-boot-suite-runner/.suite/results/craton-fullsuite-azure-20260805-s6/all-jit/logs/module_spring-boot-ldap.org.springframework.boot.ldap.autoconfigure.LdapAutoConfigurationTests.out.log	/data/data/cratonvm/apps/spring-boot-suite-runner/.suite/results/craton-fullsuite-azure-20260805-s6/all-jit/logs/module_spring-boot-ldap.org.springframework.boot.ldap.autoconfigure.LdapAutoConfigurationTests.err.log	
162	module/spring-boot-ldap	org.springframework.boot.ldap.health.LdapHealthIndicatorTests	craton	on	0	PASS	5.435	2	0	0	0	0	/data/data/cratonvm/apps/spring-boot-suite-runner/.suite/results/craton-fullsuite-azure-20260805-s6/all-jit/logs/module_spring-boot-ldap.org.springframework.boot.ldap.health.LdapHealthIndicatorTests.out.log	/data/data/cratonvm/apps/spring-boot-suite-runner/.suite/results/craton-fullsuite-azure-20260805-s6/all-jit/logs/module_spring-boot-ldap.org.springframework.boot.ldap.health.LdapHealthIndicatorTests.err.log	
163	module/spring-boot-liquibase	org.springframework.boot.liquibase.autoconfigure.Liquibase423AutoConfigurationTests	craton	on	0	PASS	5.621	1	0	0	0	0	/data/data/cratonvm/apps/spring-boot-suite-runner/.suite/results/craton-fullsuite-azure-20260805-s6/all-jit/logs/module_spring-boot-liquibase.org.springframework.boot.liquibase.autoconfigure.Liquibase423AutoConfigurationTests.out.log	/data/data/cratonvm/apps/spring-boot-suite-runner/.suite/results/craton-fullsuite-azure-20260805-s6/all-jit/logs/module_spring-boot-liquibase.org.springframework.boot.liquibase.autoconfigure.Liquibase423AutoConfigurationTests.err.log	
164	module/spring-boot-liquibase	org.springframework.boot.liquibase.actuate.endpoint.LiquibaseEndpointTests	craton	on	0	PASS	16.481	9	0	0	0	0	/data/data/cratonvm/apps/spring-boot-suite-runner/.suite/results/craton-fullsuite-azure-20260805-s6/all-jit/logs/module_spring-boot-liquibase.org.springframework.boot.liquibase.actuate.endpoint.LiquibaseEndpointTests.out.log	/data/data/cratonvm/apps/spring-boot-suite-runner/.suite/results/craton-fullsuite-azure-20260805-s6/all-jit/logs/module_spring-boot-liquibase.org.springframework.boot.liquibase.actuate.endpoint.LiquibaseEndpointTests.err.log	
165	module/spring-boot-liquibase	org.springframework.boot.liquibase.autoconfigure.LiquibaseAutoConfigureDataSourceInitializationTests	craton	on	0	PASS	2.609	1	0	0	0	0	/data/data/cratonvm/apps/spring-boot-suite-runner/.suite/results/craton-fullsuite-azure-20260805-s6/all-jit/logs/module_spring-boot-liquibase.org.springframework.boot.liquibase.autoconfigure.LiquibaseAutoConfigureDataSo-4ad3ad1adee6.out.log	/data/data/cratonvm/apps/spring-boot-suite-runner/.suite/results/craton-fullsuite-azure-20260805-s6/all-jit/logs/module_spring-boot-liquibase.org.springframework.boot.liquibase.autoconfigure.LiquibaseAutoConfigureDataSo-4ad3ad1adee6.err.log	
166	module/spring-boot-liquibase	org.springframework.boot.liquibase.autoconfigure.LiquibaseEndpointAutoConfigurationTests	craton	on	0	PASS	3.410	5	0	0	0	0	/data/data/cratonvm/apps/spring-boot-suite-runner/.suite/results/craton-fullsuite-azure-20260805-s6/all-jit/logs/module_spring-boot-liquibase.org.springframework.boot.liquibase.autoconfigure.LiquibaseEndpointAutoConfigurationTests.out.log	/data/data/cratonvm/apps/spring-boot-suite-runner/.suite/results/craton-fullsuite-azure-20260805-s6/all-jit/logs/module_spring-boot-liquibase.org.springframework.boot.liquibase.autoconfigure.LiquibaseEndpointAutoConfigurationTests.err.log	
167	module/spring-boot-liquibase	org.springframework.boot.liquibase.autoconfigure.LiquibasePropertiesTests	craton	on	0	PASS	0.401	3	0	0	0	0	/data/data/cratonvm/apps/spring-boot-suite-runner/.suite/results/craton-fullsuite-azure-20260805-s6/all-jit/logs/module_spring-boot-liquibase.org.springframework.boot.liquibase.autoconfigure.LiquibasePropertiesTests.out.log	/data/data/cratonvm/apps/spring-boot-suite-runner/.suite/results/craton-fullsuite-azure-20260805-s6/all-jit/logs/module_spring-boot-liquibase.org.springframework.boot.liquibase.autoconfigure.LiquibasePropertiesTests.err.log	
168	module/spring-boot-liquibase	org.springframework.boot.liquibase.LiquibaseChangelogMissingFailureAnalyzerTests	craton	on	0	PASS	2.407	1	0	0	0	0	/data/data/cratonvm/apps/spring-boot-suite-runner/.suite/results/craton-fullsuite-azure-20260805-s6/all-jit/logs/module_spring-boot-liquibase.org.springframework.boot.liquibase.LiquibaseChangelogMissingFailureAnalyzerTests.out.log	/data/data/cratonvm/apps/spring-boot-suite-runner/.suite/results/craton-fullsuite-azure-20260805-s6/all-jit/logs/module_spring-boot-liquibase.org.springframework.boot.liquibase.LiquibaseChangelogMissingFailureAnalyzerTests.err.log	
169	module/spring-boot-mail	org.springframework.boot.mail.autoconfigure.MailHealthContributorAutoConfigurationTests	craton	on	0	PASS	1.605	2	0	0	0	0	/data/data/cratonvm/apps/spring-boot-suite-runner/.suite/results/craton-fullsuite-azure-20260805-s6/all-jit/logs/module_spring-boot-mail.org.springframework.boot.mail.autoconfigure.MailHealthContributorAutoConfigurationTests.out.log	/data/data/cratonvm/apps/spring-boot-suite-runner/.suite/results/craton-fullsuite-azure-20260805-s6/all-jit/logs/module_spring-boot-mail.org.springframework.boot.mail.autoconfigure.MailHealthContributorAutoConfigurationTests.err.log	
170	module/spring-boot-mail	org.springframework.boot.mail.autoconfigure.MailSenderAutoConfigurationTests	craton	on	0	PASS	11.239	19	0	0	0	0	/data/data/cratonvm/apps/spring-boot-suite-runner/.suite/results/craton-fullsuite-azure-20260805-s6/all-jit/logs/module_spring-boot-mail.org.springframework.boot.mail.autoconfigure.MailSenderAutoConfigurationTests.out.log	/data/data/cratonvm/apps/spring-boot-suite-runner/.suite/results/craton-fullsuite-azure-20260805-s6/all-jit/logs/module_spring-boot-mail.org.springframework.boot.mail.autoconfigure.MailSenderAutoConfigurationTests.err.log	
171	module/spring-boot-mail	org.springframework.boot.mail.autoconfigure.NoSuchMailSenderBeanFailureAnalyzerTests	craton	on	0	PASS	0.803	4	0	0	0	0	/data/data/cratonvm/apps/spring-boot-suite-runner/.suite/results/craton-fullsuite-azure-20260805-s6/all-jit/logs/module_spring-boot-mail.org.springframework.boot.mail.autoconfigure.NoSuchMailSenderBeanFailureAnalyzerTests.out.log	/data/data/cratonvm/apps/spring-boot-suite-runner/.suite/results/craton-fullsuite-azure-20260805-s6/all-jit/logs/module_spring-boot-mail.org.springframework.boot.mail.autoconfigure.NoSuchMailSenderBeanFailureAnalyzerTests.err.log	
172	module/spring-boot-mail	org.springframework.boot.mail.health.MailHealthIndicatorTests	craton	on	0	PASS	2.005	8	0	0	0	0	/data/data/cratonvm/apps/spring-boot-suite-runner/.suite/results/craton-fullsuite-azure-20260805-s6/all-jit/logs/module_spring-boot-mail.org.springframework.boot.mail.health.MailHealthIndicatorTests.out.log	/data/data/cratonvm/apps/spring-boot-suite-runner/.suite/results/craton-fullsuite-azure-20260805-s6/all-jit/logs/module_spring-boot-mail.org.springframework.boot.mail.health.MailHealthIndicatorTests.err.log	
173	module/spring-boot-micrometer-metrics	org.springframework.boot.micrometer.metrics.actuate.endpoint.MetricsEndpointTests	craton	on	0	PASS	0.602	13	0	0	0	0	/data/data/cratonvm/apps/spring-boot-suite-runner/.suite/results/craton-fullsuite-azure-20260805-s6/all-jit/logs/module_spring-boot-micrometer-metrics.org.springframework.boot.micrometer.metrics.actuate.endpoint.MetricsEndpointTests.out.log	/data/data/cratonvm/apps/spring-boot-suite-runner/.suite/results/craton-fullsuite-azure-20260805-s6/all-jit/logs/module_spring-boot-micrometer-metrics.org.springframework.boot.micrometer.metrics.actuate.endpoint.MetricsEndpointTests.err.log	
174	module/spring-boot-micrometer-metrics	org.springframework.boot.micrometer.metrics.autoconfigure.CompositeMeterRegistryAutoConfigurationTests	craton	on	0	PASS	1.406	4	0	0	0	0	/data/data/cratonvm/apps/spring-boot-suite-runner/.suite/results/craton-fullsuite-azure-20260805-s6/all-jit/logs/module_spring-boot-micrometer-metrics.org.springframework.boot.micrometer.metrics.autoconfigure.CompositeM-889b5cc36d7e.out.log	/data/data/cratonvm/apps/spring-boot-suite-runner/.suite/results/craton-fullsuite-azure-20260805-s6/all-jit/logs/module_spring-boot-micrometer-metrics.org.springframework.boot.micrometer.metrics.autoconfigure.CompositeM-889b5cc36d7e.err.log	
175	module/spring-boot-micrometer-metrics	org.springframework.boot.micrometer.metrics.autoconfigure.export.appoptics.AppOpticsMetricsExportAutoConfigurationTests	craton	on	0	PASS	2.609	7	0	0	0	0	/data/data/cratonvm/apps/spring-boot-suite-runner/.suite/results/craton-fullsuite-azure-20260805-s6/all-jit/logs/module_spring-boot-micrometer-metrics.org.springframework.boot.micrometer.metrics.autoconfigure.export.app-b8b317df06cf.out.log	/data/data/cratonvm/apps/spring-boot-suite-runner/.suite/results/craton-fullsuite-azure-20260805-s6/all-jit/logs/module_spring-boot-micrometer-metrics.org.springframework.boot.micrometer.metrics.autoconfigure.export.app-b8b317df06cf.err.log	
176	module/spring-boot-micrometer-metrics	org.springframework.boot.micrometer.metrics.autoconfigure.export.appoptics.AppOpticsPropertiesConfigAdapterTests	craton	on	0	PASS	0.602	8	0	0	0	0	/data/data/cratonvm/apps/spring-boot-suite-runner/.suite/results/craton-fullsuite-azure-20260805-s6/all-jit/logs/module_spring-boot-micrometer-metrics.org.springframework.boot.micrometer.metrics.autoconfigure.export.app-f7c70092cfe9.out.log	/data/data/cratonvm/apps/spring-boot-suite-runner/.suite/results/craton-fullsuite-azure-20260805-s6/all-jit/logs/module_spring-boot-micrometer-metrics.org.springframework.boot.micrometer.metrics.autoconfigure.export.app-f7c70092cfe9.err.log	
177	module/spring-boot-micrometer-metrics	org.springframework.boot.micrometer.metrics.autoconfigure.export.appoptics.AppOpticsPropertiesTests	craton	on	0	PASS	0.401	1	0	0	0	0	/data/data/cratonvm/apps/spring-boot-suite-runner/.suite/results/craton-fullsuite-azure-20260805-s6/all-jit/logs/module_spring-boot-micrometer-metrics.org.springframework.boot.micrometer.metrics.autoconfigure.export.app-bd4b05665d7a.out.log	/data/data/cratonvm/apps/spring-boot-suite-runner/.suite/results/craton-fullsuite-azure-20260805-s6/all-jit/logs/module_spring-boot-micrometer-metrics.org.springframework.boot.micrometer.metrics.autoconfigure.export.app-bd4b05665d7a.err.log	
178	module/spring-boot-micrometer-metrics	org.springframework.boot.micrometer.metrics.autoconfigure.export.atlas.AtlasMetricsExportAutoConfigurationTests	craton	on	0	PASS	2.809	7	0	0	0	0	/data/data/cratonvm/apps/spring-boot-suite-runner/.suite/results/craton-fullsuite-azure-20260805-s6/all-jit/logs/module_spring-boot-micrometer-metrics.org.springframework.boot.micrometer.metrics.autoconfigure.export.atl-b106d6603ad5.out.log	/data/data/cratonvm/apps/spring-boot-suite-runner/.suite/results/craton-fullsuite-azure-20260805-s6/all-jit/logs/module_spring-boot-micrometer-metrics.org.springframework.boot.micrometer.metrics.autoconfigure.export.atl-b106d6603ad5.err.log	
179	module/spring-boot-micrometer-metrics	org.springframework.boot.micrometer.metrics.autoconfigure.export.atlas.AtlasPropertiesConfigAdapterTests	craton	on	0	PASS	0.602	15	0	0	0	0	/data/data/cratonvm/apps/spring-boot-suite-runner/.suite/results/craton-fullsuite-azure-20260805-s6/all-jit/logs/module_spring-boot-micrometer-metrics.org.springframework.boot.micrometer.metrics.autoconfigure.export.atl-7b0667b160e7.out.log	/data/data/cratonvm/apps/spring-boot-suite-runner/.suite/results/craton-fullsuite-azure-20260805-s6/all-jit/logs/module_spring-boot-micrometer-metrics.org.springframework.boot.micrometer.metrics.autoconfigure.export.atl-7b0667b160e7.err.log	
180	module/spring-boot-micrometer-metrics	org.springframework.boot.micrometer.metrics.autoconfigure.export.atlas.AtlasPropertiesTests	craton	on	0	PASS	0.401	1	0	0	0	0	/data/data/cratonvm/apps/spring-boot-suite-runner/.suite/results/craton-fullsuite-azure-20260805-s6/all-jit/logs/module_spring-boot-micrometer-metrics.org.springframework.boot.micrometer.metrics.autoconfigure.export.atl-5db5280c01da.out.log	/data/data/cratonvm/apps/spring-boot-suite-runner/.suite/results/craton-fullsuite-azure-20260805-s6/all-jit/logs/module_spring-boot-micrometer-metrics.org.springframework.boot.micrometer.metrics.autoconfigure.export.atl-5db5280c01da.err.log	
181	module/spring-boot-micrometer-metrics	org.springframework.boot.micrometer.metrics.autoconfigure.export.ConditionalOnEnabledMetricsExportAutoConfigurationTests	craton	on	0	PASS	2.208	4	0	0	0	0	/data/data/cratonvm/apps/spring-boot-suite-runner/.suite/results/craton-fullsuite-azure-20260805-s6/all-jit/logs/module_spring-boot-micrometer-metrics.org.springframework.boot.micrometer.metrics.autoconfigure.export.Con-70de8b586a6c.out.log	/data/data/cratonvm/apps/spring-boot-suite-runner/.suite/results/craton-fullsuite-azure-20260805-s6/all-jit/logs/module_spring-boot-micrometer-metrics.org.springframework.boot.micrometer.metrics.autoconfigure.export.Con-70de8b586a6c.err.log	
182	module/spring-boot-micrometer-metrics	org.springframework.boot.micrometer.metrics.autoconfigure.export.datadog.DatadogMetricsExportAutoConfigurationTests	craton	on	0	PASS	2.808	8	0	0	0	0	/data/data/cratonvm/apps/spring-boot-suite-runner/.suite/results/craton-fullsuite-azure-20260805-s6/all-jit/logs/module_spring-boot-micrometer-metrics.org.springframework.boot.micrometer.metrics.autoconfigure.export.dat-1f81ede2c7d2.out.log	/data/data/cratonvm/apps/spring-boot-suite-runner/.suite/results/craton-fullsuite-azure-20260805-s6/all-jit/logs/module_spring-boot-micrometer-metrics.org.springframework.boot.micrometer.metrics.autoconfigure.export.dat-1f81ede2c7d2.err.log	
183	module/spring-boot-micrometer-metrics	org.springframework.boot.micrometer.metrics.autoconfigure.export.datadog.DatadogPropertiesConfigAdapterTests	craton	on	0	PASS	0.602	9	0	0	0	0	/data/data/cratonvm/apps/spring-boot-suite-runner/.suite/results/craton-fullsuite-azure-20260805-s6/all-jit/logs/module_spring-boot-micrometer-metrics.org.springframework.boot.micrometer.metrics.autoconfigure.export.dat-2e81a45324dd.out.log	/data/data/cratonvm/apps/spring-boot-suite-runner/.suite/results/craton-fullsuite-azure-20260805-s6/all-jit/logs/module_spring-boot-micrometer-metrics.org.springframework.boot.micrometer.metrics.autoconfigure.export.dat-2e81a45324dd.err.log	
184	module/spring-boot-micrometer-metrics	org.springframework.boot.micrometer.metrics.autoconfigure.export.datadog.DatadogPropertiesTests	craton	on	0	PASS	0.401	1	0	0	0	0	/data/data/cratonvm/apps/spring-boot-suite-runner/.suite/results/craton-fullsuite-azure-20260805-s6/all-jit/logs/module_spring-boot-micrometer-metrics.org.springframework.boot.micrometer.metrics.autoconfigure.export.dat-d47e76a6d59b.out.log	/data/data/cratonvm/apps/spring-boot-suite-runner/.suite/results/craton-fullsuite-azure-20260805-s6/all-jit/logs/module_spring-boot-micrometer-metrics.org.springframework.boot.micrometer.metrics.autoconfigure.export.dat-d47e76a6d59b.err.log	
185	module/spring-boot-micrometer-metrics	org.springframework.boot.micrometer.metrics.autoconfigure.export.dynatrace.DynatraceMetricsExportAutoConfigurationTests	craton	on	0	PASS	3.209	9	0	0	0	0	/data/data/cratonvm/apps/spring-boot-suite-runner/.suite/results/craton-fullsuite-azure-20260805-s6/all-jit/logs/module_spring-boot-micrometer-metrics.org.springframework.boot.micrometer.metrics.autoconfigure.export.dyn-4409d0bf6f56.out.log	/data/data/cratonvm/apps/spring-boot-suite-runner/.suite/results/craton-fullsuite-azure-20260805-s6/all-jit/logs/module_spring-boot-micrometer-metrics.org.springframework.boot.micrometer.metrics.autoconfigure.export.dyn-4409d0bf6f56.err.log	
186	module/spring-boot-micrometer-metrics	org.springframework.boot.micrometer.metrics.autoconfigure.export.dynatrace.DynatracePropertiesConfigAdapterTests	craton	on	0	PASS	0.602	14	0	0	0	0	/data/data/cratonvm/apps/spring-boot-suite-runner/.suite/results/craton-fullsuite-azure-20260805-s6/all-jit/logs/module_spring-boot-micrometer-metrics.org.springframework.boot.micrometer.metrics.autoconfigure.export.dyn-b9bb74155cb0.out.log	/data/data/cratonvm/apps/spring-boot-suite-runner/.suite/results/craton-fullsuite-azure-20260805-s6/all-jit/logs/module_spring-boot-micrometer-metrics.org.springframework.boot.micrometer.metrics.autoconfigure.export.dyn-b9bb74155cb0.err.log	
187	module/spring-boot-micrometer-metrics	org.springframework.boot.micrometer.metrics.autoconfigure.export.dynatrace.DynatracePropertiesTests	craton	on	0	PASS	0.401	2	0	0	0	0	/data/data/cratonvm/apps/spring-boot-suite-runner/.suite/results/craton-fullsuite-azure-20260805-s6/all-jit/logs/module_spring-boot-micrometer-metrics.org.springframework.boot.micrometer.metrics.autoconfigure.export.dyn-3b75f42b094a.out.log	/data/data/cratonvm/apps/spring-boot-suite-runner/.suite/results/craton-fullsuite-azure-20260805-s6/all-jit/logs/module_spring-boot-micrometer-metrics.org.springframework.boot.micrometer.metrics.autoconfigure.export.dyn-3b75f42b094a.err.log	
188	module/spring-boot-micrometer-metrics	org.springframework.boot.micrometer.metrics.autoconfigure.export.elastic.ElasticMetricsExportAutoConfigurationTests	craton	on	0	PASS	3.209	9	0	0	0	0	/data/data/cratonvm/apps/spring-boot-suite-runner/.suite/results/craton-fullsuite-azure-20260805-s6/all-jit/logs/module_spring-boot-micrometer-metrics.org.springframework.boot.micrometer.metrics.autoconfigure.export.ela-0626548b8fff.out.log	/data/data/cratonvm/apps/spring-boot-suite-runner/.suite/results/craton-fullsuite-azure-20260805-s6/all-jit/logs/module_spring-boot-micrometer-metrics.org.springframework.boot.micrometer.metrics.autoconfigure.export.ela-0626548b8fff.err.log	
189	module/spring-boot-micrometer-metrics	org.springframework.boot.micrometer.metrics.autoconfigure.export.elastic.ElasticPropertiesConfigAdapterTests	craton	on	0	PASS	0.602	12	0	0	0	0	/data/data/cratonvm/apps/spring-boot-suite-runner/.suite/results/craton-fullsuite-azure-20260805-s6/all-jit/logs/module_spring-boot-micrometer-metrics.org.springframework.boot.micrometer.metrics.autoconfigure.export.ela-6bfbff3178d9.out.log	/data/data/cratonvm/apps/spring-boot-suite-runner/.suite/results/craton-fullsuite-azure-20260805-s6/all-jit/logs/module_spring-boot-micrometer-metrics.org.springframework.boot.micrometer.metrics.autoconfigure.export.ela-6bfbff3178d9.err.log	
190	module/spring-boot-micrometer-metrics	org.springframework.boot.micrometer.metrics.autoconfigure.export.elastic.ElasticPropertiesTests	craton	on	0	PASS	0.401	1	0	0	0	0	/data/data/cratonvm/apps/spring-boot-suite-runner/.suite/results/craton-fullsuite-azure-20260805-s6/all-jit/logs/module_spring-boot-micrometer-metrics.org.springframework.boot.micrometer.metrics.autoconfigure.export.ela-ada586a5f854.out.log	/data/data/cratonvm/apps/spring-boot-suite-runner/.suite/results/craton-fullsuite-azure-20260805-s6/all-jit/logs/module_spring-boot-micrometer-metrics.org.springframework.boot.micrometer.metrics.autoconfigure.export.ela-ada586a5f854.err.log	
191	module/spring-boot-liquibase	org.springframework.boot.liquibase.autoconfigure.LiquibaseAutoConfigurationTests	craton	on	0	PASS	58.454	43	0	0	0	0	/data/data/cratonvm/apps/spring-boot-suite-runner/.suite/results/craton-fullsuite-azure-20260805-s6/all-jit/logs/module_spring-boot-liquibase.org.springframework.boot.liquibase.autoconfigure.LiquibaseAutoConfigurationTests.out.log	/data/data/cratonvm/apps/spring-boot-suite-runner/.suite/results/craton-fullsuite-azure-20260805-s6/all-jit/logs/module_spring-boot-liquibase.org.springframework.boot.liquibase.autoconfigure.LiquibaseAutoConfigurationTests.err.log	
192	module/spring-boot-micrometer-metrics	org.springframework.boot.micrometer.metrics.autoconfigure.export.ganglia.GangliaPropertiesConfigAdapterTests	craton	on	0	PASS	0.602	8	0	0	0	0	/data/data/cratonvm/apps/spring-boot-suite-runner/.suite/results/craton-fullsuite-azure-20260805-s6/all-jit/logs/module_spring-boot-micrometer-metrics.org.springframework.boot.micrometer.metrics.autoconfigure.export.gan-e58df03bc02e.out.log	/data/data/cratonvm/apps/spring-boot-suite-runner/.suite/results/craton-fullsuite-azure-20260805-s6/all-jit/logs/module_spring-boot-micrometer-metrics.org.springframework.boot.micrometer.metrics.autoconfigure.export.gan-e58df03bc02e.err.log	
193	module/spring-boot-micrometer-metrics	org.springframework.boot.micrometer.metrics.autoconfigure.export.ganglia.GangliaMetricsExportAutoConfigurationTests	craton	on	0	PASS	2.428	7	0	0	0	0	/data/data/cratonvm/apps/spring-boot-suite-runner/.suite/results/craton-fullsuite-azure-20260805-s6/all-jit/logs/module_spring-boot-micrometer-metrics.org.springframework.boot.micrometer.metrics.autoconfigure.export.gan-bdf2440cf984.out.log	/data/data/cratonvm/apps/spring-boot-suite-runner/.suite/results/craton-fullsuite-azure-20260805-s6/all-jit/logs/module_spring-boot-micrometer-metrics.org.springframework.boot.micrometer.metrics.autoconfigure.export.gan-bdf2440cf984.err.log	
194	module/spring-boot-micrometer-metrics	org.springframework.boot.micrometer.metrics.autoconfigure.export.ganglia.GangliaPropertiesTests	craton	on	0	PASS	0.402	1	0	0	0	0	/data/data/cratonvm/apps/spring-boot-suite-runner/.suite/results/craton-fullsuite-azure-20260805-s6/all-jit/logs/module_spring-boot-micrometer-metrics.org.springframework.boot.micrometer.metrics.autoconfigure.export.gan-bb4e36b29c42.out.log	/data/data/cratonvm/apps/spring-boot-suite-runner/.suite/results/craton-fullsuite-azure-20260805-s6/all-jit/logs/module_spring-boot-micrometer-metrics.org.springframework.boot.micrometer.metrics.autoconfigure.export.gan-bb4e36b29c42.err.log	
195	module/spring-boot-micrometer-metrics	org.springframework.boot.micrometer.metrics.autoconfigure.export.graphite.GraphitePropertiesConfigAdapterTests	craton	on	0	PASS	0.602	10	0	0	0	0	/data/data/cratonvm/apps/spring-boot-suite-runner/.suite/results/craton-fullsuite-azure-20260805-s6/all-jit/logs/module_spring-boot-micrometer-metrics.org.springframework.boot.micrometer.metrics.autoconfigure.export.gra-a175e2874841.out.log	/data/data/cratonvm/apps/spring-boot-suite-runner/.suite/results/craton-fullsuite-azure-20260805-s6/all-jit/logs/module_spring-boot-micrometer-metrics.org.springframework.boot.micrometer.metrics.autoconfigure.export.gra-a175e2874841.err.log	
196	module/spring-boot-micrometer-metrics	org.springframework.boot.micrometer.metrics.autoconfigure.export.graphite.GraphitePropertiesTests	craton	on	0	PASS	0.401	3	0	0	0	0	/data/data/cratonvm/apps/spring-boot-suite-runner/.suite/results/craton-fullsuite-azure-20260805-s6/all-jit/logs/module_spring-boot-micrometer-metrics.org.springframework.boot.micrometer.metrics.autoconfigure.export.gra-948632468570.out.log	/data/data/cratonvm/apps/spring-boot-suite-runner/.suite/results/craton-fullsuite-azure-20260805-s6/all-jit/logs/module_spring-boot-micrometer-metrics.org.springframework.boot.micrometer.metrics.autoconfigure.export.gra-948632468570.err.log	
197	module/spring-boot-micrometer-metrics	org.springframework.boot.micrometer.metrics.autoconfigure.export.graphite.GraphiteMetricsExportAutoConfigurationTests	craton	on	0	PASS	3.036	9	0	0	0	0	/data/data/cratonvm/apps/spring-boot-suite-runner/.suite/results/craton-fullsuite-azure-20260805-s6/all-jit/logs/module_spring-boot-micrometer-metrics.org.springframework.boot.micrometer.metrics.autoconfigure.export.gra-70eda99b4267.out.log	/data/data/cratonvm/apps/spring-boot-suite-runner/.suite/results/craton-fullsuite-azure-20260805-s6/all-jit/logs/module_spring-boot-micrometer-metrics.org.springframework.boot.micrometer.metrics.autoconfigure.export.gra-70eda99b4267.err.log	
198	module/spring-boot-micrometer-metrics	org.springframework.boot.micrometer.metrics.autoconfigure.export.humio.HumioPropertiesConfigAdapterTests	craton	on	0	PASS	0.401	4	0	0	0	0	/data/data/cratonvm/apps/spring-boot-suite-runner/.suite/results/craton-fullsuite-azure-20260805-s6/all-jit/logs/module_spring-boot-micrometer-metrics.org.springframework.boot.micrometer.metrics.autoconfigure.export.hum-115ceea279c0.out.log	/data/data/cratonvm/apps/spring-boot-suite-runner/.suite/results/craton-fullsuite-azure-20260805-s6/all-jit/logs/module_spring-boot-micrometer-metrics.org.springframework.boot.micrometer.metrics.autoconfigure.export.hum-115ceea279c0.err.log	
199	module/spring-boot-micrometer-metrics	org.springframework.boot.micrometer.metrics.autoconfigure.export.humio.HumioMetricsExportAutoConfigurationTests	craton	on	0	PASS	2.832	7	0	0	0	0	/data/data/cratonvm/apps/spring-boot-suite-runner/.suite/results/craton-fullsuite-azure-20260805-s6/all-jit/logs/module_spring-boot-micrometer-metrics.org.springframework.boot.micrometer.metrics.autoconfigure.export.hum-6d7fcff610c5.out.log	/data/data/cratonvm/apps/spring-boot-suite-runner/.suite/results/craton-fullsuite-azure-20260805-s6/all-jit/logs/module_spring-boot-micrometer-metrics.org.springframework.boot.micrometer.metrics.autoconfigure.export.hum-6d7fcff610c5.err.log	
200	module/spring-boot-micrometer-metrics	org.springframework.boot.micrometer.metrics.autoconfigure.export.humio.HumioPropertiesTests	craton	on	0	PASS	0.402	1	0	0	0	0	/data/data/cratonvm/apps/spring-boot-suite-runner/.suite/results/craton-fullsuite-azure-20260805-s6/all-jit/logs/module_spring-boot-micrometer-metrics.org.springframework.boot.micrometer.metrics.autoconfigure.export.hum-093b9a5e9ae2.out.log	/data/data/cratonvm/apps/spring-boot-suite-runner/.suite/results/craton-fullsuite-azure-20260805-s6/all-jit/logs/module_spring-boot-micrometer-metrics.org.springframework.boot.micrometer.metrics.autoconfigure.export.hum-093b9a5e9ae2.err.log	
201	module/spring-boot-micrometer-metrics	org.springframework.boot.micrometer.metrics.autoconfigure.export.influx.InfluxPropertiesConfigAdapterTests	craton	on	0	PASS	0.402	3	0	0	0	0	/data/data/cratonvm/apps/spring-boot-suite-runner/.suite/results/craton-fullsuite-azure-20260805-s6/all-jit/logs/module_spring-boot-micrometer-metrics.org.springframework.boot.micrometer.metrics.autoconfigure.export.inf-673c36637ba0.out.log	/data/data/cratonvm/apps/spring-boot-suite-runner/.suite/results/craton-fullsuite-azure-20260805-s6/all-jit/logs/module_spring-boot-micrometer-metrics.org.springframework.boot.micrometer.metrics.autoconfigure.export.inf-673c36637ba0.err.log	
202	module/spring-boot-micrometer-metrics	org.springframework.boot.micrometer.metrics.autoconfigure.export.influx.InfluxPropertiesTests	craton	on	0	PASS	0.402	1	0	0	0	0	/data/data/cratonvm/apps/spring-boot-suite-runner/.suite/results/craton-fullsuite-azure-20260805-s6/all-jit/logs/module_spring-boot-micrometer-metrics.org.springframework.boot.micrometer.metrics.autoconfigure.export.inf-4d4b52c656ba.out.log	/data/data/cratonvm/apps/spring-boot-suite-runner/.suite/results/craton-fullsuite-azure-20260805-s6/all-jit/logs/module_spring-boot-micrometer-metrics.org.springframework.boot.micrometer.metrics.autoconfigure.export.inf-4d4b52c656ba.err.log	
203	module/spring-boot-micrometer-metrics	org.springframework.boot.micrometer.metrics.autoconfigure.export.influx.InfluxMetricsExportAutoConfigurationTests	craton	on	0	PASS	2.438	7	0	0	0	0	/data/data/cratonvm/apps/spring-boot-suite-runner/.suite/results/craton-fullsuite-azure-20260805-s6/all-jit/logs/module_spring-boot-micrometer-metrics.org.springframework.boot.micrometer.metrics.autoconfigure.export.inf-4a450011694e.out.log	/data/data/cratonvm/apps/spring-boot-suite-runner/.suite/results/craton-fullsuite-azure-20260805-s6/all-jit/logs/module_spring-boot-micrometer-metrics.org.springframework.boot.micrometer.metrics.autoconfigure.export.inf-4a450011694e.err.log	
204	module/spring-boot-micrometer-metrics	org.springframework.boot.micrometer.metrics.autoconfigure.export.jmx.JmxPropertiesConfigAdapterTests	craton	on	0	PASS	0.401	3	0	0	0	0	/data/data/cratonvm/apps/spring-boot-suite-runner/.suite/results/craton-fullsuite-azure-20260805-s6/all-jit/logs/module_spring-boot-micrometer-metrics.org.springframework.boot.micrometer.metrics.autoconfigure.export.jmx-985408db50fd.out.log	/data/data/cratonvm/apps/spring-boot-suite-runner/.suite/results/craton-fullsuite-azure-20260805-s6/all-jit/logs/module_spring-boot-micrometer-metrics.org.springframework.boot.micrometer.metrics.autoconfigure.export.jmx-985408db50fd.err.log	
205	module/spring-boot-micrometer-metrics	org.springframework.boot.micrometer.metrics.autoconfigure.export.jmx.JmxMetricsExportAutoConfigurationTests	craton	on	0	PASS	2.428	7	0	0	0	0	/data/data/cratonvm/apps/spring-boot-suite-runner/.suite/results/craton-fullsuite-azure-20260805-s6/all-jit/logs/module_spring-boot-micrometer-metrics.org.springframework.boot.micrometer.metrics.autoconfigure.export.jmx-92881c3f8de2.out.log	/data/data/cratonvm/apps/spring-boot-suite-runner/.suite/results/craton-fullsuite-azure-20260805-s6/all-jit/logs/module_spring-boot-micrometer-metrics.org.springframework.boot.micrometer.metrics.autoconfigure.export.jmx-92881c3f8de2.err.log	
206	module/spring-boot-micrometer-metrics	org.springframework.boot.micrometer.metrics.autoconfigure.export.jmx.JmxPropertiesTests	craton	on	0	PASS	0.402	1	0	0	0	0	/data/data/cratonvm/apps/spring-boot-suite-runner/.suite/results/craton-fullsuite-azure-20260805-s6/all-jit/logs/module_spring-boot-micrometer-metrics.org.springframework.boot.micrometer.metrics.autoconfigure.export.jmx-ced2b5ca7b48.out.log	/data/data/cratonvm/apps/spring-boot-suite-runner/.suite/results/craton-fullsuite-azure-20260805-s6/all-jit/logs/module_spring-boot-micrometer-metrics.org.springframework.boot.micrometer.metrics.autoconfigure.export.jmx-ced2b5ca7b48.err.log	
207	module/spring-boot-micrometer-metrics	org.springframework.boot.micrometer.metrics.autoconfigure.export.kairos.KairosPropertiesConfigAdapterTests	craton	on	0	PASS	0.602	7	0	0	0	0	/data/data/cratonvm/apps/spring-boot-suite-runner/.suite/results/craton-fullsuite-azure-20260805-s6/all-jit/logs/module_spring-boot-micrometer-metrics.org.springframework.boot.micrometer.metrics.autoconfigure.export.kai-315f446cf143.out.log	/data/data/cratonvm/apps/spring-boot-suite-runner/.suite/results/craton-fullsuite-azure-20260805-s6/all-jit/logs/module_spring-boot-micrometer-metrics.org.springframework.boot.micrometer.metrics.autoconfigure.export.kai-315f446cf143.err.log	
208	module/spring-boot-micrometer-metrics	org.springframework.boot.micrometer.metrics.autoconfigure.export.kairos.KairosPropertiesTests	craton	on	0	PASS	0.401	1	0	0	0	0	/data/data/cratonvm/apps/spring-boot-suite-runner/.suite/results/craton-fullsuite-azure-20260805-s6/all-jit/logs/module_spring-boot-micrometer-metrics.org.springframework.boot.micrometer.metrics.autoconfigure.export.kai-26453ac8c908.out.log	/data/data/cratonvm/apps/spring-boot-suite-runner/.suite/results/craton-fullsuite-azure-20260805-s6/all-jit/logs/module_spring-boot-micrometer-metrics.org.springframework.boot.micrometer.metrics.autoconfigure.export.kai-26453ac8c908.err.log	
209	module/spring-boot-micrometer-metrics	org.springframework.boot.micrometer.metrics.autoconfigure.export.kairos.KairosMetricsExportAutoConfigurationTests	craton	on	0	PASS	2.433	7	0	0	0	0	/data/data/cratonvm/apps/spring-boot-suite-runner/.suite/results/craton-fullsuite-azure-20260805-s6/all-jit/logs/module_spring-boot-micrometer-metrics.org.springframework.boot.micrometer.metrics.autoconfigure.export.kai-3b6d4c7a18ac.out.log	/data/data/cratonvm/apps/spring-boot-suite-runner/.suite/results/craton-fullsuite-azure-20260805-s6/all-jit/logs/module_spring-boot-micrometer-metrics.org.springframework.boot.micrometer.metrics.autoconfigure.export.kai-3b6d4c7a18ac.err.log	
210	module/spring-boot-micrometer-metrics	org.springframework.boot.micrometer.metrics.autoconfigure.export.newrelic.NewRelicPropertiesConfigAdapterTests	craton	on	0	PASS	0.602	10	0	0	0	0	/data/data/cratonvm/apps/spring-boot-suite-runner/.suite/results/craton-fullsuite-azure-20260805-s6/all-jit/logs/module_spring-boot-micrometer-metrics.org.springframework.boot.micrometer.metrics.autoconfigure.export.new-ea652cb153b7.out.log	/data/data/cratonvm/apps/spring-boot-suite-runner/.suite/results/craton-fullsuite-azure-20260805-s6/all-jit/logs/module_spring-boot-micrometer-metrics.org.springframework.boot.micrometer.metrics.autoconfigure.export.new-ea652cb153b7.err.log	
211	module/spring-boot-micrometer-metrics	org.springframework.boot.micrometer.metrics.autoconfigure.export.newrelic.NewRelicPropertiesTests	craton	on	0	PASS	0.401	2	0	0	0	0	/data/data/cratonvm/apps/spring-boot-suite-runner/.suite/results/craton-fullsuite-azure-20260805-s6/all-jit/logs/module_spring-boot-micrometer-metrics.org.springframework.boot.micrometer.metrics.autoconfigure.export.new-7ab88e622543.out.log	/data/data/cratonvm/apps/spring-boot-suite-runner/.suite/results/craton-fullsuite-azure-20260805-s6/all-jit/logs/module_spring-boot-micrometer-metrics.org.springframework.boot.micrometer.metrics.autoconfigure.export.new-7ab88e622543.err.log	
212	module/spring-boot-micrometer-metrics	org.springframework.boot.micrometer.metrics.autoconfigure.export.otlp.JdkClientHttpSenderTests	craton	on	0	PASS	1.003	7	0	0	0	0	/data/data/cratonvm/apps/spring-boot-suite-runner/.suite/results/craton-fullsuite-azure-20260805-s6/all-jit/logs/module_spring-boot-micrometer-metrics.org.springframework.boot.micrometer.metrics.autoconfigure.export.otl-aff137181186.out.log	/data/data/cratonvm/apps/spring-boot-suite-runner/.suite/results/craton-fullsuite-azure-20260805-s6/all-jit/logs/module_spring-boot-micrometer-metrics.org.springframework.boot.micrometer.metrics.autoconfigure.export.otl-aff137181186.err.log	
213	module/spring-boot-micrometer-metrics	org.springframework.boot.micrometer.metrics.autoconfigure.export.newrelic.NewRelicMetricsExportAutoConfigurationTests	craton	on	0	PASS	5.853	13	0	0	0	0	/data/data/cratonvm/apps/spring-boot-suite-runner/.suite/results/craton-fullsuite-azure-20260805-s6/all-jit/logs/module_spring-boot-micrometer-metrics.org.springframework.boot.micrometer.metrics.autoconfigure.export.new-91ef0c7b096e.out.log	/data/data/cratonvm/apps/spring-boot-suite-runner/.suite/results/craton-fullsuite-azure-20260805-s6/all-jit/logs/module_spring-boot-micrometer-metrics.org.springframework.boot.micrometer.metrics.autoconfigure.export.new-91ef0c7b096e.err.log	
214	module/spring-boot-micrometer-metrics	org.springframework.boot.micrometer.metrics.autoconfigure.export.otlp.OtlpMetricsPropertiesConfigAdapterTests	craton	on	0	PASS	2.814	30	0	0	0	0	/data/data/cratonvm/apps/spring-boot-suite-runner/.suite/results/craton-fullsuite-azure-20260805-s6/all-jit/logs/module_spring-boot-micrometer-metrics.org.springframework.boot.micrometer.metrics.autoconfigure.export.otl-b363ecc808ba.out.log	/data/data/cratonvm/apps/spring-boot-suite-runner/.suite/results/craton-fullsuite-azure-20260805-s6/all-jit/logs/module_spring-boot-micrometer-metrics.org.springframework.boot.micrometer.metrics.autoconfigure.export.otl-b363ecc808ba.err.log	
215	module/spring-boot-micrometer-metrics	org.springframework.boot.micrometer.metrics.autoconfigure.export.otlp.OtlpMetricsPropertiesTests	craton	on	0	PASS	0.401	1	0	0	0	0	/data/data/cratonvm/apps/spring-boot-suite-runner/.suite/results/craton-fullsuite-azure-20260805-s6/all-jit/logs/module_spring-boot-micrometer-metrics.org.springframework.boot.micrometer.metrics.autoconfigure.export.otl-147beb1cb0d6.out.log	/data/data/cratonvm/apps/spring-boot-suite-runner/.suite/results/craton-fullsuite-azure-20260805-s6/all-jit/logs/module_spring-boot-micrometer-metrics.org.springframework.boot.micrometer.metrics.autoconfigure.export.otl-147beb1cb0d6.err.log	
216	module/spring-boot-micrometer-metrics	org.springframework.boot.micrometer.metrics.autoconfigure.export.otlp.OtlpMetricsExportAutoConfigurationTests	craton	on	0	PASS	9.660	21	0	0	0	0	/data/data/cratonvm/apps/spring-boot-suite-runner/.suite/results/craton-fullsuite-azure-20260805-s6/all-jit/logs/module_spring-boot-micrometer-metrics.org.springframework.boot.micrometer.metrics.autoconfigure.export.otl-01a2497c6bfb.out.log	/data/data/cratonvm/apps/spring-boot-suite-runner/.suite/results/craton-fullsuite-azure-20260805-s6/all-jit/logs/module_spring-boot-micrometer-metrics.org.springframework.boot.micrometer.metrics.autoconfigure.export.otl-01a2497c6bfb.err.log	
217	module/spring-boot-micrometer-metrics	org.springframework.boot.micrometer.metrics.autoconfigure.export.prometheus.PrometheusPropertiesConfigAdapterTests	craton	on	0	PASS	0.401	3	0	0	0	0	/data/data/cratonvm/apps/spring-boot-suite-runner/.suite/results/craton-fullsuite-azure-20260805-s6/all-jit/logs/module_spring-boot-micrometer-metrics.org.springframework.boot.micrometer.metrics.autoconfigure.export.pro-5787aa79ca77.out.log	/data/data/cratonvm/apps/spring-boot-suite-runner/.suite/results/craton-fullsuite-azure-20260805-s6/all-jit/logs/module_spring-boot-micrometer-metrics.org.springframework.boot.micrometer.metrics.autoconfigure.export.pro-5787aa79ca77.err.log	
218	module/spring-boot-micrometer-metrics	org.springframework.boot.micrometer.metrics.autoconfigure.export.prometheus.PrometheusPropertiesTests	craton	on	0	PASS	0.401	1	0	0	0	0	/data/data/cratonvm/apps/spring-boot-suite-runner/.suite/results/craton-fullsuite-azure-20260805-s6/all-jit/logs/module_spring-boot-micrometer-metrics.org.springframework.boot.micrometer.metrics.autoconfigure.export.pro-14b4fa5e9f8d.out.log	/data/data/cratonvm/apps/spring-boot-suite-runner/.suite/results/craton-fullsuite-azure-20260805-s6/all-jit/logs/module_spring-boot-micrometer-metrics.org.springframework.boot.micrometer.metrics.autoconfigure.export.pro-14b4fa5e9f8d.err.log	
219	module/spring-boot-micrometer-metrics	org.springframework.boot.micrometer.metrics.autoconfigure.export.properties.PushRegistryPropertiesTests	craton	on	0	EMPTY	0.401	0	0	0	0	0	/data/data/cratonvm/apps/spring-boot-suite-runner/.suite/results/craton-fullsuite-azure-20260805-s6/all-jit/logs/module_spring-boot-micrometer-metrics.org.springframework.boot.micrometer.metrics.autoconfigure.export.pro-226d879d4bd6.out.log	/data/data/cratonvm/apps/spring-boot-suite-runner/.suite/results/craton-fullsuite-azure-20260805-s6/all-jit/logs/module_spring-boot-micrometer-metrics.org.springframework.boot.micrometer.metrics.autoconfigure.export.pro-226d879d4bd6.err.log	
220	module/spring-boot-micrometer-metrics	org.springframework.boot.micrometer.metrics.autoconfigure.export.properties.StepRegistryPropertiesConfigAdapterTests	craton	on	0	EMPTY	0.405	0	0	0	0	0	/data/data/cratonvm/apps/spring-boot-suite-runner/.suite/results/craton-fullsuite-azure-20260805-s6/all-jit/logs/module_spring-boot-micrometer-metrics.org.springframework.boot.micrometer.metrics.autoconfigure.export.pro-35162bdb5848.out.log	/data/data/cratonvm/apps/spring-boot-suite-runner/.suite/results/craton-fullsuite-azure-20260805-s6/all-jit/logs/module_spring-boot-micrometer-metrics.org.springframework.boot.micrometer.metrics.autoconfigure.export.pro-35162bdb5848.err.log	
221	module/spring-boot-micrometer-metrics	org.springframework.boot.micrometer.metrics.autoconfigure.export.properties.StepRegistryPropertiesTests	craton	on	0	EMPTY	0.401	0	0	0	0	0	/data/data/cratonvm/apps/spring-boot-suite-runner/.suite/results/craton-fullsuite-azure-20260805-s6/all-jit/logs/module_spring-boot-micrometer-metrics.org.springframework.boot.micrometer.metrics.autoconfigure.export.pro-d8329aac96c5.out.log	/data/data/cratonvm/apps/spring-boot-suite-runner/.suite/results/craton-fullsuite-azure-20260805-s6/all-jit/logs/module_spring-boot-micrometer-metrics.org.springframework.boot.micrometer.metrics.autoconfigure.export.pro-d8329aac96c5.err.log	
222	module/spring-boot-micrometer-metrics	org.springframework.boot.micrometer.metrics.autoconfigure.export.prometheus.PrometheusMetricsExportAutoConfigurationTests	craton	on	0	PASS	8.483	21	0	0	0	0	/data/data/cratonvm/apps/spring-boot-suite-runner/.suite/results/craton-fullsuite-azure-20260805-s6/all-jit/logs/module_spring-boot-micrometer-metrics.org.springframework.boot.micrometer.metrics.autoconfigure.export.pro-3c54446ab844.out.log	/data/data/cratonvm/apps/spring-boot-suite-runner/.suite/results/craton-fullsuite-azure-20260805-s6/all-jit/logs/module_spring-boot-micrometer-metrics.org.springframework.boot.micrometer.metrics.autoconfigure.export.pro-3c54446ab844.err.log	
223	module/spring-boot-micrometer-metrics	org.springframework.boot.micrometer.metrics.autoconfigure.export.simple.SimplePropertiesConfigAdapterTests	craton	on	0	PASS	0.402	3	0	0	0	0	/data/data/cratonvm/apps/spring-boot-suite-runner/.suite/results/craton-fullsuite-azure-20260805-s6/all-jit/logs/module_spring-boot-micrometer-metrics.org.springframework.boot.micrometer.metrics.autoconfigure.export.sim-c58a418724f1.out.log	/data/data/cratonvm/apps/spring-boot-suite-runner/.suite/results/craton-fullsuite-azure-20260805-s6/all-jit/logs/module_spring-boot-micrometer-metrics.org.springframework.boot.micrometer.metrics.autoconfigure.export.sim-c58a418724f1.err.log	
224	module/spring-boot-micrometer-metrics	org.springframework.boot.micrometer.metrics.autoconfigure.export.simple.SimplePropertiesTests	craton	on	0	PASS	0.402	1	0	0	0	0	/data/data/cratonvm/apps/spring-boot-suite-runner/.suite/results/craton-fullsuite-azure-20260805-s6/all-jit/logs/module_spring-boot-micrometer-metrics.org.springframework.boot.micrometer.metrics.autoconfigure.export.sim-a239c0e1d986.out.log	/data/data/cratonvm/apps/spring-boot-suite-runner/.suite/results/craton-fullsuite-azure-20260805-s6/all-jit/logs/module_spring-boot-micrometer-metrics.org.springframework.boot.micrometer.metrics.autoconfigure.export.sim-a239c0e1d986.err.log	
225	module/spring-boot-micrometer-metrics	org.springframework.boot.micrometer.metrics.autoconfigure.export.simple.SimpleMetricsExportAutoConfigurationTests	craton	on	0	PASS	4.447	5	0	0	0	0	/data/data/cratonvm/apps/spring-boot-suite-runner/.suite/results/craton-fullsuite-azure-20260805-s6/all-jit/logs/module_spring-boot-micrometer-metrics.org.springframework.boot.micrometer.metrics.autoconfigure.export.sim-0abad934dfd8.out.log	/data/data/cratonvm/apps/spring-boot-suite-runner/.suite/results/craton-fullsuite-azure-20260805-s6/all-jit/logs/module_spring-boot-micrometer-metrics.org.springframework.boot.micrometer.metrics.autoconfigure.export.sim-0abad934dfd8.err.log	
226	module/spring-boot-micrometer-metrics	org.springframework.boot.micrometer.metrics.autoconfigure.export.stackdriver.StackdriverPropertiesConfigAdapterTests	craton	on	0	PASS	0.602	7	0	0	0	0	/data/data/cratonvm/apps/spring-boot-suite-runner/.suite/results/craton-fullsuite-azure-20260805-s6/all-jit/logs/module_spring-boot-micrometer-metrics.org.springframework.boot.micrometer.metrics.autoconfigure.export.sta-9e5c05f8bc7a.out.log	/data/data/cratonvm/apps/spring-boot-suite-runner/.suite/results/craton-fullsuite-azure-20260805-s6/all-jit/logs/module_spring-boot-micrometer-metrics.org.springframework.boot.micrometer.metrics.autoconfigure.export.sta-9e5c05f8bc7a.err.log	
227	module/spring-boot-micrometer-metrics	org.springframework.boot.micrometer.metrics.autoconfigure.export.stackdriver.StackdriverPropertiesTests	craton	on	0	PASS	0.401	1	0	0	0	0	/data/data/cratonvm/apps/spring-boot-suite-runner/.suite/results/craton-fullsuite-azure-20260805-s6/all-jit/logs/module_spring-boot-micrometer-metrics.org.springframework.boot.micrometer.metrics.autoconfigure.export.sta-7152bd7a0e64.out.log	/data/data/cratonvm/apps/spring-boot-suite-runner/.suite/results/craton-fullsuite-azure-20260805-s6/all-jit/logs/module_spring-boot-micrometer-metrics.org.springframework.boot.micrometer.metrics.autoconfigure.export.sta-7152bd7a0e64.err.log	
228	module/spring-boot-micrometer-metrics	org.springframework.boot.micrometer.metrics.autoconfigure.export.stackdriver.StackdriverMetricsExportAutoConfigurationTests	craton	on	0	PASS	3.037	8	0	0	0	0	/data/data/cratonvm/apps/spring-boot-suite-runner/.suite/results/craton-fullsuite-azure-20260805-s6/all-jit/logs/module_spring-boot-micrometer-metrics.org.springframework.boot.micrometer.metrics.autoconfigure.export.sta-3ecf7be92dbc.out.log	/data/data/cratonvm/apps/spring-boot-suite-runner/.suite/results/craton-fullsuite-azure-20260805-s6/all-jit/logs/module_spring-boot-micrometer-metrics.org.springframework.boot.micrometer.metrics.autoconfigure.export.sta-3ecf7be92dbc.err.log	
229	module/spring-boot-micrometer-metrics	org.springframework.boot.micrometer.metrics.autoconfigure.export.statsd.StatsdPropertiesConfigAdapterTests	craton	on	0	PASS	0.602	11	0	0	0	0	/data/data/cratonvm/apps/spring-boot-suite-runner/.suite/results/craton-fullsuite-azure-20260805-s6/all-jit/logs/module_spring-boot-micrometer-metrics.org.springframework.boot.micrometer.metrics.autoconfigure.export.sta-02fbaaff85fb.out.log	/data/data/cratonvm/apps/spring-boot-suite-runner/.suite/results/craton-fullsuite-azure-20260805-s6/all-jit/logs/module_spring-boot-micrometer-metrics.org.springframework.boot.micrometer.metrics.autoconfigure.export.sta-02fbaaff85fb.err.log	
230	module/spring-boot-micrometer-metrics	org.springframework.boot.micrometer.metrics.autoconfigure.export.statsd.StatsdPropertiesTests	craton	on	0	PASS	0.401	1	0	0	0	0	/data/data/cratonvm/apps/spring-boot-suite-runner/.suite/results/craton-fullsuite-azure-20260805-s6/all-jit/logs/module_spring-boot-micrometer-metrics.org.springframework.boot.micrometer.metrics.autoconfigure.export.sta-040cb2195bdd.out.log	/data/data/cratonvm/apps/spring-boot-suite-runner/.suite/results/craton-fullsuite-azure-20260805-s6/all-jit/logs/module_spring-boot-micrometer-metrics.org.springframework.boot.micrometer.metrics.autoconfigure.export.sta-040cb2195bdd.err.log	
231	module/spring-boot-micrometer-metrics	org.springframework.boot.micrometer.metrics.autoconfigure.export.statsd.StatsdMetricsExportAutoConfigurationTests	craton	on	0	PASS	2.636	7	0	0	0	0	/data/data/cratonvm/apps/spring-boot-suite-runner/.suite/results/craton-fullsuite-azure-20260805-s6/all-jit/logs/module_spring-boot-micrometer-metrics.org.springframework.boot.micrometer.metrics.autoconfigure.export.sta-b394b602cdd7.out.log	/data/data/cratonvm/apps/spring-boot-suite-runner/.suite/results/craton-fullsuite-azure-20260805-s6/all-jit/logs/module_spring-boot-micrometer-metrics.org.springframework.boot.micrometer.metrics.autoconfigure.export.sta-b394b602cdd7.err.log	
232	module/spring-boot-micrometer-metrics	org.springframework.boot.micrometer.metrics.autoconfigure.jvm.JvmMetricsAutoConfigurationTests	craton	on	0	PASS	5.427	14	0	0	0	0	/data/data/cratonvm/apps/spring-boot-suite-runner/.suite/results/craton-fullsuite-azure-20260805-s6/all-jit/logs/module_spring-boot-micrometer-metrics.org.springframework.boot.micrometer.metrics.autoconfigure.jvm.JvmMet-78ba8cb43e22.out.log	/data/data/cratonvm/apps/spring-boot-suite-runner/.suite/results/craton-fullsuite-azure-20260805-s6/all-jit/logs/module_spring-boot-micrometer-metrics.org.springframework.boot.micrometer.metrics.autoconfigure.jvm.JvmMet-78ba8cb43e22.err.log	
233	module/spring-boot-micrometer-metrics	org.springframework.boot.micrometer.metrics.autoconfigure.logging.log4j2.Log4J2MetricsWithLog4jLoggerContextAutoConfigurationTests	craton	on	0	PASS	5.030	2	0	0	0	0	/data/data/cratonvm/apps/spring-boot-suite-runner/.suite/results/craton-fullsuite-azure-20260805-s6/all-jit/logs/module_spring-boot-micrometer-metrics.org.springframework.boot.micrometer.metrics.autoconfigure.logging.lo-12f21366ced9.out.log	/data/data/cratonvm/apps/spring-boot-suite-runner/.suite/results/craton-fullsuite-azure-20260805-s6/all-jit/logs/module_spring-boot-micrometer-metrics.org.springframework.boot.micrometer.metrics.autoconfigure.logging.lo-12f21366ced9.err.log	
234	module/spring-boot-micrometer-metrics	org.springframework.boot.micrometer.metrics.autoconfigure.logging.log4j2.Log4J2MetricsWithSlf4jLoggerContextAutoConfigurationTests	craton	on	0	PASS	0.811	1	0	0	0	0	/data/data/cratonvm/apps/spring-boot-suite-runner/.suite/results/craton-fullsuite-azure-20260805-s6/all-jit/logs/module_spring-boot-micrometer-metrics.org.springframework.boot.micrometer.metrics.autoconfigure.logging.lo-2fcfd0746aeb.out.log	/data/data/cratonvm/apps/spring-boot-suite-runner/.suite/results/craton-fullsuite-azure-20260805-s6/all-jit/logs/module_spring-boot-micrometer-metrics.org.springframework.boot.micrometer.metrics.autoconfigure.logging.lo-2fcfd0746aeb.err.log	
235	module/spring-boot-micrometer-metrics	org.springframework.boot.micrometer.metrics.autoconfigure.logging.logback.LogbackMetricsAutoConfigurationTests	craton	on	0	PASS	1.012	2	0	0	0	0	/data/data/cratonvm/apps/spring-boot-suite-runner/.suite/results/craton-fullsuite-azure-20260805-s6/all-jit/logs/module_spring-boot-micrometer-metrics.org.springframework.boot.micrometer.metrics.autoconfigure.logging.lo-5f01a1ffbbed.out.log	/data/data/cratonvm/apps/spring-boot-suite-runner/.suite/results/craton-fullsuite-azure-20260805-s6/all-jit/logs/module_spring-boot-micrometer-metrics.org.springframework.boot.micrometer.metrics.autoconfigure.logging.lo-5f01a1ffbbed.err.log	
236	module/spring-boot-micrometer-metrics	org.springframework.boot.micrometer.metrics.autoconfigure.MeterRegistryCustomizerTests	craton	on	0	PASS	3.610	3	0	0	0	0	/data/data/cratonvm/apps/spring-boot-suite-runner/.suite/results/craton-fullsuite-azure-20260805-s6/all-jit/logs/module_spring-boot-micrometer-metrics.org.springframework.boot.micrometer.metrics.autoconfigure.MeterRegis-6a2414586f42.out.log	/data/data/cratonvm/apps/spring-boot-suite-runner/.suite/results/craton-fullsuite-azure-20260805-s6/all-jit/logs/module_spring-boot-micrometer-metrics.org.springframework.boot.micrometer.metrics.autoconfigure.MeterRegis-6a2414586f42.err.log	
237	module/spring-boot-micrometer-metrics	org.springframework.boot.micrometer.metrics.autoconfigure.logging.logback.LogbackMetricsAutoConfigurationWithLog4j2AndLogbackTests	craton	on	0	PASS	4.631	1	0	0	0	0	/data/data/cratonvm/apps/spring-boot-suite-runner/.suite/results/craton-fullsuite-azure-20260805-s6/all-jit/logs/module_spring-boot-micrometer-metrics.org.springframework.boot.micrometer.metrics.autoconfigure.logging.lo-c49196fdcfa9.out.log	/data/data/cratonvm/apps/spring-boot-suite-runner/.suite/results/craton-fullsuite-azure-20260805-s6/all-jit/logs/module_spring-boot-micrometer-metrics.org.springframework.boot.micrometer.metrics.autoconfigure.logging.lo-c49196fdcfa9.err.log	
238	module/spring-boot-micrometer-metrics	org.springframework.boot.micrometer.metrics.autoconfigure.MeterValueTests	craton	on	0	PASS	0.803	13	0	0	0	0	/data/data/cratonvm/apps/spring-boot-suite-runner/.suite/results/craton-fullsuite-azure-20260805-s6/all-jit/logs/module_spring-boot-micrometer-metrics.org.springframework.boot.micrometer.metrics.autoconfigure.MeterValueTests.out.log	/data/data/cratonvm/apps/spring-boot-suite-runner/.suite/results/craton-fullsuite-azure-20260805-s6/all-jit/logs/module_spring-boot-micrometer-metrics.org.springframework.boot.micrometer.metrics.autoconfigure.MeterValueTests.err.log	
239	module/spring-boot-micrometer-metrics	org.springframework.boot.micrometer.metrics.autoconfigure.MetricsAspectsAutoConfigurationTests	craton	on	0	PASS	3.214	10	0	0	0	0	/data/data/cratonvm/apps/spring-boot-suite-runner/.suite/results/craton-fullsuite-azure-20260805-s6/all-jit/logs/module_spring-boot-micrometer-metrics.org.springframework.boot.micrometer.metrics.autoconfigure.MetricsAsp-87f5e26810aa.out.log	/data/data/cratonvm/apps/spring-boot-suite-runner/.suite/results/craton-fullsuite-azure-20260805-s6/all-jit/logs/module_spring-boot-micrometer-metrics.org.springframework.boot.micrometer.metrics.autoconfigure.MetricsAsp-87f5e26810aa.err.log	
240	module/spring-boot-micrometer-metrics	org.springframework.boot.micrometer.metrics.autoconfigure.MeterRegistryPostProcessorTests	craton	on	0	PASS	6.249	15	0	0	0	0	/data/data/cratonvm/apps/spring-boot-suite-runner/.suite/results/craton-fullsuite-azure-20260805-s6/all-jit/logs/module_spring-boot-micrometer-metrics.org.springframework.boot.micrometer.metrics.autoconfigure.MeterRegis-b4520998e62e.out.log	/data/data/cratonvm/apps/spring-boot-suite-runner/.suite/results/craton-fullsuite-azure-20260805-s6/all-jit/logs/module_spring-boot-micrometer-metrics.org.springframework.boot.micrometer.metrics.autoconfigure.MeterRegis-b4520998e62e.err.log	
241	module/spring-boot-micrometer-metrics	org.springframework.boot.micrometer.metrics.autoconfigure.MetricsAutoConfigurationIntegrationTests	craton	on	0	PASS	3.820	8	0	0	0	0	/data/data/cratonvm/apps/spring-boot-suite-runner/.suite/results/craton-fullsuite-azure-20260805-s6/all-jit/logs/module_spring-boot-micrometer-metrics.org.springframework.boot.micrometer.metrics.autoconfigure.MetricsAut-e59727e86e52.out.log	/data/data/cratonvm/apps/spring-boot-suite-runner/.suite/results/craton-fullsuite-azure-20260805-s6/all-jit/logs/module_spring-boot-micrometer-metrics.org.springframework.boot.micrometer.metrics.autoconfigure.MetricsAut-e59727e86e52.err.log	
242	module/spring-boot-micrometer-metrics	org.springframework.boot.micrometer.metrics.autoconfigure.MetricsAutoConfigurationMeterRegistryPostProcessorIntegrationTests	craton	on	0	PASS	3.018	4	0	0	0	0	/data/data/cratonvm/apps/spring-boot-suite-runner/.suite/results/craton-fullsuite-azure-20260805-s6/all-jit/logs/module_spring-boot-micrometer-metrics.org.springframework.boot.micrometer.metrics.autoconfigure.MetricsAut-a16d58839174.out.log	/data/data/cratonvm/apps/spring-boot-suite-runner/.suite/results/craton-fullsuite-azure-20260805-s6/all-jit/logs/module_spring-boot-micrometer-metrics.org.springframework.boot.micrometer.metrics.autoconfigure.MetricsAut-a16d58839174.err.log	
243	module/spring-boot-micrometer-metrics	org.springframework.boot.micrometer.metrics.autoconfigure.PropertiesMeterFilterTests	craton	on	0	PASS	2.206	45	0	0	0	0	/data/data/cratonvm/apps/spring-boot-suite-runner/.suite/results/craton-fullsuite-azure-20260805-s6/all-jit/logs/module_spring-boot-micrometer-metrics.org.springframework.boot.micrometer.metrics.autoconfigure.Properties-55e63f2cc7e7.out.log	/data/data/cratonvm/apps/spring-boot-suite-runner/.suite/results/craton-fullsuite-azure-20260805-s6/all-jit/logs/module_spring-boot-micrometer-metrics.org.springframework.boot.micrometer.metrics.autoconfigure.Properties-55e63f2cc7e7.err.log	
244	module/spring-boot-micrometer-metrics	org.springframework.boot.micrometer.metrics.autoconfigure.ServiceLevelObjectiveBoundaryTests	craton	on	0	PASS	0.602	8	0	0	0	0	/data/data/cratonvm/apps/spring-boot-suite-runner/.suite/results/craton-fullsuite-azure-20260805-s6/all-jit/logs/module_spring-boot-micrometer-metrics.org.springframework.boot.micrometer.metrics.autoconfigure.ServiceLev-cfb2b556ba15.out.log	/data/data/cratonvm/apps/spring-boot-suite-runner/.suite/results/craton-fullsuite-azure-20260805-s6/all-jit/logs/module_spring-boot-micrometer-metrics.org.springframework.boot.micrometer.metrics.autoconfigure.ServiceLev-cfb2b556ba15.err.log	
245	module/spring-boot-micrometer-metrics	org.springframework.boot.micrometer.metrics.autoconfigure.ssl.SslMeterBinderTests	craton	on	0	PASS	1.003	6	0	0	0	0	/data/data/cratonvm/apps/spring-boot-suite-runner/.suite/results/craton-fullsuite-azure-20260805-s6/all-jit/logs/module_spring-boot-micrometer-metrics.org.springframework.boot.micrometer.metrics.autoconfigure.ssl.SslMeterBinderTests.out.log	/data/data/cratonvm/apps/spring-boot-suite-runner/.suite/results/craton-fullsuite-azure-20260805-s6/all-jit/logs/module_spring-boot-micrometer-metrics.org.springframework.boot.micrometer.metrics.autoconfigure.ssl.SslMeterBinderTests.err.log	
246	module/spring-boot-micrometer-metrics	org.springframework.boot.micrometer.metrics.autoconfigure.MetricsAutoConfigurationTests	craton	on	0	PASS	5.852	11	0	0	0	0	/data/data/cratonvm/apps/spring-boot-suite-runner/.suite/results/craton-fullsuite-azure-20260805-s6/all-jit/logs/module_spring-boot-micrometer-metrics.org.springframework.boot.micrometer.metrics.autoconfigure.MetricsAut-aa330ac7eefd.out.log	/data/data/cratonvm/apps/spring-boot-suite-runner/.suite/results/craton-fullsuite-azure-20260805-s6/all-jit/logs/module_spring-boot-micrometer-metrics.org.springframework.boot.micrometer.metrics.autoconfigure.MetricsAut-aa330ac7eefd.err.log	
247	module/spring-boot-micrometer-metrics	org.springframework.boot.micrometer.metrics.autoconfigure.ssl.SslMetricsAutoConfigurationTests	craton	on	0	PASS	1.405	3	0	0	0	0	/data/data/cratonvm/apps/spring-boot-suite-runner/.suite/results/craton-fullsuite-azure-20260805-s6/all-jit/logs/module_spring-boot-micrometer-metrics.org.springframework.boot.micrometer.metrics.autoconfigure.ssl.SslMet-8c4b9c424f36.out.log	/data/data/cratonvm/apps/spring-boot-suite-runner/.suite/results/craton-fullsuite-azure-20260805-s6/all-jit/logs/module_spring-boot-micrometer-metrics.org.springframework.boot.micrometer.metrics.autoconfigure.ssl.SslMet-8c4b9c424f36.err.log	
