10-Aug-2026 21:21:55.899 INFO [main] org.apache.catalina.startup.LoggingBaseTest.setUp Starting test case [testClassUnloading]
10-Aug-2026 21:21:56.426 INFO [main] org.apache.coyote.AbstractProtocol.init Инициализация ProtocolHandler ["http-nio-127.0.0.1-auto-1"]
10-Aug-2026 21:21:56.461 INFO [main] org.apache.catalina.core.StandardService.startInternal Starting service [Tomcat]
10-Aug-2026 21:21:56.464 INFO [main] org.apache.catalina.core.StandardEngine.startInternal Starting Servlet engine: [Apache Tomcat/12.0.0-M1-dev]
10-Aug-2026 21:21:56.818 WARNING [main] org.apache.tomcat.util.scan.StandardJarScanner.processURLs Failed to scan [file:/C:/Users/Victor/.gradle/caches/modules-2/files-2.1/org.apache.derby/derbyshared/10.17.1.0/e6eac60d1b80b3781dff97ccef88fa131043f2a5/derbyshared.jar] from classloader hierarchy
	java.nio.file.NoSuchFileException: C:\Users\Victor\.gradle\caches\modules-2\files-2.1\org.apache.derby\derbyshared\10.17.1.0\e6eac60d1b80b3781dff97ccef88fa131043f2a5\derbyshared.jar
		at java.base/sun.nio.fs.WindowsException.translateToIOException(WindowsException.java:85)
		at java.base/sun.nio.fs.WindowsException.rethrowAsIOException(WindowsException.java:103)
		at java.base/sun.nio.fs.WindowsException.rethrowAsIOException(WindowsException.java:108)
		at java.base/sun.nio.fs.WindowsFileAttributeViews$Basic.readAttributes(WindowsFileAttributeViews.java:52)
		at java.base/sun.nio.fs.WindowsFileAttributeViews$Basic.readAttributes(WindowsFileAttributeViews.java:38)
		at java.base/sun.nio.fs.WindowsFileSystemProvider.readAttributes(WindowsFileSystemProvider.java:195)
		at java.base/java.nio.file.Files.readAttributes(Files.java:1702)
		at java.base/java.util.zip.ZipFile$Source.get(ZipFile.java:1493)
		at java.base/java.util.zip.ZipFile$CleanableResource.<init>(ZipFile.java:704)
		at java.base/java.util.zip.ZipFile.<init>(ZipFile.java:204)
		at java.base/java.util.zip.ZipFile.<init>(ZipFile.java:150)
		at java.base/java.util.jar.JarFile.<init>(JarFile.java:333)
		at org.apache.tomcat.util.scan.JarFileUrlJar.<init>(JarFileUrlJar.java:71)
		at org.apache.tomcat.util.scan.JarFactory.newInstance(JarFactory.java:57)
		at org.apache.tomcat.util.scan.StandardJarScanner.process(StandardJarScanner.java:477)
		at org.apache.tomcat.util.scan.StandardJarScanner.processURLs(StandardJarScanner.java:405)
		at org.apache.tomcat.util.scan.StandardJarScanner.doScanClassPath(StandardJarScanner.java:364)
		at org.apache.tomcat.util.scan.StandardJarScanner.scan(StandardJarScanner.java:298)
		at org.apache.jasper.servlet.TldScanner.scanJars(TldScanner.java:248)
		at org.apache.jasper.servlet.TldScanner.scan(TldScanner.java:98)
		at org.apache.jasper.servlet.JasperInitializer.onStartup(JasperInitializer.java:85)
		at org.apache.catalina.core.StandardContext.startInternal(StandardContext.java:4573)
		at org.apache.catalina.util.LifecycleBase.start(LifecycleBase.java:170)
		at org.apache.catalina.core.ContainerBase$StartChild.call(ContainerBase.java:1204)
		at org.apache.catalina.core.ContainerBase$StartChild.call(ContainerBase.java:1200)
		at java.base/java.util.concurrent.FutureTask.run(FutureTask.java:328)
		at org.apache.tomcat.util.threads.InlineExecutorService.execute(InlineExecutorService.java:91)
		at java.base/java.util.concurrent.AbstractExecutorService.submit(AbstractExecutorService.java:149)
		at org.apache.catalina.core.ContainerBase.startInternal(ContainerBase.java:732)
		at org.apache.catalina.core.StandardHost.startInternal(StandardHost.java:794)
		at org.apache.catalina.util.LifecycleBase.start(LifecycleBase.java:170)
		at org.apache.catalina.core.ContainerBase$StartChild.call(ContainerBase.java:1204)
		at org.apache.catalina.core.ContainerBase$StartChild.call(ContainerBase.java:1200)
		at java.base/java.util.concurrent.FutureTask.run(FutureTask.java:328)
		at org.apache.tomcat.util.threads.InlineExecutorService.execute(InlineExecutorService.java:91)
		at java.base/java.util.concurrent.AbstractExecutorService.submit(AbstractExecutorService.java:149)
		at org.apache.catalina.core.ContainerBase.startInternal(ContainerBase.java:732)
		at org.apache.catalina.core.StandardEngine.startInternal(StandardEngine.java:201)
		at org.apache.catalina.util.LifecycleBase.start(LifecycleBase.java:170)
		at org.apache.catalina.core.StandardService.startInternal(StandardService.java:433)
		at org.apache.catalina.util.LifecycleBase.start(LifecycleBase.java:170)
		at org.apache.catalina.core.StandardServer.startInternal(StandardServer.java:871)
		at org.apache.catalina.util.LifecycleBase.start(LifecycleBase.java:170)
		at org.apache.catalina.startup.Tomcat.start(Tomcat.java:452)
		at org.apache.catalina.startup.TomcatBaseTest$TomcatWithFastSessionIDs.start(TomcatBaseTest.java:892)
		at org.apache.catalina.core.TestDefaultInstanceManager.doClassUnloadingPrep(TestDefaultInstanceManager.java:85)
		at org.apache.catalina.core.TestDefaultInstanceManager.testClassUnloading(TestDefaultInstanceManager.java:35)
		at java.base/jdk.internal.reflect.DirectMethodHandleAccessor.invoke(DirectMethodHandleAccessor.java:104)
		at java.base/java.lang.reflect.Method.invoke(Method.java:565)
		at org.junit.runners.model.FrameworkMethod$1.runReflectiveCall(FrameworkMethod.java:59)
		at org.junit.internal.runners.model.ReflectiveCallable.run(ReflectiveCallable.java:12)
		at org.junit.runners.model.FrameworkMethod.invokeExplosively(FrameworkMethod.java:56)
		at org.junit.internal.runners.statements.InvokeMethod.evaluate(InvokeMethod.java:17)
		at org.junit.internal.runners.statements.RunBefores.evaluate(RunBefores.java:26)
		at org.junit.internal.runners.statements.RunAfters.evaluate(RunAfters.java:27)
		at org.junit.rules.TestWatcher$1.evaluate(TestWatcher.java:61)
		at org.junit.runners.ParentRunner$3.evaluate(ParentRunner.java:306)
		at org.junit.runners.BlockJUnit4ClassRunner$1.evaluate(BlockJUnit4ClassRunner.java:100)
		at org.junit.runners.ParentRunner.runLeaf(ParentRunner.java:366)
		at org.junit.runners.BlockJUnit4ClassRunner.runChild(BlockJUnit4ClassRunner.java:103)
		at org.junit.runners.BlockJUnit4ClassRunner.runChild(BlockJUnit4ClassRunner.java:63)
		at org.junit.runners.ParentRunner$4.run(ParentRunner.java:331)
		at org.junit.runners.ParentRunner$1.schedule(ParentRunner.java:79)
		at org.junit.runners.ParentRunner.runChildren(ParentRunner.java:329)
		at org.junit.runners.ParentRunner.access$100(ParentRunner.java:66)
		at org.junit.runners.ParentRunner$2.evaluate(ParentRunner.java:293)
		at org.junit.internal.runners.statements.RunBefores.evaluate(RunBefores.java:26)
		at org.junit.internal.runners.statements.RunAfters.evaluate(RunAfters.java:27)
		at org.junit.runners.ParentRunner$3.evaluate(ParentRunner.java:306)
		at org.junit.runners.ParentRunner.run(ParentRunner.java:413)
		at org.junit.runners.Suite.runChild(Suite.java:128)
		at org.junit.runners.Suite.runChild(Suite.java:27)
		at org.junit.runners.ParentRunner$4.run(ParentRunner.java:331)
		at org.junit.runners.ParentRunner$1.schedule(ParentRunner.java:79)
		at org.junit.runners.ParentRunner.runChildren(ParentRunner.java:329)
		at org.junit.runners.ParentRunner.access$100(ParentRunner.java:66)
		at org.junit.runners.ParentRunner$2.evaluate(ParentRunner.java:293)
		at org.junit.runners.ParentRunner$3.evaluate(ParentRunner.java:306)
		at org.junit.runners.ParentRunner.run(ParentRunner.java:413)
		at org.junit.runner.JUnitCore.run(JUnitCore.java:137)
		at org.junit.runner.JUnitCore.run(JUnitCore.java:115)
		at org.junit.runner.JUnitCore.runMain(JUnitCore.java:77)
		at org.junit.runner.JUnitCore.main(JUnitCore.java:36)
10-Aug-2026 21:21:56.823 WARNING [main] org.apache.tomcat.util.scan.StandardJarScanner.processURLs Failed to scan [file:/C:/Users/Victor/.gradle/caches/modules-2/files-2.1/org.apache.derby/derbyshared/10.17.1.0/e6eac60d1b80b3781dff97ccef88fa131043f2a5/derbyLocale_cs.jar] from classloader hierarchy
	java.nio.file.NoSuchFileException: C:\Users\Victor\.gradle\caches\modules-2\files-2.1\org.apache.derby\derbyshared\10.17.1.0\e6eac60d1b80b3781dff97ccef88fa131043f2a5\derbyLocale_cs.jar
		at java.base/sun.nio.fs.WindowsException.translateToIOException(WindowsException.java:85)
		at java.base/sun.nio.fs.WindowsException.rethrowAsIOException(WindowsException.java:103)
		at java.base/sun.nio.fs.WindowsException.rethrowAsIOException(WindowsException.java:108)
		at java.base/sun.nio.fs.WindowsFileAttributeViews$Basic.readAttributes(WindowsFileAttributeViews.java:52)
		at java.base/sun.nio.fs.WindowsFileAttributeViews$Basic.readAttributes(WindowsFileAttributeViews.java:38)
		at java.base/sun.nio.fs.WindowsFileSystemProvider.readAttributes(WindowsFileSystemProvider.java:195)
		at java.base/java.nio.file.Files.readAttributes(Files.java:1702)
		at java.base/java.util.zip.ZipFile$Source.get(ZipFile.java:1493)
		at java.base/java.util.zip.ZipFile$CleanableResource.<init>(ZipFile.java:704)
		at java.base/java.util.zip.ZipFile.<init>(ZipFile.java:204)
		at java.base/java.util.zip.ZipFile.<init>(ZipFile.java:150)
		at java.base/java.util.jar.JarFile.<init>(JarFile.java:333)
		at org.apache.tomcat.util.scan.JarFileUrlJar.<init>(JarFileUrlJar.java:71)
		at org.apache.tomcat.util.scan.JarFactory.newInstance(JarFactory.java:57)
		at org.apache.tomcat.util.scan.StandardJarScanner.process(StandardJarScanner.java:477)
		at org.apache.tomcat.util.scan.StandardJarScanner.processURLs(StandardJarScanner.java:405)
		at org.apache.tomcat.util.scan.StandardJarScanner.doScanClassPath(StandardJarScanner.java:364)
		at org.apache.tomcat.util.scan.StandardJarScanner.scan(StandardJarScanner.java:298)
		at org.apache.jasper.servlet.TldScanner.scanJars(TldScanner.java:248)
		at org.apache.jasper.servlet.TldScanner.scan(TldScanner.java:98)
		at org.apache.jasper.servlet.JasperInitializer.onStartup(JasperInitializer.java:85)
		at org.apache.catalina.core.StandardContext.startInternal(StandardContext.java:4573)
		at org.apache.catalina.util.LifecycleBase.start(LifecycleBase.java:170)
		at org.apache.catalina.core.ContainerBase$StartChild.call(ContainerBase.java:1204)
		at org.apache.catalina.core.ContainerBase$StartChild.call(ContainerBase.java:1200)
		at java.base/java.util.concurrent.FutureTask.run(FutureTask.java:328)
		at org.apache.tomcat.util.threads.InlineExecutorService.execute(InlineExecutorService.java:91)
		at java.base/java.util.concurrent.AbstractExecutorService.submit(AbstractExecutorService.java:149)
		at org.apache.catalina.core.ContainerBase.startInternal(ContainerBase.java:732)
		at org.apache.catalina.core.StandardHost.startInternal(StandardHost.java:794)
		at org.apache.catalina.util.LifecycleBase.start(LifecycleBase.java:170)
		at org.apache.catalina.core.ContainerBase$StartChild.call(ContainerBase.java:1204)
		at org.apache.catalina.core.ContainerBase$StartChild.call(ContainerBase.java:1200)
		at java.base/java.util.concurrent.FutureTask.run(FutureTask.java:328)
		at org.apache.tomcat.util.threads.InlineExecutorService.execute(InlineExecutorService.java:91)
		at java.base/java.util.concurrent.AbstractExecutorService.submit(AbstractExecutorService.java:149)
		at org.apache.catalina.core.ContainerBase.startInternal(ContainerBase.java:732)
		at org.apache.catalina.core.StandardEngine.startInternal(StandardEngine.java:201)
		at org.apache.catalina.util.LifecycleBase.start(LifecycleBase.java:170)
		at org.apache.catalina.core.StandardService.startInternal(StandardService.java:433)
		at org.apache.catalina.util.LifecycleBase.start(LifecycleBase.java:170)
		at org.apache.catalina.core.StandardServer.startInternal(StandardServer.java:871)
		at org.apache.catalina.util.LifecycleBase.start(LifecycleBase.java:170)
		at org.apache.catalina.startup.Tomcat.start(Tomcat.java:452)
		at org.apache.catalina.startup.TomcatBaseTest$TomcatWithFastSessionIDs.start(TomcatBaseTest.java:892)
		at org.apache.catalina.core.TestDefaultInstanceManager.doClassUnloadingPrep(TestDefaultInstanceManager.java:85)
		at org.apache.catalina.core.TestDefaultInstanceManager.testClassUnloading(TestDefaultInstanceManager.java:35)
		at java.base/jdk.internal.reflect.DirectMethodHandleAccessor.invoke(DirectMethodHandleAccessor.java:104)
		at java.base/java.lang.reflect.Method.invoke(Method.java:565)
		at org.junit.runners.model.FrameworkMethod$1.runReflectiveCall(FrameworkMethod.java:59)
		at org.junit.internal.runners.model.ReflectiveCallable.run(ReflectiveCallable.java:12)
		at org.junit.runners.model.FrameworkMethod.invokeExplosively(FrameworkMethod.java:56)
		at org.junit.internal.runners.statements.InvokeMethod.evaluate(InvokeMethod.java:17)
		at org.junit.internal.runners.statements.RunBefores.evaluate(RunBefores.java:26)
		at org.junit.internal.runners.statements.RunAfters.evaluate(RunAfters.java:27)
		at org.junit.rules.TestWatcher$1.evaluate(TestWatcher.java:61)
		at org.junit.runners.ParentRunner$3.evaluate(ParentRunner.java:306)
		at org.junit.runners.BlockJUnit4ClassRunner$1.evaluate(BlockJUnit4ClassRunner.java:100)
		at org.junit.runners.ParentRunner.runLeaf(ParentRunner.java:366)
		at org.junit.runners.BlockJUnit4ClassRunner.runChild(BlockJUnit4ClassRunner.java:103)
		at org.junit.runners.BlockJUnit4ClassRunner.runChild(BlockJUnit4ClassRunner.java:63)
		at org.junit.runners.ParentRunner$4.run(ParentRunner.java:331)
		at org.junit.runners.ParentRunner$1.schedule(ParentRunner.java:79)
		at org.junit.runners.ParentRunner.runChildren(ParentRunner.java:329)
		at org.junit.runners.ParentRunner.access$100(ParentRunner.java:66)
		at org.junit.runners.ParentRunner$2.evaluate(ParentRunner.java:293)
		at org.junit.internal.runners.statements.RunBefores.evaluate(RunBefores.java:26)
		at org.junit.internal.runners.statements.RunAfters.evaluate(RunAfters.java:27)
		at org.junit.runners.ParentRunner$3.evaluate(ParentRunner.java:306)
		at org.junit.runners.ParentRunner.run(ParentRunner.java:413)
		at org.junit.runners.Suite.runChild(Suite.java:128)
		at org.junit.runners.Suite.runChild(Suite.java:27)
		at org.junit.runners.ParentRunner$4.run(ParentRunner.java:331)
		at org.junit.runners.ParentRunner$1.schedule(ParentRunner.java:79)
		at org.junit.runners.ParentRunner.runChildren(ParentRunner.java:329)
		at org.junit.runners.ParentRunner.access$100(ParentRunner.java:66)
		at org.junit.runners.ParentRunner$2.evaluate(ParentRunner.java:293)
		at org.junit.runners.ParentRunner$3.evaluate(ParentRunner.java:306)
		at org.junit.runners.ParentRunner.run(ParentRunner.java:413)
		at org.junit.runner.JUnitCore.run(JUnitCore.java:137)
		at org.junit.runner.JUnitCore.run(JUnitCore.java:115)
		at org.junit.runner.JUnitCore.runMain(JUnitCore.java:77)
		at org.junit.runner.JUnitCore.main(JUnitCore.java:36)
10-Aug-2026 21:21:56.825 WARNING [main] org.apache.tomcat.util.scan.StandardJarScanner.processURLs Failed to scan [file:/C:/Users/Victor/.gradle/caches/modules-2/files-2.1/org.apache.derby/derbyshared/10.17.1.0/e6eac60d1b80b3781dff97ccef88fa131043f2a5/derbyLocale_de_DE.jar] from classloader hierarchy
	java.nio.file.NoSuchFileException: C:\Users\Victor\.gradle\caches\modules-2\files-2.1\org.apache.derby\derbyshared\10.17.1.0\e6eac60d1b80b3781dff97ccef88fa131043f2a5\derbyLocale_de_DE.jar
		at java.base/sun.nio.fs.WindowsException.translateToIOException(WindowsException.java:85)
		at java.base/sun.nio.fs.WindowsException.rethrowAsIOException(WindowsException.java:103)
		at java.base/sun.nio.fs.WindowsException.rethrowAsIOException(WindowsException.java:108)
		at java.base/sun.nio.fs.WindowsFileAttributeViews$Basic.readAttributes(WindowsFileAttributeViews.java:52)
		at java.base/sun.nio.fs.WindowsFileAttributeViews$Basic.readAttributes(WindowsFileAttributeViews.java:38)
		at java.base/sun.nio.fs.WindowsFileSystemProvider.readAttributes(WindowsFileSystemProvider.java:195)
		at java.base/java.nio.file.Files.readAttributes(Files.java:1702)
		at java.base/java.util.zip.ZipFile$Source.get(ZipFile.java:1493)
		at java.base/java.util.zip.ZipFile$CleanableResource.<init>(ZipFile.java:704)
		at java.base/java.util.zip.ZipFile.<init>(ZipFile.java:204)
		at java.base/java.util.zip.ZipFile.<init>(ZipFile.java:150)
		at java.base/java.util.jar.JarFile.<init>(JarFile.java:333)
		at org.apache.tomcat.util.scan.JarFileUrlJar.<init>(JarFileUrlJar.java:71)
		at org.apache.tomcat.util.scan.JarFactory.newInstance(JarFactory.java:57)
		at org.apache.tomcat.util.scan.StandardJarScanner.process(StandardJarScanner.java:477)
		at org.apache.tomcat.util.scan.StandardJarScanner.processURLs(StandardJarScanner.java:405)
		at org.apache.tomcat.util.scan.StandardJarScanner.doScanClassPath(StandardJarScanner.java:364)
		at org.apache.tomcat.util.scan.StandardJarScanner.scan(StandardJarScanner.java:298)
		at org.apache.jasper.servlet.TldScanner.scanJars(TldScanner.java:248)
		at org.apache.jasper.servlet.TldScanner.scan(TldScanner.java:98)
		at org.apache.jasper.servlet.JasperInitializer.onStartup(JasperInitializer.java:85)
		at org.apache.catalina.core.StandardContext.startInternal(StandardContext.java:4573)
		at org.apache.catalina.util.LifecycleBase.start(LifecycleBase.java:170)
		at org.apache.catalina.core.ContainerBase$StartChild.call(ContainerBase.java:1204)
		at org.apache.catalina.core.ContainerBase$StartChild.call(ContainerBase.java:1200)
		at java.base/java.util.concurrent.FutureTask.run(FutureTask.java:328)
		at org.apache.tomcat.util.threads.InlineExecutorService.execute(InlineExecutorService.java:91)
		at java.base/java.util.concurrent.AbstractExecutorService.submit(AbstractExecutorService.java:149)
		at org.apache.catalina.core.ContainerBase.startInternal(ContainerBase.java:732)
		at org.apache.catalina.core.StandardHost.startInternal(StandardHost.java:794)
		at org.apache.catalina.util.LifecycleBase.start(LifecycleBase.java:170)
		at org.apache.catalina.core.ContainerBase$StartChild.call(ContainerBase.java:1204)
		at org.apache.catalina.core.ContainerBase$StartChild.call(ContainerBase.java:1200)
		at java.base/java.util.concurrent.FutureTask.run(FutureTask.java:328)
		at org.apache.tomcat.util.threads.InlineExecutorService.execute(InlineExecutorService.java:91)
		at java.base/java.util.concurrent.AbstractExecutorService.submit(AbstractExecutorService.java:149)
		at org.apache.catalina.core.ContainerBase.startInternal(ContainerBase.java:732)
		at org.apache.catalina.core.StandardEngine.startInternal(StandardEngine.java:201)
		at org.apache.catalina.util.LifecycleBase.start(LifecycleBase.java:170)
		at org.apache.catalina.core.StandardService.startInternal(StandardService.java:433)
		at org.apache.catalina.util.LifecycleBase.start(LifecycleBase.java:170)
		at org.apache.catalina.core.StandardServer.startInternal(StandardServer.java:871)
		at org.apache.catalina.util.LifecycleBase.start(LifecycleBase.java:170)
		at org.apache.catalina.startup.Tomcat.start(Tomcat.java:452)
		at org.apache.catalina.startup.TomcatBaseTest$TomcatWithFastSessionIDs.start(TomcatBaseTest.java:892)
		at org.apache.catalina.core.TestDefaultInstanceManager.doClassUnloadingPrep(TestDefaultInstanceManager.java:85)
		at org.apache.catalina.core.TestDefaultInstanceManager.testClassUnloading(TestDefaultInstanceManager.java:35)
		at java.base/jdk.internal.reflect.DirectMethodHandleAccessor.invoke(DirectMethodHandleAccessor.java:104)
		at java.base/java.lang.reflect.Method.invoke(Method.java:565)
		at org.junit.runners.model.FrameworkMethod$1.runReflectiveCall(FrameworkMethod.java:59)
		at org.junit.internal.runners.model.ReflectiveCallable.run(ReflectiveCallable.java:12)
		at org.junit.runners.model.FrameworkMethod.invokeExplosively(FrameworkMethod.java:56)
		at org.junit.internal.runners.statements.InvokeMethod.evaluate(InvokeMethod.java:17)
		at org.junit.internal.runners.statements.RunBefores.evaluate(RunBefores.java:26)
		at org.junit.internal.runners.statements.RunAfters.evaluate(RunAfters.java:27)
		at org.junit.rules.TestWatcher$1.evaluate(TestWatcher.java:61)
		at org.junit.runners.ParentRunner$3.evaluate(ParentRunner.java:306)
		at org.junit.runners.BlockJUnit4ClassRunner$1.evaluate(BlockJUnit4ClassRunner.java:100)
		at org.junit.runners.ParentRunner.runLeaf(ParentRunner.java:366)
		at org.junit.runners.BlockJUnit4ClassRunner.runChild(BlockJUnit4ClassRunner.java:103)
		at org.junit.runners.BlockJUnit4ClassRunner.runChild(BlockJUnit4ClassRunner.java:63)
		at org.junit.runners.ParentRunner$4.run(ParentRunner.java:331)
		at org.junit.runners.ParentRunner$1.schedule(ParentRunner.java:79)
		at org.junit.runners.ParentRunner.runChildren(ParentRunner.java:329)
		at org.junit.runners.ParentRunner.access$100(ParentRunner.java:66)
		at org.junit.runners.ParentRunner$2.evaluate(ParentRunner.java:293)
		at org.junit.internal.runners.statements.RunBefores.evaluate(RunBefores.java:26)
		at org.junit.internal.runners.statements.RunAfters.evaluate(RunAfters.java:27)
		at org.junit.runners.ParentRunner$3.evaluate(ParentRunner.java:306)
		at org.junit.runners.ParentRunner.run(ParentRunner.java:413)
		at org.junit.runners.Suite.runChild(Suite.java:128)
		at org.junit.runners.Suite.runChild(Suite.java:27)
		at org.junit.runners.ParentRunner$4.run(ParentRunner.java:331)
		at org.junit.runners.ParentRunner$1.schedule(ParentRunner.java:79)
		at org.junit.runners.ParentRunner.runChildren(ParentRunner.java:329)
		at org.junit.runners.ParentRunner.access$100(ParentRunner.java:66)
		at org.junit.runners.ParentRunner$2.evaluate(ParentRunner.java:293)
		at org.junit.runners.ParentRunner$3.evaluate(ParentRunner.java:306)
		at org.junit.runners.ParentRunner.run(ParentRunner.java:413)
		at org.junit.runner.JUnitCore.run(JUnitCore.java:137)
		at org.junit.runner.JUnitCore.run(JUnitCore.java:115)
		at org.junit.runner.JUnitCore.runMain(JUnitCore.java:77)
		at org.junit.runner.JUnitCore.main(JUnitCore.java:36)
10-Aug-2026 21:21:56.830 WARNING [main] org.apache.tomcat.util.scan.StandardJarScanner.processURLs Failed to scan [file:/C:/Users/Victor/.gradle/caches/modules-2/files-2.1/org.apache.derby/derbyshared/10.17.1.0/e6eac60d1b80b3781dff97ccef88fa131043f2a5/derbyLocale_es.jar] from classloader hierarchy
	java.nio.file.NoSuchFileException: C:\Users\Victor\.gradle\caches\modules-2\files-2.1\org.apache.derby\derbyshared\10.17.1.0\e6eac60d1b80b3781dff97ccef88fa131043f2a5\derbyLocale_es.jar
		at java.base/sun.nio.fs.WindowsException.translateToIOException(WindowsException.java:85)
		at java.base/sun.nio.fs.WindowsException.rethrowAsIOException(WindowsException.java:103)
		at java.base/sun.nio.fs.WindowsException.rethrowAsIOException(WindowsException.java:108)
		at java.base/sun.nio.fs.WindowsFileAttributeViews$Basic.readAttributes(WindowsFileAttributeViews.java:52)
		at java.base/sun.nio.fs.WindowsFileAttributeViews$Basic.readAttributes(WindowsFileAttributeViews.java:38)
		at java.base/sun.nio.fs.WindowsFileSystemProvider.readAttributes(WindowsFileSystemProvider.java:195)
		at java.base/java.nio.file.Files.readAttributes(Files.java:1702)
		at java.base/java.util.zip.ZipFile$Source.get(ZipFile.java:1493)
		at java.base/java.util.zip.ZipFile$CleanableResource.<init>(ZipFile.java:704)
		at java.base/java.util.zip.ZipFile.<init>(ZipFile.java:204)
		at java.base/java.util.zip.ZipFile.<init>(ZipFile.java:150)
		at java.base/java.util.jar.JarFile.<init>(JarFile.java:333)
		at org.apache.tomcat.util.scan.JarFileUrlJar.<init>(JarFileUrlJar.java:71)
		at org.apache.tomcat.util.scan.JarFactory.newInstance(JarFactory.java:57)
		at org.apache.tomcat.util.scan.StandardJarScanner.process(StandardJarScanner.java:477)
		at org.apache.tomcat.util.scan.StandardJarScanner.processURLs(StandardJarScanner.java:405)
		at org.apache.tomcat.util.scan.StandardJarScanner.doScanClassPath(StandardJarScanner.java:364)
		at org.apache.tomcat.util.scan.StandardJarScanner.scan(StandardJarScanner.java:298)
		at org.apache.jasper.servlet.TldScanner.scanJars(TldScanner.java:248)
		at org.apache.jasper.servlet.TldScanner.scan(TldScanner.java:98)
		at org.apache.jasper.servlet.JasperInitializer.onStartup(JasperInitializer.java:85)
		at org.apache.catalina.core.StandardContext.startInternal(StandardContext.java:4573)
		at org.apache.catalina.util.LifecycleBase.start(LifecycleBase.java:170)
		at org.apache.catalina.core.ContainerBase$StartChild.call(ContainerBase.java:1204)
		at org.apache.catalina.core.ContainerBase$StartChild.call(ContainerBase.java:1200)
		at java.base/java.util.concurrent.FutureTask.run(FutureTask.java:328)
		at org.apache.tomcat.util.threads.InlineExecutorService.execute(InlineExecutorService.java:91)
		at java.base/java.util.concurrent.AbstractExecutorService.submit(AbstractExecutorService.java:149)
		at org.apache.catalina.core.ContainerBase.startInternal(ContainerBase.java:732)
		at org.apache.catalina.core.StandardHost.startInternal(StandardHost.java:794)
		at org.apache.catalina.util.LifecycleBase.start(LifecycleBase.java:170)
		at org.apache.catalina.core.ContainerBase$StartChild.call(ContainerBase.java:1204)
		at org.apache.catalina.core.ContainerBase$StartChild.call(ContainerBase.java:1200)
		at java.base/java.util.concurrent.FutureTask.run(FutureTask.java:328)
		at org.apache.tomcat.util.threads.InlineExecutorService.execute(InlineExecutorService.java:91)
		at java.base/java.util.concurrent.AbstractExecutorService.submit(AbstractExecutorService.java:149)
		at org.apache.catalina.core.ContainerBase.startInternal(ContainerBase.java:732)
		at org.apache.catalina.core.StandardEngine.startInternal(StandardEngine.java:201)
		at org.apache.catalina.util.LifecycleBase.start(LifecycleBase.java:170)
		at org.apache.catalina.core.StandardService.startInternal(StandardService.java:433)
		at org.apache.catalina.util.LifecycleBase.start(LifecycleBase.java:170)
		at org.apache.catalina.core.StandardServer.startInternal(StandardServer.java:871)
		at org.apache.catalina.util.LifecycleBase.start(LifecycleBase.java:170)
		at org.apache.catalina.startup.Tomcat.start(Tomcat.java:452)
		at org.apache.catalina.startup.TomcatBaseTest$TomcatWithFastSessionIDs.start(TomcatBaseTest.java:892)
		at org.apache.catalina.core.TestDefaultInstanceManager.doClassUnloadingPrep(TestDefaultInstanceManager.java:85)
		at org.apache.catalina.core.TestDefaultInstanceManager.testClassUnloading(TestDefaultInstanceManager.java:35)
		at java.base/jdk.internal.reflect.DirectMethodHandleAccessor.invoke(DirectMethodHandleAccessor.java:104)
		at java.base/java.lang.reflect.Method.invoke(Method.java:565)
		at org.junit.runners.model.FrameworkMethod$1.runReflectiveCall(FrameworkMethod.java:59)
		at org.junit.internal.runners.model.ReflectiveCallable.run(ReflectiveCallable.java:12)
		at org.junit.runners.model.FrameworkMethod.invokeExplosively(FrameworkMethod.java:56)
		at org.junit.internal.runners.statements.InvokeMethod.evaluate(InvokeMethod.java:17)
		at org.junit.internal.runners.statements.RunBefores.evaluate(RunBefores.java:26)
		at org.junit.internal.runners.statements.RunAfters.evaluate(RunAfters.java:27)
		at org.junit.rules.TestWatcher$1.evaluate(TestWatcher.java:61)
		at org.junit.runners.ParentRunner$3.evaluate(ParentRunner.java:306)
		at org.junit.runners.BlockJUnit4ClassRunner$1.evaluate(BlockJUnit4ClassRunner.java:100)
		at org.junit.runners.ParentRunner.runLeaf(ParentRunner.java:366)
		at org.junit.runners.BlockJUnit4ClassRunner.runChild(BlockJUnit4ClassRunner.java:103)
		at org.junit.runners.BlockJUnit4ClassRunner.runChild(BlockJUnit4ClassRunner.java:63)
		at org.junit.runners.ParentRunner$4.run(ParentRunner.java:331)
		at org.junit.runners.ParentRunner$1.schedule(ParentRunner.java:79)
		at org.junit.runners.ParentRunner.runChildren(ParentRunner.java:329)
		at org.junit.runners.ParentRunner.access$100(ParentRunner.java:66)
		at org.junit.runners.ParentRunner$2.evaluate(ParentRunner.java:293)
		at org.junit.internal.runners.statements.RunBefores.evaluate(RunBefores.java:26)
		at org.junit.internal.runners.statements.RunAfters.evaluate(RunAfters.java:27)
		at org.junit.runners.ParentRunner$3.evaluate(ParentRunner.java:306)
		at org.junit.runners.ParentRunner.run(ParentRunner.java:413)
		at org.junit.runners.Suite.runChild(Suite.java:128)
		at org.junit.runners.Suite.runChild(Suite.java:27)
		at org.junit.runners.ParentRunner$4.run(ParentRunner.java:331)
		at org.junit.runners.ParentRunner$1.schedule(ParentRunner.java:79)
		at org.junit.runners.ParentRunner.runChildren(ParentRunner.java:329)
		at org.junit.runners.ParentRunner.access$100(ParentRunner.java:66)
		at org.junit.runners.ParentRunner$2.evaluate(ParentRunner.java:293)
		at org.junit.runners.ParentRunner$3.evaluate(ParentRunner.java:306)
		at org.junit.runners.ParentRunner.run(ParentRunner.java:413)
		at org.junit.runner.JUnitCore.run(JUnitCore.java:137)
		at org.junit.runner.JUnitCore.run(JUnitCore.java:115)
		at org.junit.runner.JUnitCore.runMain(JUnitCore.java:77)
		at org.junit.runner.JUnitCore.main(JUnitCore.java:36)
10-Aug-2026 21:21:56.834 WARNING [main] org.apache.tomcat.util.scan.StandardJarScanner.processURLs Failed to scan [file:/C:/Users/Victor/.gradle/caches/modules-2/files-2.1/org.apache.derby/derbyshared/10.17.1.0/e6eac60d1b80b3781dff97ccef88fa131043f2a5/derbyLocale_fr.jar] from classloader hierarchy
	java.nio.file.NoSuchFileException: C:\Users\Victor\.gradle\caches\modules-2\files-2.1\org.apache.derby\derbyshared\10.17.1.0\e6eac60d1b80b3781dff97ccef88fa131043f2a5\derbyLocale_fr.jar
		at java.base/sun.nio.fs.WindowsException.translateToIOException(WindowsException.java:85)
		at java.base/sun.nio.fs.WindowsException.rethrowAsIOException(WindowsException.java:103)
		at java.base/sun.nio.fs.WindowsException.rethrowAsIOException(WindowsException.java:108)
		at java.base/sun.nio.fs.WindowsFileAttributeViews$Basic.readAttributes(WindowsFileAttributeViews.java:52)
		at java.base/sun.nio.fs.WindowsFileAttributeViews$Basic.readAttributes(WindowsFileAttributeViews.java:38)
		at java.base/sun.nio.fs.WindowsFileSystemProvider.readAttributes(WindowsFileSystemProvider.java:195)
		at java.base/java.nio.file.Files.readAttributes(Files.java:1702)
		at java.base/java.util.zip.ZipFile$Source.get(ZipFile.java:1493)
		at java.base/java.util.zip.ZipFile$CleanableResource.<init>(ZipFile.java:704)
		at java.base/java.util.zip.ZipFile.<init>(ZipFile.java:204)
		at java.base/java.util.zip.ZipFile.<init>(ZipFile.java:150)
		at java.base/java.util.jar.JarFile.<init>(JarFile.java:333)
		at org.apache.tomcat.util.scan.JarFileUrlJar.<init>(JarFileUrlJar.java:71)
		at org.apache.tomcat.util.scan.JarFactory.newInstance(JarFactory.java:57)
		at org.apache.tomcat.util.scan.StandardJarScanner.process(StandardJarScanner.java:477)
		at org.apache.tomcat.util.scan.StandardJarScanner.processURLs(StandardJarScanner.java:405)
		at org.apache.tomcat.util.scan.StandardJarScanner.doScanClassPath(StandardJarScanner.java:364)
		at org.apache.tomcat.util.scan.StandardJarScanner.scan(StandardJarScanner.java:298)
		at org.apache.jasper.servlet.TldScanner.scanJars(TldScanner.java:248)
		at org.apache.jasper.servlet.TldScanner.scan(TldScanner.java:98)
		at org.apache.jasper.servlet.JasperInitializer.onStartup(JasperInitializer.java:85)
		at org.apache.catalina.core.StandardContext.startInternal(StandardContext.java:4573)
		at org.apache.catalina.util.LifecycleBase.start(LifecycleBase.java:170)
		at org.apache.catalina.core.ContainerBase$StartChild.call(ContainerBase.java:1204)
		at org.apache.catalina.core.ContainerBase$StartChild.call(ContainerBase.java:1200)
		at java.base/java.util.concurrent.FutureTask.run(FutureTask.java:328)
		at org.apache.tomcat.util.threads.InlineExecutorService.execute(InlineExecutorService.java:91)
		at java.base/java.util.concurrent.AbstractExecutorService.submit(AbstractExecutorService.java:149)
		at org.apache.catalina.core.ContainerBase.startInternal(ContainerBase.java:732)
		at org.apache.catalina.core.StandardHost.startInternal(StandardHost.java:794)
		at org.apache.catalina.util.LifecycleBase.start(LifecycleBase.java:170)
		at org.apache.catalina.core.ContainerBase$StartChild.call(ContainerBase.java:1204)
		at org.apache.catalina.core.ContainerBase$StartChild.call(ContainerBase.java:1200)
		at java.base/java.util.concurrent.FutureTask.run(FutureTask.java:328)
		at org.apache.tomcat.util.threads.InlineExecutorService.execute(InlineExecutorService.java:91)
		at java.base/java.util.concurrent.AbstractExecutorService.submit(AbstractExecutorService.java:149)
		at org.apache.catalina.core.ContainerBase.startInternal(ContainerBase.java:732)
		at org.apache.catalina.core.StandardEngine.startInternal(StandardEngine.java:201)
		at org.apache.catalina.util.LifecycleBase.start(LifecycleBase.java:170)
		at org.apache.catalina.core.StandardService.startInternal(StandardService.java:433)
		at org.apache.catalina.util.LifecycleBase.start(LifecycleBase.java:170)
		at org.apache.catalina.core.StandardServer.startInternal(StandardServer.java:871)
		at org.apache.catalina.util.LifecycleBase.start(LifecycleBase.java:170)
		at org.apache.catalina.startup.Tomcat.start(Tomcat.java:452)
		at org.apache.catalina.startup.TomcatBaseTest$TomcatWithFastSessionIDs.start(TomcatBaseTest.java:892)
		at org.apache.catalina.core.TestDefaultInstanceManager.doClassUnloadingPrep(TestDefaultInstanceManager.java:85)
		at org.apache.catalina.core.TestDefaultInstanceManager.testClassUnloading(TestDefaultInstanceManager.java:35)
		at java.base/jdk.internal.reflect.DirectMethodHandleAccessor.invoke(DirectMethodHandleAccessor.java:104)
		at java.base/java.lang.reflect.Method.invoke(Method.java:565)
		at org.junit.runners.model.FrameworkMethod$1.runReflectiveCall(FrameworkMethod.java:59)
		at org.junit.internal.runners.model.ReflectiveCallable.run(ReflectiveCallable.java:12)
		at org.junit.runners.model.FrameworkMethod.invokeExplosively(FrameworkMethod.java:56)
		at org.junit.internal.runners.statements.InvokeMethod.evaluate(InvokeMethod.java:17)
		at org.junit.internal.runners.statements.RunBefores.evaluate(RunBefores.java:26)
		at org.junit.internal.runners.statements.RunAfters.evaluate(RunAfters.java:27)
		at org.junit.rules.TestWatcher$1.evaluate(TestWatcher.java:61)
		at org.junit.runners.ParentRunner$3.evaluate(ParentRunner.java:306)
		at org.junit.runners.BlockJUnit4ClassRunner$1.evaluate(BlockJUnit4ClassRunner.java:100)
		at org.junit.runners.ParentRunner.runLeaf(ParentRunner.java:366)
		at org.junit.runners.BlockJUnit4ClassRunner.runChild(BlockJUnit4ClassRunner.java:103)
		at org.junit.runners.BlockJUnit4ClassRunner.runChild(BlockJUnit4ClassRunner.java:63)
		at org.junit.runners.ParentRunner$4.run(ParentRunner.java:331)
		at org.junit.runners.ParentRunner$1.schedule(ParentRunner.java:79)
		at org.junit.runners.ParentRunner.runChildren(ParentRunner.java:329)
		at org.junit.runners.ParentRunner.access$100(ParentRunner.java:66)
		at org.junit.runners.ParentRunner$2.evaluate(ParentRunner.java:293)
		at org.junit.internal.runners.statements.RunBefores.evaluate(RunBefores.java:26)
		at org.junit.internal.runners.statements.RunAfters.evaluate(RunAfters.java:27)
		at org.junit.runners.ParentRunner$3.evaluate(ParentRunner.java:306)
		at org.junit.runners.ParentRunner.run(ParentRunner.java:413)
		at org.junit.runners.Suite.runChild(Suite.java:128)
		at org.junit.runners.Suite.runChild(Suite.java:27)
		at org.junit.runners.ParentRunner$4.run(ParentRunner.java:331)
		at org.junit.runners.ParentRunner$1.schedule(ParentRunner.java:79)
		at org.junit.runners.ParentRunner.runChildren(ParentRunner.java:329)
		at org.junit.runners.ParentRunner.access$100(ParentRunner.java:66)
		at org.junit.runners.ParentRunner$2.evaluate(ParentRunner.java:293)
		at org.junit.runners.ParentRunner$3.evaluate(ParentRunner.java:306)
		at org.junit.runners.ParentRunner.run(ParentRunner.java:413)
		at org.junit.runner.JUnitCore.run(JUnitCore.java:137)
		at org.junit.runner.JUnitCore.run(JUnitCore.java:115)
		at org.junit.runner.JUnitCore.runMain(JUnitCore.java:77)
		at org.junit.runner.JUnitCore.main(JUnitCore.java:36)
10-Aug-2026 21:21:56.836 WARNING [main] org.apache.tomcat.util.scan.StandardJarScanner.processURLs Failed to scan [file:/C:/Users/Victor/.gradle/caches/modules-2/files-2.1/org.apache.derby/derbyshared/10.17.1.0/e6eac60d1b80b3781dff97ccef88fa131043f2a5/derbyLocale_hu.jar] from classloader hierarchy
	java.nio.file.NoSuchFileException: C:\Users\Victor\.gradle\caches\modules-2\files-2.1\org.apache.derby\derbyshared\10.17.1.0\e6eac60d1b80b3781dff97ccef88fa131043f2a5\derbyLocale_hu.jar
		at java.base/sun.nio.fs.WindowsException.translateToIOException(WindowsException.java:85)
		at java.base/sun.nio.fs.WindowsException.rethrowAsIOException(WindowsException.java:103)
		at java.base/sun.nio.fs.WindowsException.rethrowAsIOException(WindowsException.java:108)
		at java.base/sun.nio.fs.WindowsFileAttributeViews$Basic.readAttributes(WindowsFileAttributeViews.java:52)
		at java.base/sun.nio.fs.WindowsFileAttributeViews$Basic.readAttributes(WindowsFileAttributeViews.java:38)
		at java.base/sun.nio.fs.WindowsFileSystemProvider.readAttributes(WindowsFileSystemProvider.java:195)
		at java.base/java.nio.file.Files.readAttributes(Files.java:1702)
		at java.base/java.util.zip.ZipFile$Source.get(ZipFile.java:1493)
		at java.base/java.util.zip.ZipFile$CleanableResource.<init>(ZipFile.java:704)
		at java.base/java.util.zip.ZipFile.<init>(ZipFile.java:204)
		at java.base/java.util.zip.ZipFile.<init>(ZipFile.java:150)
		at java.base/java.util.jar.JarFile.<init>(JarFile.java:333)
		at org.apache.tomcat.util.scan.JarFileUrlJar.<init>(JarFileUrlJar.java:71)
		at org.apache.tomcat.util.scan.JarFactory.newInstance(JarFactory.java:57)
		at org.apache.tomcat.util.scan.StandardJarScanner.process(StandardJarScanner.java:477)
		at org.apache.tomcat.util.scan.StandardJarScanner.processURLs(StandardJarScanner.java:405)
		at org.apache.tomcat.util.scan.StandardJarScanner.doScanClassPath(StandardJarScanner.java:364)
		at org.apache.tomcat.util.scan.StandardJarScanner.scan(StandardJarScanner.java:298)
		at org.apache.jasper.servlet.TldScanner.scanJars(TldScanner.java:248)
		at org.apache.jasper.servlet.TldScanner.scan(TldScanner.java:98)
		at org.apache.jasper.servlet.JasperInitializer.onStartup(JasperInitializer.java:85)
		at org.apache.catalina.core.StandardContext.startInternal(StandardContext.java:4573)
		at org.apache.catalina.util.LifecycleBase.start(LifecycleBase.java:170)
		at org.apache.catalina.core.ContainerBase$StartChild.call(ContainerBase.java:1204)
		at org.apache.catalina.core.ContainerBase$StartChild.call(ContainerBase.java:1200)
		at java.base/java.util.concurrent.FutureTask.run(FutureTask.java:328)
		at org.apache.tomcat.util.threads.InlineExecutorService.execute(InlineExecutorService.java:91)
		at java.base/java.util.concurrent.AbstractExecutorService.submit(AbstractExecutorService.java:149)
		at org.apache.catalina.core.ContainerBase.startInternal(ContainerBase.java:732)
		at org.apache.catalina.core.StandardHost.startInternal(StandardHost.java:794)
		at org.apache.catalina.util.LifecycleBase.start(LifecycleBase.java:170)
		at org.apache.catalina.core.ContainerBase$StartChild.call(ContainerBase.java:1204)
		at org.apache.catalina.core.ContainerBase$StartChild.call(ContainerBase.java:1200)
		at java.base/java.util.concurrent.FutureTask.run(FutureTask.java:328)
		at org.apache.tomcat.util.threads.InlineExecutorService.execute(InlineExecutorService.java:91)
		at java.base/java.util.concurrent.AbstractExecutorService.submit(AbstractExecutorService.java:149)
		at org.apache.catalina.core.ContainerBase.startInternal(ContainerBase.java:732)
		at org.apache.catalina.core.StandardEngine.startInternal(StandardEngine.java:201)
		at org.apache.catalina.util.LifecycleBase.start(LifecycleBase.java:170)
		at org.apache.catalina.core.StandardService.startInternal(StandardService.java:433)
		at org.apache.catalina.util.LifecycleBase.start(LifecycleBase.java:170)
		at org.apache.catalina.core.StandardServer.startInternal(StandardServer.java:871)
		at org.apache.catalina.util.LifecycleBase.start(LifecycleBase.java:170)
		at org.apache.catalina.startup.Tomcat.start(Tomcat.java:452)
		at org.apache.catalina.startup.TomcatBaseTest$TomcatWithFastSessionIDs.start(TomcatBaseTest.java:892)
		at org.apache.catalina.core.TestDefaultInstanceManager.doClassUnloadingPrep(TestDefaultInstanceManager.java:85)
		at org.apache.catalina.core.TestDefaultInstanceManager.testClassUnloading(TestDefaultInstanceManager.java:35)
		at java.base/jdk.internal.reflect.DirectMethodHandleAccessor.invoke(DirectMethodHandleAccessor.java:104)
		at java.base/java.lang.reflect.Method.invoke(Method.java:565)
		at org.junit.runners.model.FrameworkMethod$1.runReflectiveCall(FrameworkMethod.java:59)
		at org.junit.internal.runners.model.ReflectiveCallable.run(ReflectiveCallable.java:12)
		at org.junit.runners.model.FrameworkMethod.invokeExplosively(FrameworkMethod.java:56)
		at org.junit.internal.runners.statements.InvokeMethod.evaluate(InvokeMethod.java:17)
		at org.junit.internal.runners.statements.RunBefores.evaluate(RunBefores.java:26)
		at org.junit.internal.runners.statements.RunAfters.evaluate(RunAfters.java:27)
		at org.junit.rules.TestWatcher$1.evaluate(TestWatcher.java:61)
		at org.junit.runners.ParentRunner$3.evaluate(ParentRunner.java:306)
		at org.junit.runners.BlockJUnit4ClassRunner$1.evaluate(BlockJUnit4ClassRunner.java:100)
		at org.junit.runners.ParentRunner.runLeaf(ParentRunner.java:366)
		at org.junit.runners.BlockJUnit4ClassRunner.runChild(BlockJUnit4ClassRunner.java:103)
		at org.junit.runners.BlockJUnit4ClassRunner.runChild(BlockJUnit4ClassRunner.java:63)
		at org.junit.runners.ParentRunner$4.run(ParentRunner.java:331)
		at org.junit.runners.ParentRunner$1.schedule(ParentRunner.java:79)
		at org.junit.runners.ParentRunner.runChildren(ParentRunner.java:329)
		at org.junit.runners.ParentRunner.access$100(ParentRunner.java:66)
		at org.junit.runners.ParentRunner$2.evaluate(ParentRunner.java:293)
		at org.junit.internal.runners.statements.RunBefores.evaluate(RunBefores.java:26)
		at org.junit.internal.runners.statements.RunAfters.evaluate(RunAfters.java:27)
		at org.junit.runners.ParentRunner$3.evaluate(ParentRunner.java:306)
		at org.junit.runners.ParentRunner.run(ParentRunner.java:413)
		at org.junit.runners.Suite.runChild(Suite.java:128)
		at org.junit.runners.Suite.runChild(Suite.java:27)
		at org.junit.runners.ParentRunner$4.run(ParentRunner.java:331)
		at org.junit.runners.ParentRunner$1.schedule(ParentRunner.java:79)
		at org.junit.runners.ParentRunner.runChildren(ParentRunner.java:329)
		at org.junit.runners.ParentRunner.access$100(ParentRunner.java:66)
		at org.junit.runners.ParentRunner$2.evaluate(ParentRunner.java:293)
		at org.junit.runners.ParentRunner$3.evaluate(ParentRunner.java:306)
		at org.junit.runners.ParentRunner.run(ParentRunner.java:413)
		at org.junit.runner.JUnitCore.run(JUnitCore.java:137)
		at org.junit.runner.JUnitCore.run(JUnitCore.java:115)
		at org.junit.runner.JUnitCore.runMain(JUnitCore.java:77)
		at org.junit.runner.JUnitCore.main(JUnitCore.java:36)
10-Aug-2026 21:21:56.841 WARNING [main] org.apache.tomcat.util.scan.StandardJarScanner.processURLs Failed to scan [file:/C:/Users/Victor/.gradle/caches/modules-2/files-2.1/org.apache.derby/derbyshared/10.17.1.0/e6eac60d1b80b3781dff97ccef88fa131043f2a5/derbyLocale_it.jar] from classloader hierarchy
	java.nio.file.NoSuchFileException: C:\Users\Victor\.gradle\caches\modules-2\files-2.1\org.apache.derby\derbyshared\10.17.1.0\e6eac60d1b80b3781dff97ccef88fa131043f2a5\derbyLocale_it.jar
		at java.base/sun.nio.fs.WindowsException.translateToIOException(WindowsException.java:85)
		at java.base/sun.nio.fs.WindowsException.rethrowAsIOException(WindowsException.java:103)
		at java.base/sun.nio.fs.WindowsException.rethrowAsIOException(WindowsException.java:108)
		at java.base/sun.nio.fs.WindowsFileAttributeViews$Basic.readAttributes(WindowsFileAttributeViews.java:52)
		at java.base/sun.nio.fs.WindowsFileAttributeViews$Basic.readAttributes(WindowsFileAttributeViews.java:38)
		at java.base/sun.nio.fs.WindowsFileSystemProvider.readAttributes(WindowsFileSystemProvider.java:195)
		at java.base/java.nio.file.Files.readAttributes(Files.java:1702)
		at java.base/java.util.zip.ZipFile$Source.get(ZipFile.java:1493)
		at java.base/java.util.zip.ZipFile$CleanableResource.<init>(ZipFile.java:704)
		at java.base/java.util.zip.ZipFile.<init>(ZipFile.java:204)
		at java.base/java.util.zip.ZipFile.<init>(ZipFile.java:150)
		at java.base/java.util.jar.JarFile.<init>(JarFile.java:333)
		at org.apache.tomcat.util.scan.JarFileUrlJar.<init>(JarFileUrlJar.java:71)
		at org.apache.tomcat.util.scan.JarFactory.newInstance(JarFactory.java:57)
		at org.apache.tomcat.util.scan.StandardJarScanner.process(StandardJarScanner.java:477)
		at org.apache.tomcat.util.scan.StandardJarScanner.processURLs(StandardJarScanner.java:405)
		at org.apache.tomcat.util.scan.StandardJarScanner.doScanClassPath(StandardJarScanner.java:364)
		at org.apache.tomcat.util.scan.StandardJarScanner.scan(StandardJarScanner.java:298)
		at org.apache.jasper.servlet.TldScanner.scanJars(TldScanner.java:248)
		at org.apache.jasper.servlet.TldScanner.scan(TldScanner.java:98)
		at org.apache.jasper.servlet.JasperInitializer.onStartup(JasperInitializer.java:85)
		at org.apache.catalina.core.StandardContext.startInternal(StandardContext.java:4573)
		at org.apache.catalina.util.LifecycleBase.start(LifecycleBase.java:170)
		at org.apache.catalina.core.ContainerBase$StartChild.call(ContainerBase.java:1204)
		at org.apache.catalina.core.ContainerBase$StartChild.call(ContainerBase.java:1200)
		at java.base/java.util.concurrent.FutureTask.run(FutureTask.java:328)
		at org.apache.tomcat.util.threads.InlineExecutorService.execute(InlineExecutorService.java:91)
		at java.base/java.util.concurrent.AbstractExecutorService.submit(AbstractExecutorService.java:149)
		at org.apache.catalina.core.ContainerBase.startInternal(ContainerBase.java:732)
		at org.apache.catalina.core.StandardHost.startInternal(StandardHost.java:794)
		at org.apache.catalina.util.LifecycleBase.start(LifecycleBase.java:170)
		at org.apache.catalina.core.ContainerBase$StartChild.call(ContainerBase.java:1204)
		at org.apache.catalina.core.ContainerBase$StartChild.call(ContainerBase.java:1200)
		at java.base/java.util.concurrent.FutureTask.run(FutureTask.java:328)
		at org.apache.tomcat.util.threads.InlineExecutorService.execute(InlineExecutorService.java:91)
		at java.base/java.util.concurrent.AbstractExecutorService.submit(AbstractExecutorService.java:149)
		at org.apache.catalina.core.ContainerBase.startInternal(ContainerBase.java:732)
		at org.apache.catalina.core.StandardEngine.startInternal(StandardEngine.java:201)
		at org.apache.catalina.util.LifecycleBase.start(LifecycleBase.java:170)
		at org.apache.catalina.core.StandardService.startInternal(StandardService.java:433)
		at org.apache.catalina.util.LifecycleBase.start(LifecycleBase.java:170)
		at org.apache.catalina.core.StandardServer.startInternal(StandardServer.java:871)
		at org.apache.catalina.util.LifecycleBase.start(LifecycleBase.java:170)
		at org.apache.catalina.startup.Tomcat.start(Tomcat.java:452)
		at org.apache.catalina.startup.TomcatBaseTest$TomcatWithFastSessionIDs.start(TomcatBaseTest.java:892)
		at org.apache.catalina.core.TestDefaultInstanceManager.doClassUnloadingPrep(TestDefaultInstanceManager.java:85)
		at org.apache.catalina.core.TestDefaultInstanceManager.testClassUnloading(TestDefaultInstanceManager.java:35)
		at java.base/jdk.internal.reflect.DirectMethodHandleAccessor.invoke(DirectMethodHandleAccessor.java:104)
		at java.base/java.lang.reflect.Method.invoke(Method.java:565)
		at org.junit.runners.model.FrameworkMethod$1.runReflectiveCall(FrameworkMethod.java:59)
		at org.junit.internal.runners.model.ReflectiveCallable.run(ReflectiveCallable.java:12)
		at org.junit.runners.model.FrameworkMethod.invokeExplosively(FrameworkMethod.java:56)
		at org.junit.internal.runners.statements.InvokeMethod.evaluate(InvokeMethod.java:17)
		at org.junit.internal.runners.statements.RunBefores.evaluate(RunBefores.java:26)
		at org.junit.internal.runners.statements.RunAfters.evaluate(RunAfters.java:27)
		at org.junit.rules.TestWatcher$1.evaluate(TestWatcher.java:61)
		at org.junit.runners.ParentRunner$3.evaluate(ParentRunner.java:306)
		at org.junit.runners.BlockJUnit4ClassRunner$1.evaluate(BlockJUnit4ClassRunner.java:100)
		at org.junit.runners.ParentRunner.runLeaf(ParentRunner.java:366)
		at org.junit.runners.BlockJUnit4ClassRunner.runChild(BlockJUnit4ClassRunner.java:103)
		at org.junit.runners.BlockJUnit4ClassRunner.runChild(BlockJUnit4ClassRunner.java:63)
		at org.junit.runners.ParentRunner$4.run(ParentRunner.java:331)
		at org.junit.runners.ParentRunner$1.schedule(ParentRunner.java:79)
		at org.junit.runners.ParentRunner.runChildren(ParentRunner.java:329)
		at org.junit.runners.ParentRunner.access$100(ParentRunner.java:66)
		at org.junit.runners.ParentRunner$2.evaluate(ParentRunner.java:293)
		at org.junit.internal.runners.statements.RunBefores.evaluate(RunBefores.java:26)
		at org.junit.internal.runners.statements.RunAfters.evaluate(RunAfters.java:27)
		at org.junit.runners.ParentRunner$3.evaluate(ParentRunner.java:306)
		at org.junit.runners.ParentRunner.run(ParentRunner.java:413)
		at org.junit.runners.Suite.runChild(Suite.java:128)
		at org.junit.runners.Suite.runChild(Suite.java:27)
		at org.junit.runners.ParentRunner$4.run(ParentRunner.java:331)
		at org.junit.runners.ParentRunner$1.schedule(ParentRunner.java:79)
		at org.junit.runners.ParentRunner.runChildren(ParentRunner.java:329)
		at org.junit.runners.ParentRunner.access$100(ParentRunner.java:66)
		at org.junit.runners.ParentRunner$2.evaluate(ParentRunner.java:293)
		at org.junit.runners.ParentRunner$3.evaluate(ParentRunner.java:306)
		at org.junit.runners.ParentRunner.run(ParentRunner.java:413)
		at org.junit.runner.JUnitCore.run(JUnitCore.java:137)
		at org.junit.runner.JUnitCore.run(JUnitCore.java:115)
		at org.junit.runner.JUnitCore.runMain(JUnitCore.java:77)
		at org.junit.runner.JUnitCore.main(JUnitCore.java:36)
10-Aug-2026 21:21:56.842 WARNING [main] org.apache.tomcat.util.scan.StandardJarScanner.processURLs Failed to scan [file:/C:/Users/Victor/.gradle/caches/modules-2/files-2.1/org.apache.derby/derbyshared/10.17.1.0/e6eac60d1b80b3781dff97ccef88fa131043f2a5/derbyLocale_ja_JP.jar] from classloader hierarchy
	java.nio.file.NoSuchFileException: C:\Users\Victor\.gradle\caches\modules-2\files-2.1\org.apache.derby\derbyshared\10.17.1.0\e6eac60d1b80b3781dff97ccef88fa131043f2a5\derbyLocale_ja_JP.jar
		at java.base/sun.nio.fs.WindowsException.translateToIOException(WindowsException.java:85)
		at java.base/sun.nio.fs.WindowsException.rethrowAsIOException(WindowsException.java:103)
		at java.base/sun.nio.fs.WindowsException.rethrowAsIOException(WindowsException.java:108)
		at java.base/sun.nio.fs.WindowsFileAttributeViews$Basic.readAttributes(WindowsFileAttributeViews.java:52)
		at java.base/sun.nio.fs.WindowsFileAttributeViews$Basic.readAttributes(WindowsFileAttributeViews.java:38)
		at java.base/sun.nio.fs.WindowsFileSystemProvider.readAttributes(WindowsFileSystemProvider.java:195)
		at java.base/java.nio.file.Files.readAttributes(Files.java:1702)
		at java.base/java.util.zip.ZipFile$Source.get(ZipFile.java:1493)
		at java.base/java.util.zip.ZipFile$CleanableResource.<init>(ZipFile.java:704)
		at java.base/java.util.zip.ZipFile.<init>(ZipFile.java:204)
		at java.base/java.util.zip.ZipFile.<init>(ZipFile.java:150)
		at java.base/java.util.jar.JarFile.<init>(JarFile.java:333)
		at org.apache.tomcat.util.scan.JarFileUrlJar.<init>(JarFileUrlJar.java:71)
		at org.apache.tomcat.util.scan.JarFactory.newInstance(JarFactory.java:57)
		at org.apache.tomcat.util.scan.StandardJarScanner.process(StandardJarScanner.java:477)
		at org.apache.tomcat.util.scan.StandardJarScanner.processURLs(StandardJarScanner.java:405)
		at org.apache.tomcat.util.scan.StandardJarScanner.doScanClassPath(StandardJarScanner.java:364)
		at org.apache.tomcat.util.scan.StandardJarScanner.scan(StandardJarScanner.java:298)
		at org.apache.jasper.servlet.TldScanner.scanJars(TldScanner.java:248)
		at org.apache.jasper.servlet.TldScanner.scan(TldScanner.java:98)
		at org.apache.jasper.servlet.JasperInitializer.onStartup(JasperInitializer.java:85)
		at org.apache.catalina.core.StandardContext.startInternal(StandardContext.java:4573)
		at org.apache.catalina.util.LifecycleBase.start(LifecycleBase.java:170)
		at org.apache.catalina.core.ContainerBase$StartChild.call(ContainerBase.java:1204)
		at org.apache.catalina.core.ContainerBase$StartChild.call(ContainerBase.java:1200)
		at java.base/java.util.concurrent.FutureTask.run(FutureTask.java:328)
		at org.apache.tomcat.util.threads.InlineExecutorService.execute(InlineExecutorService.java:91)
		at java.base/java.util.concurrent.AbstractExecutorService.submit(AbstractExecutorService.java:149)
		at org.apache.catalina.core.ContainerBase.startInternal(ContainerBase.java:732)
		at org.apache.catalina.core.StandardHost.startInternal(StandardHost.java:794)
		at org.apache.catalina.util.LifecycleBase.start(LifecycleBase.java:170)
		at org.apache.catalina.core.ContainerBase$StartChild.call(ContainerBase.java:1204)
		at org.apache.catalina.core.ContainerBase$StartChild.call(ContainerBase.java:1200)
		at java.base/java.util.concurrent.FutureTask.run(FutureTask.java:328)
		at org.apache.tomcat.util.threads.InlineExecutorService.execute(InlineExecutorService.java:91)
		at java.base/java.util.concurrent.AbstractExecutorService.submit(AbstractExecutorService.java:149)
		at org.apache.catalina.core.ContainerBase.startInternal(ContainerBase.java:732)
		at org.apache.catalina.core.StandardEngine.startInternal(StandardEngine.java:201)
		at org.apache.catalina.util.LifecycleBase.start(LifecycleBase.java:170)
		at org.apache.catalina.core.StandardService.startInternal(StandardService.java:433)
		at org.apache.catalina.util.LifecycleBase.start(LifecycleBase.java:170)
		at org.apache.catalina.core.StandardServer.startInternal(StandardServer.java:871)
		at org.apache.catalina.util.LifecycleBase.start(LifecycleBase.java:170)
		at org.apache.catalina.startup.Tomcat.start(Tomcat.java:452)
		at org.apache.catalina.startup.TomcatBaseTest$TomcatWithFastSessionIDs.start(TomcatBaseTest.java:892)
		at org.apache.catalina.core.TestDefaultInstanceManager.doClassUnloadingPrep(TestDefaultInstanceManager.java:85)
		at org.apache.catalina.core.TestDefaultInstanceManager.testClassUnloading(TestDefaultInstanceManager.java:35)
		at java.base/jdk.internal.reflect.DirectMethodHandleAccessor.invoke(DirectMethodHandleAccessor.java:104)
		at java.base/java.lang.reflect.Method.invoke(Method.java:565)
		at org.junit.runners.model.FrameworkMethod$1.runReflectiveCall(FrameworkMethod.java:59)
		at org.junit.internal.runners.model.ReflectiveCallable.run(ReflectiveCallable.java:12)
		at org.junit.runners.model.FrameworkMethod.invokeExplosively(FrameworkMethod.java:56)
		at org.junit.internal.runners.statements.InvokeMethod.evaluate(InvokeMethod.java:17)
		at org.junit.internal.runners.statements.RunBefores.evaluate(RunBefores.java:26)
		at org.junit.internal.runners.statements.RunAfters.evaluate(RunAfters.java:27)
		at org.junit.rules.TestWatcher$1.evaluate(TestWatcher.java:61)
		at org.junit.runners.ParentRunner$3.evaluate(ParentRunner.java:306)
		at org.junit.runners.BlockJUnit4ClassRunner$1.evaluate(BlockJUnit4ClassRunner.java:100)
		at org.junit.runners.ParentRunner.runLeaf(ParentRunner.java:366)
		at org.junit.runners.BlockJUnit4ClassRunner.runChild(BlockJUnit4ClassRunner.java:103)
		at org.junit.runners.BlockJUnit4ClassRunner.runChild(BlockJUnit4ClassRunner.java:63)
		at org.junit.runners.ParentRunner$4.run(ParentRunner.java:331)
		at org.junit.runners.ParentRunner$1.schedule(ParentRunner.java:79)
		at org.junit.runners.ParentRunner.runChildren(ParentRunner.java:329)
		at org.junit.runners.ParentRunner.access$100(ParentRunner.java:66)
		at org.junit.runners.ParentRunner$2.evaluate(ParentRunner.java:293)
		at org.junit.internal.runners.statements.RunBefores.evaluate(RunBefores.java:26)
		at org.junit.internal.runners.statements.RunAfters.evaluate(RunAfters.java:27)
		at org.junit.runners.ParentRunner$3.evaluate(ParentRunner.java:306)
		at org.junit.runners.ParentRunner.run(ParentRunner.java:413)
		at org.junit.runners.Suite.runChild(Suite.java:128)
		at org.junit.runners.Suite.runChild(Suite.java:27)
		at org.junit.runners.ParentRunner$4.run(ParentRunner.java:331)
		at org.junit.runners.ParentRunner$1.schedule(ParentRunner.java:79)
		at org.junit.runners.ParentRunner.runChildren(ParentRunner.java:329)
		at org.junit.runners.ParentRunner.access$100(ParentRunner.java:66)
		at org.junit.runners.ParentRunner$2.evaluate(ParentRunner.java:293)
		at org.junit.runners.ParentRunner$3.evaluate(ParentRunner.java:306)
		at org.junit.runners.ParentRunner.run(ParentRunner.java:413)
		at org.junit.runner.JUnitCore.run(JUnitCore.java:137)
		at org.junit.runner.JUnitCore.run(JUnitCore.java:115)
		at org.junit.runner.JUnitCore.runMain(JUnitCore.java:77)
		at org.junit.runner.JUnitCore.main(JUnitCore.java:36)
10-Aug-2026 21:21:56.844 WARNING [main] org.apache.tomcat.util.scan.StandardJarScanner.processURLs Failed to scan [file:/C:/Users/Victor/.gradle/caches/modules-2/files-2.1/org.apache.derby/derbyshared/10.17.1.0/e6eac60d1b80b3781dff97ccef88fa131043f2a5/derbyLocale_ko_KR.jar] from classloader hierarchy
	java.nio.file.NoSuchFileException: C:\Users\Victor\.gradle\caches\modules-2\files-2.1\org.apache.derby\derbyshared\10.17.1.0\e6eac60d1b80b3781dff97ccef88fa131043f2a5\derbyLocale_ko_KR.jar
		at java.base/sun.nio.fs.WindowsException.translateToIOException(WindowsException.java:85)
		at java.base/sun.nio.fs.WindowsException.rethrowAsIOException(WindowsException.java:103)
		at java.base/sun.nio.fs.WindowsException.rethrowAsIOException(WindowsException.java:108)
		at java.base/sun.nio.fs.WindowsFileAttributeViews$Basic.readAttributes(WindowsFileAttributeViews.java:52)
		at java.base/sun.nio.fs.WindowsFileAttributeViews$Basic.readAttributes(WindowsFileAttributeViews.java:38)
		at java.base/sun.nio.fs.WindowsFileSystemProvider.readAttributes(WindowsFileSystemProvider.java:195)
		at java.base/java.nio.file.Files.readAttributes(Files.java:1702)
		at java.base/java.util.zip.ZipFile$Source.get(ZipFile.java:1493)
		at java.base/java.util.zip.ZipFile$CleanableResource.<init>(ZipFile.java:704)
		at java.base/java.util.zip.ZipFile.<init>(ZipFile.java:204)
		at java.base/java.util.zip.ZipFile.<init>(ZipFile.java:150)
		at java.base/java.util.jar.JarFile.<init>(JarFile.java:333)
		at org.apache.tomcat.util.scan.JarFileUrlJar.<init>(JarFileUrlJar.java:71)
		at org.apache.tomcat.util.scan.JarFactory.newInstance(JarFactory.java:57)
		at org.apache.tomcat.util.scan.StandardJarScanner.process(StandardJarScanner.java:477)
		at org.apache.tomcat.util.scan.StandardJarScanner.processURLs(StandardJarScanner.java:405)
		at org.apache.tomcat.util.scan.StandardJarScanner.doScanClassPath(StandardJarScanner.java:364)
		at org.apache.tomcat.util.scan.StandardJarScanner.scan(StandardJarScanner.java:298)
		at org.apache.jasper.servlet.TldScanner.scanJars(TldScanner.java:248)
		at org.apache.jasper.servlet.TldScanner.scan(TldScanner.java:98)
		at org.apache.jasper.servlet.JasperInitializer.onStartup(JasperInitializer.java:85)
		at org.apache.catalina.core.StandardContext.startInternal(StandardContext.java:4573)
		at org.apache.catalina.util.LifecycleBase.start(LifecycleBase.java:170)
		at org.apache.catalina.core.ContainerBase$StartChild.call(ContainerBase.java:1204)
		at org.apache.catalina.core.ContainerBase$StartChild.call(ContainerBase.java:1200)
		at java.base/java.util.concurrent.FutureTask.run(FutureTask.java:328)
		at org.apache.tomcat.util.threads.InlineExecutorService.execute(InlineExecutorService.java:91)
		at java.base/java.util.concurrent.AbstractExecutorService.submit(AbstractExecutorService.java:149)
		at org.apache.catalina.core.ContainerBase.startInternal(ContainerBase.java:732)
		at org.apache.catalina.core.StandardHost.startInternal(StandardHost.java:794)
		at org.apache.catalina.util.LifecycleBase.start(LifecycleBase.java:170)
		at org.apache.catalina.core.ContainerBase$StartChild.call(ContainerBase.java:1204)
		at org.apache.catalina.core.ContainerBase$StartChild.call(ContainerBase.java:1200)
		at java.base/java.util.concurrent.FutureTask.run(FutureTask.java:328)
		at org.apache.tomcat.util.threads.InlineExecutorService.execute(InlineExecutorService.java:91)
		at java.base/java.util.concurrent.AbstractExecutorService.submit(AbstractExecutorService.java:149)
		at org.apache.catalina.core.ContainerBase.startInternal(ContainerBase.java:732)
		at org.apache.catalina.core.StandardEngine.startInternal(StandardEngine.java:201)
		at org.apache.catalina.util.LifecycleBase.start(LifecycleBase.java:170)
		at org.apache.catalina.core.StandardService.startInternal(StandardService.java:433)
		at org.apache.catalina.util.LifecycleBase.start(LifecycleBase.java:170)
		at org.apache.catalina.core.StandardServer.startInternal(StandardServer.java:871)
		at org.apache.catalina.util.LifecycleBase.start(LifecycleBase.java:170)
		at org.apache.catalina.startup.Tomcat.start(Tomcat.java:452)
		at org.apache.catalina.startup.TomcatBaseTest$TomcatWithFastSessionIDs.start(TomcatBaseTest.java:892)
		at org.apache.catalina.core.TestDefaultInstanceManager.doClassUnloadingPrep(TestDefaultInstanceManager.java:85)
		at org.apache.catalina.core.TestDefaultInstanceManager.testClassUnloading(TestDefaultInstanceManager.java:35)
		at java.base/jdk.internal.reflect.DirectMethodHandleAccessor.invoke(DirectMethodHandleAccessor.java:104)
		at java.base/java.lang.reflect.Method.invoke(Method.java:565)
		at org.junit.runners.model.FrameworkMethod$1.runReflectiveCall(FrameworkMethod.java:59)
		at org.junit.internal.runners.model.ReflectiveCallable.run(ReflectiveCallable.java:12)
		at org.junit.runners.model.FrameworkMethod.invokeExplosively(FrameworkMethod.java:56)
		at org.junit.internal.runners.statements.InvokeMethod.evaluate(InvokeMethod.java:17)
		at org.junit.internal.runners.statements.RunBefores.evaluate(RunBefores.java:26)
		at org.junit.internal.runners.statements.RunAfters.evaluate(RunAfters.java:27)
		at org.junit.rules.TestWatcher$1.evaluate(TestWatcher.java:61)
		at org.junit.runners.ParentRunner$3.evaluate(ParentRunner.java:306)
		at org.junit.runners.BlockJUnit4ClassRunner$1.evaluate(BlockJUnit4ClassRunner.java:100)
		at org.junit.runners.ParentRunner.runLeaf(ParentRunner.java:366)
		at org.junit.runners.BlockJUnit4ClassRunner.runChild(BlockJUnit4ClassRunner.java:103)
		at org.junit.runners.BlockJUnit4ClassRunner.runChild(BlockJUnit4ClassRunner.java:63)
		at org.junit.runners.ParentRunner$4.run(ParentRunner.java:331)
		at org.junit.runners.ParentRunner$1.schedule(ParentRunner.java:79)
		at org.junit.runners.ParentRunner.runChildren(ParentRunner.java:329)
		at org.junit.runners.ParentRunner.access$100(ParentRunner.java:66)
		at org.junit.runners.ParentRunner$2.evaluate(ParentRunner.java:293)
		at org.junit.internal.runners.statements.RunBefores.evaluate(RunBefores.java:26)
		at org.junit.internal.runners.statements.RunAfters.evaluate(RunAfters.java:27)
		at org.junit.runners.ParentRunner$3.evaluate(ParentRunner.java:306)
		at org.junit.runners.ParentRunner.run(ParentRunner.java:413)
		at org.junit.runners.Suite.runChild(Suite.java:128)
		at org.junit.runners.Suite.runChild(Suite.java:27)
		at org.junit.runners.ParentRunner$4.run(ParentRunner.java:331)
		at org.junit.runners.ParentRunner$1.schedule(ParentRunner.java:79)
		at org.junit.runners.ParentRunner.runChildren(ParentRunner.java:329)
		at org.junit.runners.ParentRunner.access$100(ParentRunner.java:66)
		at org.junit.runners.ParentRunner$2.evaluate(ParentRunner.java:293)
		at org.junit.runners.ParentRunner$3.evaluate(ParentRunner.java:306)
		at org.junit.runners.ParentRunner.run(ParentRunner.java:413)
		at org.junit.runner.JUnitCore.run(JUnitCore.java:137)
		at org.junit.runner.JUnitCore.run(JUnitCore.java:115)
		at org.junit.runner.JUnitCore.runMain(JUnitCore.java:77)
		at org.junit.runner.JUnitCore.main(JUnitCore.java:36)
10-Aug-2026 21:21:56.847 WARNING [main] org.apache.tomcat.util.scan.StandardJarScanner.processURLs Failed to scan [file:/C:/Users/Victor/.gradle/caches/modules-2/files-2.1/org.apache.derby/derbyshared/10.17.1.0/e6eac60d1b80b3781dff97ccef88fa131043f2a5/derbyLocale_pl.jar] from classloader hierarchy
	java.nio.file.NoSuchFileException: C:\Users\Victor\.gradle\caches\modules-2\files-2.1\org.apache.derby\derbyshared\10.17.1.0\e6eac60d1b80b3781dff97ccef88fa131043f2a5\derbyLocale_pl.jar
		at java.base/sun.nio.fs.WindowsException.translateToIOException(WindowsException.java:85)
		at java.base/sun.nio.fs.WindowsException.rethrowAsIOException(WindowsException.java:103)
		at java.base/sun.nio.fs.WindowsException.rethrowAsIOException(WindowsException.java:108)
		at java.base/sun.nio.fs.WindowsFileAttributeViews$Basic.readAttributes(WindowsFileAttributeViews.java:52)
		at java.base/sun.nio.fs.WindowsFileAttributeViews$Basic.readAttributes(WindowsFileAttributeViews.java:38)
		at java.base/sun.nio.fs.WindowsFileSystemProvider.readAttributes(WindowsFileSystemProvider.java:195)
		at java.base/java.nio.file.Files.readAttributes(Files.java:1702)
		at java.base/java.util.zip.ZipFile$Source.get(ZipFile.java:1493)
		at java.base/java.util.zip.ZipFile$CleanableResource.<init>(ZipFile.java:704)
		at java.base/java.util.zip.ZipFile.<init>(ZipFile.java:204)
		at java.base/java.util.zip.ZipFile.<init>(ZipFile.java:150)
		at java.base/java.util.jar.JarFile.<init>(JarFile.java:333)
		at org.apache.tomcat.util.scan.JarFileUrlJar.<init>(JarFileUrlJar.java:71)
		at org.apache.tomcat.util.scan.JarFactory.newInstance(JarFactory.java:57)
		at org.apache.tomcat.util.scan.StandardJarScanner.process(StandardJarScanner.java:477)
		at org.apache.tomcat.util.scan.StandardJarScanner.processURLs(StandardJarScanner.java:405)
		at org.apache.tomcat.util.scan.StandardJarScanner.doScanClassPath(StandardJarScanner.java:364)
		at org.apache.tomcat.util.scan.StandardJarScanner.scan(StandardJarScanner.java:298)
		at org.apache.jasper.servlet.TldScanner.scanJars(TldScanner.java:248)
		at org.apache.jasper.servlet.TldScanner.scan(TldScanner.java:98)
		at org.apache.jasper.servlet.JasperInitializer.onStartup(JasperInitializer.java:85)
		at org.apache.catalina.core.StandardContext.startInternal(StandardContext.java:4573)
		at org.apache.catalina.util.LifecycleBase.start(LifecycleBase.java:170)
		at org.apache.catalina.core.ContainerBase$StartChild.call(ContainerBase.java:1204)
		at org.apache.catalina.core.ContainerBase$StartChild.call(ContainerBase.java:1200)
		at java.base/java.util.concurrent.FutureTask.run(FutureTask.java:328)
		at org.apache.tomcat.util.threads.InlineExecutorService.execute(InlineExecutorService.java:91)
		at java.base/java.util.concurrent.AbstractExecutorService.submit(AbstractExecutorService.java:149)
		at org.apache.catalina.core.ContainerBase.startInternal(ContainerBase.java:732)
		at org.apache.catalina.core.StandardHost.startInternal(StandardHost.java:794)
		at org.apache.catalina.util.LifecycleBase.start(LifecycleBase.java:170)
		at org.apache.catalina.core.ContainerBase$StartChild.call(ContainerBase.java:1204)
		at org.apache.catalina.core.ContainerBase$StartChild.call(ContainerBase.java:1200)
		at java.base/java.util.concurrent.FutureTask.run(FutureTask.java:328)
		at org.apache.tomcat.util.threads.InlineExecutorService.execute(InlineExecutorService.java:91)
		at java.base/java.util.concurrent.AbstractExecutorService.submit(AbstractExecutorService.java:149)
		at org.apache.catalina.core.ContainerBase.startInternal(ContainerBase.java:732)
		at org.apache.catalina.core.StandardEngine.startInternal(StandardEngine.java:201)
		at org.apache.catalina.util.LifecycleBase.start(LifecycleBase.java:170)
		at org.apache.catalina.core.StandardService.startInternal(StandardService.java:433)
		at org.apache.catalina.util.LifecycleBase.start(LifecycleBase.java:170)
		at org.apache.catalina.core.StandardServer.startInternal(StandardServer.java:871)
		at org.apache.catalina.util.LifecycleBase.start(LifecycleBase.java:170)
		at org.apache.catalina.startup.Tomcat.start(Tomcat.java:452)
		at org.apache.catalina.startup.TomcatBaseTest$TomcatWithFastSessionIDs.start(TomcatBaseTest.java:892)
		at org.apache.catalina.core.TestDefaultInstanceManager.doClassUnloadingPrep(TestDefaultInstanceManager.java:85)
		at org.apache.catalina.core.TestDefaultInstanceManager.testClassUnloading(TestDefaultInstanceManager.java:35)
		at java.base/jdk.internal.reflect.DirectMethodHandleAccessor.invoke(DirectMethodHandleAccessor.java:104)
		at java.base/java.lang.reflect.Method.invoke(Method.java:565)
		at org.junit.runners.model.FrameworkMethod$1.runReflectiveCall(FrameworkMethod.java:59)
		at org.junit.internal.runners.model.ReflectiveCallable.run(ReflectiveCallable.java:12)
		at org.junit.runners.model.FrameworkMethod.invokeExplosively(FrameworkMethod.java:56)
		at org.junit.internal.runners.statements.InvokeMethod.evaluate(InvokeMethod.java:17)
		at org.junit.internal.runners.statements.RunBefores.evaluate(RunBefores.java:26)
		at org.junit.internal.runners.statements.RunAfters.evaluate(RunAfters.java:27)
		at org.junit.rules.TestWatcher$1.evaluate(TestWatcher.java:61)
		at org.junit.runners.ParentRunner$3.evaluate(ParentRunner.java:306)
		at org.junit.runners.BlockJUnit4ClassRunner$1.evaluate(BlockJUnit4ClassRunner.java:100)
		at org.junit.runners.ParentRunner.runLeaf(ParentRunner.java:366)
		at org.junit.runners.BlockJUnit4ClassRunner.runChild(BlockJUnit4ClassRunner.java:103)
		at org.junit.runners.BlockJUnit4ClassRunner.runChild(BlockJUnit4ClassRunner.java:63)
		at org.junit.runners.ParentRunner$4.run(ParentRunner.java:331)
		at org.junit.runners.ParentRunner$1.schedule(ParentRunner.java:79)
		at org.junit.runners.ParentRunner.runChildren(ParentRunner.java:329)
		at org.junit.runners.ParentRunner.access$100(ParentRunner.java:66)
		at org.junit.runners.ParentRunner$2.evaluate(ParentRunner.java:293)
		at org.junit.internal.runners.statements.RunBefores.evaluate(RunBefores.java:26)
		at org.junit.internal.runners.statements.RunAfters.evaluate(RunAfters.java:27)
		at org.junit.runners.ParentRunner$3.evaluate(ParentRunner.java:306)
		at org.junit.runners.ParentRunner.run(ParentRunner.java:413)
		at org.junit.runners.Suite.runChild(Suite.java:128)
		at org.junit.runners.Suite.runChild(Suite.java:27)
		at org.junit.runners.ParentRunner$4.run(ParentRunner.java:331)
		at org.junit.runners.ParentRunner$1.schedule(ParentRunner.java:79)
		at org.junit.runners.ParentRunner.runChildren(ParentRunner.java:329)
		at org.junit.runners.ParentRunner.access$100(ParentRunner.java:66)
		at org.junit.runners.ParentRunner$2.evaluate(ParentRunner.java:293)
		at org.junit.runners.ParentRunner$3.evaluate(ParentRunner.java:306)
		at org.junit.runners.ParentRunner.run(ParentRunner.java:413)
		at org.junit.runner.JUnitCore.run(JUnitCore.java:137)
		at org.junit.runner.JUnitCore.run(JUnitCore.java:115)
		at org.junit.runner.JUnitCore.runMain(JUnitCore.java:77)
		at org.junit.runner.JUnitCore.main(JUnitCore.java:36)
10-Aug-2026 21:21:56.850 WARNING [main] org.apache.tomcat.util.scan.StandardJarScanner.processURLs Failed to scan [file:/C:/Users/Victor/.gradle/caches/modules-2/files-2.1/org.apache.derby/derbyshared/10.17.1.0/e6eac60d1b80b3781dff97ccef88fa131043f2a5/derbyLocale_pt_BR.jar] from classloader hierarchy
	java.nio.file.NoSuchFileException: C:\Users\Victor\.gradle\caches\modules-2\files-2.1\org.apache.derby\derbyshared\10.17.1.0\e6eac60d1b80b3781dff97ccef88fa131043f2a5\derbyLocale_pt_BR.jar
		at java.base/sun.nio.fs.WindowsException.translateToIOException(WindowsException.java:85)
		at java.base/sun.nio.fs.WindowsException.rethrowAsIOException(WindowsException.java:103)
		at java.base/sun.nio.fs.WindowsException.rethrowAsIOException(WindowsException.java:108)
		at java.base/sun.nio.fs.WindowsFileAttributeViews$Basic.readAttributes(WindowsFileAttributeViews.java:52)
		at java.base/sun.nio.fs.WindowsFileAttributeViews$Basic.readAttributes(WindowsFileAttributeViews.java:38)
		at java.base/sun.nio.fs.WindowsFileSystemProvider.readAttributes(WindowsFileSystemProvider.java:195)
		at java.base/java.nio.file.Files.readAttributes(Files.java:1702)
		at java.base/java.util.zip.ZipFile$Source.get(ZipFile.java:1493)
		at java.base/java.util.zip.ZipFile$CleanableResource.<init>(ZipFile.java:704)
		at java.base/java.util.zip.ZipFile.<init>(ZipFile.java:204)
		at java.base/java.util.zip.ZipFile.<init>(ZipFile.java:150)
		at java.base/java.util.jar.JarFile.<init>(JarFile.java:333)
		at org.apache.tomcat.util.scan.JarFileUrlJar.<init>(JarFileUrlJar.java:71)
		at org.apache.tomcat.util.scan.JarFactory.newInstance(JarFactory.java:57)
		at org.apache.tomcat.util.scan.StandardJarScanner.process(StandardJarScanner.java:477)
		at org.apache.tomcat.util.scan.StandardJarScanner.processURLs(StandardJarScanner.java:405)
		at org.apache.tomcat.util.scan.StandardJarScanner.doScanClassPath(StandardJarScanner.java:364)
		at org.apache.tomcat.util.scan.StandardJarScanner.scan(StandardJarScanner.java:298)
		at org.apache.jasper.servlet.TldScanner.scanJars(TldScanner.java:248)
		at org.apache.jasper.servlet.TldScanner.scan(TldScanner.java:98)
		at org.apache.jasper.servlet.JasperInitializer.onStartup(JasperInitializer.java:85)
		at org.apache.catalina.core.StandardContext.startInternal(StandardContext.java:4573)
		at org.apache.catalina.util.LifecycleBase.start(LifecycleBase.java:170)
		at org.apache.catalina.core.ContainerBase$StartChild.call(ContainerBase.java:1204)
		at org.apache.catalina.core.ContainerBase$StartChild.call(ContainerBase.java:1200)
		at java.base/java.util.concurrent.FutureTask.run(FutureTask.java:328)
		at org.apache.tomcat.util.threads.InlineExecutorService.execute(InlineExecutorService.java:91)
		at java.base/java.util.concurrent.AbstractExecutorService.submit(AbstractExecutorService.java:149)
		at org.apache.catalina.core.ContainerBase.startInternal(ContainerBase.java:732)
		at org.apache.catalina.core.StandardHost.startInternal(StandardHost.java:794)
		at org.apache.catalina.util.LifecycleBase.start(LifecycleBase.java:170)
		at org.apache.catalina.core.ContainerBase$StartChild.call(ContainerBase.java:1204)
		at org.apache.catalina.core.ContainerBase$StartChild.call(ContainerBase.java:1200)
		at java.base/java.util.concurrent.FutureTask.run(FutureTask.java:328)
		at org.apache.tomcat.util.threads.InlineExecutorService.execute(InlineExecutorService.java:91)
		at java.base/java.util.concurrent.AbstractExecutorService.submit(AbstractExecutorService.java:149)
		at org.apache.catalina.core.ContainerBase.startInternal(ContainerBase.java:732)
		at org.apache.catalina.core.StandardEngine.startInternal(StandardEngine.java:201)
		at org.apache.catalina.util.LifecycleBase.start(LifecycleBase.java:170)
		at org.apache.catalina.core.StandardService.startInternal(StandardService.java:433)
		at org.apache.catalina.util.LifecycleBase.start(LifecycleBase.java:170)
		at org.apache.catalina.core.StandardServer.startInternal(StandardServer.java:871)
		at org.apache.catalina.util.LifecycleBase.start(LifecycleBase.java:170)
		at org.apache.catalina.startup.Tomcat.start(Tomcat.java:452)
		at org.apache.catalina.startup.TomcatBaseTest$TomcatWithFastSessionIDs.start(TomcatBaseTest.java:892)
		at org.apache.catalina.core.TestDefaultInstanceManager.doClassUnloadingPrep(TestDefaultInstanceManager.java:85)
		at org.apache.catalina.core.TestDefaultInstanceManager.testClassUnloading(TestDefaultInstanceManager.java:35)
		at java.base/jdk.internal.reflect.DirectMethodHandleAccessor.invoke(DirectMethodHandleAccessor.java:104)
		at java.base/java.lang.reflect.Method.invoke(Method.java:565)
		at org.junit.runners.model.FrameworkMethod$1.runReflectiveCall(FrameworkMethod.java:59)
		at org.junit.internal.runners.model.ReflectiveCallable.run(ReflectiveCallable.java:12)
		at org.junit.runners.model.FrameworkMethod.invokeExplosively(FrameworkMethod.java:56)
		at org.junit.internal.runners.statements.InvokeMethod.evaluate(InvokeMethod.java:17)
		at org.junit.internal.runners.statements.RunBefores.evaluate(RunBefores.java:26)
		at org.junit.internal.runners.statements.RunAfters.evaluate(RunAfters.java:27)
		at org.junit.rules.TestWatcher$1.evaluate(TestWatcher.java:61)
		at org.junit.runners.ParentRunner$3.evaluate(ParentRunner.java:306)
		at org.junit.runners.BlockJUnit4ClassRunner$1.evaluate(BlockJUnit4ClassRunner.java:100)
		at org.junit.runners.ParentRunner.runLeaf(ParentRunner.java:366)
		at org.junit.runners.BlockJUnit4ClassRunner.runChild(BlockJUnit4ClassRunner.java:103)
		at org.junit.runners.BlockJUnit4ClassRunner.runChild(BlockJUnit4ClassRunner.java:63)
		at org.junit.runners.ParentRunner$4.run(ParentRunner.java:331)
		at org.junit.runners.ParentRunner$1.schedule(ParentRunner.java:79)
		at org.junit.runners.ParentRunner.runChildren(ParentRunner.java:329)
		at org.junit.runners.ParentRunner.access$100(ParentRunner.java:66)
		at org.junit.runners.ParentRunner$2.evaluate(ParentRunner.java:293)
		at org.junit.internal.runners.statements.RunBefores.evaluate(RunBefores.java:26)
		at org.junit.internal.runners.statements.RunAfters.evaluate(RunAfters.java:27)
		at org.junit.runners.ParentRunner$3.evaluate(ParentRunner.java:306)
		at org.junit.runners.ParentRunner.run(ParentRunner.java:413)
		at org.junit.runners.Suite.runChild(Suite.java:128)
		at org.junit.runners.Suite.runChild(Suite.java:27)
		at org.junit.runners.ParentRunner$4.run(ParentRunner.java:331)
		at org.junit.runners.ParentRunner$1.schedule(ParentRunner.java:79)
		at org.junit.runners.ParentRunner.runChildren(ParentRunner.java:329)
		at org.junit.runners.ParentRunner.access$100(ParentRunner.java:66)
		at org.junit.runners.ParentRunner$2.evaluate(ParentRunner.java:293)
		at org.junit.runners.ParentRunner$3.evaluate(ParentRunner.java:306)
		at org.junit.runners.ParentRunner.run(ParentRunner.java:413)
		at org.junit.runner.JUnitCore.run(JUnitCore.java:137)
		at org.junit.runner.JUnitCore.run(JUnitCore.java:115)
		at org.junit.runner.JUnitCore.runMain(JUnitCore.java:77)
		at org.junit.runner.JUnitCore.main(JUnitCore.java:36)
10-Aug-2026 21:21:56.852 WARNING [main] org.apache.tomcat.util.scan.StandardJarScanner.processURLs Failed to scan [file:/C:/Users/Victor/.gradle/caches/modules-2/files-2.1/org.apache.derby/derbyshared/10.17.1.0/e6eac60d1b80b3781dff97ccef88fa131043f2a5/derbyLocale_ru.jar] from classloader hierarchy
	java.nio.file.NoSuchFileException: C:\Users\Victor\.gradle\caches\modules-2\files-2.1\org.apache.derby\derbyshared\10.17.1.0\e6eac60d1b80b3781dff97ccef88fa131043f2a5\derbyLocale_ru.jar
		at java.base/sun.nio.fs.WindowsException.translateToIOException(WindowsException.java:85)
		at java.base/sun.nio.fs.WindowsException.rethrowAsIOException(WindowsException.java:103)
		at java.base/sun.nio.fs.WindowsException.rethrowAsIOException(WindowsException.java:108)
		at java.base/sun.nio.fs.WindowsFileAttributeViews$Basic.readAttributes(WindowsFileAttributeViews.java:52)
		at java.base/sun.nio.fs.WindowsFileAttributeViews$Basic.readAttributes(WindowsFileAttributeViews.java:38)
		at java.base/sun.nio.fs.WindowsFileSystemProvider.readAttributes(WindowsFileSystemProvider.java:195)
		at java.base/java.nio.file.Files.readAttributes(Files.java:1702)
		at java.base/java.util.zip.ZipFile$Source.get(ZipFile.java:1493)
		at java.base/java.util.zip.ZipFile$CleanableResource.<init>(ZipFile.java:704)
		at java.base/java.util.zip.ZipFile.<init>(ZipFile.java:204)
		at java.base/java.util.zip.ZipFile.<init>(ZipFile.java:150)
		at java.base/java.util.jar.JarFile.<init>(JarFile.java:333)
		at org.apache.tomcat.util.scan.JarFileUrlJar.<init>(JarFileUrlJar.java:71)
		at org.apache.tomcat.util.scan.JarFactory.newInstance(JarFactory.java:57)
		at org.apache.tomcat.util.scan.StandardJarScanner.process(StandardJarScanner.java:477)
		at org.apache.tomcat.util.scan.StandardJarScanner.processURLs(StandardJarScanner.java:405)
		at org.apache.tomcat.util.scan.StandardJarScanner.doScanClassPath(StandardJarScanner.java:364)
		at org.apache.tomcat.util.scan.StandardJarScanner.scan(StandardJarScanner.java:298)
		at org.apache.jasper.servlet.TldScanner.scanJars(TldScanner.java:248)
		at org.apache.jasper.servlet.TldScanner.scan(TldScanner.java:98)
		at org.apache.jasper.servlet.JasperInitializer.onStartup(JasperInitializer.java:85)
		at org.apache.catalina.core.StandardContext.startInternal(StandardContext.java:4573)
		at org.apache.catalina.util.LifecycleBase.start(LifecycleBase.java:170)
		at org.apache.catalina.core.ContainerBase$StartChild.call(ContainerBase.java:1204)
		at org.apache.catalina.core.ContainerBase$StartChild.call(ContainerBase.java:1200)
		at java.base/java.util.concurrent.FutureTask.run(FutureTask.java:328)
		at org.apache.tomcat.util.threads.InlineExecutorService.execute(InlineExecutorService.java:91)
		at java.base/java.util.concurrent.AbstractExecutorService.submit(AbstractExecutorService.java:149)
		at org.apache.catalina.core.ContainerBase.startInternal(ContainerBase.java:732)
		at org.apache.catalina.core.StandardHost.startInternal(StandardHost.java:794)
		at org.apache.catalina.util.LifecycleBase.start(LifecycleBase.java:170)
		at org.apache.catalina.core.ContainerBase$StartChild.call(ContainerBase.java:1204)
		at org.apache.catalina.core.ContainerBase$StartChild.call(ContainerBase.java:1200)
		at java.base/java.util.concurrent.FutureTask.run(FutureTask.java:328)
		at org.apache.tomcat.util.threads.InlineExecutorService.execute(InlineExecutorService.java:91)
		at java.base/java.util.concurrent.AbstractExecutorService.submit(AbstractExecutorService.java:149)
		at org.apache.catalina.core.ContainerBase.startInternal(ContainerBase.java:732)
		at org.apache.catalina.core.StandardEngine.startInternal(StandardEngine.java:201)
		at org.apache.catalina.util.LifecycleBase.start(LifecycleBase.java:170)
		at org.apache.catalina.core.StandardService.startInternal(StandardService.java:433)
		at org.apache.catalina.util.LifecycleBase.start(LifecycleBase.java:170)
		at org.apache.catalina.core.StandardServer.startInternal(StandardServer.java:871)
		at org.apache.catalina.util.LifecycleBase.start(LifecycleBase.java:170)
		at org.apache.catalina.startup.Tomcat.start(Tomcat.java:452)
		at org.apache.catalina.startup.TomcatBaseTest$TomcatWithFastSessionIDs.start(TomcatBaseTest.java:892)
		at org.apache.catalina.core.TestDefaultInstanceManager.doClassUnloadingPrep(TestDefaultInstanceManager.java:85)
		at org.apache.catalina.core.TestDefaultInstanceManager.testClassUnloading(TestDefaultInstanceManager.java:35)
		at java.base/jdk.internal.reflect.DirectMethodHandleAccessor.invoke(DirectMethodHandleAccessor.java:104)
		at java.base/java.lang.reflect.Method.invoke(Method.java:565)
		at org.junit.runners.model.FrameworkMethod$1.runReflectiveCall(FrameworkMethod.java:59)
		at org.junit.internal.runners.model.ReflectiveCallable.run(ReflectiveCallable.java:12)
		at org.junit.runners.model.FrameworkMethod.invokeExplosively(FrameworkMethod.java:56)
		at org.junit.internal.runners.statements.InvokeMethod.evaluate(InvokeMethod.java:17)
		at org.junit.internal.runners.statements.RunBefores.evaluate(RunBefores.java:26)
		at org.junit.internal.runners.statements.RunAfters.evaluate(RunAfters.java:27)
		at org.junit.rules.TestWatcher$1.evaluate(TestWatcher.java:61)
		at org.junit.runners.ParentRunner$3.evaluate(ParentRunner.java:306)
		at org.junit.runners.BlockJUnit4ClassRunner$1.evaluate(BlockJUnit4ClassRunner.java:100)
		at org.junit.runners.ParentRunner.runLeaf(ParentRunner.java:366)
		at org.junit.runners.BlockJUnit4ClassRunner.runChild(BlockJUnit4ClassRunner.java:103)
		at org.junit.runners.BlockJUnit4ClassRunner.runChild(BlockJUnit4ClassRunner.java:63)
		at org.junit.runners.ParentRunner$4.run(ParentRunner.java:331)
		at org.junit.runners.ParentRunner$1.schedule(ParentRunner.java:79)
		at org.junit.runners.ParentRunner.runChildren(ParentRunner.java:329)
		at org.junit.runners.ParentRunner.access$100(ParentRunner.java:66)
		at org.junit.runners.ParentRunner$2.evaluate(ParentRunner.java:293)
		at org.junit.internal.runners.statements.RunBefores.evaluate(RunBefores.java:26)
		at org.junit.internal.runners.statements.RunAfters.evaluate(RunAfters.java:27)
		at org.junit.runners.ParentRunner$3.evaluate(ParentRunner.java:306)
		at org.junit.runners.ParentRunner.run(ParentRunner.java:413)
		at org.junit.runners.Suite.runChild(Suite.java:128)
		at org.junit.runners.Suite.runChild(Suite.java:27)
		at org.junit.runners.ParentRunner$4.run(ParentRunner.java:331)
		at org.junit.runners.ParentRunner$1.schedule(ParentRunner.java:79)
		at org.junit.runners.ParentRunner.runChildren(ParentRunner.java:329)
		at org.junit.runners.ParentRunner.access$100(ParentRunner.java:66)
		at org.junit.runners.ParentRunner$2.evaluate(ParentRunner.java:293)
		at org.junit.runners.ParentRunner$3.evaluate(ParentRunner.java:306)
		at org.junit.runners.ParentRunner.run(ParentRunner.java:413)
		at org.junit.runner.JUnitCore.run(JUnitCore.java:137)
		at org.junit.runner.JUnitCore.run(JUnitCore.java:115)
		at org.junit.runner.JUnitCore.runMain(JUnitCore.java:77)
		at org.junit.runner.JUnitCore.main(JUnitCore.java:36)
10-Aug-2026 21:21:56.854 WARNING [main] org.apache.tomcat.util.scan.StandardJarScanner.processURLs Failed to scan [file:/C:/Users/Victor/.gradle/caches/modules-2/files-2.1/org.apache.derby/derbyshared/10.17.1.0/e6eac60d1b80b3781dff97ccef88fa131043f2a5/derbyLocale_zh_CN.jar] from classloader hierarchy
	java.nio.file.NoSuchFileException: C:\Users\Victor\.gradle\caches\modules-2\files-2.1\org.apache.derby\derbyshared\10.17.1.0\e6eac60d1b80b3781dff97ccef88fa131043f2a5\derbyLocale_zh_CN.jar
		at java.base/sun.nio.fs.WindowsException.translateToIOException(WindowsException.java:85)
		at java.base/sun.nio.fs.WindowsException.rethrowAsIOException(WindowsException.java:103)
		at java.base/sun.nio.fs.WindowsException.rethrowAsIOException(WindowsException.java:108)
		at java.base/sun.nio.fs.WindowsFileAttributeViews$Basic.readAttributes(WindowsFileAttributeViews.java:52)
		at java.base/sun.nio.fs.WindowsFileAttributeViews$Basic.readAttributes(WindowsFileAttributeViews.java:38)
		at java.base/sun.nio.fs.WindowsFileSystemProvider.readAttributes(WindowsFileSystemProvider.java:195)
		at java.base/java.nio.file.Files.readAttributes(Files.java:1702)
		at java.base/java.util.zip.ZipFile$Source.get(ZipFile.java:1493)
		at java.base/java.util.zip.ZipFile$CleanableResource.<init>(ZipFile.java:704)
		at java.base/java.util.zip.ZipFile.<init>(ZipFile.java:204)
		at java.base/java.util.zip.ZipFile.<init>(ZipFile.java:150)
		at java.base/java.util.jar.JarFile.<init>(JarFile.java:333)
		at org.apache.tomcat.util.scan.JarFileUrlJar.<init>(JarFileUrlJar.java:71)
		at org.apache.tomcat.util.scan.JarFactory.newInstance(JarFactory.java:57)
		at org.apache.tomcat.util.scan.StandardJarScanner.process(StandardJarScanner.java:477)
		at org.apache.tomcat.util.scan.StandardJarScanner.processURLs(StandardJarScanner.java:405)
		at org.apache.tomcat.util.scan.StandardJarScanner.doScanClassPath(StandardJarScanner.java:364)
		at org.apache.tomcat.util.scan.StandardJarScanner.scan(StandardJarScanner.java:298)
		at org.apache.jasper.servlet.TldScanner.scanJars(TldScanner.java:248)
		at org.apache.jasper.servlet.TldScanner.scan(TldScanner.java:98)
		at org.apache.jasper.servlet.JasperInitializer.onStartup(JasperInitializer.java:85)
		at org.apache.catalina.core.StandardContext.startInternal(StandardContext.java:4573)
		at org.apache.catalina.util.LifecycleBase.start(LifecycleBase.java:170)
		at org.apache.catalina.core.ContainerBase$StartChild.call(ContainerBase.java:1204)
		at org.apache.catalina.core.ContainerBase$StartChild.call(ContainerBase.java:1200)
		at java.base/java.util.concurrent.FutureTask.run(FutureTask.java:328)
		at org.apache.tomcat.util.threads.InlineExecutorService.execute(InlineExecutorService.java:91)
		at java.base/java.util.concurrent.AbstractExecutorService.submit(AbstractExecutorService.java:149)
		at org.apache.catalina.core.ContainerBase.startInternal(ContainerBase.java:732)
		at org.apache.catalina.core.StandardHost.startInternal(StandardHost.java:794)
		at org.apache.catalina.util.LifecycleBase.start(LifecycleBase.java:170)
		at org.apache.catalina.core.ContainerBase$StartChild.call(ContainerBase.java:1204)
		at org.apache.catalina.core.ContainerBase$StartChild.call(ContainerBase.java:1200)
		at java.base/java.util.concurrent.FutureTask.run(FutureTask.java:328)
		at org.apache.tomcat.util.threads.InlineExecutorService.execute(InlineExecutorService.java:91)
		at java.base/java.util.concurrent.AbstractExecutorService.submit(AbstractExecutorService.java:149)
		at org.apache.catalina.core.ContainerBase.startInternal(ContainerBase.java:732)
		at org.apache.catalina.core.StandardEngine.startInternal(StandardEngine.java:201)
		at org.apache.catalina.util.LifecycleBase.start(LifecycleBase.java:170)
		at org.apache.catalina.core.StandardService.startInternal(StandardService.java:433)
		at org.apache.catalina.util.LifecycleBase.start(LifecycleBase.java:170)
		at org.apache.catalina.core.StandardServer.startInternal(StandardServer.java:871)
		at org.apache.catalina.util.LifecycleBase.start(LifecycleBase.java:170)
		at org.apache.catalina.startup.Tomcat.start(Tomcat.java:452)
		at org.apache.catalina.startup.TomcatBaseTest$TomcatWithFastSessionIDs.start(TomcatBaseTest.java:892)
		at org.apache.catalina.core.TestDefaultInstanceManager.doClassUnloadingPrep(TestDefaultInstanceManager.java:85)
		at org.apache.catalina.core.TestDefaultInstanceManager.testClassUnloading(TestDefaultInstanceManager.java:35)
		at java.base/jdk.internal.reflect.DirectMethodHandleAccessor.invoke(DirectMethodHandleAccessor.java:104)
		at java.base/java.lang.reflect.Method.invoke(Method.java:565)
		at org.junit.runners.model.FrameworkMethod$1.runReflectiveCall(FrameworkMethod.java:59)
		at org.junit.internal.runners.model.ReflectiveCallable.run(ReflectiveCallable.java:12)
		at org.junit.runners.model.FrameworkMethod.invokeExplosively(FrameworkMethod.java:56)
		at org.junit.internal.runners.statements.InvokeMethod.evaluate(InvokeMethod.java:17)
		at org.junit.internal.runners.statements.RunBefores.evaluate(RunBefores.java:26)
		at org.junit.internal.runners.statements.RunAfters.evaluate(RunAfters.java:27)
		at org.junit.rules.TestWatcher$1.evaluate(TestWatcher.java:61)
		at org.junit.runners.ParentRunner$3.evaluate(ParentRunner.java:306)
		at org.junit.runners.BlockJUnit4ClassRunner$1.evaluate(BlockJUnit4ClassRunner.java:100)
		at org.junit.runners.ParentRunner.runLeaf(ParentRunner.java:366)
		at org.junit.runners.BlockJUnit4ClassRunner.runChild(BlockJUnit4ClassRunner.java:103)
		at org.junit.runners.BlockJUnit4ClassRunner.runChild(BlockJUnit4ClassRunner.java:63)
		at org.junit.runners.ParentRunner$4.run(ParentRunner.java:331)
		at org.junit.runners.ParentRunner$1.schedule(ParentRunner.java:79)
		at org.junit.runners.ParentRunner.runChildren(ParentRunner.java:329)
		at org.junit.runners.ParentRunner.access$100(ParentRunner.java:66)
		at org.junit.runners.ParentRunner$2.evaluate(ParentRunner.java:293)
		at org.junit.internal.runners.statements.RunBefores.evaluate(RunBefores.java:26)
		at org.junit.internal.runners.statements.RunAfters.evaluate(RunAfters.java:27)
		at org.junit.runners.ParentRunner$3.evaluate(ParentRunner.java:306)
		at org.junit.runners.ParentRunner.run(ParentRunner.java:413)
		at org.junit.runners.Suite.runChild(Suite.java:128)
		at org.junit.runners.Suite.runChild(Suite.java:27)
		at org.junit.runners.ParentRunner$4.run(ParentRunner.java:331)
		at org.junit.runners.ParentRunner$1.schedule(ParentRunner.java:79)
		at org.junit.runners.ParentRunner.runChildren(ParentRunner.java:329)
		at org.junit.runners.ParentRunner.access$100(ParentRunner.java:66)
		at org.junit.runners.ParentRunner$2.evaluate(ParentRunner.java:293)
		at org.junit.runners.ParentRunner$3.evaluate(ParentRunner.java:306)
		at org.junit.runners.ParentRunner.run(ParentRunner.java:413)
		at org.junit.runner.JUnitCore.run(JUnitCore.java:137)
		at org.junit.runner.JUnitCore.run(JUnitCore.java:115)
		at org.junit.runner.JUnitCore.runMain(JUnitCore.java:77)
		at org.junit.runner.JUnitCore.main(JUnitCore.java:36)
10-Aug-2026 21:21:56.854 WARNING [main] org.apache.tomcat.util.scan.StandardJarScanner.processURLs Failed to scan [file:/C:/Users/Victor/.gradle/caches/modules-2/files-2.1/org.apache.derby/derbyshared/10.17.1.0/e6eac60d1b80b3781dff97ccef88fa131043f2a5/derbyLocale_zh_TW.jar] from classloader hierarchy
	java.nio.file.NoSuchFileException: C:\Users\Victor\.gradle\caches\modules-2\files-2.1\org.apache.derby\derbyshared\10.17.1.0\e6eac60d1b80b3781dff97ccef88fa131043f2a5\derbyLocale_zh_TW.jar
		at java.base/sun.nio.fs.WindowsException.translateToIOException(WindowsException.java:85)
		at java.base/sun.nio.fs.WindowsException.rethrowAsIOException(WindowsException.java:103)
		at java.base/sun.nio.fs.WindowsException.rethrowAsIOException(WindowsException.java:108)
		at java.base/sun.nio.fs.WindowsFileAttributeViews$Basic.readAttributes(WindowsFileAttributeViews.java:52)
		at java.base/sun.nio.fs.WindowsFileAttributeViews$Basic.readAttributes(WindowsFileAttributeViews.java:38)
		at java.base/sun.nio.fs.WindowsFileSystemProvider.readAttributes(WindowsFileSystemProvider.java:195)
		at java.base/java.nio.file.Files.readAttributes(Files.java:1702)
		at java.base/java.util.zip.ZipFile$Source.get(ZipFile.java:1493)
		at java.base/java.util.zip.ZipFile$CleanableResource.<init>(ZipFile.java:704)
		at java.base/java.util.zip.ZipFile.<init>(ZipFile.java:204)
		at java.base/java.util.zip.ZipFile.<init>(ZipFile.java:150)
		at java.base/java.util.jar.JarFile.<init>(JarFile.java:333)
		at org.apache.tomcat.util.scan.JarFileUrlJar.<init>(JarFileUrlJar.java:71)
		at org.apache.tomcat.util.scan.JarFactory.newInstance(JarFactory.java:57)
		at org.apache.tomcat.util.scan.StandardJarScanner.process(StandardJarScanner.java:477)
		at org.apache.tomcat.util.scan.StandardJarScanner.processURLs(StandardJarScanner.java:405)
		at org.apache.tomcat.util.scan.StandardJarScanner.doScanClassPath(StandardJarScanner.java:364)
		at org.apache.tomcat.util.scan.StandardJarScanner.scan(StandardJarScanner.java:298)
		at org.apache.jasper.servlet.TldScanner.scanJars(TldScanner.java:248)
		at org.apache.jasper.servlet.TldScanner.scan(TldScanner.java:98)
		at org.apache.jasper.servlet.JasperInitializer.onStartup(JasperInitializer.java:85)
		at org.apache.catalina.core.StandardContext.startInternal(StandardContext.java:4573)
		at org.apache.catalina.util.LifecycleBase.start(LifecycleBase.java:170)
		at org.apache.catalina.core.ContainerBase$StartChild.call(ContainerBase.java:1204)
		at org.apache.catalina.core.ContainerBase$StartChild.call(ContainerBase.java:1200)
		at java.base/java.util.concurrent.FutureTask.run(FutureTask.java:328)
		at org.apache.tomcat.util.threads.InlineExecutorService.execute(InlineExecutorService.java:91)
		at java.base/java.util.concurrent.AbstractExecutorService.submit(AbstractExecutorService.java:149)
		at org.apache.catalina.core.ContainerBase.startInternal(ContainerBase.java:732)
		at org.apache.catalina.core.StandardHost.startInternal(StandardHost.java:794)
		at org.apache.catalina.util.LifecycleBase.start(LifecycleBase.java:170)
		at org.apache.catalina.core.ContainerBase$StartChild.call(ContainerBase.java:1204)
		at org.apache.catalina.core.ContainerBase$StartChild.call(ContainerBase.java:1200)
		at java.base/java.util.concurrent.FutureTask.run(FutureTask.java:328)
		at org.apache.tomcat.util.threads.InlineExecutorService.execute(InlineExecutorService.java:91)
		at java.base/java.util.concurrent.AbstractExecutorService.submit(AbstractExecutorService.java:149)
		at org.apache.catalina.core.ContainerBase.startInternal(ContainerBase.java:732)
		at org.apache.catalina.core.StandardEngine.startInternal(StandardEngine.java:201)
		at org.apache.catalina.util.LifecycleBase.start(LifecycleBase.java:170)
		at org.apache.catalina.core.StandardService.startInternal(StandardService.java:433)
		at org.apache.catalina.util.LifecycleBase.start(LifecycleBase.java:170)
		at org.apache.catalina.core.StandardServer.startInternal(StandardServer.java:871)
		at org.apache.catalina.util.LifecycleBase.start(LifecycleBase.java:170)
		at org.apache.catalina.startup.Tomcat.start(Tomcat.java:452)
		at org.apache.catalina.startup.TomcatBaseTest$TomcatWithFastSessionIDs.start(TomcatBaseTest.java:892)
		at org.apache.catalina.core.TestDefaultInstanceManager.doClassUnloadingPrep(TestDefaultInstanceManager.java:85)
		at org.apache.catalina.core.TestDefaultInstanceManager.testClassUnloading(TestDefaultInstanceManager.java:35)
		at java.base/jdk.internal.reflect.DirectMethodHandleAccessor.invoke(DirectMethodHandleAccessor.java:104)
		at java.base/java.lang.reflect.Method.invoke(Method.java:565)
		at org.junit.runners.model.FrameworkMethod$1.runReflectiveCall(FrameworkMethod.java:59)
		at org.junit.internal.runners.model.ReflectiveCallable.run(ReflectiveCallable.java:12)
		at org.junit.runners.model.FrameworkMethod.invokeExplosively(FrameworkMethod.java:56)
		at org.junit.internal.runners.statements.InvokeMethod.evaluate(InvokeMethod.java:17)
		at org.junit.internal.runners.statements.RunBefores.evaluate(RunBefores.java:26)
		at org.junit.internal.runners.statements.RunAfters.evaluate(RunAfters.java:27)
		at org.junit.rules.TestWatcher$1.evaluate(TestWatcher.java:61)
		at org.junit.runners.ParentRunner$3.evaluate(ParentRunner.java:306)
		at org.junit.runners.BlockJUnit4ClassRunner$1.evaluate(BlockJUnit4ClassRunner.java:100)
		at org.junit.runners.ParentRunner.runLeaf(ParentRunner.java:366)
		at org.junit.runners.BlockJUnit4ClassRunner.runChild(BlockJUnit4ClassRunner.java:103)
		at org.junit.runners.BlockJUnit4ClassRunner.runChild(BlockJUnit4ClassRunner.java:63)
		at org.junit.runners.ParentRunner$4.run(ParentRunner.java:331)
		at org.junit.runners.ParentRunner$1.schedule(ParentRunner.java:79)
		at org.junit.runners.ParentRunner.runChildren(ParentRunner.java:329)
		at org.junit.runners.ParentRunner.access$100(ParentRunner.java:66)
		at org.junit.runners.ParentRunner$2.evaluate(ParentRunner.java:293)
		at org.junit.internal.runners.statements.RunBefores.evaluate(RunBefores.java:26)
		at org.junit.internal.runners.statements.RunAfters.evaluate(RunAfters.java:27)
		at org.junit.runners.ParentRunner$3.evaluate(ParentRunner.java:306)
		at org.junit.runners.ParentRunner.run(ParentRunner.java:413)
		at org.junit.runners.Suite.runChild(Suite.java:128)
		at org.junit.runners.Suite.runChild(Suite.java:27)
		at org.junit.runners.ParentRunner$4.run(ParentRunner.java:331)
		at org.junit.runners.ParentRunner$1.schedule(ParentRunner.java:79)
		at org.junit.runners.ParentRunner.runChildren(ParentRunner.java:329)
		at org.junit.runners.ParentRunner.access$100(ParentRunner.java:66)
		at org.junit.runners.ParentRunner$2.evaluate(ParentRunner.java:293)
		at org.junit.runners.ParentRunner$3.evaluate(ParentRunner.java:306)
		at org.junit.runners.ParentRunner.run(ParentRunner.java:413)
		at org.junit.runner.JUnitCore.run(JUnitCore.java:137)
		at org.junit.runner.JUnitCore.run(JUnitCore.java:115)
		at org.junit.runner.JUnitCore.runMain(JUnitCore.java:77)
		at org.junit.runner.JUnitCore.main(JUnitCore.java:36)
10-Aug-2026 21:21:56.855 WARNING [main] org.apache.tomcat.util.scan.StandardJarScanner.processURLs Failed to scan [file:/C:/Users/Victor/.gradle/caches/modules-2/files-2.1/org.apache.derby/derbytools/10.17.1.0/6d1a4e5e0f5c26516abbba85ece081506b9ad2e1/derby.jar] from classloader hierarchy
	java.nio.file.NoSuchFileException: C:\Users\Victor\.gradle\caches\modules-2\files-2.1\org.apache.derby\derbytools\10.17.1.0\6d1a4e5e0f5c26516abbba85ece081506b9ad2e1\derby.jar
		at java.base/sun.nio.fs.WindowsException.translateToIOException(WindowsException.java:85)
		at java.base/sun.nio.fs.WindowsException.rethrowAsIOException(WindowsException.java:103)
		at java.base/sun.nio.fs.WindowsException.rethrowAsIOException(WindowsException.java:108)
		at java.base/sun.nio.fs.WindowsFileAttributeViews$Basic.readAttributes(WindowsFileAttributeViews.java:52)
		at java.base/sun.nio.fs.WindowsFileAttributeViews$Basic.readAttributes(WindowsFileAttributeViews.java:38)
		at java.base/sun.nio.fs.WindowsFileSystemProvider.readAttributes(WindowsFileSystemProvider.java:195)
		at java.base/java.nio.file.Files.readAttributes(Files.java:1702)
		at java.base/java.util.zip.ZipFile$Source.get(ZipFile.java:1493)
		at java.base/java.util.zip.ZipFile$CleanableResource.<init>(ZipFile.java:704)
		at java.base/java.util.zip.ZipFile.<init>(ZipFile.java:204)
		at java.base/java.util.zip.ZipFile.<init>(ZipFile.java:150)
		at java.base/java.util.jar.JarFile.<init>(JarFile.java:333)
		at org.apache.tomcat.util.scan.JarFileUrlJar.<init>(JarFileUrlJar.java:71)
		at org.apache.tomcat.util.scan.JarFactory.newInstance(JarFactory.java:57)
		at org.apache.tomcat.util.scan.StandardJarScanner.process(StandardJarScanner.java:477)
		at org.apache.tomcat.util.scan.StandardJarScanner.processURLs(StandardJarScanner.java:405)
		at org.apache.tomcat.util.scan.StandardJarScanner.doScanClassPath(StandardJarScanner.java:364)
		at org.apache.tomcat.util.scan.StandardJarScanner.scan(StandardJarScanner.java:298)
		at org.apache.jasper.servlet.TldScanner.scanJars(TldScanner.java:248)
		at org.apache.jasper.servlet.TldScanner.scan(TldScanner.java:98)
		at org.apache.jasper.servlet.JasperInitializer.onStartup(JasperInitializer.java:85)
		at org.apache.catalina.core.StandardContext.startInternal(StandardContext.java:4573)
		at org.apache.catalina.util.LifecycleBase.start(LifecycleBase.java:170)
		at org.apache.catalina.core.ContainerBase$StartChild.call(ContainerBase.java:1204)
		at org.apache.catalina.core.ContainerBase$StartChild.call(ContainerBase.java:1200)
		at java.base/java.util.concurrent.FutureTask.run(FutureTask.java:328)
		at org.apache.tomcat.util.threads.InlineExecutorService.execute(InlineExecutorService.java:91)
		at java.base/java.util.concurrent.AbstractExecutorService.submit(AbstractExecutorService.java:149)
		at org.apache.catalina.core.ContainerBase.startInternal(ContainerBase.java:732)
		at org.apache.catalina.core.StandardHost.startInternal(StandardHost.java:794)
		at org.apache.catalina.util.LifecycleBase.start(LifecycleBase.java:170)
		at org.apache.catalina.core.ContainerBase$StartChild.call(ContainerBase.java:1204)
		at org.apache.catalina.core.ContainerBase$StartChild.call(ContainerBase.java:1200)
		at java.base/java.util.concurrent.FutureTask.run(FutureTask.java:328)
		at org.apache.tomcat.util.threads.InlineExecutorService.execute(InlineExecutorService.java:91)
		at java.base/java.util.concurrent.AbstractExecutorService.submit(AbstractExecutorService.java:149)
		at org.apache.catalina.core.ContainerBase.startInternal(ContainerBase.java:732)
		at org.apache.catalina.core.StandardEngine.startInternal(StandardEngine.java:201)
		at org.apache.catalina.util.LifecycleBase.start(LifecycleBase.java:170)
		at org.apache.catalina.core.StandardService.startInternal(StandardService.java:433)
		at org.apache.catalina.util.LifecycleBase.start(LifecycleBase.java:170)
		at org.apache.catalina.core.StandardServer.startInternal(StandardServer.java:871)
		at org.apache.catalina.util.LifecycleBase.start(LifecycleBase.java:170)
		at org.apache.catalina.startup.Tomcat.start(Tomcat.java:452)
		at org.apache.catalina.startup.TomcatBaseTest$TomcatWithFastSessionIDs.start(TomcatBaseTest.java:892)
		at org.apache.catalina.core.TestDefaultInstanceManager.doClassUnloadingPrep(TestDefaultInstanceManager.java:85)
		at org.apache.catalina.core.TestDefaultInstanceManager.testClassUnloading(TestDefaultInstanceManager.java:35)
		at java.base/jdk.internal.reflect.DirectMethodHandleAccessor.invoke(DirectMethodHandleAccessor.java:104)
		at java.base/java.lang.reflect.Method.invoke(Method.java:565)
		at org.junit.runners.model.FrameworkMethod$1.runReflectiveCall(FrameworkMethod.java:59)
		at org.junit.internal.runners.model.ReflectiveCallable.run(ReflectiveCallable.java:12)
		at org.junit.runners.model.FrameworkMethod.invokeExplosively(FrameworkMethod.java:56)
		at org.junit.internal.runners.statements.InvokeMethod.evaluate(InvokeMethod.java:17)
		at org.junit.internal.runners.statements.RunBefores.evaluate(RunBefores.java:26)
		at org.junit.internal.runners.statements.RunAfters.evaluate(RunAfters.java:27)
		at org.junit.rules.TestWatcher$1.evaluate(TestWatcher.java:61)
		at org.junit.runners.ParentRunner$3.evaluate(ParentRunner.java:306)
		at org.junit.runners.BlockJUnit4ClassRunner$1.evaluate(BlockJUnit4ClassRunner.java:100)
		at org.junit.runners.ParentRunner.runLeaf(ParentRunner.java:366)
		at org.junit.runners.BlockJUnit4ClassRunner.runChild(BlockJUnit4ClassRunner.java:103)
		at org.junit.runners.BlockJUnit4ClassRunner.runChild(BlockJUnit4ClassRunner.java:63)
		at org.junit.runners.ParentRunner$4.run(ParentRunner.java:331)
		at org.junit.runners.ParentRunner$1.schedule(ParentRunner.java:79)
		at org.junit.runners.ParentRunner.runChildren(ParentRunner.java:329)
		at org.junit.runners.ParentRunner.access$100(ParentRunner.java:66)
		at org.junit.runners.ParentRunner$2.evaluate(ParentRunner.java:293)
		at org.junit.internal.runners.statements.RunBefores.evaluate(RunBefores.java:26)
		at org.junit.internal.runners.statements.RunAfters.evaluate(RunAfters.java:27)
		at org.junit.runners.ParentRunner$3.evaluate(ParentRunner.java:306)
		at org.junit.runners.ParentRunner.run(ParentRunner.java:413)
		at org.junit.runners.Suite.runChild(Suite.java:128)
		at org.junit.runners.Suite.runChild(Suite.java:27)
		at org.junit.runners.ParentRunner$4.run(ParentRunner.java:331)
		at org.junit.runners.ParentRunner$1.schedule(ParentRunner.java:79)
		at org.junit.runners.ParentRunner.runChildren(ParentRunner.java:329)
		at org.junit.runners.ParentRunner.access$100(ParentRunner.java:66)
		at org.junit.runners.ParentRunner$2.evaluate(ParentRunner.java:293)
		at org.junit.runners.ParentRunner$3.evaluate(ParentRunner.java:306)
		at org.junit.runners.ParentRunner.run(ParentRunner.java:413)
		at org.junit.runner.JUnitCore.run(JUnitCore.java:137)
		at org.junit.runner.JUnitCore.run(JUnitCore.java:115)
		at org.junit.runner.JUnitCore.runMain(JUnitCore.java:77)
		at org.junit.runner.JUnitCore.main(JUnitCore.java:36)
10-Aug-2026 21:21:56.856 WARNING [main] org.apache.tomcat.util.scan.StandardJarScanner.processURLs Failed to scan [file:/C:/Users/Victor/.gradle/caches/modules-2/files-2.1/org.apache.derby/derbytools/10.17.1.0/6d1a4e5e0f5c26516abbba85ece081506b9ad2e1/derbyclient.jar] from classloader hierarchy
	java.nio.file.NoSuchFileException: C:\Users\Victor\.gradle\caches\modules-2\files-2.1\org.apache.derby\derbytools\10.17.1.0\6d1a4e5e0f5c26516abbba85ece081506b9ad2e1\derbyclient.jar
		at java.base/sun.nio.fs.WindowsException.translateToIOException(WindowsException.java:85)
		at java.base/sun.nio.fs.WindowsException.rethrowAsIOException(WindowsException.java:103)
		at java.base/sun.nio.fs.WindowsException.rethrowAsIOException(WindowsException.java:108)
		at java.base/sun.nio.fs.WindowsFileAttributeViews$Basic.readAttributes(WindowsFileAttributeViews.java:52)
		at java.base/sun.nio.fs.WindowsFileAttributeViews$Basic.readAttributes(WindowsFileAttributeViews.java:38)
		at java.base/sun.nio.fs.WindowsFileSystemProvider.readAttributes(WindowsFileSystemProvider.java:195)
		at java.base/java.nio.file.Files.readAttributes(Files.java:1702)
		at java.base/java.util.zip.ZipFile$Source.get(ZipFile.java:1493)
		at java.base/java.util.zip.ZipFile$CleanableResource.<init>(ZipFile.java:704)
		at java.base/java.util.zip.ZipFile.<init>(ZipFile.java:204)
		at java.base/java.util.zip.ZipFile.<init>(ZipFile.java:150)
		at java.base/java.util.jar.JarFile.<init>(JarFile.java:333)
		at org.apache.tomcat.util.scan.JarFileUrlJar.<init>(JarFileUrlJar.java:71)
		at org.apache.tomcat.util.scan.JarFactory.newInstance(JarFactory.java:57)
		at org.apache.tomcat.util.scan.StandardJarScanner.process(StandardJarScanner.java:477)
		at org.apache.tomcat.util.scan.StandardJarScanner.processURLs(StandardJarScanner.java:405)
		at org.apache.tomcat.util.scan.StandardJarScanner.doScanClassPath(StandardJarScanner.java:364)
		at org.apache.tomcat.util.scan.StandardJarScanner.scan(StandardJarScanner.java:298)
		at org.apache.jasper.servlet.TldScanner.scanJars(TldScanner.java:248)
		at org.apache.jasper.servlet.TldScanner.scan(TldScanner.java:98)
		at org.apache.jasper.servlet.JasperInitializer.onStartup(JasperInitializer.java:85)
		at org.apache.catalina.core.StandardContext.startInternal(StandardContext.java:4573)
		at org.apache.catalina.util.LifecycleBase.start(LifecycleBase.java:170)
		at org.apache.catalina.core.ContainerBase$StartChild.call(ContainerBase.java:1204)
		at org.apache.catalina.core.ContainerBase$StartChild.call(ContainerBase.java:1200)
		at java.base/java.util.concurrent.FutureTask.run(FutureTask.java:328)
		at org.apache.tomcat.util.threads.InlineExecutorService.execute(InlineExecutorService.java:91)
		at java.base/java.util.concurrent.AbstractExecutorService.submit(AbstractExecutorService.java:149)
		at org.apache.catalina.core.ContainerBase.startInternal(ContainerBase.java:732)
		at org.apache.catalina.core.StandardHost.startInternal(StandardHost.java:794)
		at org.apache.catalina.util.LifecycleBase.start(LifecycleBase.java:170)
		at org.apache.catalina.core.ContainerBase$StartChild.call(ContainerBase.java:1204)
		at org.apache.catalina.core.ContainerBase$StartChild.call(ContainerBase.java:1200)
		at java.base/java.util.concurrent.FutureTask.run(FutureTask.java:328)
		at org.apache.tomcat.util.threads.InlineExecutorService.execute(InlineExecutorService.java:91)
		at java.base/java.util.concurrent.AbstractExecutorService.submit(AbstractExecutorService.java:149)
		at org.apache.catalina.core.ContainerBase.startInternal(ContainerBase.java:732)
		at org.apache.catalina.core.StandardEngine.startInternal(StandardEngine.java:201)
		at org.apache.catalina.util.LifecycleBase.start(LifecycleBase.java:170)
		at org.apache.catalina.core.StandardService.startInternal(StandardService.java:433)
		at org.apache.catalina.util.LifecycleBase.start(LifecycleBase.java:170)
		at org.apache.catalina.core.StandardServer.startInternal(StandardServer.java:871)
		at org.apache.catalina.util.LifecycleBase.start(LifecycleBase.java:170)
		at org.apache.catalina.startup.Tomcat.start(Tomcat.java:452)
		at org.apache.catalina.startup.TomcatBaseTest$TomcatWithFastSessionIDs.start(TomcatBaseTest.java:892)
		at org.apache.catalina.core.TestDefaultInstanceManager.doClassUnloadingPrep(TestDefaultInstanceManager.java:85)
		at org.apache.catalina.core.TestDefaultInstanceManager.testClassUnloading(TestDefaultInstanceManager.java:35)
		at java.base/jdk.internal.reflect.DirectMethodHandleAccessor.invoke(DirectMethodHandleAccessor.java:104)
		at java.base/java.lang.reflect.Method.invoke(Method.java:565)
		at org.junit.runners.model.FrameworkMethod$1.runReflectiveCall(FrameworkMethod.java:59)
		at org.junit.internal.runners.model.ReflectiveCallable.run(ReflectiveCallable.java:12)
		at org.junit.runners.model.FrameworkMethod.invokeExplosively(FrameworkMethod.java:56)
		at org.junit.internal.runners.statements.InvokeMethod.evaluate(InvokeMethod.java:17)
		at org.junit.internal.runners.statements.RunBefores.evaluate(RunBefores.java:26)
		at org.junit.internal.runners.statements.RunAfters.evaluate(RunAfters.java:27)
		at org.junit.rules.TestWatcher$1.evaluate(TestWatcher.java:61)
		at org.junit.runners.ParentRunner$3.evaluate(ParentRunner.java:306)
		at org.junit.runners.BlockJUnit4ClassRunner$1.evaluate(BlockJUnit4ClassRunner.java:100)
		at org.junit.runners.ParentRunner.runLeaf(ParentRunner.java:366)
		at org.junit.runners.BlockJUnit4ClassRunner.runChild(BlockJUnit4ClassRunner.java:103)
		at org.junit.runners.BlockJUnit4ClassRunner.runChild(BlockJUnit4ClassRunner.java:63)
		at org.junit.runners.ParentRunner$4.run(ParentRunner.java:331)
		at org.junit.runners.ParentRunner$1.schedule(ParentRunner.java:79)
		at org.junit.runners.ParentRunner.runChildren(ParentRunner.java:329)
		at org.junit.runners.ParentRunner.access$100(ParentRunner.java:66)
		at org.junit.runners.ParentRunner$2.evaluate(ParentRunner.java:293)
		at org.junit.internal.runners.statements.RunBefores.evaluate(RunBefores.java:26)
		at org.junit.internal.runners.statements.RunAfters.evaluate(RunAfters.java:27)
		at org.junit.runners.ParentRunner$3.evaluate(ParentRunner.java:306)
		at org.junit.runners.ParentRunner.run(ParentRunner.java:413)
		at org.junit.runners.Suite.runChild(Suite.java:128)
		at org.junit.runners.Suite.runChild(Suite.java:27)
		at org.junit.runners.ParentRunner$4.run(ParentRunner.java:331)
		at org.junit.runners.ParentRunner$1.schedule(ParentRunner.java:79)
		at org.junit.runners.ParentRunner.runChildren(ParentRunner.java:329)
		at org.junit.runners.ParentRunner.access$100(ParentRunner.java:66)
		at org.junit.runners.ParentRunner$2.evaluate(ParentRunner.java:293)
		at org.junit.runners.ParentRunner$3.evaluate(ParentRunner.java:306)
		at org.junit.runners.ParentRunner.run(ParentRunner.java:413)
		at org.junit.runner.JUnitCore.run(JUnitCore.java:137)
		at org.junit.runner.JUnitCore.run(JUnitCore.java:115)
		at org.junit.runner.JUnitCore.runMain(JUnitCore.java:77)
		at org.junit.runner.JUnitCore.main(JUnitCore.java:36)
10-Aug-2026 21:21:56.856 WARNING [main] org.apache.tomcat.util.scan.StandardJarScanner.processURLs Failed to scan [file:/C:/Users/Victor/.gradle/caches/modules-2/files-2.1/org.apache.derby/derbytools/10.17.1.0/6d1a4e5e0f5c26516abbba85ece081506b9ad2e1/derbynet.jar] from classloader hierarchy
	java.nio.file.NoSuchFileException: C:\Users\Victor\.gradle\caches\modules-2\files-2.1\org.apache.derby\derbytools\10.17.1.0\6d1a4e5e0f5c26516abbba85ece081506b9ad2e1\derbynet.jar
		at java.base/sun.nio.fs.WindowsException.translateToIOException(WindowsException.java:85)
		at java.base/sun.nio.fs.WindowsException.rethrowAsIOException(WindowsException.java:103)
		at java.base/sun.nio.fs.WindowsException.rethrowAsIOException(WindowsException.java:108)
		at java.base/sun.nio.fs.WindowsFileAttributeViews$Basic.readAttributes(WindowsFileAttributeViews.java:52)
		at java.base/sun.nio.fs.WindowsFileAttributeViews$Basic.readAttributes(WindowsFileAttributeViews.java:38)
		at java.base/sun.nio.fs.WindowsFileSystemProvider.readAttributes(WindowsFileSystemProvider.java:195)
		at java.base/java.nio.file.Files.readAttributes(Files.java:1702)
		at java.base/java.util.zip.ZipFile$Source.get(ZipFile.java:1493)
		at java.base/java.util.zip.ZipFile$CleanableResource.<init>(ZipFile.java:704)
		at java.base/java.util.zip.ZipFile.<init>(ZipFile.java:204)
		at java.base/java.util.zip.ZipFile.<init>(ZipFile.java:150)
		at java.base/java.util.jar.JarFile.<init>(JarFile.java:333)
		at org.apache.tomcat.util.scan.JarFileUrlJar.<init>(JarFileUrlJar.java:71)
		at org.apache.tomcat.util.scan.JarFactory.newInstance(JarFactory.java:57)
		at org.apache.tomcat.util.scan.StandardJarScanner.process(StandardJarScanner.java:477)
		at org.apache.tomcat.util.scan.StandardJarScanner.processURLs(StandardJarScanner.java:405)
		at org.apache.tomcat.util.scan.StandardJarScanner.doScanClassPath(StandardJarScanner.java:364)
		at org.apache.tomcat.util.scan.StandardJarScanner.scan(StandardJarScanner.java:298)
		at org.apache.jasper.servlet.TldScanner.scanJars(TldScanner.java:248)
		at org.apache.jasper.servlet.TldScanner.scan(TldScanner.java:98)
		at org.apache.jasper.servlet.JasperInitializer.onStartup(JasperInitializer.java:85)
		at org.apache.catalina.core.StandardContext.startInternal(StandardContext.java:4573)
		at org.apache.catalina.util.LifecycleBase.start(LifecycleBase.java:170)
		at org.apache.catalina.core.ContainerBase$StartChild.call(ContainerBase.java:1204)
		at org.apache.catalina.core.ContainerBase$StartChild.call(ContainerBase.java:1200)
		at java.base/java.util.concurrent.FutureTask.run(FutureTask.java:328)
		at org.apache.tomcat.util.threads.InlineExecutorService.execute(InlineExecutorService.java:91)
		at java.base/java.util.concurrent.AbstractExecutorService.submit(AbstractExecutorService.java:149)
		at org.apache.catalina.core.ContainerBase.startInternal(ContainerBase.java:732)
		at org.apache.catalina.core.StandardHost.startInternal(StandardHost.java:794)
		at org.apache.catalina.util.LifecycleBase.start(LifecycleBase.java:170)
		at org.apache.catalina.core.ContainerBase$StartChild.call(ContainerBase.java:1204)
		at org.apache.catalina.core.ContainerBase$StartChild.call(ContainerBase.java:1200)
		at java.base/java.util.concurrent.FutureTask.run(FutureTask.java:328)
		at org.apache.tomcat.util.threads.InlineExecutorService.execute(InlineExecutorService.java:91)
		at java.base/java.util.concurrent.AbstractExecutorService.submit(AbstractExecutorService.java:149)
		at org.apache.catalina.core.ContainerBase.startInternal(ContainerBase.java:732)
		at org.apache.catalina.core.StandardEngine.startInternal(StandardEngine.java:201)
		at org.apache.catalina.util.LifecycleBase.start(LifecycleBase.java:170)
		at org.apache.catalina.core.StandardService.startInternal(StandardService.java:433)
		at org.apache.catalina.util.LifecycleBase.start(LifecycleBase.java:170)
		at org.apache.catalina.core.StandardServer.startInternal(StandardServer.java:871)
		at org.apache.catalina.util.LifecycleBase.start(LifecycleBase.java:170)
		at org.apache.catalina.startup.Tomcat.start(Tomcat.java:452)
		at org.apache.catalina.startup.TomcatBaseTest$TomcatWithFastSessionIDs.start(TomcatBaseTest.java:892)
		at org.apache.catalina.core.TestDefaultInstanceManager.doClassUnloadingPrep(TestDefaultInstanceManager.java:85)
		at org.apache.catalina.core.TestDefaultInstanceManager.testClassUnloading(TestDefaultInstanceManager.java:35)
		at java.base/jdk.internal.reflect.DirectMethodHandleAccessor.invoke(DirectMethodHandleAccessor.java:104)
		at java.base/java.lang.reflect.Method.invoke(Method.java:565)
		at org.junit.runners.model.FrameworkMethod$1.runReflectiveCall(FrameworkMethod.java:59)
		at org.junit.internal.runners.model.ReflectiveCallable.run(ReflectiveCallable.java:12)
		at org.junit.runners.model.FrameworkMethod.invokeExplosively(FrameworkMethod.java:56)
		at org.junit.internal.runners.statements.InvokeMethod.evaluate(InvokeMethod.java:17)
		at org.junit.internal.runners.statements.RunBefores.evaluate(RunBefores.java:26)
		at org.junit.internal.runners.statements.RunAfters.evaluate(RunAfters.java:27)
		at org.junit.rules.TestWatcher$1.evaluate(TestWatcher.java:61)
		at org.junit.runners.ParentRunner$3.evaluate(ParentRunner.java:306)
		at org.junit.runners.BlockJUnit4ClassRunner$1.evaluate(BlockJUnit4ClassRunner.java:100)
		at org.junit.runners.ParentRunner.runLeaf(ParentRunner.java:366)
		at org.junit.runners.BlockJUnit4ClassRunner.runChild(BlockJUnit4ClassRunner.java:103)
		at org.junit.runners.BlockJUnit4ClassRunner.runChild(BlockJUnit4ClassRunner.java:63)
		at org.junit.runners.ParentRunner$4.run(ParentRunner.java:331)
		at org.junit.runners.ParentRunner$1.schedule(ParentRunner.java:79)
		at org.junit.runners.ParentRunner.runChildren(ParentRunner.java:329)
		at org.junit.runners.ParentRunner.access$100(ParentRunner.java:66)
		at org.junit.runners.ParentRunner$2.evaluate(ParentRunner.java:293)
		at org.junit.internal.runners.statements.RunBefores.evaluate(RunBefores.java:26)
		at org.junit.internal.runners.statements.RunAfters.evaluate(RunAfters.java:27)
		at org.junit.runners.ParentRunner$3.evaluate(ParentRunner.java:306)
		at org.junit.runners.ParentRunner.run(ParentRunner.java:413)
		at org.junit.runners.Suite.runChild(Suite.java:128)
		at org.junit.runners.Suite.runChild(Suite.java:27)
		at org.junit.runners.ParentRunner$4.run(ParentRunner.java:331)
		at org.junit.runners.ParentRunner$1.schedule(ParentRunner.java:79)
		at org.junit.runners.ParentRunner.runChildren(ParentRunner.java:329)
		at org.junit.runners.ParentRunner.access$100(ParentRunner.java:66)
		at org.junit.runners.ParentRunner$2.evaluate(ParentRunner.java:293)
		at org.junit.runners.ParentRunner$3.evaluate(ParentRunner.java:306)
		at org.junit.runners.ParentRunner.run(ParentRunner.java:413)
		at org.junit.runner.JUnitCore.run(JUnitCore.java:137)
		at org.junit.runner.JUnitCore.run(JUnitCore.java:115)
		at org.junit.runner.JUnitCore.runMain(JUnitCore.java:77)
		at org.junit.runner.JUnitCore.main(JUnitCore.java:36)
10-Aug-2026 21:21:56.863 INFO [main] org.apache.jasper.servlet.TldScanner.scanJars At least one JAR was scanned for TLDs yet contained no TLDs. Enable debug logging for this logger for a complete list of JARs that were scanned but no TLDs were found in them. Skipping unneeded JARs during scanning can improve startup time and JSP compilation time.
10-Aug-2026 21:21:56.913 INFO [main] org.apache.coyote.AbstractProtocol.start Starting ProtocolHandler ["http-nio-127.0.0.1-auto-1-64011"]
10-Aug-2026 21:21:58.196 INFO [main] org.apache.coyote.AbstractProtocol.pause Pausing ProtocolHandler ["http-nio-127.0.0.1-auto-1-64011"]
10-Aug-2026 21:21:58.201 INFO [main] org.apache.catalina.core.StandardService.stopInternal Stopping service [Tomcat]
10-Aug-2026 21:21:58.212 WARNING [main] org.apache.catalina.loader.WebappClassLoaderBase.clearReferencesRmiTargets You need to add "--add-opens=java.rmi/sun.rmi.transport=ALL-UNNAMED" to the JVM command line arguments to enable RMI Target memory leak detection. Alternatively, you can suppress this warning by disabling RMI Target memory leak detection.
10-Aug-2026 21:21:58.215 INFO [main] org.apache.catalina.util.LifecycleBase.stop The stop() method was called on component [StandardWrapperValve[Container is null]] after stop() had already been called. The second call will be ignored.
10-Aug-2026 21:21:58.215 INFO [main] org.apache.catalina.util.LifecycleBase.stop The stop() method was called on component [StandardWrapperValve[Container is null]] after stop() had already been called. The second call will be ignored.
10-Aug-2026 21:21:58.216 INFO [main] org.apache.coyote.AbstractProtocol.stop Stopping ProtocolHandler ["http-nio-127.0.0.1-auto-1-64011"]
10-Aug-2026 21:21:58.223 INFO [main] org.apache.coyote.AbstractProtocol.destroy Destroying ProtocolHandler ["http-nio-127.0.0.1-auto-1-64011"]
10-Aug-2026 21:21:58.224 INFO [main] org.apache.catalina.util.LifecycleBase.stop The stop() method was called on component [StandardEngineValve[Container is null]] after stop() had already been called. The second call will be ignored.
10-Aug-2026 21:21:58.224 INFO [main] org.apache.catalina.util.LifecycleBase.stop The stop() method was called on component [ErrorReportValve[Container is null]] after stop() had already been called. The second call will be ignored.
10-Aug-2026 21:21:58.224 INFO [main] org.apache.catalina.util.LifecycleBase.stop The stop() method was called on component [StandardHostValve[Container is null]] after stop() had already been called. The second call will be ignored.
10-Aug-2026 21:21:58.226 INFO [main] org.apache.catalina.util.LifecycleBase.stop The stop() method was called on component [NonLoginAuthenticator[Container is null]] after stop() had already been called. The second call will be ignored.
10-Aug-2026 21:21:58.226 INFO [main] org.apache.catalina.util.LifecycleBase.stop The stop() method was called on component [StandardContextValve[Container is null]] after stop() had already been called. The second call will be ignored.
