org.springframework.aop.config.AopNamespaceHandlerAdviceOrderIntegrationTests	OK	2	2	0	5790
org.springframework.cache.annotation.EnableCachingIntegrationTests	OK	2	2	0	877
org.springframework.transaction.annotation.ProxyAnnotationDiscoveryTests	OK	6	6	0	3213
org.springframework.aop.aspectj.annotation.AbstractAspectJAdvisorFactoryTests	EMPTY	0	0	0	260
org.springframework.aop.aspectj.autoproxy.AspectJNamespaceHandlerTests	OK	4	4	0	406
org.springframework.aop.framework.CglibProxyExceptionHandlingTests	OK	6	6	0	1807
org.springframework.aop.framework.adapter.ThrowsAdviceInterceptorTests	FAIL	6	5	1	595
org.springframework.aop.interceptor.SimpleTraceInterceptorTests	OK	2	2	0	760
org.springframework.aop.support.ClassUtilsTests	OK	1	1	0	748
org.springframework.aop.support.RegexpMethodPointcutAdvisorIntegrationTests	OK	3	3	0	2197
org.springframework.aop.target.PrototypeTargetSourceTests	OK	1	1	0	731
org.springframework.beans.BeanWrapperEnumTests	OK	15	15	0	685
org.springframework.beans.PropertyAccessorUtilsTests	OK	7	7	0	102
org.springframework.beans.factory.DefaultListableBeanFactoryTests	FAIL	186	182	4	10697
org.springframework.beans.factory.annotation.AutowiredKotlinTests	OK	10	10	0	1678
org.springframework.beans.factory.aot.AotServicesTests	OK	16	16	0	472
org.springframework.beans.factory.aot.BeanInstanceSupplierTests	OK	72	72	0	3189
org.springframework.beans.factory.config.CustomEditorConfigurerTests	OK	3	3	0	79
org.springframework.beans.factory.config.PropertyPlaceholderConfigurerTests	OK	12	12	0	296
org.springframework.beans.factory.parsing.CustomProblemReporterTests	OK	1	1	0	332
org.springframework.beans.factory.support.BeanDefinitionBuilderTests	OK	14	14	0	182
org.springframework.beans.factory.support.ConstructorResolverKotlinTests	OK	2	2	0	277
org.springframework.beans.factory.support.ManagedSetTests	OK	6	6	0	116
org.springframework.beans.factory.wiring.BeanWiringInfoTests	OK	9	9	0	113
org.springframework.beans.factory.xml.DuplicateBeanIdTests	OK	2	2	0	638
org.springframework.beans.factory.xml.SchemaValidationTests	OK	3	3	0	187
org.springframework.beans.propertyeditors.BeanInfoTests	OK	1	1	0	35
org.springframework.beans.propertyeditors.PropertiesEditorTests	OK	10	10	0	128
org.springframework.beans.support.PropertyComparatorTests	OK	4	4	0	68
org.springframework.aop.aspectj.BeanNamePointcutAtAspectTests	OK	3	3	0	1902
org.springframework.aop.aspectj.OverloadedAdviceTests	OK	2	2	0	312
org.springframework.aop.aspectj.autoproxy.AnnotationBindingTests	OK	2	2	0	359
org.springframework.aop.aspectj.autoproxy.spr3064.SPR3064Tests	OK	1	1	0	151
org.springframework.aop.config.AopNamespaceHandlerReturningTests	OK	2	2	0	222
org.springframework.aop.framework.ObjenesisProxyTests	OK	1	1	0	1832
org.springframework.aop.scope.ScopedProxyTests	OK	5	5	0	1270
org.springframework.beans.factory.xml.XmlBeanFactoryTests	FAIL	95	85	10	19957
org.springframework.cache.annotation.ReactiveCachingTests	OK	14	14	0	8767
org.springframework.cache.config.EnableCachingIntegrationTests	OK	6	6	0	4449
org.springframework.cache.interceptor.CacheSyncFailureTests	OK	5	5	0	3795
org.springframework.context.annotation.AnnotationConfigApplicationContextExtensionsTests	OK	1	1	0	538
org.springframework.context.annotation.BeanMethodMetadataTests	OK	1	1	0	211
org.springframework.context.annotation.ComponentScanAndImportAnnotationInteractionTests	OK	6	6	0	1778
org.springframework.context.annotation.ConfigurationClassAndBFPPTests	OK	3	3	0	732
org.springframework.context.annotation.ConfigurationWithFactoryBeanAndAutowiringTests	OK	7	7	0	1329
org.springframework.context.annotation.EnableLoadTimeWeavingTests	OK	4	4	0	2493
org.springframework.context.annotation.ImportSelectorTests	OK	9	9	0	40144
org.springframework.context.annotation.PropertySourceAnnotationTests	OK	25	25	0	7412
org.springframework.context.annotation.Spr11310Tests	OK	2	2	0	737
org.springframework.context.annotation.Spr6602Tests	FAIL	2	1	1	1113
org.springframework.context.annotation.configuration.ConfigurationClassProcessingTests	OK	24	24	0	2465
org.springframework.context.annotation.configuration.ImportTests	OK	16	16	0	1410
org.springframework.context.annotation.configuration.Spr7167Tests	OK	1	1	0	93
org.springframework.context.annotation.spr8761.Spr8761Tests	OK	1	1	0	149
org.springframework.context.aot.KotlinReflectionBeanRegistrationAotProcessorTests	OK	4	4	0	791
org.springframework.context.event.ApplicationContextEventTests	OK	37	37	0	3239
org.springframework.context.expression.AnnotatedElementKeyTests	OK	4	4	0	82
org.springframework.context.groovy.GroovyApplicationContextDynamicBeanPropertyTests	OK	2	2	0	6449
org.springframework.context.support.BeanDefinitionDslTests	OK	10	10	0	892
org.springframework.context.support.GenericXmlApplicationContextTests	OK	4	4	0	1102
org.springframework.context.support.StaticApplicationContextMulticasterTests	OK	38	38	0	4857
org.springframework.format.datetime.standard.DateTimeFormatterFactoryTests	OK	6	6	0	201
org.springframework.format.number.PercentStyleFormatterTests	OK	4	4	0	154
org.springframework.jmx.AbstractJmxTests	EMPTY	0	0	0	17
org.springframework.jmx.export.NotificationListenerTests	FAIL	13	1	12	800
org.springframework.jmx.export.assembler.AbstractMetadataAssemblerTests	EMPTY	0	0	0	12
org.springframework.jmx.export.assembler.MethodNameBasedMBeanInfoAssemblerMappedTests	FAIL	15	9	6	4472
org.springframework.jmx.export.naming.PropertiesNamingStrategyTests	OK	1	1	0	35
org.springframework.jndi.JndiTemplateEditorTests	OK	3	3	0	51
org.springframework.scheduling.annotation.AsyncExecutionTests	FAIL	18	16	2	11229
org.springframework.scheduling.concurrent.ConcurrentTaskExecutorTests	FAIL	18	16	2	4648
org.springframework.scheduling.concurrent.ThreadPoolTaskExecutorTests	FAIL	23	19	4	4861
org.springframework.scheduling.config.SchedulerBeanDefinitionParserTests	OK	3	3	0	1339
org.springframework.scheduling.support.QuartzCronFieldTests	OK	9	9	0	237
org.springframework.scripting.groovy.GroovyScriptFactoryTests	FAIL	38	28	10	53953
org.springframework.validation.DataBinderConstructTests	OK	15	15	0	1494
org.springframework.validation.beanvalidation.BeanValidationBeanRegistrationAotProcessorTests	OK	10	10	0	1240
org.springframework.validation.beanvalidation.SpringValidatorAdapterTests	OK	11	11	0	5728
org.springframework.cache.jcache.JCacheCacheManagerTests	OK	5	5	0	3031
org.springframework.cache.jcache.interceptor.AnnotationCacheOperationSourceTests	OK	16	16	0	795
org.springframework.cache.jcache.interceptor.JCacheKeyGeneratorTests	OK	3	3	0	2590
org.springframework.scheduling.quartz.QuartzSchedulerLifecycleTests	OK	2	2	0	1629
org.springframework.aot.generate.DefaultMethodReferenceTests	OK	16	16	0	742
org.springframework.aot.generate.InMemoryGeneratedFilesTests	OK	7	7	0	165
org.springframework.aot.hint.JdkProxyHintTests	OK	6	6	0	143
org.springframework.aot.hint.ResourcePatternHintTests	OK	7	7	0	156
org.springframework.aot.hint.annotation.ReflectiveRuntimeHintsRegistrarTests	OK	19	19	0	1747
org.springframework.aot.hint.support.FilePatternResourceHintsRegistrarTests	OK	12	12	0	200
org.springframework.aot.nativex.RuntimeHintsWriterTests	OK	35	35	0	1132
org.springframework.core.ConstantsTests	OK	11	11	0	172
org.springframework.core.KotlinReflectionParameterNameDiscovererTests	OK	4	4	0	1081
org.springframework.core.PrioritizedParameterNameDiscovererTests	OK	3	3	0	62
org.springframework.core.SpringCoreBlockHoundIntegrationTests	OK	3	0	0	250
org.springframework.core.annotation.AnnotationIntrospectionFailureTests	OK	4	4	0	196
org.springframework.core.annotation.MergedAnnotationCollectorsTests	OK	5	5	0	129
org.springframework.core.annotation.NestedRepeatableAnnotationsTests	FAIL	12	2	10	508
org.springframework.core.codec.ByteArrayEncoderTests	OK	2	2	0	1127
org.springframework.core.codec.NettyByteBufEncoderTests	OK	2	2	0	84
org.springframework.core.convert.converter.ConvertingComparatorTests	OK	9	9	0	352
org.springframework.core.convert.support.StreamConverterTests	OK	9	9	0	255
org.springframework.core.env.PropertySourceTests	OK	2	2	0	49
org.springframework.core.io.PathResourceTests	FAIL	38	27	11	2137
org.springframework.core.io.buffer.LimitedDataBufferListTests	OK	3	3	0	283
org.springframework.core.io.support.ResourceRegionTests	OK	3	3	0	1092
org.springframework.core.retry.support.CompositeRetryListenerTests	OK	7	7	0	1104
org.springframework.core.task.SyncTaskExecutorTests	OK	5	5	0	10720
org.springframework.core.type.AnnotationMetadataTests	OK	25	25	0	922
org.springframework.core.type.classreading.CachingMetadataReaderFactoryTests	OK	1	1	0	533
org.springframework.util.AutoPopulatingListTests	OK	5	5	0	162
org.springframework.util.ConcurrentReferenceHashMapTests	OK	63	63	0	1370
org.springframework.util.FilteredIteratorTests	OK	2	2	0	42
org.springframework.util.MimeTypeTests	OK	47	47	0	908
org.springframework.util.PropertiesPersisterTests	OK	8	8	0	303
org.springframework.util.StreamUtilsTests	FAIL	11	10	1	2006
org.springframework.util.comparator.InstanceComparatorTests	OK	3	3	0	57
org.springframework.util.function.ThrowingSupplierTests	OK	6	6	0	162
org.springframework.util.xml.StaxEventHandlerTests	OK	4	4	0	568
org.springframework.util.xml.XMLEventStreamReaderTests	OK	2	2	0	182
org.springframework.core.test.tools.CompilationExceptionTests	OK	5	5	0	315
org.springframework.core.test.tools.SourceFileAssertTests	OK	4	4	0	105
org.springframework.expression.spel.ComparatorTests	OK	6	6	0	288
org.springframework.expression.spel.LiteralExpressionTests	OK	7	7	0	153
org.springframework.expression.spel.ParserErrorMessagesTests	OK	5	5	0	186
org.springframework.expression.spel.SpelDocumentationTests	OK	46	46	0	1775
org.springframework.expression.spel.ast.AccessorUtilsTests	OK	6	6	0	131
org.springframework.expression.spel.support.ReflectionHelperTests	OK	14	14	0	457
org.springframework.jdbc.core.BeanPropertyRowMapperTests	OK	20	20	0	12537
org.springframework.jdbc.core.SingleColumnRowMapperTests	OK	3	3	0	103
org.springframework.jdbc.core.namedparam.NamedParameterUtilsTests	OK	30	30	0	468
org.springframework.jdbc.core.simple.SimpleJdbcInsertTests	OK	12	12	0	4317
org.springframework.jdbc.datasource.DataSourceJtaTransactionTests	OK	28	28	0	1654
org.springframework.jdbc.datasource.SingleConnectionDataSourceTests	OK	5	5	0	86
org.springframework.jdbc.datasource.init.CompositeDatabasePopulatorTests	OK	5	5	0	217
org.springframework.jdbc.datasource.lookup.IsolationLevelDataSourceRouterTests	OK	4	4	0	69
org.springframework.jdbc.object.SqlUpdateTests	OK	14	14	0	2260
org.springframework.jdbc.support.KeyHolderTests	OK	8	8	0	100
org.springframework.jdbc.support.incrementer.H2SequenceMaxValueIncrementerTests	OK	12	12	0	847
org.springframework.jms.config.JmsListenerEndpointRegistrarTests	OK	6	6	0	198
org.springframework.jms.connection.SingleConnectionFactoryTests	OK	19	19	0	3919
org.springframework.jms.core.support.JmsGatewaySupportTests	OK	2	2	0	43
org.springframework.jms.listener.endpoint.DefaultJmsActivationSpecFactoryTests	OK	2	2	0	199
org.springframework.jms.support.converter.MappingJackson2MessageConverterTests	OK	19	19	0	2566
org.springframework.messaging.converter.DefaultContentTypeResolverTests	OK	7	7	0	222
org.springframework.messaging.converter.MessageConverterTests	OK	11	11	0	160
org.springframework.messaging.core.MessageRequestReplyTemplateTests	OK	9	9	0	143
org.springframework.messaging.handler.annotation.reactive.PayloadMethodArgumentResolverTests	OK	8	8	0	325
org.springframework.messaging.handler.invocation.InvocableHandlerMethodTests	OK	9	9	0	759
org.springframework.messaging.rsocket.DefaultRSocketStrategiesTests	OK	4	4	0	315
org.springframework.messaging.rsocket.annotation.support.RSocketFrameTypeMessageConditionTests	OK	4	4	0	77
org.springframework.messaging.rsocket.service.RSocketServiceIntegrationTests	OK	2	2	0	2000
org.springframework.messaging.simp.SimpSessionScopeTests	OK	5	5	0	470
org.springframework.messaging.simp.broker.OrderedMessageChannelDecoratorTests	OK	1	1	0	1395
org.springframework.messaging.simp.stomp.ReactorNettyStompBrokerRelayIntegrationTests	FAIL	7	0	7	622
org.springframework.messaging.simp.stomp.StompHeaderAccessorTests	OK	15	15	0	341
org.springframework.messaging.support.MessageBuilderTests	OK	20	20	0	260
org.springframework.orm.jpa.DefaultJpaDialectTests	OK	3	3	0	1853
org.springframework.orm.jpa.eclipselink.EclipseLinkEntityManagerFactoryIntegrationTests	OK	20	20	0	3514
org.springframework.orm.jpa.hibernate.HibernateNativeEntityManagerFactoryIntegrationTests	OK	23	23	0	4514
org.springframework.orm.jpa.support.InjectionCodeGeneratorTests	OK	10	10	0	96635
org.springframework.oxm.AbstractUnmarshallerTests	EMPTY	0	0	0	86
org.springframework.r2dbc.connection.R2dbcTransactionManagerTests	OK	17	17	0	1753
org.springframework.r2dbc.connection.init.ScriptUtilsTests	OK	33	33	0	532
org.springframework.r2dbc.core.H2DatabaseClientContextIntegrationTests	FAIL	10	0	10	1074
org.springframework.r2dbc.core.binding.AnonymousBindMarkersTests	OK	2	2	0	208
org.springframework.mock.web.MockFilterChainTests	OK	7	7	0	766
org.springframework.test.context.BootstrapUtilsTests	FAIL	23	22	1	766
org.springframework.test.context.TestContextAnnotationUtilsTests	OK	42	42	0	888
org.springframework.test.context.aot.AotContextLoaderTests	OK	2	2	0	917
org.springframework.test.context.aot.TestPropertySourceRuntimeHintsTests	OK	2	2	0	22217
org.springframework.test.context.aot.samples.basic.BasicSpringVintageTests	OK	1	1	0	385
org.springframework.test.context.aot.samples.bean.override.TestBeanJupiterTests	OK	1	1	0	179
org.springframework.test.context.aot.samples.xml.XmlSpringVintageTests	OK	1	1	0	799
org.springframework.test.context.bean.override.convention.TestBeanByNameLookupTestMethodScopedExtensionContextIntegrationTests	OK	12	12	0	2055
org.springframework.test.context.bean.override.convention.TestBeanOverrideProcessorTests	OK	14	14	0	252
org.springframework.test.context.bean.override.convention.hierarchies.TestBeanByTypeInParentAndChildContextHierarchyTests	OK	1	1	0	1421
org.springframework.test.context.bean.override.mockito.MockitoBeanByTypeLookupForConstructorParametersIntegrationKotlinDataClassTests	OK	1	1	0	703
org.springframework.test.context.bean.override.mockito.MockitoBeanForFactoryBeanIntegrationTests	OK	2	2	0	427
org.springframework.test.context.bean.override.mockito.MockitoBeanSuperAndSubtypeIntegrationTests	OK	1	1	0	414
org.springframework.test.context.bean.override.mockito.MockitoSpyBeanByNameLookupTestClassScopedExtensionContextIntegrationTests	OK	4	4	0	947
org.springframework.test.context.bean.override.mockito.SpringMockResolverIntegrationTests	OK	1	1	0	63
org.springframework.test.context.bean.override.mockito.hierarchies.MockitoBeanByNameInChildContextHierarchyTests	OK	1	1	0	383
org.springframework.test.context.bean.override.mockito.hierarchies.MockitoSpyBeanByNameInParentAndChildContextHierarchyTests	OK	1	1	0	399
org.springframework.test.context.bean.override.mockito.hierarchies.ReusedParentConfigV2Tests	OK	1	1	0	344
org.springframework.test.context.bean.override.mockito.integration.MockitoBeanWithCustomQualifierAnnotationByTypeTests	OK	1	1	0	250
org.springframework.test.context.bean.override.mockito.integration.MockitoSpyBeanAndCircularDependenciesWithLazyResolutionProxyIntegrationTests	OK	1	1	0	1568
org.springframework.test.context.bean.override.mockito.integration.MockitoSpyBeanWithMultipleExistingBeansAndExplicitBeanNameIntegrationTests	OK	1	1	0	481
org.springframework.test.context.bean.override.mockito.typelevel.MockitoSpyBeansByTypeIntegrationTests	OK	2	2	0	1827
org.springframework.test.context.cache.ContextFailureThresholdTests	OK	3	3	0	9317
org.springframework.test.context.config.BeanOverridingDefaultConfigClassesInheritedTests	OK	1	1	0	330
org.springframework.test.context.config.DefaultLoaderDefaultConfigClassesBaseTests	OK	1	1	0	309
org.springframework.test.context.config.InheritedConfigContextConfigurationAppCtxTests	OK	9	9	0	1551
org.springframework.test.context.config.interfaces.DirtiesContextInterfaceTests	OK	1	1	0	231
org.springframework.test.context.config.meta.ConfigClassesAndProfilesWithCustomDefaultsMetaConfigWithOverridesTests	OK	3	3	0	410
org.springframework.test.context.customizers.ReplaceDefaultsContextCustomizerTests	OK	1	1	0	206
org.springframework.test.context.env.InheritedRelativePathPropertiesFileTestPropertySourceTests	OK	1	1	0	1221
org.springframework.test.context.env.YamlTestPropertySourceTests	OK	4	4	0	431
org.springframework.test.context.env.repeatable.LocalInlinedPropertyOverridesInheritedInlinedPropertyTests	OK	1	1	0	227
org.springframework.test.context.event.CustomTestEventTests	OK	1	1	0	199
org.springframework.test.context.groovy.DefaultScriptDetectionGroovySpringContextTests	OK	1	1	0	9381
org.springframework.test.context.hierarchies.standard.ClassHierarchyWithMergedConfigLevelOneTests	OK	1	1	0	347
org.springframework.test.context.hierarchies.standard.TestHierarchyLevelOneWithBareContextConfigurationInSuperclassTests	OK	1	1	0	207
org.springframework.test.context.hierarchies.web.EarTests	OK	1	1	0	227
org.springframework.test.context.inheritance.ExplicitLocationsInheritedTests	OK	2	2	0	1357
org.springframework.test.context.initializers.annotation.SingleInitializerAnnotationConfigTests	OK	1	1	0	235
org.springframework.test.context.jdbc.DefaultScriptDetectionSqlScriptsTests	FAIL	2	0	2	2118
org.springframework.test.context.jdbc.MetaAnnotationSqlScriptsTests	FAIL	2	0	2	152
org.springframework.test.context.jdbc.RepeatableSqlAnnotationSqlScriptsParentTests	FAIL	2	0	2	163
org.springframework.test.context.jdbc.merging.ClassLevelOverrideSqlMergeModeTests	FAIL	3	0	3	188
org.springframework.test.context.junit.jupiter.EnabledIfTests	OK	15	0	0	974
org.springframework.test.context.junit.jupiter.SpringManagedJupiterExtensionTests	OK	2	2	0	334
org.springframework.test.context.junit.jupiter.event.PublishedEventsIntegrationTests	OK	1	1	0	212
org.springframework.test.context.junit.jupiter.nested.ConstructorInjectionTestMethodScopedExtensionContextNestedTests	OK	5	5	0	792
org.springframework.test.context.junit.jupiter.nested.ParameterizedConstructorInjectionTestMethodScopedExtensionContextNestedTests	OK	10	10	0	1428
org.springframework.test.context.junit.jupiter.nested.TestPropertySourceTestMethodScopedExtensionContextNestedTests	OK	7	7	0	1460
org.springframework.test.context.junit4.ClassLevelDisabledSpringRunnerTests	OK	1	0	0	655
org.springframework.test.context.junit4.SpringJUnit47ClassRunnerRuleTests	OK	2	2	0	84
org.springframework.test.context.junit4.event.JUnit4ApplicationEventsIntegrationTests	OK	2	2	0	536
org.springframework.test.context.junit4.rules.FailingBeforeAndAfterMethodsSpringRuleTests	OK	7	7	0	7450
org.springframework.test.context.junit4.rules.TimedTransactionalSpringRuleTests	OK	5	5	0	2163
org.springframework.test.context.litemode.TransactionalAnnotatedConfigClassesWithoutAtConfigurationTests	FAIL	2	0	2	1186
org.springframework.test.context.profile.annotation.DefaultProfileAnnotationConfigTests	OK	2	2	0	273
org.springframework.test.context.profile.xml.DevProfileResolverXmlConfigTests	OK	2	2	0	383
org.springframework.test.context.support.CommonCachesTestExecutionListenerIntegrationTests	OK	2	2	0	426
org.springframework.test.context.support.DynamicPropertiesContextCustomizerFactoryTests	OK	4	4	0	89
org.springframework.test.context.testng.AnnotationConfigTransactionalTestNGSpringContextTests	FAIL	2	0	1	2634
org.springframework.test.context.testng.transaction.ejb.AbstractEjbTxDaoTestNGTests	EMPTY	0	0	0	80
org.springframework.test.context.transaction.AbstractTransactionalSpringTests	EMPTY	0	0	0	28
org.springframework.test.context.transaction.TransactionalTestExecutionListenerTests	OK	22	22	0	1301
org.springframework.test.context.transaction.manager.LookUpTxMgrByTypeAndQualifierAtMethodLevelTests	OK	1	1	0	306
org.springframework.test.context.web.AbstractBasicWacTests	EMPTY	0	0	0	24
org.springframework.test.context.web.MetaAnnotationConfigWacTests	OK	2	2	0	268
org.springframework.test.http.MediaTypeAssertTests	OK	27	27	0	452
org.springframework.test.util.JsonPathExpectationsHelperTests	OK	56	56	0	1318
org.springframework.test.web.client.MockRestServiceServerTests	OK	10	10	0	419
org.springframework.test.web.client.response.DefaultResponseCreatorTests	OK	17	17	0	3752
org.springframework.test.web.client.samples.matchers.XmlContentRequestMatchersIntegrationTests	OK	2	2	0	1217
org.springframework.test.web.reactive.server.MockServerSpecTests	OK	5	5	0	328
org.springframework.test.web.reactive.server.samples.ErrorTests	OK	3	3	0	3217
org.springframework.test.web.reactive.server.samples.bind.ApplicationContextTests	OK	2	2	0	1719
org.springframework.test.web.servlet.assertj.AbstractHttpServletRequestAssertTests	OK	8	8	0	169
org.springframework.test.web.servlet.assertj.MockMvcTesterIntegrationTests	FAIL	74	72	2	12538
org.springframework.test.web.servlet.client.RestTestClientTests	OK	32	32	0	6350
org.springframework.test.web.servlet.client.samples.XmlContentTests	OK	7	7	0	2125
org.springframework.test.web.servlet.htmlunit.HostRequestMatcherTests	OK	5	5	0	238
org.springframework.test.web.servlet.htmlunit.webdriver.WebConnectionHtmlUnitDriverTests	OK	3	3	0	5070
org.springframework.test.web.servlet.result.HeaderResultMatchersTests	OK	1	1	0	133
org.springframework.test.web.servlet.samples.client.context.AsyncControllerJavaConfigTests	OK	1	1	0	3158
org.springframework.test.web.servlet.samples.client.standalone.MultipartControllerTests	OK	12	12	0	3547
org.springframework.test.web.servlet.samples.client.standalone.resulthandlers.PrintingResultHandlerSmokeTests	OK	2	0	0	44
org.springframework.test.web.servlet.samples.client.standalone.resultmatches.RequestAttributeAssertionTests	OK	2	2	0	553
org.springframework.test.web.servlet.samples.context.JavaConfigTests	OK	3	3	0	1793
org.springframework.test.web.servlet.samples.spr.MockMvcBuilderMethodChainTests	OK	1	1	0	1140
org.springframework.test.web.servlet.samples.standalone.ReactiveReturnTypeTests	OK	1	1	0	3225
org.springframework.test.web.servlet.samples.standalone.resultmatchers.ContentAssertionTests	OK	5	5	0	728
org.springframework.test.web.servlet.samples.standalone.resultmatchers.SessionAttributeAssertionTests	OK	3	3	0	936
org.springframework.test.web.servlet.setup.SharedHttpSessionTests	OK	2	2	0	329
org.springframework.dao.support.ChainedPersistenceExceptionTranslatorTests	OK	2	2	0	132
org.springframework.transaction.annotation.AnnotationTransactionInterceptorTests	OK	26	26	0	1450
org.springframework.transaction.event.TransactionalApplicationListenerMethodAdapterTests	OK	16	16	0	301
org.springframework.transaction.interceptor.RollbackRuleAttributeTests	OK	14	14	0	193
org.springframework.transaction.reactive.TransactionalOperatorExtensionsTests	OK	7	7	0	823
org.springframework.http.HttpEntityTests	OK	8	8	0	259
org.springframework.http.ProblemDetailTests	OK	2	2	0	178
org.springframework.http.client.BufferingClientHttpRequestFactoryTests	OK	7	7	0	975
org.springframework.http.client.OutputStreamPublisherTests	OK	6	6	0	131
org.springframework.http.client.reactive.ReactorClientHttpConnectorTests	OK	5	5	0	449
org.springframework.http.codec.ResourceHttpMessageReaderTests	OK	1	1	0	175
org.springframework.http.codec.cbor.JacksonCborEncoderTests	OK	4	4	0	916
org.springframework.http.codec.json.CustomizedJacksonJsonEncoderTests	OK	2	2	0	203
org.springframework.http.codec.json.JacksonCsvEncoderTests	OK	3	3	0	94
org.springframework.http.codec.multipart.PartEventHttpMessageReaderTests	OK	17	17	0	612
org.springframework.http.codec.protobuf.ProtobufJsonEncoderTests	OK	5	5	0	799
org.springframework.http.codec.xml.Jaxb2HelperTests	OK	1	1	0	42
org.springframework.http.converter.HttpMessageConverterTests	OK	4	4	0	66
org.springframework.http.converter.feed.RssChannelHttpMessageConverterTests	OK	5	5	0	360
org.springframework.http.converter.json.MappingJackson2HttpMessageConverterTests	FAIL	32	31	1	2608
org.springframework.http.converter.protobuf.ProtobufJsonFormatHttpMessageConverterTests	OK	7	7	0	105
org.springframework.http.converter.xml.SourceHttpMessageConverterTests	OK	16	16	0	766
org.springframework.http.server.observation.OpenTelemetryServerRequestObservationConventionTests	OK	12	12	0	167
org.springframework.http.server.reactive.ErrorHandlerIntegrationTests	OK	12	12	0	5097
org.springframework.http.server.reactive.ServerHttpRequestIntegrationTests	OK	4	4	0	673
org.springframework.http.server.reactive.observation.ServerRequestObservationContextTests	OK	1	1	0	371
org.springframework.web.accept.MappingContentNegotiationStrategyTests	OK	5	5	0	386
org.springframework.web.bind.MethodArgumentNotValidExceptionTests	OK	2	2	0	382
org.springframework.web.bind.support.ServletRequestParameterPropertyValuesTests	OK	4	4	0	87
org.springframework.web.client.DefaultRestClientTests	OK	6	6	0	1107
org.springframework.web.client.RestClientObservationTests	OK	14	14	0	575
org.springframework.web.client.support.RestClientAdapterTests	OK	32	32	0	7460
org.springframework.web.context.request.RequestScopedProxyTests	OK	7	7	0	3145
org.springframework.web.context.request.async.StandardServletAsyncWebRequestTests	OK	9	9	0	467
org.springframework.web.context.support.Spr8510Tests	OK	7	7	0	191
org.springframework.web.cors.reactive.CorsWebFilterTests	OK	6	6	0	587
org.springframework.web.filter.FormContentFilterTests	OK	13	13	0	251
org.springframework.web.filter.ShallowEtagHeaderFilterTests	OK	11	11	0	177
org.springframework.web.method.HandlerMethodTests	FAIL	9	7	2	286
org.springframework.web.method.annotation.MethodArgumentTypeMismatchExceptionTests	OK	1	1	0	36
org.springframework.web.method.annotation.RequestParamMapMethodArgumentResolverTests	OK	7	7	0	211
org.springframework.web.method.support.HandlerMethodValidationExceptionTests	OK	2	2	0	184
org.springframework.web.multipart.support.StandardServletMultipartResolverTests	OK	2	2	0	70
org.springframework.web.server.adapter.WebHttpHandlerBuilderTests	OK	12	12	0	1990
org.springframework.web.server.session.HeaderWebSessionIdResolverTests	OK	10	10	0	811
org.springframework.web.service.invoker.HttpServiceMethodTests	OK	8	8	0	1398
org.springframework.web.service.invoker.RequestHeaderArgumentResolverTests	OK	2	2	0	162
org.springframework.web.service.registry.HttpServiceRegistrarTests	OK	8	8	0	249
org.springframework.web.util.JavaScriptUtilsTests	OK	5	5	0	104
org.springframework.web.util.UrlPathHelperTests	OK	40	37	0	881
org.springframework.web.reactive.DispatcherHandlerTests	OK	2	2	0	2063
org.springframework.web.reactive.accept.QueryApiVersionResolverTests	OK	3	3	0	169
org.springframework.web.reactive.config.WebFluxConfigurationSupportTests	OK	8	8	0	8681
org.springframework.web.reactive.function.client.DefaultClientRequestBuilderTests	OK	9	9	0	496
org.springframework.web.reactive.function.client.WebClientExtensionsTests	OK	33	33	0	66032
org.springframework.web.reactive.function.client.support.WebClientAdapterTests	OK	14	14	0	3872
org.springframework.web.reactive.function.server.DefaultServerRequestBuilderTests	OK	1	1	0	106
org.springframework.web.reactive.function.server.NestedRouteIntegrationTests	OK	24	24	0	10233
org.springframework.web.reactive.function.server.ResourceHandlerFunctionTests	OK	3	3	0	912
org.springframework.web.reactive.function.server.ToStringVisitorTests	OK	2	2	0	79
org.springframework.web.reactive.resource.ContentBasedVersionStrategyTests	OK	5	5	0	274
org.springframework.web.reactive.resource.ResourceTransformerSupportTests	OK	4	4	0	378
org.springframework.web.reactive.result.condition.ConsumesRequestConditionTests	OK	16	16	0	612
org.springframework.web.reactive.result.condition.VersionRequestConditionTests	OK	10	10	0	499
org.springframework.web.reactive.result.method.annotation.ControllerInputIntegrationTests	OK	12	12	0	18375
org.springframework.web.reactive.result.method.annotation.HttpEntityMethodArgumentResolverTests	OK	17	17	0	1032
org.springframework.web.reactive.result.method.annotation.MessageWriterResultHandlerTests	OK	8	8	0	960
org.springframework.web.reactive.result.method.annotation.PathVariableMapMethodArgumentResolverTests	OK	3	3	0	136
org.springframework.web.reactive.result.method.annotation.RequestMappingDataBindingIntegrationTests	OK	8	8	0	15313
org.springframework.web.reactive.result.method.annotation.RequestParamMethodArgumentResolverKotlinTests	OK	22	22	0	4973
org.springframework.web.reactive.result.method.annotation.SessionAttributesHandlerTests	OK	4	4	0	251
org.springframework.web.reactive.result.view.LocaleContextResolverIntegrationTests	OK	4	4	0	10858
org.springframework.web.reactive.result.view.script.JRubyScriptTemplateTests	OK	1	1	0	42182
org.springframework.web.reactive.socket.server.support.WebSocketUpgradeHandlerPredicateTests	OK	3	3	0	1298
org.springframework.web.servlet.DispatcherServletTests	OK	53	53	0	22278
org.springframework.web.servlet.config.annotation.DelegatingWebMvcConfigurationIntegrationTests	OK	12	12	0	15704
org.springframework.web.servlet.config.annotation.WebMvcConfigurationSupportTests	OK	15	15	0	18531
org.springframework.web.servlet.function.RequestPredicateTests	OK	3	3	0	73
org.springframework.web.servlet.function.ServerResponseExtensionsTests	OK	1	1	0	2647
org.springframework.web.servlet.handler.BeanNameUrlHandlerMappingTests	OK	7	7	0	1179
org.springframework.web.servlet.handler.SimpleMappingExceptionResolverTests	OK	23	23	0	428
org.springframework.web.servlet.mvc.UrlFilenameViewControllerTests	OK	26	26	0	910
org.springframework.web.servlet.mvc.condition.ParamsRequestConditionTests	OK	13	13	0	209
org.springframework.web.servlet.mvc.method.RequestMappingInfoHandlerMethodMappingNamingStrategyTests	OK	2	2	0	55
org.springframework.web.servlet.mvc.method.annotation.FragmentRenderingStreamTests	OK	2	2	0	32344
org.springframework.web.servlet.mvc.method.annotation.ModelAndViewResolverMethodReturnValueHandlerTests	OK	5	5	0	123
org.springframework.web.servlet.mvc.method.annotation.RequestMappingHandlerAdapterTests	OK	16	16	0	1436
org.springframework.web.servlet.mvc.method.annotation.RequestResponseBodyMethodProcessorTests	OK	51	51	0	3653
org.springframework.web.servlet.mvc.method.annotation.ServletInvocableHandlerMethodTests	OK	25	25	0	599
org.springframework.web.servlet.mvc.method.annotation.UriTemplateServletAnnotationControllerHandlerMethodTests	FAIL	38	36	2	12009
org.springframework.web.servlet.resource.CssLinkResourceTransformerTests	OK	6	6	0	903
org.springframework.web.servlet.resource.ResourceHttpRequestHandlerTests	OK	45	45	0	2151
org.springframework.web.servlet.support.ExtendedServletRequestDataBinderTests	OK	18	18	0	545
org.springframework.web.servlet.tags.BindTagTests	OK	34	34	0	2110
org.springframework.web.servlet.tags.UrlTagTests	OK	36	36	0	1802
org.springframework.web.servlet.tags.form.HiddenInputTagTests	OK	5	5	0	428
org.springframework.web.servlet.tags.form.RadioButtonsTagTests	OK	14	14	0	1799
org.springframework.web.servlet.view.DefaultRequestToViewNameTranslatorTests	OK	26	26	0	1109
org.springframework.web.servlet.view.freemarker.FreeMarkerConfigurerTests	OK	3	3	0	615
org.springframework.web.servlet.view.script.JRubyScriptTemplateTests	OK	1	1	0	45751
org.springframework.web.servlet.view.xslt.XsltViewTests	OK	12	12	0	5523
org.springframework.web.socket.adapter.standard.ConvertingEncoderDecoderSupportTests	OK	13	13	0	2256
org.springframework.web.socket.config.annotation.WebMvcStompEndpointRegistryTests	OK	3	3	0	1714
org.springframework.web.socket.handler.PerConnectionWebSocketHandlerTests	OK	1	1	0	63
org.springframework.web.socket.messaging.SubProtocolWebSocketHandlerTests	OK	9	9	0	729
org.springframework.web.socket.server.support.HandshakeInterceptorChainTests	OK	3	3	0	597
org.springframework.web.socket.sockjs.client.RestClientXhrTransportTests	OK	6	6	0	766
org.springframework.web.socket.sockjs.transport.handler.DefaultSockJsServiceTests	OK	17	17	0	1777
org.springframework.aop.config.AopNamespaceHandlerScopeIntegrationTests	OK	3	3	0	6965
org.springframework.context.annotation.jsr330.ClassPathBeanDefinitionScannerJsr330ScopeIntegrationTests	OK	10	10	0	3365
org.springframework.aop.aspectj.AbstractAspectJAdviceTests	OK	6	6	0	3016
org.springframework.aop.aspectj.annotation.ArgumentBindingTests	OK	4	4	0	374
org.springframework.aop.aspectj.autoproxy.AspectJPrecedenceComparatorTests	OK	9	9	0	278
org.springframework.aop.framework.CoroutinesUtilsTests	OK	4	4	0	1145
org.springframework.aop.interceptor.AsyncExecutionInterceptorTests	OK	1	1	0	1147
org.springframework.aop.scope.DefaultScopedObjectTests	OK	4	4	0	1917
org.springframework.aop.support.ComposablePointcutTests	OK	5	5	0	106
org.springframework.aop.support.RootClassFilterTests	OK	4	4	0	75
org.springframework.aop.target.ThreadLocalTargetSourceTests	OK	5	5	0	1704
org.springframework.beans.BeanWrapperGenericsTests	OK	42	42	0	1358
org.springframework.beans.PropertyDescriptorUtilsPropertyResolutionTests	FAIL	42	33	9	27870
org.springframework.beans.factory.FactoryBeanLookupTests	FAIL	5	3	2	875
org.springframework.beans.factory.annotation.CustomAutowireConfigurerTests	OK	1	1	0	128
org.springframework.beans.factory.aot.AutowiredArgumentsCodeGeneratorTests	OK	10	10	0	168
org.springframework.beans.factory.aot.BeanRegistrationAotContributionTests	OK	4	4	0	694
org.springframework.beans.factory.config.CustomScopeConfigurerTests	OK	7	7	0	479
org.springframework.beans.factory.config.PropertyResourceConfigurerTests	OK	31	31	0	800
org.springframework.beans.factory.parsing.FailFastProblemReporterTests	OK	2	2	0	602
org.springframework.beans.factory.support.BeanDefinitionTests	OK	7	7	0	150
org.springframework.beans.factory.support.DefaultSingletonBeanRegistryTests	OK	3	3	0	254
org.springframework.beans.factory.support.PropertiesBeanDefinitionReaderTests	OK	3	3	0	199
org.springframework.beans.factory.wiring.ClassNameBeanWiringInfoResolverTests	OK	2	2	0	56
org.springframework.beans.factory.xml.EventPublicationTests	OK	4	4	0	1714
org.springframework.beans.factory.xml.SimpleConstructorNamespaceHandlerTests	OK	8	8	0	1428
org.springframework.beans.propertyeditors.ByteArrayPropertyEditorTests	OK	2	2	0	61
org.springframework.beans.propertyeditors.ReaderEditorTests	OK	4	4	0	90
org.springframework.aop.aspectj.AfterAdviceBindingTests	OK	6	6	0	4497
org.springframework.aop.aspectj.BeanNamePointcutTests	OK	6	6	0	3892
org.springframework.aop.aspectj.ProceedTests	OK	4	4	0	2066
org.springframework.aop.aspectj.autoproxy.AnnotationPointcutTests	OK	2	2	0	396
org.springframework.aop.aspectj.generic.AfterReturningGenericTypeMatchingTests	OK	4	4	0	1798
org.springframework.aop.config.AopNamespaceHandlerTests	OK	5	5	0	1890
org.springframework.aop.framework.ProxyFactoryBeanTests	OK	34	34	0	22788
org.springframework.aop.target.CommonsPool2TargetSourceTests	OK	9	9	0	3410
org.springframework.beans.factory.xml.support.CustomNamespaceHandlerTests	OK	9	9	0	2564
org.springframework.cache.concurrent.ConcurrentMapCacheManagerTests	OK	3	3	0	111
org.springframework.cache.config.EnableCachingTests	OK	74	74	0	48914
org.springframework.cache.interceptor.KotlinSimpleKeyGeneratorTests	OK	3	3	0	852
org.springframework.context.annotation.AnnotationConfigApplicationContextTests	FAIL	36	35	1	3550
org.springframework.context.annotation.BeanMethodPolymorphismTests	OK	15	15	0	1892
org.springframework.context.annotation.ComponentScanAnnotationIntegrationTests	OK	25	25	0	26040
org.springframework.context.annotation.ConfigurationClassAndBeanMethodTests	OK	3	3	0	178
org.springframework.context.annotation.ConfigurationWithFactoryBeanAndParametersTests	OK	1	1	0	166
org.springframework.context.annotation.FactoryMethodResolutionTests	OK	2	2	0	277
org.springframework.context.annotation.ImportVersusDirectRegistrationTests	OK	3	3	0	178
org.springframework.context.annotation.ReflectionUtilsIntegrationTests	OK	1	1	0	34
org.springframework.context.annotation.Spr12278Tests	OK	3	3	0	640
org.springframework.context.annotation.Spr8954Tests	OK	2	2	0	149
org.springframework.context.annotation.configuration.ConfigurationClassWithPlaceholderConfigurerBeanTests	OK	5	5	0	624
org.springframework.context.annotation.configuration.ImportWithConditionTests	OK	2	2	0	317
org.springframework.context.annotation.configuration.spr8955.Spr8955Tests	OK	1	1	0	100
org.springframework.context.annotation.spr8808.Spr8808Tests	OK	1	1	0	115
org.springframework.context.aot.ReflectiveProcessorAotContributionBuilderTests	OK	6	6	0	367
org.springframework.context.event.ApplicationListenerMethodAdapterTests	OK	39	39	0	3496
org.springframework.context.expression.ApplicationContextExpressionTests	OK	7	7	0	905
org.springframework.context.groovy.GroovyApplicationContextTests	OK	4	4	0	8662
org.springframework.context.support.BeanFactoryPostProcessorTests	OK	9	9	0	566
org.springframework.context.support.PropertyResourceConfigurerIntegrationTests	OK	7	7	0	798
org.springframework.context.support.StaticApplicationContextTests	OK	38	38	0	4591
org.springframework.format.datetime.standard.DateTimeFormattingTests	FAIL	61	58	3	4275
org.springframework.format.number.money.MoneyFormattingTests	OK	6	6	0	702
org.springframework.jmx.AbstractMBeanServerTests	EMPTY	0	0	0	15
org.springframework.jmx.export.NotificationPublisherTests	FAIL	4	3	1	1237
org.springframework.jmx.export.assembler.InterfaceBasedMBeanInfoAssemblerCustomTests	FAIL	13	7	6	3652
org.springframework.jmx.export.assembler.MethodNameBasedMBeanInfoAssemblerTests	FAIL	14	8	6	3119
org.springframework.jmx.export.notification.ModelMBeanNotificationPublisherTests	OK	7	7	0	109
org.springframework.jndi.JndiTemplateTests	OK	7	7	0	1443
org.springframework.scheduling.annotation.EnableAsyncTests	FAIL	18	17	1	14467
org.springframework.scheduling.concurrent.ConcurrentTaskSchedulerTests	OK	40	40	0	3903
org.springframework.scheduling.concurrent.ThreadPoolTaskSchedulerTests	FAIL	40	38	2	6048
org.springframework.scheduling.config.TaskExecutionOutcomeTests	OK	7	7	0	165
org.springframework.scripting.bsh.BshScriptEvaluatorTests	OK	3	3	0	126
org.springframework.scripting.support.RefreshableScriptTargetSourceTests	OK	1	1	0	997
org.springframework.validation.DataBinderFieldAccessTests	OK	7	7	0	212
org.springframework.validation.beanvalidation.BeanValidationMergedAnnotationsTests	OK	1	0	0	48
org.springframework.validation.beanvalidation.ValidatorFactoryTests	OK	14	14	0	15912
org.springframework.cache.jcache.JCacheEhCacheAnnotationTests	OK	68	67	0	72184
org.springframework.cache.jcache.interceptor.CachePutOperationTests	OK	6	6	0	145
org.springframework.cache.transaction.AbstractTransactionSupportingCacheManagerTests	EMPTY	0	0	0	11
org.springframework.scheduling.quartz.QuartzSupportTests	FAIL	17	8	1	5071
org.springframework.aot.generate.FileSystemGeneratedFilesTests	OK	10	10	0	348
org.springframework.aot.generate.MethodNameTests	OK	7	7	0	92
org.springframework.aot.hint.ProxyHintsExtensionsTests	OK	1	1	0	1565
org.springframework.aot.hint.RuntimeHintsTests	OK	4	4	0	91
org.springframework.aot.hint.annotation.RegisterReflectionForBindingProcessorTests	OK	4	4	0	113
org.springframework.aot.hint.support.KotlinDetectorRuntimeHintsTests	OK	2	2	0	69
org.springframework.aot.nativex.feature.ThrowawayClassLoaderTests	OK	2	2	0	71
org.springframework.core.ConventionsTests	OK	9	9	0	156
org.springframework.core.MethodIntrospectorTests	OK	1	1	0	41
org.springframework.core.PropagationContextElementTests	OK	2	2	0	222
org.springframework.core.StandardReflectionParameterNameDiscoverTests	OK	1	1	0	123
org.springframework.core.annotation.AnnotationTypeMappingsTests	OK	43	43	0	678
org.springframework.core.annotation.MergedAnnotationPredicatesTests	OK	11	11	0	146
org.springframework.core.annotation.OrderSourceProviderTests	OK	7	7	0	103
org.springframework.core.codec.ByteBufferDecoderTests	OK	3	3	0	579
org.springframework.core.codec.ResourceDecoderTests	OK	4	4	0	94
org.springframework.core.convert.converter.DefaultConversionServiceTests	OK	152	152	0	5224
org.springframework.core.env.AbstractPropertyResolverTests	OK	7	7	0	107
org.springframework.core.env.PropertySourcesPropertyResolverTests	OK	32	32	0	456
org.springframework.core.io.ResourceEditorTests	OK	7	7	0	97
org.springframework.core.io.buffer.PooledDataBufferTests	OK	10	10	0	1178
org.springframework.core.io.support.SpringFactoriesLoaderKotlinTests	OK	8	8	0	854
org.springframework.core.retry.support.RetryTaskTests	OK	16	16	0	237
org.springframework.core.task.support.CompositeTaskDecoratorTests	OK	4	4	0	677
org.springframework.core.type.AnnotationTypeFilterTests	OK	6	6	0	103
org.springframework.core.type.classreading.ClassMetadataReadingVisitorMemberClassTests	OK	4	4	0	71
org.springframework.util.ClassUtilsTests	FAIL	106	104	2	1693
org.springframework.util.DigestUtilsTests	OK	3	3	0	56
org.springframework.util.FilteredMapTests	OK	8	8	0	104
org.springframework.util.MultiToSingleValueMapAdapterTests	OK	12	12	0	167
org.springframework.util.PropertyPlaceholderHelperTests	OK	16	16	0	876
org.springframework.util.StringUtilsTests	OK	86	86	0	1594
org.springframework.util.comparator.NullSafeComparatorTests	OK	2	2	0	42
org.springframework.util.unit.DataSizeTests	OK	42	42	0	521
org.springframework.util.xml.StaxEventXMLReaderTests	OK	6	6	0	1007
org.springframework.util.xml.XMLEventStreamWriterTests	OK	1	1	0	130
org.springframework.core.test.tools.CompiledTests	OK	14	14	0	13334
org.springframework.core.test.tools.SourceFileTests	FAIL	14	12	2	260
org.springframework.expression.spel.ConstructorInvocationTests	OK	7	7	0	418
org.springframework.expression.spel.LiteralTests	OK	17	17	0	279
org.springframework.expression.spel.ParsingTests	OK	80	80	0	1547
org.springframework.expression.spel.SpelExceptionTests	OK	9	9	0	137
org.springframework.expression.spel.ast.FormatHelperTests	OK	2	2	0	35
org.springframework.expression.spel.support.ReflectiveIndexAccessorTests	OK	5	5	0	4045
org.springframework.jdbc.core.DataClassRowMapperKotlinTests	OK	2	2	0	8547
org.springframework.jdbc.core.StatementCreatorUtilsTests	OK	34	34	0	5567
org.springframework.jdbc.core.simple.CallMetaDataContextTests	OK	1	1	0	366
org.springframework.jdbc.core.simple.TableMetaDataContextTests	OK	2	2	0	90
org.springframework.jdbc.datasource.DataSourceTransactionManagerTests	OK	55	55	0	2654
org.springframework.jdbc.datasource.UserCredentialsDataSourceAdapterTests	OK	3	3	0	53
org.springframework.jdbc.datasource.init.H2DatabasePopulatorTests	OK	16	16	0	8676
org.springframework.jdbc.datasource.lookup.JndiDataSourceLookupTests	OK	2	2	0	45
org.springframework.jdbc.object.StoredProcedureTests	OK	18	18	0	5113
org.springframework.jdbc.support.SQLErrorCodeSQLExceptionTranslatorTests	OK	7	7	0	861
org.springframework.jdbc.support.rowset.ResultSetWrappingRowSetTests	OK	22	22	0	5582
org.springframework.jms.config.JmsListenerEndpointRegistryTests	OK	4	4	0	198
org.springframework.jms.connection.UserCredentialsConnectionFactoryAdapterTests	OK	10	10	0	1324
org.springframework.jms.listener.DefaultMessageListenerContainerTests	OK	9	9	0	1912
org.springframework.jms.listener.endpoint.JmsActivationSpecConfigTests	OK	3	3	0	68
org.springframework.jms.support.converter.MarshallingMessageConverterTests	OK	4	4	0	2411
org.springframework.messaging.converter.GenericMessageConverterTests	OK	3	3	0	236
org.springframework.messaging.converter.ProtobufMessageConverterTests	OK	8	8	0	1627
org.springframework.messaging.core.MessageSendingTemplateTests	OK	11	11	0	252
org.springframework.messaging.handler.annotation.support.AnnotationExceptionHandlerMethodResolverTests	OK	10	10	0	217
org.springframework.messaging.handler.invocation.MethodMessageHandlerTests	OK	6	6	0	174
org.springframework.messaging.rsocket.MetadataEncoderTests	OK	10	10	0	931
org.springframework.messaging.rsocket.annotation.support.RSocketMessageHandlerTests	OK	10	10	0	1380
org.springframework.messaging.rsocket.service.RSocketServiceMethodKotlinTests	OK	5	5	0	1322
org.springframework.messaging.simp.annotation.support.PrincipalMethodArgumentResolverTests	OK	2	2	0	54
org.springframework.messaging.simp.broker.SimpleBrokerMessageHandlerTests	OK	10	10	0	1595
org.springframework.messaging.simp.stomp.ReactorNettyTcpStompClientTests	FAIL	1	0	1	216
org.springframework.messaging.simp.user.DefaultUserDestinationResolverTests	OK	12	12	0	844
org.springframework.messaging.support.MessageHeaderAccessorTests	OK	30	30	0	495
org.springframework.orm.jpa.EntityManagerFactoryBeanSupportTests	OK	1	1	0	1006
org.springframework.orm.jpa.eclipselink.EclipseLinkEntityManagerFactoryScanIntegrationTests	OK	20	20	0	5097
org.springframework.orm.jpa.hibernate.HibernateNativeEntityManagerFactorySpringBeanContainerIntegrationTests	OK	13	13	0	3843
org.springframework.orm.jpa.support.OpenEntityManagerInViewTests	OK	6	6	0	2145
org.springframework.oxm.config.OxmNamespaceHandlerTests	OK	2	2	0	849
org.springframework.r2dbc.connection.SingleConnectionFactoryTests	OK	6	6	0	1121
org.springframework.r2dbc.connection.lookup.AbstractRoutingConnectionFactoryTests	OK	10	10	0	337
org.springframework.r2dbc.core.H2DatabaseClientIntegrationTests	OK	10	10	0	706
org.springframework.r2dbc.core.binding.BindMarkersFactoryResolverTests	OK	6	6	0	88
org.springframework.mock.web.MockHttpServletRequestTests	OK	76	76	0	1660
org.springframework.test.context.ContextConfigurationAttributesTests	OK	1	1	0	47
org.springframework.test.context.TestContextConcurrencyTests	OK	1	1	0	706
org.springframework.test.context.aot.AotIntegrationTests	FAIL	4	0	2	59847
org.springframework.test.context.aot.samples.basic.AbstractSpringJupiterParameterizedClassTests	EMPTY	0	0	0	44
org.springframework.test.context.aot.samples.basic.BasicTestNGTests	OK	1	1	0	77
org.springframework.test.context.aot.samples.hints.DeclarativeRuntimeHintsSpringJupiterTests	OK	1	1	0	388
org.springframework.test.context.async.AsyncMethodsSpringTestContextIntegrationTests	EMPTY	0	0	0	54
org.springframework.test.context.bean.override.convention.TestBeanByTypeLookupIntegrationTests	FAIL	4	1	3	523
org.springframework.test.context.bean.override.convention.TestBeanTests	OK	8	8	0	1351
org.springframework.test.context.bean.override.convention.hierarchies.TestBeanByTypeInParentContextHierarchyTests	OK	1	1	0	1342
org.springframework.test.context.bean.override.mockito.MockitoBeanByTypeLookupForConstructorParametersIntegrationKotlinTests	OK	1	1	0	757
org.springframework.test.context.bean.override.mockito.MockitoBeanManuallyRegisteredSingletonTests	OK	1	1	0	476
org.springframework.test.context.bean.override.mockito.MockitoBeanWithInterfacePresentTwiceTests	OK	1	1	0	204
org.springframework.test.context.bean.override.mockito.MockitoSpyBeanByNameLookupTestMethodScopedExtensionContextIntegrationTests	OK	3	3	0	704
org.springframework.test.context.bean.override.mockito.SpringMockResolverTests	OK	2	2	0	64
org.springframework.test.context.bean.override.mockito.hierarchies.MockitoBeanByNameInParentAndChildContextHierarchyTests	OK	1	1	0	420
org.springframework.test.context.bean.override.mockito.hierarchies.MockitoSpyBeanByNameInParentAndChildContextHierarchyV2Tests	OK	1	1	0	441
org.springframework.test.context.bean.override.mockito.integration.AbstractMockitoBeanAndGenericsIntegrationTests	EMPTY	0	0	0	40
org.springframework.test.context.bean.override.mockito.integration.MockitoBeanWithDirtiesContextBeforeMethodIntegrationTests	OK	2	2	0	625
org.springframework.test.context.bean.override.mockito.integration.MockitoSpyBeanAndSpringAopProxyIntegrationTests	OK	4	4	0	2124
org.springframework.test.context.bean.override.mockito.integration.MockitoSpyBeanWithMultipleExistingBeansAndExplicitQualifierIntegrationTests	OK	1	1	0	437
org.springframework.test.context.bean.override.mockito.typelevel.MockitoSpyBeansTests	OK	2	2	0	122
org.springframework.test.context.cache.LruContextCacheTests	OK	12	12	0	8816
org.springframework.test.context.config.BeanOverridingExplicitConfigClassesInheritedTests	OK	1	1	0	302
org.springframework.test.context.config.DefaultLoaderDefaultConfigClassesInheritedTests	OK	2	2	0	335
org.springframework.test.context.config.MultipleResourcesContextConfigurationAppCtxTests	OK	9	9	0	1550
org.springframework.test.context.config.interfaces.SqlConfigInterfaceTests	FAIL	1	0	1	1285
org.springframework.test.context.config.meta.MetaMetaConfigDefaultsTests	OK	1	1	0	336
org.springframework.test.context.env.AbstractExplicitPropertiesFileTests	EMPTY	0	0	0	28
org.springframework.test.context.env.InlinedPropertiesOverridePropertiesFilesTestPropertySourceTests	OK	1	1	0	1143
org.springframework.test.context.env.repeatable.AbstractRepeatableTestPropertySourceTests	EMPTY	0	0	0	24
org.springframework.test.context.env.repeatable.LocalInlinedPropertyOverridesMetaInlinedPropertyTests	OK	1	1	0	205
org.springframework.test.context.event.DirtiesContextEventPublishingTests	OK	4	4	0	1881
org.springframework.test.context.groovy.DefaultScriptDetectionXmlSupersedesGroovySpringContextTests	OK	1	1	0	781
org.springframework.test.context.hierarchies.standard.ClassHierarchyWithMergedConfigLevelTwoTests	OK	1	1	0	429
org.springframework.test.context.hierarchies.standard.TestHierarchyLevelOneWithSingleLevelContextHierarchyTests	OK	1	1	0	234
org.springframework.test.context.hierarchies.web.RootWacEarTests	OK	2	1	0	411
org.springframework.test.context.initializers.annotation.InitializerConfiguredViaMetaAnnotationTests	OK	1	1	0	239
org.springframework.test.context.initializers.xml.MultipleInitializersXmlConfigTests	OK	1	1	0	365
org.springframework.test.context.jdbc.GeneratedDatabaseNamesTests	OK	1	1	0	5412
org.springframework.test.context.jdbc.MultipleDataSourcesAndTransactionManagersSqlScriptsTests	FAIL	2	0	2	1301
org.springframework.test.context.jdbc.SqlScriptsAndTransactionAwareDataSourceProxyTests	OK	2	2	0	1082
org.springframework.test.context.jsr250.Jsr250LifecycleTests	OK	2	2	0	259
org.springframework.test.context.junit.jupiter.FailingBeforeAndAfterMethodsSpringExtensionTests	FAIL	9	7	2	2066
org.springframework.test.context.junit.jupiter.TestConstructorAnnotationIntegrationTests	OK	3	3	0	471
org.springframework.test.context.junit.jupiter.generics.CatTests	OK	2	2	0	378
org.springframework.test.context.junit.jupiter.nested.ContextConfigurationTestClassScopedExtensionContextNestedTests	OK	6	6	0	1187
org.springframework.test.context.junit.jupiter.nested.ParameterizedCtxConfigTestClassScopedExtensionContextNestedTests	OK	14	14	0	2445
org.springframework.test.context.junit.jupiter.nested.TransactionalNestedTests	FAIL	8	0	8	2219
org.springframework.test.context.junit4.ConcreteTransactionalJUnit4SpringContextTests	OK	8	8	0	4319
org.springframework.test.context.junit4.SpringJUnit4ClassRunnerTests	OK	3	3	0	90
org.springframework.test.context.junit4.nested.NestedTestsWithSpringRulesTests	OK	2	2	0	502
org.springframework.test.context.junit4.rules.MockitoBeanAndSpringMethodRuleWithRepeatJUnit4IntegrationTests	OK	1	1	0	461
org.springframework.test.context.junit4.rules.TransactionalSqlScriptsSpringRuleTests	FAIL	2	0	2	793
org.springframework.test.context.observation.MicrometerObservationRegistryTestExecutionListenerDependencyTests	OK	3	3	0	113
org.springframework.test.context.profile.annotation.DevProfileAnnotationConfigTests	OK	2	2	0	362
org.springframework.test.context.profile.xml.DevProfileXmlConfigTests	OK	2	2	0	366
org.springframework.test.context.support.CommonCachesTestExecutionListenerTests	OK	2	2	0	4033
org.springframework.test.context.support.DynamicPropertiesContextCustomizerTests	OK	7	7	0	836
org.springframework.test.context.testng.ConcreteTransactionalTestNGSpringContextTests	OK	8	8	0	4210
org.springframework.test.context.testng.transaction.ejb.CommitForRequiredEjbTxDaoTestNGTests	OK	3	3	0	4164
org.springframework.test.context.transaction.BeforeAndAfterTransactionAnnotationTests	OK	3	3	0	2057
org.springframework.test.context.transaction.ejb.AbstractEjbTxDaoTests	EMPTY	0	0	0	28
org.springframework.test.context.transaction.manager.LookUpTxMgrByTypeTests	OK	1	1	0	271
org.springframework.test.context.web.AnnotationConfigWebContextLoaderTests	OK	1	1	0	48
org.springframework.test.context.web.RequestAndSessionScopedBeansWacTests	OK	2	2	0	461
org.springframework.test.jdbc.JdbcTestUtilsTests	OK	3	3	0	8017
org.springframework.test.util.MethodAssertTests	OK	7	7	0	133
org.springframework.test.web.client.SimpleRequestExpectationManagerTests	OK	12	12	0	222
org.springframework.test.web.client.response.ExecutingResponseCreatorTests	OK	3	3	0	742
org.springframework.test.web.client.samples.matchers.XpathRequestMatchersIntegrationTests	OK	6	6	0	1097
org.springframework.test.web.reactive.server.MockServerTests	OK	4	4	0	307
org.springframework.test.web.reactive.server.samples.ExchangeMutatorTests	OK	2	2	0	1915
org.springframework.test.web.reactive.server.samples.bind.ControllerTests	OK	1	1	0	813
org.springframework.test.web.servlet.assertj.AbstractHttpServletResponseAssertTests	OK	19	19	0	323
org.springframework.test.web.servlet.assertj.MockMvcTesterTests	OK	18	18	0	6056
org.springframework.test.web.servlet.client.assertj.RestTestClientResponseTests	OK	6	6	0	1087
org.springframework.test.web.servlet.client.samples.bind.ApplicationContextTests	OK	1	1	0	1104
org.springframework.test.web.servlet.htmlunit.HtmlUnitRequestBuilderTests	OK	82	82	0	3263
org.springframework.test.web.servlet.request.AbstractMockHttpServletRequestBuilderTests	OK	10	10	0	391
org.springframework.test.web.servlet.result.JsonPathResultMatchersTests	OK	43	43	0	713
org.springframework.test.web.servlet.samples.client.context.JavaConfigTests	OK	1	1	0	2830
org.springframework.test.web.servlet.samples.client.standalone.ReactiveReturnTypeTests	OK	1	1	0	3223
org.springframework.test.web.servlet.samples.client.standalone.resultmatches.ContentAssertionTests	OK	5	5	0	862
org.springframework.test.web.servlet.samples.client.standalone.resultmatches.SessionAttributeAssertionTests	OK	3	3	0	521
org.springframework.test.web.servlet.samples.context.WebAppResourceTests	FAIL	2	1	1	2825
org.springframework.test.web.servlet.samples.spr.RequestContextHolderTests	OK	4	4	0	2161
org.springframework.test.web.servlet.samples.standalone.RedirectTests	OK	5	5	0	1144
org.springframework.test.web.servlet.samples.standalone.resultmatchers.CookieAssertionTests	OK	17	17	0	2289
org.springframework.test.web.servlet.samples.standalone.resultmatchers.StatusAssertionTests	OK	5	5	0	833
org.springframework.test.web.servlet.setup.StandaloneMockMvcBuilderTests	OK	9	9	0	1433
org.springframework.dao.support.DataAccessUtilsTests	OK	11	11	0	263
org.springframework.transaction.annotation.AnnotationTransactionNamespaceHandlerTests	FAIL	5	4	1	2719
org.springframework.transaction.event.TransactionalEventListenerTests	OK	23	23	0	10304
org.springframework.transaction.interceptor.RuleBasedTransactionAttributeTests	OK	9	9	0	113
org.springframework.transaction.reactive.TransactionalOperatorTests	OK	11	11	0	1107
org.springframework.http.HttpHeadersTests	OK	72	72	0	1407
org.springframework.http.RequestEntityTests	OK	9	9	0	142
org.springframework.http.client.HttpComponentsClientHttpRequestFactoryTests	OK	18	18	0	2876
org.springframework.http.client.ReactorClientHttpRequestFactoryTests	OK	10	10	0	1735
org.springframework.http.client.support.InterceptingHttpAccessorTests	OK	1	1	0	74
org.springframework.http.codec.ResourceHttpMessageWriterTests	OK	7	7	0	190
org.springframework.http.codec.cbor.KotlinSerializationCborDecoderTests	OK	4	4	0	389
org.springframework.http.codec.json.GsonDecoderTests	OK	3	3	0	103
org.springframework.http.codec.json.JacksonJsonDecoderTests	OK	22	22	0	708
org.springframework.http.codec.multipart.PartEventHttpMessageWriterTests	OK	3	3	0	141
org.springframework.http.codec.smile.JacksonSmileDecoderTests	OK	3	3	0	1134
org.springframework.http.codec.xml.Jaxb2XmlDecoderTests	OK	11	11	0	363
org.springframework.http.converter.ObjectToStringHttpMessageConverterTests	OK	10	10	0	362
org.springframework.http.converter.json.GsonFactoryBeanTests	OK	11	11	0	201
org.springframework.http.converter.json.ProblemDetailJacksonMixinTests	OK	4	4	0	173
org.springframework.http.converter.smile.JacksonSmileHttpMessageConverterTests	OK	4	4	0	1261
org.springframework.http.converter.yaml.JacksonYamlHttpMessageConverterTests	OK	4	4	0	518
org.springframework.http.server.observation.ServerRequestObservationContextTests	OK	1	1	0	37
org.springframework.http.server.reactive.HeadersAdaptersTests	OK	90	90	0	1915
org.springframework.http.server.reactive.ServerHttpRequestTests	OK	17	17	0	875
org.springframework.http.support.JacksonHandlerInstantiatorTests	OK	5	5	0	454
org.springframework.web.accept.MappingMediaTypeFileExtensionResolverTests	OK	5	5	0	92
org.springframework.web.bind.ServletRequestDataBinderTests	OK	12	12	0	282
org.springframework.web.bind.support.WebExchangeDataBinderTests	OK	12	12	0	1575
org.springframework.web.client.ExtractingResponseErrorHandlerTests	OK	6	6	0	717
org.springframework.web.client.RestClientResponseExceptionTests	OK	1	1	0	29
org.springframework.web.client.support.RestClientHttpServiceGroupAdapterTests	OK	1	1	0	140
org.springframework.web.context.request.ServletRequestAttributesTests	OK	15	15	0	1611
org.springframework.web.context.request.async.WebAsyncManagerErrorTests	OK	11	11	0	1122
org.springframework.web.context.support.SpringBeanAutowiringSupportTests	OK	1	1	0	150
org.springframework.web.cors.reactive.DefaultCorsProcessorTests	OK	29	29	0	1519
org.springframework.web.filter.ForwardedHeaderFilterTests	OK	57	57	0	1528
org.springframework.web.filter.UrlHandlerFilterTests	OK	7	7	0	113
org.springframework.web.method.HandlerTypePredicateTests	OK	2	2	0	60
org.springframework.web.method.annotation.ModelAttributeMethodProcessorKotlinTests	OK	2	2	0	1150
org.springframework.web.method.annotation.RequestParamMethodArgumentResolverKotlinTests	OK	30	30	0	1847
org.springframework.web.method.support.InvocableHandlerMethodKotlinTests	OK	30	30	0	3345
org.springframework.web.server.CoWebExceptionHandlerTest	OK	1	1	0	72
org.springframework.web.server.handler.ExceptionHandlingWebHandlerTests	OK	6	6	0	298
org.springframework.web.server.session.InMemoryWebSessionStoreTests	OK	10	10	0	419
org.springframework.web.service.invoker.HttpServiceProxyFactoryExtensionsTests	OK	1	1	0	1596
org.springframework.web.service.invoker.RequestParamArgumentResolverTests	OK	2	2	0	298
org.springframework.web.service.registry.ImportHttpServiceRegistrarTests	FAIL	5	3	2	695
org.springframework.web.util.ServletContextPropertyUtilsTests	OK	2	2	0	43
org.springframework.web.util.WebUtilsTests	OK	6	6	0	143
org.springframework.web.reactive.FlushingIntegrationTests	OK	12	12	0	9722
org.springframework.web.reactive.accept.RequestedContentTypeResolverBuilderTests	OK	6	6	0	224
org.springframework.web.reactive.config.WebFluxViewResolutionIntegrationTests	OK	4	4	0	4168
org.springframework.web.reactive.function.client.DefaultClientRequestObservationConventionTests	OK	11	11	0	158
org.springframework.web.reactive.function.client.WebClientIntegrationTests	FAIL	170	168	1	25637
org.springframework.web.reactive.function.client.support.WebClientHttpServiceGroupAdapterTests	OK	1	1	0	244
org.springframework.web.reactive.function.server.DefaultServerRequestTests	OK	52	52	0	3447
org.springframework.web.reactive.function.server.PathResourceLookupFunctionTests	OK	6	6	0	269
org.springframework.web.reactive.function.server.RouterFunctionBuilderTests	OK	8	8	0	580
org.springframework.web.reactive.function.server.support.RouterFunctionMappingTests	OK	5	5	0	413
org.springframework.web.reactive.resource.CssLinkResourceTransformerTests	OK	6	6	0	1138
org.springframework.web.reactive.resource.ResourceUrlProviderTests	OK	6	6	0	695
org.springframework.web.reactive.result.condition.HeadersRequestConditionTests	OK	14	14	0	409
org.springframework.web.reactive.result.method.HandlerMethodMappingTests	OK	9	9	0	391
org.springframework.web.reactive.result.method.annotation.ControllerMethodResolverTests	OK	7	7	0	1447
org.springframework.web.reactive.result.method.annotation.InitBinderBindingContextTests	OK	23	23	0	1000
org.springframework.web.reactive.result.method.annotation.MethodValidationTests	OK	8	8	0	5863
org.springframework.web.reactive.result.method.annotation.PathVariableMethodArgumentResolverTests	OK	7	7	0	344
org.springframework.web.reactive.result.method.annotation.RequestMappingExceptionHandlingIntegrationTests	OK	26	26	0	63452
org.springframework.web.reactive.result.method.annotation.RequestParamMethodArgumentResolverTests	OK	15	15	0	2109
org.springframework.web.reactive.result.method.annotation.SseIntegrationTests	OK	48	42	0	73500
org.springframework.web.reactive.result.view.RedirectViewTests	OK	9	9	0	503
org.springframework.web.reactive.result.view.script.JythonScriptTemplateTests	OK	1	1	0	34395
org.springframework.web.reactive.socket.server.upgrade.ReactorNettyRequestUpgradeStrategyTests	OK	1	1	0	58
org.springframework.web.servlet.FlashMapTests	OK	7	7	0	416
org.springframework.web.servlet.config.annotation.DelegatingWebMvcConfigurationTests	OK	9	9	0	3266
org.springframework.web.servlet.function.DefaultAsyncServerResponseTests	OK	2	2	0	556
org.springframework.web.servlet.function.RequestPredicatesTests	OK	21	21	0	502
org.springframework.web.servlet.function.SseServerResponseTests	OK	8	8	0	307
org.springframework.web.servlet.handler.CorsAbstractHandlerMappingTests	OK	20	20	0	1678
org.springframework.web.servlet.handler.SimpleUrlHandlerMappingTests	OK	16	16	0	686
org.springframework.web.servlet.mvc.WebContentInterceptorTests	OK	9	9	0	360
org.springframework.web.servlet.mvc.condition.PathPatternsRequestConditionTests	OK	15	15	0	325
org.springframework.web.servlet.mvc.method.RequestMappingInfoTests	OK	16	16	0	438
org.springframework.web.servlet.mvc.method.annotation.HandlerMethodAnnotationDetectionTests	OK	12	12	0	8665
org.springframework.web.servlet.mvc.method.annotation.MvcUriComponentsBuilderTests	OK	52	52	0	19641
org.springframework.web.servlet.mvc.method.annotation.RequestMappingHandlerMappingTests	OK	35	35	0	2781
org.springframework.web.servlet.mvc.method.annotation.RequestScopedControllerAdviceIntegrationTests	OK	1	1	0	1595
org.springframework.web.servlet.mvc.method.annotation.ServletModelAttributeMethodProcessorTests	OK	8	8	0	483
org.springframework.web.servlet.mvc.method.annotation.ViewMethodReturnValueHandlerTests	OK	3	3	0	101
org.springframework.web.servlet.resource.EncodedResourceResolverTests	OK	4	4	0	168
org.springframework.web.servlet.resource.ResourceTransformerSupportTests	OK	4	4	0	99
org.springframework.web.servlet.support.FlashMapManagerTests	OK	15	15	0	301
org.springframework.web.servlet.tags.EvalTagTests	OK	11	11	0	3241
org.springframework.web.servlet.tags.form.AbstractFormTagTests	EMPTY	0	0	0	105
org.springframework.web.servlet.tags.form.InputTagTests	OK	16	16	0	1283
org.springframework.web.servlet.tags.form.SelectTagTests	OK	39	39	0	3972
org.springframework.web.servlet.view.InternalResourceViewTests	OK	5	5	0	1999
org.springframework.web.servlet.view.freemarker.FreeMarkerMacroTests	OK	22	22	0	8179
org.springframework.web.servlet.view.script.JythonScriptTemplateTests	OK	1	1	0	47918
org.springframework.web.socket.AbstractHttpRequestTests	EMPTY	0	0	0	110
org.springframework.web.socket.adapter.standard.StandardWebSocketHandlerAdapterTests	OK	3	3	0	1602
org.springframework.web.socket.config.annotation.WebMvcStompWebSocketEndpointRegistrationTests	OK	10	10	0	1462
org.springframework.web.socket.handler.WebSocketHandlerDecoratorTests	OK	1	1	0	34
org.springframework.web.socket.messaging.WebSocketAnnotationMethodMessageHandlerTests	OK	1	1	0	256
org.springframework.web.socket.server.support.HttpSessionHandshakeInterceptorTests	OK	5	5	0	116
org.springframework.web.socket.sockjs.client.RestTemplateXhrTransportTests	OK	6	6	0	1838
org.springframework.web.socket.sockjs.transport.handler.HttpReceivingTransportHandlerTests	OK	4	4	0	120
org.springframework.aop.framework.autoproxy.AdvisorAutoProxyCreatorIntegrationTests	OK	8	8	0	8456
org.springframework.context.annotation.scope.ClassPathBeanDefinitionScannerScopeIntegrationTests	OK	9	9	0	2658
org.springframework.aop.aspectj.AspectJAdviceParameterNameDiscovererTests	OK	40	40	0	1050
org.springframework.aop.aspectj.annotation.AspectJAdvisorBeanRegistrationAotProcessorTests	OK	2	2	0	1092
org.springframework.aop.config.AopNamespaceHandlerEventTests	OK	4	4	0	1495
org.springframework.aop.framework.IntroductionBenchmarkTests	OK	1	1	0	30530
org.springframework.aop.interceptor.ConcurrencyThrottleInterceptorTests	OK	3	3	0	66022
org.springframework.aop.scope.ScopedProxyAutowireTests	OK	2	2	0	408
org.springframework.aop.support.ControlFlowPointcutTests	OK	7	7	0	147
org.springframework.aop.support.annotation.AnnotationMatchingPointcutTests	OK	3	3	0	58
org.springframework.aop.target.dynamic.RefreshableTargetSourceTests	OK	4	3	0	169
org.springframework.beans.BeanWrapperTests	OK	106	106	0	2349
org.springframework.beans.PropertyMatchesTests	OK	12	12	0	194
org.springframework.beans.factory.FactoryBeanTests	OK	6	6	0	1639
org.springframework.beans.factory.annotation.InitDestroyAnnotationBeanPostProcessorTests	OK	8	8	0	11171
org.springframework.beans.factory.aot.AutowiredFieldValueResolverTests	OK	14	14	0	253
org.springframework.beans.factory.aot.BeanRegistrationsAotContributionTests	TIMEOUT	0	0	0	120000
org.springframework.beans.factory.config.DeprecatedBeanWarnerTests	OK	1	1	0	169
org.springframework.beans.factory.config.ServiceLocatorFactoryBeanTests	OK	12	10	0	1377
org.springframework.beans.factory.parsing.NullSourceExtractorTests	OK	2	2	0	157
org.springframework.beans.factory.support.BeanDefinitionValueResolverTests	OK	1	1	0	207
org.springframework.beans.factory.support.DefinitionMetadataEqualsHashCodeTests	OK	4	4	0	259
org.springframework.beans.factory.support.QualifierAnnotationAutowireBeanFactoryTests	OK	10	10	0	190
org.springframework.beans.factory.xml.AutowireWithExclusionTests	OK	10	10	0	2293
org.springframework.beans.factory.xml.FactoryMethodTests	OK	18	18	0	2645
org.springframework.beans.factory.xml.SimplePropertyNamespaceHandlerTests	OK	4	4	0	247
org.springframework.beans.propertyeditors.CharArrayPropertyEditorTests	OK	2	2	0	38
org.springframework.beans.propertyeditors.ResourceBundleEditorTests	OK	9	9	0	107
org.springframework.aop.aspectj.AfterReturningAdviceBindingTests	OK	12	12	0	7996
org.springframework.aop.aspectj.BeforeAdviceBindingTests	OK	5	5	0	1317
org.springframework.aop.aspectj.PropertyDependentAspectTests	OK	4	4	0	583
org.springframework.aop.aspectj.autoproxy.AspectImplementingInterfaceTests	OK	1	1	0	145
org.springframework.aop.aspectj.generic.GenericBridgeMethodMatchingClassProxyTests	OK	4	4	0	636
org.springframework.aop.config.AopNamespaceHandlerThrowingTests	OK	2	2	0	199
org.springframework.aop.framework.adapter.AdvisorAdapterRegistrationTests	OK	2	2	0	500
org.springframework.beans.factory.annotation.BridgeMethodAutowiringTests	OK	1	1	0	101
org.springframework.cache.CacheExtensionsTest	OK	3	3	0	68
org.springframework.cache.concurrent.ConcurrentMapCacheTests	OK	17	17	0	299
org.springframework.cache.config.ExpressionCachingIntegrationTests	OK	1	1	0	618
org.springframework.cache.interceptor.LoggingCacheErrorHandlerTests	OK	6	6	0	828
org.springframework.context.annotation.AnnotationScopeMetadataResolverTests	OK	9	9	0	152
org.springframework.context.annotation.BeanRegistrarDslConfigurationTests	OK	6	6	0	1104
org.springframework.context.annotation.ComponentScanAnnotationRecursionTests	OK	2	2	0	336
org.springframework.context.annotation.ConfigurationClassEnhancerTests	FAIL	5	3	2	111
org.springframework.context.annotation.ConfigurationWithFactoryBeanEarlyDeductionTests	OK	11	11	0	799
org.springframework.context.annotation.Gh23206Tests	OK	2	2	0	111
org.springframework.context.annotation.InitDestroyMethodLifecycleTests	OK	11	11	0	31673
org.springframework.context.annotation.ResourceElementResolverFieldTests	OK	9	9	0	140
org.springframework.context.annotation.Spr12636Tests	OK	2	2	0	637
org.springframework.context.annotation.beanregistrar.BeanRegistrarConfigurationTests	OK	12	12	0	1513
org.springframework.context.annotation.configuration.ConfigurationMetaAnnotationTests	OK	1	1	0	146
org.springframework.context.annotation.configuration.ImportedConfigurationClassEnhancementTests	OK	5	5	0	560
org.springframework.context.annotation.configuration.spr9031.Spr9031Tests	OK	2	2	0	217
org.springframework.context.aot.AotApplicationContextInitializerTests	OK	4	4	0	67
org.springframework.context.aot.ReflectiveProcessorBeanFactoryInitializationAotProcessorTests	OK	9	9	0	801
org.springframework.context.event.EventPublicationInterceptorTests	OK	5	5	0	291
org.springframework.context.expression.CachedExpressionEvaluatorTests	OK	3	3	0	452
org.springframework.context.groovy.GroovyBeanDefinitionReaderTests	FAIL	36	35	1	86233
org.springframework.context.support.ClassPathXmlApplicationContextTests	OK	20	20	0	9647
org.springframework.context.support.PropertySourcesPlaceholderConfigurerTests	OK	37	37	0	1051
org.springframework.context.support.StaticMessageSourceTests	OK	46	45	0	5489
org.springframework.format.datetime.standard.DurationFormatterUtilsKotlinTests	OK	3	3	0	107
org.springframework.format.support.FormattingConversionServiceFactoryBeanTests	OK	5	5	0	324
org.springframework.jmx.access.MBeanClientInterceptorTests	FAIL	14	4	10	3583
org.springframework.jmx.export.PropertyPlaceholderConfigurerTests	FAIL	2	1	1	334
org.springframework.jmx.export.assembler.InterfaceBasedMBeanInfoAssemblerMappedTests	FAIL	17	11	6	2927
org.springframework.jmx.export.assembler.ReflectiveAssemblerTests	FAIL	12	6	6	1796
org.springframework.jmx.support.ConnectorServerFactoryBeanTests	OK	4	4	0	160
org.springframework.resilience.ConcurrencyLimitTests	OK	10	10	0	22912
org.springframework.scheduling.annotation.EnableSchedulingTests	OK	16	3	0	1124
org.springframework.scheduling.concurrent.CronTriggerExecutionTests	OK	6	0	0	58
org.springframework.scheduling.config.AnnotationDrivenBeanDefinitionParserTests	OK	5	5	0	1257
org.springframework.scheduling.config.TaskTests	OK	5	5	0	85
org.springframework.scripting.bsh.BshScriptFactoryTests	FAIL	18	8	10	6800
org.springframework.scripting.support.ResourceScriptSourceTests	OK	4	4	0	531
org.springframework.validation.DataBinderTests	OK	81	81	0	1974
org.springframework.validation.beanvalidation.BeanValidationPostProcessorTests	OK	6	6	0	928
org.springframework.context.index.processor.CandidateComponentsIndexerTests	FAIL	24	0	24	18153
org.springframework.cache.jcache.JCacheEhCacheApiTests	OK	15	15	0	3492
org.springframework.cache.jcache.interceptor.CacheRemoveAllOperationTests	OK	2	2	0	65
org.springframework.cache.transaction.TransactionAwareCacheDecoratorTests	OK	15	15	0	180
org.springframework.scheduling.quartz.SchedulerFactoryBeanRuntimeHintsTests	OK	4	4	0	299
org.springframework.aot.generate.GeneratedClassTests	OK	11	11	0	266
org.springframework.aot.generate.ValueCodeGeneratorTests	OK	41	41	0	1255
org.springframework.aot.hint.ProxyHintsTests	OK	7	7	0	104
org.springframework.aot.hint.SerializationHintsExtensionsTests	OK	2	2	0	1502
org.springframework.aot.hint.annotation.RegisterReflectionReflectiveProcessorTests	OK	5	5	0	129
org.springframework.aot.hint.support.ObjectToObjectConverterRuntimeHintsTests	OK	3	3	0	98
org.springframework.cglib.core.SpringNamingPolicyTests	OK	6	6	0	87
org.springframework.core.CoroutinesUtilsTests	OK	28	28	0	2818
org.springframework.core.MethodParameterKotlinTests	OK	11	11	0	1024
org.springframework.core.ReactiveAdapterRegistryKotlinTests	OK	5	5	0	351
org.springframework.core.annotation.AnnotatedElementUtilsTests	FAIL	82	81	1	1610
org.springframework.core.annotation.AnnotationUtilsTests	OK	72	72	0	1442
org.springframework.core.annotation.MergedAnnotationsCollectionTests	OK	21	21	0	1950
org.springframework.core.annotation.OrderUtilsTests	OK	6	6	0	92
org.springframework.core.codec.ByteBufferEncoderTests	OK	2	2	0	659
org.springframework.core.codec.ResourceEncoderTests	OK	2	2	0	191
org.springframework.core.convert.support.ByteBufferConverterTests	OK	5	5	0	165
org.springframework.core.env.CompositePropertySourceTests	OK	2	2	0	53
org.springframework.core.env.SimpleCommandLineArgsParserTests	OK	13	13	0	166
org.springframework.core.io.ResourceTests	FAIL	68	66	2	2707
org.springframework.core.io.buffer.support.DataBufferTestUtilsTests	OK	12	12	0	1014
org.springframework.core.io.support.SpringFactoriesLoaderTests	FAIL	33	31	2	1128
org.springframework.core.serializer.SerializationConverterTests	OK	8	8	0	1864
org.springframework.core.task.support.ContextPropagatingTaskDecoratorTests	OK	1	1	0	33
org.springframework.core.type.AspectJTypeFilterTests	OK	8	8	0	359
org.springframework.core.type.classreading.DefaultAnnotationMetadataTests	OK	49	49	0	1073
org.springframework.util.CollectionUtilsTests	FAIL	32	30	2	478
org.springframework.util.ExceptionTypeFilterTests	OK	8	8	0	128
org.springframework.util.FilteredSetTests	OK	2	2	0	53
org.springframework.util.MultiValueMapCollectorTests	OK	2	2	0	62
org.springframework.util.ReflectionUtilsTests	OK	23	23	0	435
org.springframework.util.SystemPropertyUtilsTests	OK	12	12	0	142
org.springframework.util.concurrent.FutureAdapterTests	OK	5	5	0	627
org.springframework.util.xml.AbstractStaxHandlerTests	EMPTY	0	0	0	11
org.springframework.util.xml.StaxResultTests	OK	2	2	0	260
org.springframework.util.xml.XmlValidationModeDetectorTests	OK	13	13	0	228
org.springframework.core.test.tools.DynamicClassFileObjectTests	OK	3	3	0	137
org.springframework.core.test.tools.SourceFilesTests	OK	14	14	0	197
org.springframework.expression.spel.EvaluationTests	OK	101	101	0	11165
org.springframework.expression.spel.MapAccessTests	OK	8	8	0	162
org.springframework.expression.spel.PropertyAccessTests	OK	20	20	0	420
org.springframework.expression.spel.SpelReproKotlinTests	OK	5	5	0	964
org.springframework.expression.spel.ast.InlineCollectionTests	OK	18	18	0	321
org.springframework.expression.spel.support.SimpleEvaluationContextTests	OK	5	5	0	475
org.springframework.jdbc.core.DataClassRowMapperTests	OK	4	4	0	7097
org.springframework.jdbc.core.metadata.GenericCallMetaDataProviderTests	OK	6	6	0	3199
org.springframework.jdbc.core.simple.JdbcClientIndexedParameterTests	OK	12	12	0	2275
org.springframework.jdbc.core.support.JdbcBeanDefinitionReaderTests	OK	1	1	0	89
org.springframework.jdbc.datasource.DataSourceUtilsTests	OK	2	2	0	42
org.springframework.jdbc.datasource.embedded.EmbeddedDatabaseBuilderTests	OK	12	12	0	43703
org.springframework.jdbc.datasource.init.HsqlDatabasePopulatorTests	OK	14	14	0	8864
org.springframework.jdbc.datasource.lookup.MapDataSourceLookupTests	OK	6	6	0	81
org.springframework.jdbc.support.CustomSQLExceptionTranslatorRegistrarTests	OK	1	1	0	987
org.springframework.jdbc.support.SQLErrorCodesFactoryTests	OK	14	14	0	885
org.springframework.jms.annotation.AbstractJmsAnnotationDrivenTests	EMPTY	0	0	0	91
org.springframework.jms.config.JmsListenerEndpointTests	OK	5	5	0	810
org.springframework.jms.core.JmsClientTests	OK	36	36	0	7006
org.springframework.jms.listener.MessageListenerContainerObservationTests	OK	6	6	0	4291
org.springframework.jms.listener.endpoint.JmsMessageEndpointManagerTests	OK	9	9	0	119
org.springframework.jms.support.converter.MessagingMessageConverterTests	OK	3	3	0	810
org.springframework.messaging.converter.GsonMessageConverterTests	OK	11	11	0	358
org.springframework.messaging.converter.SimpleMessageConverterTests	OK	2	2	0	59
org.springframework.messaging.handler.DestinationPatternsMessageConditionTests	OK	12	12	0	204
org.springframework.messaging.handler.annotation.support.DefaultMessageHandlerMethodFactoryTests	OK	7	7	0	420
org.springframework.messaging.handler.invocation.reactive.EncoderMethodReturnValueHandlerTests	OK	6	6	0	175
org.springframework.messaging.rsocket.PayloadUtilsTests	OK	8	8	0	350
org.springframework.messaging.rsocket.service.DestinationVariableArgumentResolverTests	OK	5	5	0	75
org.springframework.messaging.rsocket.service.RSocketServiceMethodTests	OK	4	4	0	126
org.springframework.messaging.simp.annotation.support.SendToMethodReturnValueHandlerTests	OK	26	26	0	1914
org.springframework.messaging.simp.config.ChannelRegistrationTests	OK	7	7	0	2714
org.springframework.messaging.simp.stomp.SplittingStompEncoderTests	OK	19	19	0	356
org.springframework.messaging.simp.user.MultiServerUserRegistryTests	OK	5	5	0	1088
org.springframework.messaging.support.NativeMessageHeaderAccessorTests	OK	18	18	0	230
org.springframework.orm.jpa.EntityManagerFactoryUtilsTests	OK	6	6	0	2129
org.springframework.orm.jpa.eclipselink.EclipseLinkEntityManagerFactorySimpleIntegrationTests	OK	20	20	0	3733
org.springframework.orm.jpa.persistenceunit.DefaultPersistenceUnitManagerTests	OK	2	2	0	135
org.springframework.orm.jpa.support.PersistenceAnnotationBeanPostProcessorAotContributionTests	TIMEOUT	0	0	0	120000
org.springframework.oxm.jaxb.Jaxb2MarshallerTests	OK	22	22	0	4450
org.springframework.r2dbc.connection.TransactionAwareConnectionFactoryProxyTests	OK	8	8	0	1378
org.springframework.r2dbc.connection.lookup.BeanFactoryConnectionFactoryLookupTests	OK	3	3	0	591
org.springframework.r2dbc.core.H2TransactionalDatabaseClientIntegrationTests	OK	3	3	0	846
org.springframework.r2dbc.core.binding.BindingsTests	OK	7	7	0	412
org.springframework.mock.web.MockHttpServletResponseTests	OK	68	68	0	1602
org.springframework.test.context.ContextHierarchyDirtiesContextTests	OK	4	4	0	2560
org.springframework.test.context.TestContextManagerListenerExecutionOrderTests	OK	1	1	0	72
org.springframework.test.context.aot.DeclarativeRuntimeHintsTests	OK	1	1	0	1306
org.springframework.test.context.aot.samples.basic.BasicJupiterTests	OK	2	2	0	69
org.springframework.test.context.aot.samples.basic.BasicVintageTests	OK	1	1	0	45
org.springframework.test.context.aot.samples.jdbc.SqlScriptsSpringJupiterTests	FAIL	1	0	1	1497
org.springframework.test.context.bean.override.BeanOverrideBeanFactoryPostProcessorTests	OK	27	27	0	2994
org.springframework.test.context.bean.override.convention.TestBeanContextCustomizerEqualityTests	OK	3	3	0	152
org.springframework.test.context.bean.override.convention.TestBeanWithDirtiesContextBeforeMethodIntegrationTests	OK	2	2	0	998
org.springframework.test.context.bean.override.easymock.EasyMockBeanIntegrationTests	OK	2	2	0	1433
org.springframework.test.context.bean.override.mockito.MockitoBeanByTypeLookupIntegrationTests	FAIL	5	3	2	6188
org.springframework.test.context.bean.override.mockito.MockitoBeanNestedAndTypeHierarchiesWithEnclosingClassPresentTwiceTests	OK	2	2	0	345
org.springframework.test.context.bean.override.mockito.MockitoBeanWithResetIntegrationTests	OK	4	4	0	652
org.springframework.test.context.bean.override.mockito.MockitoSpyBeanByTypeLookupIntegrationTests	OK	4	4	0	953
org.springframework.test.context.bean.override.mockito.constructor.MockitoBeanByNameLookupForConstructorParametersIntegrationTests	OK	7	7	0	1471
org.springframework.test.context.bean.override.mockito.hierarchies.MockitoBeanByNameInParentContextHierarchyTests	OK	1	1	0	474
org.springframework.test.context.bean.override.mockito.hierarchies.MockitoSpyBeanByNameInParentContextHierarchyTests	OK	1	1	0	463
org.springframework.test.context.bean.override.mockito.integration.MockitoBeanAndAsyncInterfaceMethodIntegrationTests	OK	1	1	0	693
org.springframework.test.context.bean.override.mockito.integration.MockitoBeanWithGenericsOnTestFieldForNewBeanIntegrationTests	OK	1	1	0	525
org.springframework.test.context.bean.override.mockito.integration.MockitoSpyBeanUsedDuringApplicationContextRefreshIntegrationTests	OK	1	1	0	1970
org.springframework.test.context.bean.override.mockito.integration.MockitoSpyBeanWithMultipleExistingBeansAndOnePrimaryIntegrationTests	OK	1	1	0	497
org.springframework.test.context.cache.AotMergedContextConfigurationTests	OK	2	2	0	706
org.springframework.test.context.cache.MethodLevelDirtiesContextTests	OK	4	4	0	800
org.springframework.test.context.config.ClassPathResourceContextConfigurationAppCtxTests	OK	9	9	0	1550
org.springframework.test.context.config.DefaultLoaderExplicitConfigClassesBaseTests	OK	1	1	0	272
org.springframework.test.context.config.OptionalContextConfigurationTests	OK	1	1	0	191
org.springframework.test.context.config.interfaces.TestPropertySourceInterfaceTests	OK	1	1	0	211
org.springframework.test.context.customizers.ContextCustomizerDeclarativeRegistrationComposedAnnotationTests	OK	1	1	0	324
org.springframework.test.context.env.ApplicationPropertyOverridesPropertiesFileTestPropertySourceTests	OK	1	1	0	243
org.springframework.test.context.env.InlinedPropertiesTestPropertySourceTests	OK	2	2	0	1610
org.springframework.test.context.env.repeatable.DefaultPropertiesFileDetectionRepeatedTestPropertySourceTests	OK	1	1	0	262
org.springframework.test.context.env.repeatable.LocalPropertiesFileAndMetaPropertiesFileTests	OK	1	1	0	268
org.springframework.test.context.event.EagerTestExecutionEventPublishingTests	OK	2	2	0	828
org.springframework.test.context.groovy.GroovyControlGroupTests	OK	1	1	0	10314
org.springframework.test.context.hierarchies.standard.ClassHierarchyWithOverriddenConfigLevelTwoTests	OK	1	1	0	490
org.springframework.test.context.hierarchies.standard.TestHierarchyLevelTwoWithBareContextConfigurationInSubclassTests	OK	1	1	0	418
org.springframework.test.context.hybrid.HybridContextLoaderTests	OK	1	1	0	1045
org.springframework.test.context.initializers.annotation.InitializerWithoutConfigFilesOrClassesTests	OK	1	1	0	288
org.springframework.test.context.jdbc.AbstractTransactionalTests	EMPTY	0	0	0	33
org.springframework.test.context.jdbc.GlobalCustomScriptSyntaxSqlScriptsTests	FAIL	1	0	1	2692
org.springframework.test.context.jdbc.MultipleDataSourcesAndTransactionManagersTransactionalSqlScriptsTests	FAIL	2	0	2	1154
org.springframework.test.context.jdbc.SqlScriptsTestExecutionListenerTests	OK	7	7	0	3480
org.springframework.test.context.junit.jupiter.AutowiredConfigurationErrorsIntegrationTests	OK	11	11	0	1816
org.springframework.test.context.junit.jupiter.RegisterExtensionSpringExtensionTests	OK	17	17	0	1714
org.springframework.test.context.junit.jupiter.TestConstructorIntegrationTests	OK	3	3	0	624
org.springframework.test.context.junit.jupiter.generics.DogTests	OK	2	2	0	408
org.springframework.test.context.junit.jupiter.nested.ContextConfigurationTestMethodScopedExtensionContextNestedTests	OK	6	6	0	1503
org.springframework.test.context.junit.jupiter.nested.ParameterizedCtxConfigTestMethodScopedExtensionContextNestedTests	OK	12	12	0	2854
org.springframework.test.context.junit.jupiter.nested.WebAppConfigurationNestedTests	OK	8	8	0	1608
org.springframework.test.context.junit4.EnabledAndIgnoredSpringRunnerTests	OK	5	3	0	945
org.springframework.test.context.junit4.StandardJUnit4FeaturesSpringRunnerTests	OK	7	5	0	174
org.springframework.test.context.junit4.rules.AutowiredRuleSpr15927Tests	OK	1	1	0	671
org.springframework.test.context.junit4.rules.ParameterizedSpringRuleTests	OK	2	2	0	1038
org.springframework.test.context.junit4.statements.SpringFailOnTimeoutTests	OK	5	5	0	569
org.springframework.test.context.observation.MicrometerObservationRegistryTestExecutionListenerTests	OK	4	4	0	876
org.springframework.test.context.profile.annotation.DevProfileResolverAnnotationConfigTests	OK	2	2	0	482
org.springframework.test.context.support.AbstractContextConfigurationUtilsTests	EMPTY	0	0	0	58
org.springframework.test.context.support.ContextLoaderUtilsConfigurationAttributesTests	OK	15	15	0	21475
org.springframework.test.context.support.DynamicValuesPropertySourceTests	OK	5	5	0	158
org.springframework.test.context.testng.DirtiesContextTransactionalTestNGSpringContextTests	OK	3	3	0	6559
org.springframework.test.context.testng.transaction.ejb.CommitForRequiresNewEjbTxDaoTestNGTests	OK	3	3	0	7816
org.springframework.test.context.transaction.ClassLevelTransactionalSpringTests	OK	2	2	0	3200
org.springframework.test.context.transaction.ejb.CommitForRequiredEjbTxDaoTests	OK	3	3	0	4583
org.springframework.test.context.transaction.manager.LookUpTxMgrNonTransactionalTests	OK	1	1	0	364
org.springframework.test.context.web.BasicAnnotationConfigWacTests	OK	3	3	0	530
org.springframework.test.context.web.ServletContextAwareBeanWacTests	OK	1	1	0	403
org.springframework.test.json.AbstractJsonContentAssertTests	OK	169	169	0	5959
org.springframework.test.util.ReflectionTestUtilsTests	OK	50	49	0	15265
org.springframework.test.web.client.UnorderedRequestExpectationManagerTests	OK	6	6	0	132
org.springframework.test.web.client.response.ResponseCreatorsTests	OK	20	20	0	681
org.springframework.test.web.reactive.server.ApplicationContextSpecTests	OK	1	1	0	1565
org.springframework.test.web.reactive.server.WebTestClientExtensionsTests	OK	10	10	0	20066
org.springframework.test.web.reactive.server.samples.GlobalEntityResultConsumerTests	OK	3	3	0	3863
org.springframework.test.web.reactive.server.samples.bind.HttpServerTests	OK	1	1	0	1697
org.springframework.test.web.servlet.assertj.AbstractMockHttpServletRequestAssertTests	OK	1	1	0	63
org.springframework.test.web.servlet.assertj.ModelAssertTests	OK	12	12	0	371
org.springframework.test.web.servlet.client.samples.ApiVersionTests	OK	3	3	0	1341
org.springframework.test.web.servlet.client.samples.bind.ControllerTests	OK	1	1	0	243
org.springframework.test.web.servlet.htmlunit.MockMvcConnectionBuilderSupportTests	OK	8	8	0	7936
org.springframework.test.web.servlet.request.AbstractMockMultipartHttpServletRequestBuilderTests	OK	4	4	0	357
org.springframework.test.web.servlet.result.MockMvcResultMatchersTests	OK	15	15	0	278
org.springframework.test.web.servlet.samples.client.context.WebAppResourceTests	FAIL	2	1	1	4604
org.springframework.test.web.servlet.samples.client.standalone.RedirectTests	OK	5	5	0	1505
org.springframework.test.web.servlet.samples.client.standalone.resultmatches.CookieAssertionTests	OK	10	10	0	1622
org.springframework.test.web.servlet.samples.client.standalone.resultmatches.StatusAssertionTests	OK	3	3	0	391
org.springframework.test.web.servlet.samples.context.XmlConfigTests	OK	1	1	0	293
org.springframework.test.web.servlet.samples.standalone.ApiVersionTests	OK	1	1	0	265
org.springframework.test.web.servlet.samples.standalone.RequestParameterTests	OK	1	1	0	197
org.springframework.test.web.servlet.samples.standalone.resultmatchers.FlashAttributeAssertionTests	OK	4	4	0	619
org.springframework.test.web.servlet.samples.standalone.resultmatchers.UrlAssertionTests	OK	4	4	0	1189
org.springframework.test.web.support.CookieAssertionsTests	OK	12	12	0	276
org.springframework.jca.support.LocalConnectionFactoryBeanTests	OK	5	5	0	873
org.springframework.transaction.annotation.CoroutinesAnnotationTransactionInterceptorTests	OK	8	8	0	1525
org.springframework.transaction.interceptor.AbstractCoroutinesTransactionAspectTests	EMPTY	0	0	0	15
org.springframework.transaction.interceptor.TransactionAttributeEditorTests	OK	10	10	0	142
org.springframework.transaction.support.JtaTransactionManagerSerializationTests	OK	1	1	0	500
org.springframework.http.HttpMethodTests	OK	5	5	0	246
org.springframework.http.ResponseCookieTests	OK	5	5	0	184
org.springframework.http.client.InterceptingClientHttpRequestFactoryTests	OK	8	8	0	166
org.springframework.http.client.ReactorResourceFactoryTests	OK	14	14	0	1758
org.springframework.http.client.support.ProxyFactoryBeanTests	OK	4	4	0	84
org.springframework.http.codec.ServerSentEventHttpMessageReaderTests	OK	13	13	0	4458
org.springframework.http.codec.cbor.KotlinSerializationCborEncoderTests	OK	5	5	0	273
org.springframework.http.codec.json.GsonEncoderTests	OK	5	5	0	131
org.springframework.http.codec.json.JacksonJsonEncoderTests	OK	18	18	0	1562
org.springframework.http.codec.multipart.PartHttpMessageWriterTests	OK	2	2	0	483
org.springframework.http.codec.smile.JacksonSmileEncoderTests	OK	6	6	0	1806
org.springframework.http.codec.xml.Jaxb2XmlEncoderTests	OK	5	5	0	492
org.springframework.http.converter.ResourceHttpMessageConverterTests	OK	12	12	0	2027
org.springframework.http.converter.json.GsonHttpMessageConverterTests	FAIL	14	13	1	308
org.springframework.http.converter.json.ProblemDetailRuntimeHintsTests	OK	2	2	0	302
org.springframework.http.converter.smile.MappingJackson2SmileHttpMessageConverterTests	OK	4	4	0	801
org.springframework.http.server.DefaultPathContainerTests	OK	6	6	0	108
org.springframework.http.server.reactive.AsyncIntegrationTests	OK	4	4	0	7606
org.springframework.http.server.reactive.HttpHeadResponseDecoratorTests	OK	4	4	0	120
org.springframework.http.server.reactive.ServerHttpResponseTests	OK	9	9	0	235
org.springframework.web.ErrorResponseExceptionTests	OK	27	27	0	1538
org.springframework.web.accept.MediaTypeParamApiVersionResolverTests	OK	3	3	0	70
org.springframework.web.bind.ServletRequestUtilsTests	OK	11	11	0	226
org.springframework.web.bind.support.WebRequestDataBinderIntegrationTests	OK	2	2	0	1391
org.springframework.web.client.HttpMessageConverterExtractorTests	OK	14	14	0	1461
org.springframework.web.client.RestClientVersionTests	OK	8	8	0	509
org.springframework.web.client.support.RestClientProxyRegistryIntegrationTests	OK	5	5	0	3239
org.springframework.web.context.request.ServletWebRequestHttpMethodsTests	OK	42	42	0	1351
org.springframework.web.context.request.async.WebAsyncManagerTests	OK	17	17	0	2594
org.springframework.web.context.support.StandardServletEnvironmentTests	OK	1	1	0	37
org.springframework.web.cors.reactive.UrlBasedCorsConfigurationSourceTests	OK	2	2	0	522
org.springframework.web.filter.HiddenHttpMethodFilterTests	OK	3	3	0	63
org.springframework.web.filter.reactive.HiddenHttpMethodFilterTests	OK	6	6	0	385
org.springframework.web.method.annotation.CookieValueMethodArgumentResolverTests	OK	3	3	0	90
org.springframework.web.method.annotation.ModelAttributeMethodProcessorTests	OK	15	15	0	1345
org.springframework.web.method.annotation.RequestParamMethodArgumentResolverTests	OK	44	44	0	2940
org.springframework.web.method.support.InvocableHandlerMethodTests	OK	10	10	0	181
org.springframework.web.server.CoWebFilterTests	OK	4	4	0	376
org.springframework.web.server.handler.FilteringWebHandlerTests	OK	5	5	0	364
org.springframework.web.server.session.WebSessionIntegrationTests	OK	20	20	0	10298
org.springframework.web.service.invoker.HttpServiceProxyFactoryTests	OK	2	2	0	976
org.springframework.web.service.invoker.RequestPartArgumentResolverTests	OK	4	4	0	351
org.springframework.web.util.ContentCachingRequestWrapperTests	OK	10	10	0	163
org.springframework.web.util.ServletRequestPathUtilsTests	OK	6	6	0	117
org.springframework.web.util.WhatWgUrlParserTests	OK	3	3	0	92
org.springframework.web.reactive.accept.DefaultApiVersionStrategiesTests	OK	10	10	0	738
org.springframework.web.reactive.accept.StandardApiVersionDeprecationHandlerTests	OK	1	1	0	192
org.springframework.web.reactive.function.BodyExtractorsTests	OK	13	13	0	1098
org.springframework.web.reactive.function.client.DefaultClientResponseBuilderTests	OK	3	3	0	162
org.springframework.web.reactive.function.client.WebClientObservationTests	OK	9	9	0	1916
org.springframework.web.reactive.function.client.support.WebClientProxyRegistryIntegrationTests	OK	4	4	0	4297
org.springframework.web.reactive.function.server.DefaultServerResponseBuilderTests	OK	29	29	0	726
org.springframework.web.reactive.function.server.PublisherHandlerFunctionIntegrationTests	OK	12	12	0	9043
org.springframework.web.reactive.function.server.RouterFunctionDslTests	OK	16	16	0	857
org.springframework.web.reactive.function.server.support.RouterFunctionMappingVersionTests	OK	2	2	0	2393
org.springframework.web.reactive.resource.EncodedResourceResolverTests	OK	4	4	0	604
org.springframework.web.reactive.resource.ResourceWebHandlerTests	FAIL	56	55	1	6039
org.springframework.web.reactive.result.condition.ParamsRequestConditionTests	OK	13	13	0	355
org.springframework.web.reactive.result.method.InvocableHandlerMethodTests	OK	17	17	0	1368
org.springframework.web.reactive.result.method.annotation.CookieValueMethodArgumentResolverTests	OK	6	6	0	635
org.springframework.web.reactive.result.method.annotation.JacksonHintsIntegrationTests	OK	36	36	0	78010
org.springframework.web.reactive.result.method.annotation.ModelAttributeMethodArgumentResolverKotlinTests	OK	1	1	0	1133
org.springframework.web.reactive.result.method.annotation.PrincipalMethodArgumentResolverTests	OK	2	2	0	81
org.springframework.web.reactive.result.method.annotation.RequestMappingHandlerMappingTests	OK	26	26	0	1770
org.springframework.web.reactive.result.method.annotation.RequestPartMethodArgumentResolverTests	OK	19	19	0	2254
org.springframework.web.reactive.result.method.annotation.WebSessionMethodArgumentResolverTests	OK	2	2	0	1180
org.springframework.web.reactive.result.view.RequestContextTests	OK	5	5	0	305
org.springframework.web.reactive.result.view.script.ScriptTemplateViewResolverTests	OK	1	1	0	37
org.springframework.web.context.ContextLoaderTests	OK	18	18	0	6475
org.springframework.web.servlet.HandlerExecutionChainTests	OK	6	6	0	866
org.springframework.web.servlet.config.annotation.InterceptorRegistryTests	OK	10	10	0	727
org.springframework.web.servlet.function.DefaultEntityResponseBuilderTests	OK	16	16	0	314
org.springframework.web.servlet.function.ResourceHandlerFunctionTests	OK	5	5	0	569
org.springframework.web.servlet.function.StreamingServerResponseTests	OK	3	3	0	169
org.springframework.web.servlet.handler.HandlerMappingIntrospectorTests	OK	14	14	0	2475
org.springframework.web.servlet.i18n.AcceptHeaderLocaleResolverTests	OK	9	9	0	151
org.springframework.web.servlet.mvc.annotation.CglibProxyControllerTests	OK	3	3	0	821
org.springframework.web.servlet.mvc.condition.PatternsRequestConditionTests	OK	14	14	0	221
org.springframework.web.servlet.mvc.method.annotation.AbstractRequestAttributesArgumentResolverTests	EMPTY	0	0	0	97
org.springframework.web.servlet.mvc.method.annotation.HttpEntityMethodProcessorMockTests	OK	41	41	0	2555
org.springframework.web.servlet.mvc.method.annotation.PathVariableMapMethodArgumentResolverTests	OK	3	3	0	69
org.springframework.web.servlet.mvc.method.annotation.RequestMappingVersionHandlerMethodTests	OK	2	2	0	3110
org.springframework.web.servlet.mvc.method.annotation.ResponseBodyEmitterReturnValueHandlerTests	OK	15	15	0	1825
org.springframework.web.servlet.mvc.method.annotation.ServletRequestMethodArgumentResolverTests	OK	16	16	0	621
org.springframework.web.servlet.mvc.method.annotation.ViewNameMethodReturnValueHandlerTests	OK	5	5	0	84
org.springframework.web.servlet.resource.FixedVersionStrategyTests	OK	5	5	0	89
org.springframework.web.servlet.resource.ResourceUrlEncodingFilterTests	OK	10	10	0	213
org.springframework.web.servlet.support.RequestContextTests	OK	4	4	0	117
org.springframework.web.servlet.tags.HtmlEscapeTagOutsideDispatcherServletTests	OK	7	7	0	434
org.springframework.web.servlet.tags.form.AbstractHtmlElementTagTests	EMPTY	0	0	0	12
org.springframework.web.servlet.tags.form.LabelTagTests	OK	4	4	0	291
org.springframework.web.servlet.tags.form.TagIdGeneratorTests	OK	1	1	0	32
org.springframework.web.servlet.view.RedirectViewTests	OK	22	22	0	937
org.springframework.web.servlet.view.freemarker.FreeMarkerViewTests	OK	10	10	0	1761
org.springframework.web.servlet.view.script.ScriptTemplateViewResolverTests	OK	1	1	0	33
org.springframework.web.socket.AbstractWebSocketIntegrationTests	EMPTY	0	0	0	90
org.springframework.web.socket.adapter.standard.StandardWebSocketSessionTests	OK	5	5	0	961
org.springframework.web.socket.config.annotation.WebSocketConfigurationTests	OK	4	4	0	9083
org.springframework.web.socket.handler.WebSocketHttpHeadersTests	OK	11	11	0	170
org.springframework.web.socket.messaging.WebSocketStompClientIntegrationTests	OK	2	2	0	4309
org.springframework.web.socket.server.support.OriginHandshakeInterceptorTests	OK	10	10	0	456
org.springframework.web.socket.sockjs.client.SockJsClientTests	OK	8	8	0	6079
org.springframework.web.socket.sockjs.transport.handler.HttpSendingTransportHandlerTests	OK	5	5	0	703
org.springframework.aop.framework.autoproxy.AspectJAutoProxyAdviceOrderIntegrationTests	OK	2	2	0	4393
org.springframework.core.env.EnvironmentSystemIntegrationTests	OK	29	29	0	4658
org.springframework.aop.aspectj.AspectJExpressionPointcutTests	OK	30	30	0	3843
org.springframework.aop.aspectj.annotation.AspectJBeanFactoryInitializationAotProcessorTests	OK	2	2	0	1013
org.springframework.aop.config.AopNamespaceHandlerPointcutErrorTests	OK	2	2	0	1156
org.springframework.aop.framework.JdkProxyExceptionHandlingTests	OK	6	6	0	616
org.springframework.aop.interceptor.CustomizableTraceInterceptorTests	OK	12	12	0	1123
org.springframework.aop.scope.ScopedProxyBeanRegistrationAotProcessorTests	OK	5	5	0	50748
org.springframework.aop.support.DelegatingIntroductionInterceptorTests	OK	10	10	0	735
org.springframework.aop.target.CommonsPool2TargetSourceProxyTests	OK	1	1	0	402
org.springframework.beans.AbstractPropertyAccessorTests	EMPTY	0	0	0	168
org.springframework.beans.CachedIntrospectionResultsTests	OK	3	3	0	371
org.springframework.beans.SimplePropertyDescriptorTests	OK	3	3	0	88
org.springframework.beans.factory.ListableBeanFactoryExtensionsTests	OK	9	9	0	9672
org.springframework.beans.factory.annotation.InjectAnnotationBeanPostProcessorTests	OK	42	42	0	2209
org.springframework.beans.factory.aot.AutowiredMethodArgumentsResolverTests	OK	13	13	0	1119
org.springframework.beans.factory.aot.BeanRegistrationsAotProcessorTests	OK	3	3	0	106
org.springframework.beans.factory.config.FieldRetrievingFactoryBeanTests	OK	10	10	0	514
org.springframework.beans.factory.config.SimpleScopeTests	OK	1	1	0	606
org.springframework.beans.factory.parsing.ParseStateTests	OK	3	3	0	69
org.springframework.beans.factory.support.BeanFactoryGenericsTests	OK	47	47	0	5315
org.springframework.beans.factory.support.InstanceSupplierTests	OK	9	9	0	185
org.springframework.beans.factory.support.RegisteredBeanTests	OK	21	21	0	492
org.springframework.beans.factory.xml.BeanNameGenerationTests	OK	1	1	0	249
org.springframework.beans.factory.xml.MetadataAttachmentTests	OK	3	3	0	757
org.springframework.beans.factory.xml.UtilNamespaceHandlerTests	OK	29	29	0	8594
org.springframework.beans.propertyeditors.CustomCollectionEditorTests	OK	6	6	0	122
org.springframework.beans.propertyeditors.StringArrayPropertyEditorTests	OK	7	7	0	136
org.springframework.aop.aspectj.AfterThrowingAdviceBindingTests	OK	6	6	0	5678
org.springframework.aop.aspectj.DeclarationOrderIndependenceTests	OK	5	5	0	1942
org.springframework.aop.aspectj.SharedPointcutWithArgsMismatchTests	OK	1	1	0	387
org.springframework.aop.aspectj.autoproxy.AspectJAutoProxyCreatorAndLazyInitTargetSourceTests	OK	1	1	0	230
org.springframework.aop.aspectj.generic.GenericBridgeMethodMatchingTests	OK	2	2	0	465
org.springframework.aop.config.MethodLocatingFactoryBeanTests	OK	9	9	0	759
org.springframework.aop.framework.autoproxy.AdvisorAutoProxyCreatorTests	OK	6	6	0	2645
org.springframework.beans.factory.support.InjectAnnotationAutowireContextTests	OK	23	23	0	1609
org.springframework.cache.CacheManagerExtensionsTest	OK	1	1	0	53
org.springframework.cache.config.AnnotationDrivenCacheConfigTests	OK	64	64	0	63163
org.springframework.cache.interceptor.CacheErrorHandlerTests	OK	13	13	0	8378
org.springframework.cache.interceptor.SimpleKeyGeneratorTests	OK	8	8	0	152
org.springframework.context.annotation.AsmCircularImportDetectionTests	OK	2	2	0	167
org.springframework.context.annotation.ClassPathBeanDefinitionScannerTests	OK	30	30	0	6442
org.springframework.context.annotation.ComponentScanAnnotationTests	OK	1	0	0	29
org.springframework.context.annotation.ConfigurationClassKotlinTests	OK	3	3	0	1306
org.springframework.context.annotation.ContextAnnotationAutowireCandidateResolverTests	OK	4	4	0	93
org.springframework.context.annotation.Gh29105Tests	OK	1	1	0	246
org.springframework.context.annotation.InvalidConfigurationClassDefinitionTests	OK	1	1	0	59
org.springframework.context.annotation.ResourceElementResolverMethodTests	OK	9	9	0	163
org.springframework.context.annotation.Spr15042Tests	OK	1	1	0	1165
org.springframework.context.annotation.configuration.AutowiredConfigurationTests	OK	18	18	0	5319
org.springframework.context.annotation.configuration.ConfigurationPhasesKnownSuperclassesTests	OK	2	2	0	435
org.springframework.context.annotation.configuration.PackagePrivateBeanMethodInheritanceTests	OK	2	2	0	437
org.springframework.context.annotation.jsr330.SpringAtInjectTckTests	OK	50	50	0	1323
org.springframework.context.aot.AotProcessorTests	OK	9	9	0	216
org.springframework.context.aot.RuntimeHintsBeanFactoryInitializationAotProcessorTests	OK	6	6	0	1935
org.springframework.context.event.GenericApplicationListenerAdapterTests	OK	17	17	0	1907
org.springframework.context.expression.EnvironmentAccessorIntegrationTests	OK	1	1	0	94
org.springframework.context.i18n.LocaleContextHolderTests	OK	5	5	0	100
org.springframework.context.support.ConversionServiceFactoryBeanTests	OK	5	5	0	1129
org.springframework.context.support.ResourceBundleMessageSourceTests	OK	33	33	0	1675
org.springframework.ejb.config.JeeNamespaceHandlerEventTests	OK	3	3	0	1362
org.springframework.format.datetime.standard.DurationFormatterUtilsTests	OK	37	37	0	941
org.springframework.format.support.FormattingConversionServiceRuntimeHintsTests	OK	1	1	0	106
org.springframework.jmx.access.RemoteMBeanClientInterceptorTests	FAIL	14	2	12	8062
org.springframework.jmx.export.annotation.AnnotationLazyInitMBeanTests	FAIL	3	0	3	3425
org.springframework.jmx.export.assembler.InterfaceBasedMBeanInfoAssemblerTests	FAIL	12	6	6	4354
org.springframework.jmx.export.naming.AbstractNamingStrategyTests	EMPTY	0	0	0	12
org.springframework.jmx.support.JmxUtilsTests	FAIL	12	11	1	192
org.springframework.resilience.ReactiveRetryInterceptorTests	OK	22	22	0	4506
org.springframework.scheduling.annotation.KotlinScheduledAnnotationReactiveSupportTests	OK	12	12	0	1233
org.springframework.scheduling.concurrent.DecoratedThreadPoolTaskExecutorTests	FAIL	14	12	2	4667
org.springframework.scheduling.config.ExecutorBeanDefinitionParserTests	OK	11	11	0	3109
org.springframework.scheduling.support.BitsCronFieldTests	OK	7	7	0	426
org.springframework.scripting.config.ScriptingDefaultsTests	OK	6	6	0	10318
org.springframework.scripting.support.ScriptFactoryPostProcessorTests	OK	9	0	0	81
org.springframework.validation.DefaultMessageCodesResolverTests	OK	11	11	0	155
org.springframework.validation.beanvalidation.MethodValidationAdapterPropertyPathTests	OK	9	9	0	12334
org.springframework.context.index.processor.PropertiesMarshallerTests	OK	2	2	0	238
org.springframework.cache.jcache.config.JCacheCustomInterceptorTests	OK	3	3	0	2697
org.springframework.cache.jcache.interceptor.CacheRemoveOperationTests	OK	2	2	0	90
org.springframework.mail.SimpleMailMessageTests	OK	10	10	0	939
org.springframework.scheduling.quartz.SimpleTriggerFactoryBeanTests	OK	4	4	0	92
org.springframework.aot.generate.GeneratedClassesTests	OK	14	14	0	1121
org.springframework.aot.hint.BindingReflectionHintsRegistrarKotlinTests	OK	4	4	0	1938
org.springframework.aot.hint.ReflectionHintsExtensionsTests	OK	3	3	0	3497
org.springframework.aot.hint.SerializationHintsTests	OK	1	1	0	35
org.springframework.aot.hint.annotation.SimpleReflectiveProcessorTests	OK	4	4	0	76
org.springframework.aot.hint.support.PathMatchingResourcePatternResolverRuntimeHintsTests	OK	1	1	0	67
org.springframework.core.AbstractReflectionParameterNameDiscovererKotlinTests	EMPTY	0	0	0	12
org.springframework.core.DefaultParameterNameDiscovererKotlinTests	OK	5	5	0	289
org.springframework.core.MethodParameterTests	OK	19	19	0	333
org.springframework.core.ReactiveAdapterRegistryTests	OK	23	23	0	455
org.springframework.core.annotation.AnnotatedMethodTests	OK	4	4	0	290
org.springframework.core.annotation.AnnotationsScannerTests	OK	64	64	0	1264
org.springframework.core.annotation.MergedAnnotationsComposedOnSingleAnnotatedElementTests	OK	18	18	0	447
org.springframework.core.annotation.PackagesAnnotationFilterTests	OK	7	7	0	145
org.springframework.core.codec.CharBufferDecoderTests	OK	13	13	0	1058
org.springframework.core.codec.ResourceRegionEncoderTests	OK	6	6	0	234
org.springframework.core.convert.support.CollectionToCollectionConverterTests	OK	17	17	0	436
org.springframework.core.env.CustomEnvironmentTests	OK	7	7	0	105
org.springframework.core.env.SimpleCommandLinePropertySourceTests	OK	10	10	0	181
org.springframework.core.io.buffer.DataBufferTests	TIMEOUT	0	0	0	120000
org.springframework.core.io.support.EncodedResourceTests	OK	6	6	0	283
org.springframework.core.log.CompositeLogTests	OK	3	3	0	816
org.springframework.core.serializer.SerializerTests	OK	6	6	0	100
org.springframework.core.testfixture.TestGroupParsingTests	OK	9	9	0	128
org.springframework.core.type.AssignableTypeFilterTests	OK	4	4	0	80
org.springframework.core.type.classreading.DefaultMethodMetadataTests	OK	27	27	0	610
org.springframework.util.CompositeCollectionTests	OK	14	14	0	188
org.springframework.util.ExponentialBackOffTests	OK	12	12	0	150
org.springframework.util.FixedBackOffTests	OK	6	6	0	85
org.springframework.util.MultiValueMapTests	OK	56	56	0	7172
org.springframework.util.ResizableByteArrayOutputStreamTests	OK	5	5	0	263
org.springframework.util.TypeUtilsTests	OK	4	4	0	71
org.springframework.util.concurrent.FutureUtilsTests	OK	4	4	0	136
org.springframework.util.xml.AbstractStaxXMLReaderTests	EMPTY	0	0	0	10
org.springframework.util.xml.StaxSourceTests	OK	4	4	0	472
org.springframework.aot.agent.InstrumentedMethodTests	OK	54	54	0	952
org.springframework.core.test.tools.DynamicJavaFileManagerTests	OK	11	11	0	1507
org.springframework.core.test.tools.TestCompilerTests	OK	22	22	0	34640
org.springframework.expression.spel.ExpressionLanguageScenarioTests	OK	7	7	0	319
org.springframework.expression.spel.MapTests	OK	12	12	0	383
org.springframework.expression.spel.ScenariosForSpringSecurityExpressionTests	OK	4	4	0	106
org.springframework.expression.spel.SpelReproTests	OK	99	99	0	2795
org.springframework.expression.spel.ast.OpPlusTests	OK	13	13	0	189
org.springframework.expression.spel.support.StandardComponentsTests	OK	4	4	0	57
org.springframework.jdbc.core.JdbcOperationsExtensionsTests	OK	26	26	0	16578
org.springframework.jdbc.core.namedparam.BeanPropertySqlParameterSourceTests	FAIL	10	7	3	284
org.springframework.jdbc.core.simple.JdbcClientIntegrationTests	OK	10	10	0	1313
org.springframework.jdbc.core.support.JdbcDaoSupportTests	OK	2	2	0	532
org.springframework.jdbc.datasource.DelegatingDataSourceTests	OK	10	10	0	1512
org.springframework.jdbc.datasource.embedded.EmbeddedDatabaseFactoryBeanTests	OK	1	1	0	1407
org.springframework.jdbc.datasource.init.ResourceDatabasePopulatorTests	OK	10	10	0	565
org.springframework.jdbc.object.BatchSqlUpdateTests	OK	2	2	0	5805
org.springframework.jdbc.support.DatabaseStartupValidatorTests	OK	7	7	0	4913
org.springframework.jdbc.support.SQLExceptionCustomTranslatorTests	OK	2	2	0	66
org.springframework.jms.annotation.AnnotationDrivenNamespaceTests	OK	9	9	0	2803
org.springframework.jms.config.JmsNamespaceHandlerTests	OK	13	13	0	6073
org.springframework.jms.core.JmsMessagingTemplateTests	OK	63	63	0	4951
org.springframework.jms.listener.SimpleMessageListenerContainerTests	OK	14	14	0	1925
org.springframework.jms.support.JmsAccessorTests	OK	8	8	0	118
org.springframework.jms.support.destination.DynamicDestinationResolverTests	OK	4	4	0	1407
org.springframework.messaging.converter.JacksonJsonMessageConverterTests	OK	16	16	0	602
org.springframework.messaging.converter.StringMessageConverterTests	OK	8	8	0	104
org.springframework.messaging.handler.annotation.MessageMappingReflectiveProcessorTests	OK	8	8	0	187
org.springframework.messaging.handler.annotation.support.DestinationVariableMethodArgumentResolverTests	OK	3	3	0	109
org.springframework.messaging.handler.invocation.reactive.InvocableHandlerMethodTests	OK	10	10	0	781
org.springframework.messaging.rsocket.RSocketBufferLeakTests	OK	6	5	0	3163
org.springframework.messaging.rsocket.service.MetadataArgumentResolverTests	OK	1	1	0	40
org.springframework.messaging.simp.SimpAttributesContextHolderTests	OK	8	8	0	128
org.springframework.messaging.simp.annotation.support.SimpAnnotationMethodMessageHandlerKotlinTests	OK	8	8	0	1867
org.springframework.messaging.simp.config.MessageBrokerConfigurationTests	OK	26	26	0	11647
org.springframework.messaging.simp.stomp.StompBrokerRelayMessageHandlerTests	OK	10	10	0	1198
org.springframework.messaging.simp.user.UserDestinationMessageHandlerTests	OK	8	8	0	596
org.springframework.orm.jpa.AbstractContainerEntityManagerFactoryIntegrationTests	EMPTY	0	0	0	72
org.springframework.orm.jpa.EntityManagerRuntimeHintsTests	OK	3	3	0	267
org.springframework.orm.jpa.hibernate.HibernateEntityManagerFactoryIntegrationTests	OK	23	23	0	5561
org.springframework.orm.jpa.persistenceunit.PersistenceManagedTypesBeanRegistrationAotProcessorTests	OK	2	2	0	22705
org.springframework.orm.jpa.support.PersistenceContextTransactionTests	OK	11	11	0	2249
org.springframework.oxm.jaxb.Jaxb2UnmarshallerTests	FAIL	12	0	12	652
org.springframework.r2dbc.connection.init.AbstractDatabasePopulatorTests	EMPTY	0	0	0	76
org.springframework.r2dbc.connection.lookup.MapConnectionFactoryLookupTests	OK	5	5	0	99
org.springframework.r2dbc.core.NamedParameterUtilsTests	OK	31	31	0	917
org.springframework.r2dbc.core.binding.IndexedBindMarkersTests	OK	5	5	0	75
org.springframework.mock.web.MockHttpSessionTests	OK	13	13	0	348
org.springframework.test.context.DynamicPropertyRegistrarIntegrationTests	OK	6	6	0	1516
org.springframework.test.context.TestContextManagerMethodInvokerTests	OK	1	1	0	79
org.springframework.test.context.aot.DisabledInAotModeTests	OK	2	2	0	171
org.springframework.test.context.aot.samples.basic.BasicSpringJupiterImportedConfigTests	OK	1	1	0	336
org.springframework.test.context.aot.samples.basic.DisabledInAotProcessingTests	OK	1	1	0	264
org.springframework.test.context.aot.samples.web.WebSpringJupiterTests	OK	2	2	0	2250
org.springframework.test.context.bean.override.BeanOverrideContextCustomizerFactoryTests	OK	5	5	0	132
org.springframework.test.context.bean.override.convention.TestBeanForExternalFactoryMethodIntegrationTests	OK	1	1	0	266
org.springframework.test.context.bean.override.convention.TestBeanWithMultipleExistingBeansAndOneNonFallbackIntegrationTests	OK	1	1	0	310
org.springframework.test.context.bean.override.mockito.AbstractMockitoBeanNestedAndTypeHierarchiesWithSuperclassPresentTwiceTests	EMPTY	0	0	0	149
org.springframework.test.context.bean.override.mockito.MockitoBeanConfigurationErrorTests	OK	8	8	0	1681
org.springframework.test.context.bean.override.mockito.MockitoBeanNestedAndTypeHierarchiesWithSuperclassPresentTwiceTests	OK	2	2	0	1107
org.springframework.test.context.bean.override.mockito.MockitoResetTestExecutionListenerTests	OK	2	2	0	561
org.springframework.test.context.bean.override.mockito.MockitoSpyBeanConfigurationErrorTests	OK	8	8	0	650
org.springframework.test.context.bean.override.mockito.constructor.MockitoBeanByTypeLookupForConstructorParametersIntegrationRecordTests	OK	1	1	0	270
org.springframework.test.context.bean.override.mockito.hierarchies.MockitoBeanByTypeInChildContextHierarchyTests	OK	1	1	0	393
org.springframework.test.context.bean.override.mockito.hierarchies.MockitoSpyBeanByTypeInChildContextHierarchyTests	OK	1	1	0	443
org.springframework.test.context.bean.override.mockito.integration.MockitoBeanAndGenericsIntegrationTests	OK	1	1	0	343
org.springframework.test.context.bean.override.mockito.integration.MockitoBeanWithMultipleExistingBeansAndExplicitBeanNameIntegrationTests	OK	1	1	0	404
org.springframework.test.context.bean.override.mockito.integration.MockitoSpyBeanWithCustomQualifierAnnotationByNameTests	OK	1	1	0	1462
org.springframework.test.context.bean.override.mockito.integration.SpringExtensionAndMockitoExtensionIntegrationTests	OK	1	1	0	547
org.springframework.test.context.cache.ClassLevelDirtiesContextTestNGTests	OK	1	1	0	13697
org.springframework.test.context.cache.SpringExtensionContextCacheTests	OK	3	3	0	1302
org.springframework.test.context.config.CoreContextConfigurationAppCtxTests	OK	9	9	0	526
org.springframework.test.context.config.DefaultLoaderExplicitConfigClassesInheritedTests	OK	2	2	0	320
org.springframework.test.context.config.RelativePathContextConfigurationAppCtxTests	OK	9	9	0	733
org.springframework.test.context.config.interfaces.WebAppConfigurationInterfaceTests	OK	1	1	0	207
org.springframework.test.context.customizers.ContextCustomizerDeclarativeRegistrationTests	OK	1	1	0	265
org.springframework.test.context.env.CustomEncodingTestPropertySourceTests	OK	2	2	0	531
org.springframework.test.context.env.InlinedPropertiesWithTextBlockTestPropertySourceTests	OK	4	4	0	1502
org.springframework.test.context.env.repeatable.ExplicitPropertiesFilesRepeatedTestPropertySourceTests	OK	1	1	0	204
org.springframework.test.context.env.repeatable.LocalYamlFileAndMetaPropertiesFileTests	OK	1	1	0	254
org.springframework.test.context.event.EventPublishingTestExecutionListenerIntegrationTests	OK	10	10	0	6476
org.springframework.test.context.groovy.GroovySpringContextTests	OK	6	6	0	8361
org.springframework.test.context.hierarchies.standard.DirtiesContextWithContextHierarchyTests	OK	4	4	0	949
org.springframework.test.context.hierarchies.standard.TestHierarchyLevelTwoWithBareContextConfigurationInSuperclassTests	OK	1	1	0	396
org.springframework.test.context.inheritance.BeanOverridingDefaultLocationsInheritedTests	OK	1	1	0	783
org.springframework.test.context.initializers.annotation.MergedInitializersAnnotationConfigTests	OK	1	1	0	290
org.springframework.test.context.jdbc.AfterTestClassSqlScriptsTests	FAIL	4	0	4	1434
org.springframework.test.context.jdbc.InferredDataSourceSqlScriptsTests	FAIL	2	0	2	2147
org.springframework.test.context.jdbc.NonTransactionalSqlScriptsTests	FAIL	2	0	2	941
org.springframework.test.context.jdbc.TransactionalAfterTestMethodSqlScriptsTests	FAIL	2	0	2	201
org.springframework.test.context.junit.jupiter.ComposedSpringExtensionTests	OK	2	2	0	450
org.springframework.test.context.junit.jupiter.SpringExtensionExtensionContextScopeTests	OK	6	6	0	1996
org.springframework.test.context.junit.jupiter.defaultmethods.CatInterfaceDefaultMethodsTests	OK	2	2	0	304
org.springframework.test.context.junit.jupiter.generics.GenericComicCharactersTests	EMPTY	0	0	0	47
org.springframework.test.context.junit.jupiter.nested.ContextHierarchyTestClassScopedExtensionContextNestedTests	OK	5	5	0	1479
org.springframework.test.context.junit.jupiter.nested.SqlScriptNestedTests	FAIL	8	0	1	1266
org.springframework.test.context.junit.jupiter.parallel.ParallelExecutionSpringExtensionTests	TIMEOUT	0	0	0	120000
org.springframework.test.context.junit4.ExpectedExceptionSpringRunnerTests	OK	1	1	0	8065
org.springframework.test.context.junit4.StandardJUnit4FeaturesTests	OK	7	5	0	94
org.springframework.test.context.junit4.rules.BaseAppCtxRuleTests	OK	1	1	0	592
org.springframework.test.context.junit4.rules.ProgrammaticTxMgmtSpringRuleTests	FAIL	12	0	12	1610
org.springframework.test.context.junit4.web.JUnit4SpringContextWebTests	OK	2	2	0	321
org.springframework.test.context.observation.MicrometerObservationRegistryTestExecutionListenerWithContextLoadFailureTestNGTests	OK	1	1	0	2174
org.springframework.test.context.profile.importresource.DefaultProfileAnnotationConfigTests	OK	2	2	0	837
org.springframework.test.context.support.ActiveProfilesUtilsTests	OK	26	26	0	765
org.springframework.test.context.support.ContextLoaderUtilsContextHierarchyTests	OK	19	19	0	21477
org.springframework.test.context.support.GenericXmlContextLoaderResourceLocationsTests	OK	7	7	0	266
org.springframework.test.context.testng.FailingBeforeAndAfterMethodsTestNGTests	OK	9	9	0	8648
org.springframework.test.context.testng.transaction.ejb.RollbackForRequiredEjbTxDaoTestNGTests	OK	3	3	0	5913
org.springframework.test.context.transaction.DefaultRollbackFalseRollbackAnnotationTransactionalTests	FAIL	1	0	1	1400
org.springframework.test.context.transaction.ejb.CommitForRequiresNewEjbTxDaoTests	OK	3	3	0	4016
org.springframework.test.context.transaction.manager.LookUpTxMgrViaTransactionManagementConfigurerTests	OK	1	1	0	422
org.springframework.test.context.web.BasicGroovyWacTests	OK	2	2	0	6762
org.springframework.test.context.web.ServletTestExecutionListenerJUnitIntegrationTests	OK	2	2	0	255
org.springframework.test.json.DefaultJsonConverterDelegateTests	OK	12	12	0	1318
org.springframework.test.util.TestSocketUtilsTests	OK	12	12	0	157
org.springframework.test.web.client.match.ContentRequestMatchersTests	OK	23	23	0	1685
org.springframework.test.web.client.samples.MockMvcClientHttpRequestFactoryTests	OK	3	3	0	3825
org.springframework.test.web.reactive.server.DefaultControllerSpecTests	OK	5	5	0	6852
org.springframework.test.web.reactive.server.WebTestClientKotlinTests	OK	1	1	0	2399
org.springframework.test.web.reactive.server.samples.HeaderAndCookieTests	OK	3	3	0	4241
org.springframework.test.web.reactive.server.samples.bind.RouterFunctionTests	OK	1	1	0	156
org.springframework.test.web.servlet.assertj.AbstractMockHttpServletResponseAssertTests	OK	10	10	0	396
org.springframework.test.web.servlet.client.DefaultRestTestClientBuilderTests	OK	2	2	0	814
org.springframework.test.web.servlet.client.samples.ErrorTests	OK	2	2	0	590
org.springframework.test.web.servlet.client.samples.bind.FilterTests	OK	1	1	0	178
org.springframework.test.web.servlet.htmlunit.MockMvcWebClientBuilderTests	OK	6	6	0	4252
org.springframework.test.web.servlet.request.MockHttpServletRequestBuilderTests	OK	56	56	0	2195
org.springframework.test.web.servlet.result.ModelResultMatchersTests	OK	23	23	0	705
org.springframework.test.web.servlet.samples.client.context.XmlConfigTests	OK	1	1	0	6396
org.springframework.test.web.servlet.samples.client.standalone.RequestParameterTests	OK	1	1	0	265
org.springframework.test.web.servlet.samples.client.standalone.resultmatches.FlashAttributeAssertionTests	OK	4	4	0	991
org.springframework.test.web.servlet.samples.client.standalone.resultmatches.UrlAssertionTests	OK	4	4	0	783
org.springframework.test.web.servlet.samples.spr.ControllerAdviceIntegrationTests	OK	2	2	0	2414
org.springframework.test.web.servlet.samples.standalone.AsyncTests	OK	18	18	0	6968
org.springframework.test.web.servlet.samples.standalone.ResponseBodyTests	OK	1	1	0	216
org.springframework.test.web.servlet.samples.standalone.resultmatchers.HandlerAssertionTests	OK	6	6	0	1248
org.springframework.test.web.servlet.samples.standalone.resultmatchers.ViewNameAssertionTests	OK	2	2	0	1186
org.springframework.test.web.support.HeaderAssertionTests	OK	18	18	0	556
org.springframework.transaction.JndiJtaTransactionManagerTests	OK	6	6	0	1453
org.springframework.transaction.annotation.EnableTransactionManagementTests	OK	18	18	0	9159
org.springframework.transaction.interceptor.AbstractReactiveTransactionAspectTests	EMPTY	0	0	0	15
org.springframework.transaction.interceptor.TransactionAttributeSourceAdvisorTests	OK	1	1	0	76
org.springframework.transaction.support.SimpleTransactionScopeTests	OK	5	5	0	130
org.springframework.http.HttpRangeTests	OK	17	17	0	2526
org.springframework.http.ResponseEntityKotlinTests	OK	2	2	0	111
org.springframework.http.client.InterceptingStreamingHttpComponentsTests	OK	6	6	0	1077
org.springframework.http.client.SimpleClientHttpRequestFactoryTests	FAIL	10	6	4	3658
org.springframework.http.codec.CancelWithoutDemandCodecTests	OK	7	7	0	1069
org.springframework.http.codec.ServerSentEventHttpMessageWriterTests	OK	48	48	0	3328
org.springframework.http.codec.json.CustomKotlinSerializationJsonDecoderTests	OK	3	3	0	231
org.springframework.http.codec.json.Jackson2JsonDecoderTests	OK	22	22	0	1041
org.springframework.http.codec.json.KotlinSerializationJsonDecoderTests	OK	12	12	0	1672
org.springframework.http.codec.protobuf.KotlinSerializationProtobufDecoderTests	OK	4	4	0	230
org.springframework.http.codec.support.ClientCodecConfigurerTests	OK	8	8	0	1044
org.springframework.http.codec.xml.XmlEventDecoderTests	OK	5	5	0	864
org.springframework.http.converter.ResourceRegionHttpMessageConverterTests	OK	8	8	0	2280
org.springframework.http.converter.json.Jackson2ObjectMapperBuilderTests	OK	39	39	0	4691
org.springframework.http.converter.json.SpringHandlerInstantiatorTests	OK	5	5	0	378
org.springframework.http.converter.xml.JacksonXmlHttpMessageConverterTests	OK	11	11	0	1291
org.springframework.http.server.DefaultRequestPathTests	OK	2	2	0	69
org.springframework.http.server.reactive.ChannelSendOperatorTests	OK	9	9	0	609
org.springframework.http.server.reactive.ListenerReadPublisherTests	OK	3	3	0	1308
org.springframework.http.server.reactive.ServerHttpsRequestIntegrationTests	OK	1	1	0	4108
org.springframework.web.ErrorResponseTests	OK	2	2	0	217
org.springframework.web.accept.PathApiVersionResolverTests	OK	3	3	0	94
org.springframework.web.bind.annotation.ComponentScannedControllerAdviceTests	OK	1	1	0	309
org.springframework.web.bind.support.WebRequestDataBinderTests	OK	35	35	0	920
org.springframework.web.client.HttpStatusCodeExceptionTests	OK	2	2	0	141
org.springframework.web.client.RestOperationsExtensionsTests	OK	24	24	0	8614
org.springframework.web.context.ContextLoaderInitializerTests	OK	1	1	0	80
org.springframework.web.context.request.ServletWebRequestTests	OK	4	4	0	91
org.springframework.web.context.request.async.WebAsyncManagerTimeoutTests	OK	10	10	0	1876
org.springframework.web.cors.CorsConfigurationTests	OK	20	20	0	366
org.springframework.web.filter.CharacterEncodingFilterTests	OK	6	6	0	2973
org.springframework.web.filter.OncePerRequestFilterTests	OK	4	4	0	100
org.springframework.web.filter.reactive.ServerWebExchangeContextFilterTests	OK	1	1	0	387
org.springframework.web.method.annotation.ErrorsMethodArgumentResolverTests	OK	4	4	0	115
org.springframework.web.method.annotation.ModelFactoryOrderingTests	OK	4	4	0	386
org.springframework.web.method.annotation.SessionAttributesHandlerTests	OK	4	4	0	118
org.springframework.web.method.support.ModelAndViewContainerTests	OK	4	4	0	106
org.springframework.web.server.ServerWebExchangeExtensionsTest	OK	5	5	0	15506
org.springframework.web.server.handler.ResponseStatusExceptionHandlerTests	OK	6	6	0	376
org.springframework.web.service.annotation.HttpExchangeBeanRegistrationAotProcessorTests	OK	2	2	0	227
org.springframework.web.service.invoker.KotlinHttpServiceMethodTests	OK	3	3	0	1616
org.springframework.web.service.invoker.UriBuilderFactoryArgumentResolverTests	OK	6	6	0	385
org.springframework.web.util.DefaultUriBuilderFactoryTests	OK	18	18	0	272
org.springframework.web.util.TagUtilsTests	OK	12	12	0	158
org.springframework.web.util.pattern.PathPatternParserTests	OK	27	27	0	479
org.springframework.web.reactive.accept.HeaderApiVersionResolverTests	OK	2	2	0	376
org.springframework.web.reactive.config.CorsRegistryTests	OK	5	5	0	100
org.springframework.web.reactive.function.BodyInsertersTests	OK	16	16	0	815
org.springframework.web.reactive.function.client.DefaultClientResponseTests	OK	18	18	0	1156
org.springframework.web.reactive.function.client.WebClientResponseExceptionTests	OK	73	73	0	1179
org.springframework.web.reactive.function.server.AbstractRouterFunctionIntegrationTests	EMPTY	0	0	0	14
org.springframework.web.reactive.function.server.DispatcherHandlerIntegrationTests	OK	20	20	0	29550
org.springframework.web.reactive.function.server.RenderingResponseExtensionsTests	OK	1	1	0	12837
org.springframework.web.reactive.function.server.RouterFunctionTests	OK	5	5	0	214
org.springframework.web.reactive.function.server.support.ServerRequestWrapperTests	OK	16	16	0	6175
org.springframework.web.reactive.resource.FixedVersionStrategyTests	OK	5	5	0	237
org.springframework.web.reactive.resource.VersionResourceResolverTests	OK	9	9	0	1244
org.springframework.web.reactive.result.condition.PatternsRequestConditionTests	OK	13	13	0	453
org.springframework.web.reactive.result.method.RequestMappingInfoHandlerMappingTests	OK	21	21	0	2891
org.springframework.web.reactive.result.method.annotation.CoroutinesIntegrationTests	OK	40	40	0	95515
org.springframework.web.reactive.result.method.annotation.JacksonStreamingIntegrationTests	OK	8	8	0	9526
org.springframework.web.reactive.result.method.annotation.ModelAttributeMethodArgumentResolverTests	OK	20	20	0	2497
org.springframework.web.reactive.result.method.annotation.ProtobufIntegrationTests	OK	20	20	0	39007
org.springframework.web.reactive.result.method.annotation.RequestMappingIntegrationTests	OK	20	20	0	31441
org.springframework.web.reactive.result.method.annotation.ResponseBodyResultHandlerTests	OK	4	4	0	629
org.springframework.web.reactive.result.view.AbstractViewTests	OK	1	1	0	401
org.springframework.web.reactive.result.view.UrlBasedViewResolverTests	OK	5	5	0	181
org.springframework.web.reactive.result.view.script.ScriptTemplateViewTests	OK	15	15	0	2317
org.springframework.web.context.ServletContextAwareProcessorTests	OK	12	12	0	262
org.springframework.web.servlet.config.AnnotationDrivenBeanDefinitionParserTests	OK	7	7	0	4620
org.springframework.web.servlet.config.annotation.ResourceHandlerRegistryTests	OK	12	12	0	2374
org.springframework.web.servlet.function.DefaultRenderingResponseTests	OK	10	10	0	167
org.springframework.web.servlet.function.RouterFunctionBuilderTests	OK	8	8	0	176
org.springframework.web.servlet.function.ToStringVisitorTests	OK	2	2	0	47
org.springframework.web.servlet.handler.HandlerMappingTests	OK	3	3	0	357
org.springframework.web.servlet.i18n.CookieLocaleResolverTests	OK	26	26	0	444
org.springframework.web.servlet.mvc.annotation.JdkProxyControllerTests	OK	3	3	0	593
org.springframework.web.servlet.mvc.condition.ProducesRequestConditionTests	OK	25	25	0	409
org.springframework.web.servlet.mvc.method.annotation.AbstractServletHandlerMethodTests	EMPTY	0	0	0	85
org.springframework.web.servlet.mvc.method.annotation.HttpEntityMethodProcessorTests	OK	9	9	0	509
org.springframework.web.servlet.mvc.method.annotation.PathVariableMethodArgumentResolverTests	OK	8	8	0	191
org.springframework.web.servlet.mvc.method.annotation.RequestPartIntegrationTests	OK	2	2	0	2728
org.springframework.web.servlet.mvc.method.annotation.ResponseBodyEmitterTests	OK	15	15	0	1220
org.springframework.web.servlet.mvc.method.annotation.ServletResponseMethodArgumentResolverTests	OK	4	4	0	79
org.springframework.web.servlet.mvc.support.DefaultHandlerExceptionResolverTests	OK	18	18	0	304
org.springframework.web.servlet.resource.LiteWebJarsResourceResolverTests	OK	8	8	0	682
org.springframework.web.servlet.resource.ResourceUrlProviderJavaConfigTests	OK	3	3	0	2760
org.springframework.web.servlet.support.ServletUriComponentsBuilderTests	OK	16	16	0	241
org.springframework.web.servlet.tags.HtmlEscapeTagTests	OK	7	7	0	409
org.springframework.web.servlet.tags.form.ButtonTagTests	OK	3	3	0	142
org.springframework.web.servlet.tags.form.OptionTagEnumTests	OK	1	1	0	89
org.springframework.web.servlet.tags.form.TagWriterTests	OK	8	8	0	118
org.springframework.web.servlet.view.RedirectViewUriTemplateTests	OK	8	8	0	127
org.springframework.web.servlet.view.groovy.GroovyMarkupConfigurerTests	FAIL	9	8	1	740
org.springframework.web.servlet.view.script.ScriptTemplateViewTests	OK	16	16	0	2256
org.springframework.web.socket.TextMessageTests	OK	2	2	0	141
org.springframework.web.socket.client.WebSocketConnectionManagerTests	OK	2	2	0	126
org.springframework.web.socket.config.annotation.WebSocketHandlerRegistrationTests	OK	7	7	0	1021
org.springframework.web.socket.messaging.DefaultSimpUserRegistryTests	OK	5	5	0	92
org.springframework.web.socket.messaging.WebSocketStompClientTests	OK	21	21	0	2080
org.springframework.web.socket.server.support.WebSocketHandlerMappingTests	OK	2	2	0	278
org.springframework.web.socket.sockjs.client.SockJsUrlInfoTests	OK	14	14	0	277
org.springframework.web.socket.sockjs.transport.handler.SockJsWebSocketHandlerTests	OK	2	2	0	238
org.springframework.aop.framework.autoproxy.AspectJAutoProxyInterceptorKotlinIntegrationTests	OK	4	4	0	13543
org.springframework.core.env.PropertyPlaceholderConfigurerEnvironmentIntegrationTests	OK	1	1	0	85
org.springframework.aop.aspectj.BeanNamePointcutMatchingTests	OK	2	2	0	431
org.springframework.aop.aspectj.annotation.AspectJPointcutAdvisorTests	OK	4	4	0	161
org.springframework.aop.config.TopLevelAopTagTests	OK	1	1	0	1078
org.springframework.aop.framework.MethodInvocationTests	OK	2	2	0	85
org.springframework.aop.interceptor.DebugInterceptorTests	OK	2	2	0	1668
org.springframework.aop.scope.ScopedProxyUtilsTests	OK	7	7	0	127
org.springframework.aop.support.JdkRegexpMethodPointcutTests	OK	8	8	0	178
org.springframework.aop.target.HotSwappableTargetSourceTests	OK	4	4	0	1541
org.springframework.beans.BeanUtilsKotlinTests	OK	22	22	0	1687
org.springframework.beans.ConcurrentBeanWrapperTests	FAIL	101	100	1	5296
org.springframework.beans.factory.BeanFactoryExtensionsTests	OK	6	6	0	6918
org.springframework.beans.factory.Spr5475Tests	OK	4	4	0	140
org.springframework.beans.factory.annotation.JakartaAnnotationsRuntimeHintsTests	OK	3	3	0	189
org.springframework.beans.factory.aot.BeanDefinitionMethodGeneratorFactoryTests	OK	11	11	0	662
org.springframework.beans.factory.aot.CodeWarningsTests	OK	23	23	0	50725
org.springframework.beans.factory.config.MethodInvokingFactoryBeanTests	OK	7	7	0	240
org.springframework.beans.factory.config.YamlMapFactoryBeanTests	OK	8	8	0	316
org.springframework.beans.factory.parsing.PassThroughSourceExtractorTests	OK	2	2	0	73
org.springframework.beans.factory.support.BeanFactorySupplierTests	OK	8	8	0	503
org.springframework.beans.factory.support.LookupMethodTests	OK	7	7	0	1631
org.springframework.beans.factory.support.RootBeanDefinitionTests	OK	8	8	0	1449
org.springframework.beans.factory.xml.CollectionMergingTests	OK	14	14	0	5996
org.springframework.beans.factory.xml.NestedBeansElementAttributeRecursionTests	OK	7	7	0	598
org.springframework.beans.factory.xml.XmlBeanCollectionTests	FAIL	34	31	3	17750
org.springframework.beans.propertyeditors.CustomEditorTests	OK	62	62	0	1491
org.springframework.beans.propertyeditors.URIEditorTests	OK	12	12	0	179
org.springframework.aop.aspectj.AroundAdviceBindingTests	OK	4	4	0	3656
org.springframework.aop.aspectj.DeclareParentsDelegateRefTests	OK	2	2	0	623
org.springframework.aop.aspectj.SubtypeSensitiveMatchingTests	OK	3	3	0	1091
org.springframework.aop.aspectj.autoproxy.AspectJAutoProxyCreatorTests	OK	22	22	0	11464
org.springframework.aop.aspectj.generic.GenericParameterMatchingTests	OK	3	3	0	586
org.springframework.aop.config.PrototypeProxyTests	OK	1	1	0	190
org.springframework.aop.framework.autoproxy.AutoProxyCreatorTests	OK	10	10	0	2116
org.springframework.beans.factory.support.QualifierAnnotationAutowireContextTests	OK	25	25	0	1796
org.springframework.cache.CacheReproTests	OK	16	16	0	10476
org.springframework.cache.config.AnnotationNamespaceDrivenTests	OK	68	68	0	70401
org.springframework.cache.interceptor.CacheOperationExpressionEvaluatorTests	OK	7	7	0	714
org.springframework.context.annotation.AbstractCircularImportDetectionTests	EMPTY	0	0	0	16
org.springframework.context.annotation.AutoProxyLazyInitTests	OK	4	4	0	1089
org.springframework.context.annotation.ClassPathFactoryBeanDefinitionScannerTests	OK	1	1	0	1261
org.springframework.context.annotation.ComponentScanParserBeanDefinitionDefaultsTests	TIMEOUT	0	0	0	120000
org.springframework.context.annotation.ConfigurationClassPostConstructAndAutowiringTests	FAIL	2	1	1	485
org.springframework.context.annotation.DeferredImportSelectorTests	OK	4	4	0	1656
org.springframework.context.annotation.Gh32489Tests	OK	9	9	0	848
org.springframework.context.annotation.LazyAutowiredAnnotationBeanPostProcessorTests	OK	11	11	0	1448
org.springframework.context.annotation.RoleAndDescriptionAnnotationTests	OK	3	3	0	683
org.springframework.context.annotation.Spr15275Tests	FAIL	6	4	2	892
org.springframework.context.annotation.configuration.BeanAnnotationAttributePropagationTests	OK	11	11	0	310
org.springframework.context.annotation.configuration.DuplicateConfigurationClassPostProcessorTests	OK	1	1	0	61
org.springframework.context.annotation.configuration.ScopingTests	OK	6	6	0	2121
org.springframework.context.annotation.spr10546.Spr10546Tests	OK	10	10	0	1887
org.springframework.context.aot.ApplicationContextAotGeneratorTests	TIMEOUT	0	0	0	120000
org.springframework.context.config.ContextNamespaceHandlerTests	OK	9	9	0	2452
org.springframework.context.event.GenericApplicationListenerTests	OK	4	4	0	629
org.springframework.context.expression.FactoryBeanAccessTests	OK	1	1	0	208
org.springframework.context.i18n.LocaleContextThreadLocalAccessorTests	OK	2	2	0	175
org.springframework.context.support.DefaultLifecycleProcessorTests	OK	24	19	0	1637
org.springframework.context.support.SerializableBeanFactoryMemoryLeakTests	OK	4	4	0	97
org.springframework.ejb.config.JeeNamespaceHandlerTests	OK	9	9	0	2587
org.springframework.format.datetime.standard.InstantFormatterTests	FAIL	40	30	10	1893
org.springframework.format.support.FormattingConversionServiceTests	OK	18	18	0	561
org.springframework.jmx.export.CustomEditorConfigurerTests	FAIL	2	1	1	502
org.springframework.jmx.export.annotation.AnnotationMetadataAssemblerTests	FAIL	31	21	10	16776
org.springframework.jmx.export.assembler.MethodExclusionMBeanInfoAssemblerComboTests	FAIL	14	8	6	2108
org.springframework.jmx.export.naming.IdentityNamingStrategyTests	FAIL	1	0	1	40
org.springframework.jmx.support.MBeanServerConnectionFactoryBeanTests	OK	4	4	0	471
org.springframework.resilience.RetryInterceptorTests	FAIL	21	20	1	3748
org.springframework.scheduling.annotation.ScheduledAnnotationBeanPostProcessorObservabilityTests	OK	8	8	0	483
org.springframework.scheduling.concurrent.DefaultManagedTaskSchedulerTests	OK	6	6	0	576
org.springframework.scheduling.config.LazyScheduledTasksBeanDefinitionParserTests	OK	1	1	0	704
org.springframework.scheduling.support.CronExpressionTests	OK	65	65	0	1836
org.springframework.scripting.groovy.GroovyAspectIntegrationTests	OK	4	4	0	7693
org.springframework.scripting.support.StaticScriptSourceTests	OK	8	8	0	145
org.springframework.validation.ValidationUtilsTests	OK	9	9	0	215
org.springframework.validation.beanvalidation.MethodValidationAdapterTests	OK	8	8	0	2400
org.springframework.cache.caffeine.CaffeineCacheManagerTests	OK	11	11	0	1555
org.springframework.cache.jcache.config.JCacheJavaConfigTests	OK	32	32	0	26973
org.springframework.cache.jcache.interceptor.CacheResolverAdapterTests	OK	2	2	0	217
org.springframework.mail.javamail.ConfigurableMimeFileTypeMapTests	OK	4	4	0	175
org.springframework.ui.freemarker.FreeMarkerConfigurationFactoryBeanTests	OK	4	4	0	521
org.springframework.aot.generate.GeneratedFilesTests	OK	18	18	0	420
org.springframework.aot.hint.BindingReflectionHintsRegistrarTests	OK	18	18	0	665
org.springframework.aot.hint.ReflectionHintsTests	OK	19	19	0	1212
org.springframework.aot.hint.SimpleTypeReferenceTests	OK	24	24	0	508
org.springframework.aot.hint.predicate.ProxyHintsPredicatesTests	OK	3	3	0	65
org.springframework.aot.hint.support.SpringFactoriesLoaderRuntimeHintsTests	OK	3	3	0	120
org.springframework.core.AttributeAccessorSupportTests	OK	5	5	0	94
org.springframework.core.ExceptionDepthComparatorTests	OK	9	9	0	148
org.springframework.core.NullnessKotlinTests	OK	11	11	0	1686
org.springframework.core.ResolvableTypeTests	FAIL	162	161	1	5853
org.springframework.core.annotation.AnnotationAttributesTests	OK	11	11	0	374
org.springframework.core.annotation.AttributeMethodsTests	OK	15	15	0	937
org.springframework.core.annotation.MergedAnnotationsRepeatableAnnotationTests	OK	24	24	0	529
org.springframework.core.annotation.RepeatableContainersTests	OK	17	17	0	341
org.springframework.core.codec.CharSequenceEncoderTests	OK	3	3	0	1250
org.springframework.core.codec.StringDecoderTests	OK	14	14	0	586
org.springframework.core.convert.support.DefaultConversionServiceKotlinTests	OK	3	3	0	208
org.springframework.core.env.JOptCommandLinePropertySourceTests	OK	12	12	0	194
org.springframework.core.env.StandardEnvironmentTests	OK	51	51	0	936
org.springframework.core.io.buffer.DataBufferUtilsTests	OK	379	379	0	17268
org.springframework.core.io.support.PathMatchingResourcePatternResolverTests	FAIL	22	15	7	10668
org.springframework.core.log.LogSupportTests	OK	6	6	0	119
org.springframework.core.style.DefaultValueStylerTests	OK	7	7	0	114
org.springframework.core.testfixture.TestGroupTests	OK	4	4	0	11324
org.springframework.core.type.InheritedAnnotationsAnnotationMetadataTests	OK	7	7	0	330
org.springframework.core.type.classreading.MergedAnnotationMetadataVisitorTests	OK	6	6	0	123
org.springframework.util.CompositeIteratorTests	OK	6	6	0	87
org.springframework.util.FastByteArrayOutputStreamTests	OK	20	20	0	279
org.springframework.util.InstanceFilterTests	OK	5	5	0	76
org.springframework.util.NumberUtilsTests	OK	21	21	0	418
org.springframework.util.ResourceUtilsTests	OK	3	3	0	191
org.springframework.util.UnmodifiableMultiValueMapTests	OK	6	6	0	8493
org.springframework.util.function.SingletonSupplierTests	OK	115	115	0	1771
org.springframework.util.xml.DomContentHandlerTests	OK	3	3	0	369
org.springframework.util.xml.StaxStreamHandlerTests	OK	4	4	0	469
org.springframework.aot.agent.RecordedInvocationTests	OK	5	5	0	206
org.springframework.core.test.tools.DynamicJavaFileObjectTests	OK	2	2	0	88
org.springframework.expression.spel.AbstractExpressionTests	EMPTY	0	0	0	81
org.springframework.expression.spel.ExpressionStateTests	OK	10	10	0	248
org.springframework.expression.spel.MethodInvocationTests	FAIL	23	21	2	1243
org.springframework.expression.spel.SelectionAndProjectionTests	OK	35	35	0	1025
org.springframework.expression.spel.StandardTypeComparatorTests	OK	6	6	0	89
org.springframework.expression.spel.standard.PropertiesConversionSpelTests	OK	4	4	0	103
org.springframework.expression.spel.support.StandardEvaluationContextTests	OK	5	5	0	1555
org.springframework.jdbc.core.JdbcTemplateQueryTests	OK	28	28	0	11735
org.springframework.jdbc.core.namedparam.MapSqlParameterSourceExtensionsTests	OK	3	3	0	105
org.springframework.jdbc.core.simple.JdbcClientNamedParameterTests	OK	14	14	0	5037
org.springframework.jdbc.core.support.LobSupportTests	OK	5	5	0	867
org.springframework.jdbc.datasource.DriverManagerDataSourceTests	OK	4	4	0	72
org.springframework.jdbc.datasource.embedded.EmbeddedDatabaseFactoryRuntimeHintsTests	OK	1	1	0	131
org.springframework.jdbc.datasource.init.ScriptUtilsIntegrationTests	OK	9	8	0	72386
org.springframework.jdbc.object.GenericSqlQueryTests	OK	3	3	0	1187
org.springframework.jdbc.support.DefaultLobHandlerTests	OK	13	13	0	203
org.springframework.jdbc.support.SQLExceptionSubclassTranslatorTests	OK	3	3	0	59
org.springframework.jms.annotation.EnableJmsTests	OK	14	14	0	4849
org.springframework.jms.config.MethodJmsListenerEndpointTests	OK	27	27	0	4600
org.springframework.jms.core.JmsTemplateJtaTests	OK	52	52	0	4320
org.springframework.jms.listener.adapter.JmsResponseTests	OK	6	6	0	285
org.springframework.jms.support.JmsMessageHeaderAccessorTests	OK	1	1	0	44
org.springframework.jms.support.destination.JmsDestinationAccessorTests	OK	2	2	0	59
org.springframework.messaging.converter.JsonbMessageConverterTests	OK	11	11	0	639
org.springframework.messaging.core.CachingDestinationResolverTests	OK	3	3	0	524
org.springframework.messaging.handler.annotation.reactive.DestinationVariableMethodArgumentResolverTests	OK	3	3	0	128
org.springframework.messaging.handler.annotation.support.HeaderMethodArgumentResolverTests	OK	12	12	0	645
org.springframework.messaging.handler.invocation.reactive.MethodMessageHandlerTests	OK	5	5	0	214
org.springframework.messaging.rsocket.RSocketClientToServerCoroutinesIntegrationTests	OK	9	9	0	4764
org.springframework.messaging.rsocket.service.PayloadArgumentResolverTests	OK	9	9	0	158
org.springframework.messaging.simp.SimpAttributesTests	OK	9	9	0	282
org.springframework.messaging.simp.annotation.support.SimpAnnotationMethodMessageHandlerTests	OK	19	19	0	2550
org.springframework.messaging.simp.config.StompBrokerRelayRegistrationTests	OK	1	1	0	39
org.springframework.messaging.simp.stomp.StompClientSupportTests	OK	5	5	0	190
org.springframework.messaging.simp.user.UserRegistryMessageHandlerTests	OK	5	5	0	2033
org.springframework.orm.jpa.AbstractEntityManagerFactoryBeanTests	EMPTY	0	0	0	108
org.springframework.orm.jpa.JpaTransactionManagerTests	OK	22	22	0	3649
org.springframework.orm.jpa.hibernate.HibernateEntityManagerFactoryScanIntegrationTests	OK	23	23	0	8955
org.springframework.orm.jpa.persistenceunit.PersistenceManagedTypesScannerTests	OK	6	6	0	572
org.springframework.orm.jpa.support.PersistenceInjectionIntegrationTests	OK	2	2	0	1304
org.springframework.oxm.xstream.XStreamMarshallerTests	OK	21	21	0	14185
org.springframework.r2dbc.connection.init.CompositeDatabasePopulatorTests	OK	5	5	0	1242
org.springframework.r2dbc.core.AbstractDatabaseClientIntegrationTests	EMPTY	0	0	0	14
org.springframework.r2dbc.core.R2dbcBeanPropertyRowMapperTests	OK	12	12	0	987
org.springframework.r2dbc.core.binding.NamedBindMarkersTests	OK	8	8	0	337
org.springframework.mock.web.MockMultipartHttpServletRequestTests	OK	3	3	0	537
org.springframework.test.context.DynamicPropertySourceIntegrationTests	OK	3	3	0	1899
org.springframework.test.context.TestContextManagerSuppressedExceptionsTests	OK	3	3	0	150
org.springframework.test.context.aot.TestAotProcessorTests	OK	1	1	0	9348
org.springframework.test.context.aot.samples.basic.BasicSpringJupiterParameterizedClassTests	OK	10	10	0	3647
org.springframework.test.context.aot.samples.basic.DisabledInAotRuntimeClassLevelTests	OK	1	1	0	374
org.springframework.test.context.aot.samples.web.WebSpringTestNGTests	OK	1	1	0	2569
org.springframework.test.context.bean.override.BeanOverrideContextCustomizerTests	OK	3	3	0	112
org.springframework.test.context.bean.override.convention.TestBeanForInterfaceIntegrationTests	OK	1	1	0	408
org.springframework.test.context.bean.override.convention.hierarchies.TestBeanByNameInChildContextHierarchyTests	OK	1	1	0	587
org.springframework.test.context.bean.override.mockito.AbstractMockitoBeanWithInterfacePresentTwiceTests	EMPTY	0	0	0	301
org.springframework.test.context.bean.override.mockito.MockitoBeanContextCustomizerEqualityTests	OK	8	8	0	299
org.springframework.test.context.bean.override.mockito.MockitoBeanNestedTests	OK	4	4	0	1752
org.springframework.test.context.bean.override.mockito.MockitoResetTestExecutionListenerWithContextLoadFailureTestNGTests	OK	1	1	0	3790
org.springframework.test.context.bean.override.mockito.MockitoSpyBeanDuplicateTypeIntegrationTests	OK	1	1	0	638
org.springframework.test.context.bean.override.mockito.constructor.MockitoBeanByTypeLookupForConstructorParametersIntegrationTests	FAIL	6	4	2	5994
org.springframework.test.context.bean.override.mockito.hierarchies.MockitoBeanByTypeInParentAndChildContextHierarchyTests	OK	1	1	0	586
org.springframework.test.context.bean.override.mockito.hierarchies.MockitoSpyBeanByTypeInParentAndChildContextHierarchyTests	OK	1	1	0	577
org.springframework.test.context.bean.override.mockito.integration.MockitoBeanAndScopedProxyIntegrationTests	OK	1	1	0	378
org.springframework.test.context.bean.override.mockito.integration.MockitoBeanWithMultipleExistingBeansAndExplicitQualifierIntegrationTests	OK	1	1	0	659
org.springframework.test.context.bean.override.mockito.integration.MockitoSpyBeanWithCustomQualifierAnnotationByTypeTests	OK	1	1	0	1784
org.springframework.test.context.bean.override.mockito.typelevel.MockitoBeansByNameIntegrationTests	OK	1	1	0	948
org.springframework.test.context.cache.ClassLevelDirtiesContextTests	OK	1	1	0	12175
org.springframework.test.context.cache.UnusedContextsIntegrationTests	OK	5	5	0	11222
org.springframework.test.context.config.DefaultConfigClassesBaseTests	OK	1	1	0	353
org.springframework.test.context.config.ExplicitConfigClassesBaseTests	OK	1	1	0	187
org.springframework.test.context.config.interfaces.ActiveProfilesInterfaceTests	OK	1	1	0	360
org.springframework.test.context.config.meta.ConfigClassesAndProfileResolverWithCustomDefaultsMetaConfigTests	OK	1	1	0	401
org.springframework.test.context.customizers.ContextCustomizerTests	OK	1	1	0	371
org.springframework.test.context.env.DefaultPropertiesFileDetectionTestPropertySourceTests	OK	1	1	0	276
org.springframework.test.context.env.MergedPropertiesFilesOverriddenByInlinedPropertiesTestPropertySourceTests	OK	2	2	0	2537
org.springframework.test.context.env.repeatable.LocalInlinedPropertyAndInheritedInlinedPropertyTests	OK	1	1	0	387
org.springframework.test.context.env.repeatable.MetaInlinedPropertyOverridesMetaMetaInlinedPropertyTests	OK	1	1	0	376
org.springframework.test.context.event.EventPublishingTestExecutionListenerTests	OK	14	14	0	3020
org.springframework.test.context.groovy.MixedXmlAndGroovySpringContextTests	OK	1	1	0	7553
org.springframework.test.context.hierarchies.standard.SingleTestClassWithSingleLevelContextHierarchyTests	OK	1	1	0	264
org.springframework.test.context.hierarchies.standard.TestHierarchyLevelTwoWithSingleLevelContextHierarchyAndMixedConfigTypesTests	OK	1	1	0	566
org.springframework.test.context.inheritance.BeanOverridingExplicitLocationsInheritedTests	OK	1	1	0	420
org.springframework.test.context.initializers.annotation.MultipleInitializersAnnotationConfigTests	OK	1	1	0	334
org.springframework.test.context.jdbc.BeforeTestClassSqlScriptsTests	FAIL	6	0	1	1840
org.springframework.test.context.jdbc.InferredDataSourceTransactionalSqlScriptsTests	FAIL	2	0	2	3555
org.springframework.test.context.jdbc.PopulatedSchemaTransactionalSqlScriptsTests	FAIL	1	0	1	1022
org.springframework.test.context.jdbc.TransactionalInlinedStatementsSqlScriptsTests	FAIL	2	0	2	1218
org.springframework.test.context.junit.jupiter.DisabledIfAndDirtiesContextTests	OK	2	2	0	685
org.springframework.test.context.junit.jupiter.SpringExtensionParameterizedTests	OK	5	5	0	766
org.springframework.test.context.junit.jupiter.defaultmethods.DogInterfaceDefaultMethodsTests	OK	2	2	0	387
org.springframework.test.context.junit.jupiter.generics.GenericsAndNestedTests	OK	4	4	0	465
org.springframework.test.context.junit.jupiter.nested.ContextHierarchyTestMethodScopedExtensionContextNestedTests	OK	5	5	0	1705
org.springframework.test.context.junit.jupiter.nested.TestConstructorTestClassScopedExtensionContextNestedTests	OK	8	8	0	1502
org.springframework.test.context.junit.jupiter.transaction.TimedTransactionalSpringExtensionTests	FAIL	1	0	1	1107
org.springframework.test.context.junit4.FailingBeforeAndAfterMethodsSpringRunnerTests	OK	9	9	0	11311
org.springframework.test.context.junit4.TimedSpringRunnerTests	OK	1	1	0	767
org.springframework.test.context.junit4.rules.BasicAnnotationConfigWacSpringRuleTests	OK	3	3	0	506
org.springframework.test.context.junit4.rules.RepeatedSpringRuleTests	OK	6	6	0	645
org.springframework.test.context.litemode.AbstractTransactionalAnnotatedConfigClassTests	EMPTY	0	0	0	53
org.springframework.test.context.observation.MicrometerObservationRegistryTestExecutionListenerWithContextLoadFailureTests	OK	1	1	0	545
org.springframework.test.context.profile.importresource.DevProfileAnnotationConfigTests	OK	2	2	0	591
org.springframework.test.context.support.AnnotationConfigContextLoaderTests	OK	9	9	0	341
org.springframework.test.context.support.CustomizedGenericXmlContextLoaderTests	OK	1	1	0	95
org.springframework.test.context.support.GenericXmlContextLoaderTests	OK	1	1	0	61
org.springframework.test.context.testng.TestNGConcurrencyTests	FAIL	1	0	1	1613
org.springframework.test.context.testng.transaction.ejb.RollbackForRequiresNewEjbTxDaoTestNGTests	OK	3	3	0	8493
org.springframework.test.context.transaction.DefaultRollbackTrueRollbackAnnotationTransactionalTests	FAIL	1	0	1	1464
org.springframework.test.context.transaction.ejb.RollbackForRequiredEjbTxDaoTests	OK	3	3	0	4163
org.springframework.test.context.transaction.manager.LookUpTxMgrViaTransactionManagementConfigurerWithPrimaryTxMgrTests	OK	1	1	0	430
org.springframework.test.context.web.BasicXmlWacTests	OK	2	2	0	483
org.springframework.test.context.web.ServletTestExecutionListenerTests	OK	6	6	0	3136
org.springframework.test.json.JsonContentTests	OK	5	5	0	397
org.springframework.test.util.XmlExpectationsHelperTests	OK	6	6	0	3199
org.springframework.test.web.client.match.JsonPathRequestMatchersTests	OK	37	37	0	678
org.springframework.test.web.client.samples.SampleTests	OK	7	7	0	677
org.springframework.test.web.reactive.server.DefaultRouterFunctionSpecTests	OK	2	2	0	291
org.springframework.test.web.reactive.server.WiretapConnectorTests	OK	3	3	0	784
org.springframework.test.web.reactive.server.samples.JsonContentTests	OK	6	6	0	7013
org.springframework.test.web.reactive.server.samples.bind.WebFilterTests	OK	1	1	0	80
org.springframework.test.web.servlet.assertj.CookieMapAssertTests	OK	22	22	0	398
org.springframework.test.web.servlet.client.JsonPathAssertionTests	OK	14	14	0	3055
org.springframework.test.web.servlet.client.samples.HeaderAndCookieTests	OK	3	3	0	583
org.springframework.test.web.servlet.client.samples.bind.HttpServerTests	OK	1	1	0	818
org.springframework.test.web.servlet.htmlunit.MockMvcWebConnectionTests	OK	7	7	0	9599
org.springframework.test.web.servlet.request.MockMultipartHttpServletRequestBuilderTests	OK	3	3	0	331
org.springframework.test.web.servlet.result.PrintingResultHandlerTests	OK	17	17	0	981
org.springframework.test.web.servlet.samples.client.standalone.AsyncTests	OK	8	8	0	3084
org.springframework.test.web.servlet.samples.client.standalone.ResponseBodyTests	OK	4	4	0	755
org.springframework.test.web.servlet.samples.client.standalone.resultmatches.HandlerAssertionTests	OK	6	6	0	1010
org.springframework.test.web.servlet.samples.client.standalone.resultmatches.ViewNameAssertionTests	OK	2	2	0	280
org.springframework.test.web.servlet.samples.spr.CustomRequestAttributesRequestContextHolderTests	OK	1	1	0	1174
org.springframework.test.web.servlet.samples.standalone.ExceptionHandlerTests	OK	7	7	0	1284
org.springframework.test.web.servlet.samples.standalone.RouterFunctionTests	OK	4	4	0	402
org.springframework.test.web.servlet.samples.standalone.resultmatchers.HeaderAssertionTests	OK	15	15	0	2506
org.springframework.test.web.servlet.samples.standalone.resultmatchers.XmlContentAssertionTests	OK	2	2	0	1970
org.springframework.test.web.support.StatusAssertionTests	OK	20	20	0	372
org.springframework.transaction.JtaTransactionManagerTests	OK	44	44	0	2657
org.springframework.transaction.annotation.TransactionBeanRegistrationAotProcessorTests	OK	7	7	0	324
org.springframework.transaction.interceptor.AbstractTransactionAspectTests	EMPTY	0	0	0	11
org.springframework.transaction.interceptor.TransactionAttributeSourceEditorTests	OK	4	4	0	73
org.springframework.transaction.support.TransactionSupportTests	OK	25	25	0	405
org.springframework.http.HttpStatusTests	OK	3	3	0	297
org.springframework.http.ResponseEntityTests	OK	25	25	0	632
org.springframework.http.client.JdkClientHttpRequestFactoryTests	OK	15	15	0	1305
org.springframework.http.client.SimpleClientHttpResponseTests	OK	5	5	0	3801
org.springframework.http.codec.EncoderHttpMessageWriterTests	OK	13	13	0	987
org.springframework.http.codec.ServerSentEventTests	OK	9	9	0	273
org.springframework.http.codec.json.CustomKotlinSerializationJsonEncoderTests	OK	2	2	0	674
org.springframework.http.codec.json.Jackson2JsonEncoderTests	OK	16	16	0	1846
org.springframework.http.codec.json.KotlinSerializationJsonEncoderTests	OK	10	10	0	1425
org.springframework.http.codec.protobuf.KotlinSerializationProtobufEncoderTests	OK	5	5	0	187
org.springframework.http.codec.support.CodecConfigurerTests	OK	10	10	0	2612
org.springframework.http.converter.BufferedImageHttpMessageConverterTests	OK	5	5	0	167
org.springframework.http.converter.StringHttpMessageConverterTests	FAIL	13	12	1	245
org.springframework.http.converter.json.Jackson2ObjectMapperFactoryBeanTests	OK	21	21	0	2232
org.springframework.http.converter.multipart.MultipartHttpMessageConverterTests	OK	18	18	0	1256
org.springframework.http.converter.xml.Jaxb2CollectionHttpMessageConverterTests	OK	9	9	0	407
org.springframework.http.server.ServletRequestHeadersAdapterTests	OK	1	1	0	39
org.springframework.http.server.reactive.ContextPathCompositeHandlerTests	OK	6	6	0	156
org.springframework.http.server.reactive.ListenerWriteProcessorTests	OK	3	3	0	1117
org.springframework.http.server.reactive.TomcatHeadersAdapterTests	OK	1	1	0	39
org.springframework.web.accept.ContentNegotiationManagerFactoryBeanTests	OK	10	10	0	403
org.springframework.web.accept.QueryApiVersionResolverTests	OK	3	3	0	69
org.springframework.web.bind.annotation.ControllerMappingReflectiveProcessorKotlinTests	OK	1	1	0	1044
org.springframework.web.client.AbstractMockWebServerTests	EMPTY	0	0	0	21
org.springframework.web.client.IntrospectingClientHttpResponseTests	OK	7	7	0	1665
org.springframework.web.client.RestTemplateIntegrationTests	FAIL	125	119	3	22291
org.springframework.web.context.request.RequestAndSessionScopedBeanTests	OK	2	2	0	280
org.springframework.web.context.request.SessionScopeTests	OK	6	6	0	1540
org.springframework.web.context.support.AnnotationConfigWebApplicationContextTests	OK	4	4	0	855
org.springframework.web.cors.CorsUtilsTests	OK	4	4	0	74
org.springframework.web.filter.CompositeFilterTests	OK	1	1	0	194
org.springframework.web.filter.RelativeRedirectFilterTests	OK	5	5	0	1417
org.springframework.web.filter.reactive.UrlHandlerFilterTests	OK	3	3	0	745
org.springframework.web.method.annotation.ExceptionHandlerMethodResolverTests	OK	16	16	0	334
org.springframework.web.method.annotation.ModelFactoryTests	OK	13	13	0	489
org.springframework.web.method.annotation.WebArgumentResolverAdapterTests	OK	8	8	0	299
org.springframework.web.multipart.support.ByteArrayMultipartFileEditorTests	OK	6	6	0	362
org.springframework.web.server.adapter.DefaultServerWebExchangeCheckNotModifiedTests	OK	22	22	0	1125
org.springframework.web.server.i18n.AcceptHeaderLocaleContextResolverTests	OK	14	14	0	722
org.springframework.web.service.annotation.HttpExchangeReflectiveProcessorTests	OK	2	2	0	67
org.springframework.web.service.invoker.NamedValueArgumentResolverTests	OK	18	18	0	2664
org.springframework.web.service.invoker.UrlArgumentResolverTests	OK	7	7	0	515
org.springframework.web.util.DisconnectedClientHelperTests	OK	13	13	0	303
org.springframework.web.util.UriComponentsBuilderTests	OK	106	106	0	3163
org.springframework.web.util.pattern.PathPatternRouteMatcherTests	OK	4	4	0	89
org.springframework.web.reactive.accept.HeaderContentTypeResolverTests	OK	2	2	0	637
org.springframework.web.reactive.config.DelegatingWebFluxConfigurationIntegrationTests	OK	15	15	0	14543
org.springframework.web.reactive.function.KotlinBodyInsertersTests	OK	1	1	0	117
org.springframework.web.reactive.function.client.DefaultWebClientTests	OK	25	25	0	2569
org.springframework.web.reactive.function.client.WebClientUtilsTests	OK	13	13	0	283
org.springframework.web.reactive.function.server.BindingFunctionIntegrationTests	OK	20	20	0	10889
org.springframework.web.reactive.function.server.HandlerStrategiesTests	OK	2	2	0	90
org.springframework.web.reactive.function.server.RenderingResponseIntegrationTests	OK	8	8	0	1477
org.springframework.web.reactive.function.server.RouterFunctionsTests	OK	12	12	0	981
org.springframework.web.reactive.handler.CorsUrlHandlerMappingTests	OK	9	9	0	368
org.springframework.web.reactive.resource.LiteWebJarsResourceResolverTests	OK	8	8	0	1642
org.springframework.web.reactive.result.HandlerResultHandlerTests	OK	6	6	0	218
org.springframework.web.reactive.result.condition.ProducesRequestConditionTests	OK	23	23	0	885
org.springframework.web.reactive.result.method.annotation.AbstractRequestMappingIntegrationTests	EMPTY	0	0	0	14
org.springframework.web.reactive.result.method.annotation.CrossOriginAnnotationIntegrationTests	TIMEOUT	0	0	0	120000
org.springframework.web.reactive.result.method.annotation.MatrixVariablesMapMethodArgumentResolverTests	OK	6	6	0	637
org.springframework.web.reactive.result.method.annotation.ModelInitializerKotlinTests	OK	1	1	0	1192
org.springframework.web.reactive.result.method.annotation.RequestAttributeMethodArgumentResolverTests	OK	6	6	0	799
org.springframework.web.reactive.result.method.annotation.RequestMappingMessageConversionIntegrationTests	TIMEOUT	0	0	0	120000
org.springframework.web.reactive.result.method.annotation.ResponseEntityExceptionHandlerTests	OK	14	14	0	1278
org.springframework.web.reactive.result.view.DefaultRenderingBuilderTests	OK	11	11	0	276
org.springframework.web.reactive.result.view.ViewResolutionResultHandlerTests	OK	11	11	0	1676
org.springframework.web.reactive.socket.AbstractReactiveWebSocketIntegrationTests	EMPTY	0	0	0	13
org.springframework.web.context.XmlWebApplicationContextTests	OK	42	42	0	20780
org.springframework.web.servlet.config.MvcNamespaceTests	FAIL	25	24	1	10177
org.springframework.web.servlet.config.annotation.ViewControllerRegistryTests	OK	7	7	0	98
org.springframework.web.servlet.function.DefaultServerRequestBuilderTests	OK	1	1	0	38
org.springframework.web.servlet.function.RouterFunctionDslTests	OK	16	16	0	368
org.springframework.web.servlet.function.support.HandlerFunctionAdapterTests	OK	2	2	0	990
org.springframework.web.servlet.handler.HandlerMethodMappingTests	OK	13	13	0	297
org.springframework.web.servlet.i18n.LocaleResolverTests	OK	4	4	0	66
org.springframework.web.servlet.mvc.annotation.ResponseStatusExceptionResolverTests	OK	9	9	0	129
org.springframework.web.servlet.mvc.condition.RequestConditionHolderTests	OK	9	9	0	112
org.springframework.web.servlet.mvc.method.annotation.ApiVersionMethodArgumentResolverTests	OK	5	5	0	197
org.springframework.web.servlet.mvc.method.annotation.MatrixVariablesMapMethodArgumentResolverTests	OK	6	6	0	159
org.springframework.web.servlet.mvc.method.annotation.PrincipalMethodArgumentResolverTests	OK	3	3	0	52
org.springframework.web.servlet.mvc.method.annotation.RequestPartMethodArgumentResolverTests	OK	33	33	0	1623
org.springframework.web.servlet.mvc.method.annotation.ResponseEntityExceptionHandlerTests	OK	29	29	0	1276
org.springframework.web.servlet.mvc.method.annotation.SessionAttributeMethodArgumentResolverTests	OK	5	5	0	265
org.springframework.web.servlet.mvc.support.ParameterizableViewControllerTests	OK	8	8	0	99
org.springframework.web.servlet.resource.NoResourceFoundExceptionTests	OK	3	3	0	42
org.springframework.web.servlet.resource.ResourceUrlProviderTests	OK	8	8	0	544
org.springframework.web.servlet.support.WebContentGeneratorTests	OK	10	10	0	114
org.springframework.web.servlet.tags.MessageTagOutsideDispatcherServletTests	OK	18	18	0	652
org.springframework.web.servlet.tags.form.CheckboxTagTests	OK	26	26	0	1651
org.springframework.web.servlet.tags.form.OptionTagTests	OK	18	18	0	815
org.springframework.web.servlet.tags.form.TextareaTagTests	OK	6	6	0	314
org.springframework.web.servlet.view.ViewResolverTests	OK	16	16	0	327
org.springframework.web.servlet.view.groovy.GroovyMarkupViewResolverTests	OK	2	2	0	33
org.springframework.web.servlet.view.xml.JacksonXmlViewTests	OK	9	9	0	1635
org.springframework.web.socket.WebSocketExtensionTests	OK	16	16	0	288
org.springframework.web.socket.client.standard.StandardWebSocketClientTests	OK	8	8	0	692
org.springframework.web.socket.config.annotation.WebSocketMessageBrokerConfigurationSupportTests	FAIL	12	11	1	8778
org.springframework.web.socket.messaging.OrderedMessageSendingIntegrationTests	OK	3	3	0	1115
org.springframework.web.socket.server.DefaultHandshakeHandlerTests	OK	4	4	0	235
org.springframework.web.socket.server.support.WebSocketHttpRequestHandlerTests	OK	3	3	0	341
org.springframework.web.socket.sockjs.client.XhrTransportTests	OK	6	6	0	258
org.springframework.web.socket.sockjs.transport.session.AbstractSockJsSessionTests	EMPTY	0	0	0	8
org.springframework.aot.RuntimeHintsAgentTests	OK	1	0	0	552
org.springframework.expression.spel.support.Spr7538Tests	OK	1	1	0	330
org.springframework.aop.aspectj.MethodInvocationProceedingJoinPointTests	OK	6	6	0	634
org.springframework.aop.aspectj.annotation.AspectMetadataTests	OK	4	4	0	149
org.springframework.aop.framework.AbstractProxyExceptionHandlingTests	EMPTY	0	0	0	31
org.springframework.aop.framework.NullPrimitiveTests	OK	2	2	0	360
org.springframework.aop.interceptor.ExposeBeanNameAdvisorsTests	OK	2	2	0	84
org.springframework.aop.support.AopUtilsKotlinTests	OK	2	2	0	1621
org.springframework.aop.support.MethodMatchersTests	LOADERR	0	0	0	4538
org.springframework.aop.target.LazyCreationTargetSourceTests	FAIL	1	0	1	98
org.springframework.beans.BeanUtilsRuntimeHintsTests	OK	1	1	0	446
org.springframework.beans.DirectFieldAccessorTests	OK	93	93	0	2542
org.springframework.beans.factory.BeanFactoryLockingTests	OK	1	1	0	84
org.springframework.beans.factory.annotation.AnnotationBeanWiringInfoResolverTests	OK	5	5	0	125
org.springframework.beans.factory.annotation.LookupAnnotationTests	OK	10	10	0	589
org.springframework.beans.factory.aot.BeanDefinitionMethodGeneratorTests	TIMEOUT	0	0	0	120000
org.springframework.beans.factory.aot.DefaultBeanRegistrationCodeFragmentsTests	OK	19	19	0	1755
org.springframework.beans.factory.config.ObjectFactoryCreatingFactoryBeanTests	OK	9	9	0	3290
org.springframework.beans.factory.config.YamlProcessorTests	OK	15	15	0	564
org.springframework.beans.factory.parsing.PropertyEntryTests	OK	3	3	0	218
org.springframework.beans.factory.support.BeanRegistryAdapterTests	OK	23	23	0	555
org.springframework.beans.factory.support.ManagedListTests	OK	6	6	0	98
org.springframework.beans.factory.support.SimpleInstantiationStrategyTests	OK	8	8	0	128
org.springframework.beans.factory.xml.CollectionsWithDefaultTypesTests	OK	5	5	0	1063
org.springframework.beans.factory.xml.NestedBeansElementTests	OK	2	2	0	151
org.springframework.beans.factory.xml.XmlBeanDefinitionReaderTests	OK	13	13	0	1729
org.springframework.beans.propertyeditors.FileEditorTests	OK	7	7	0	101
org.springframework.beans.propertyeditors.URLEditorTests	OK	7	7	0	107
org.springframework.aop.aspectj.AroundAdviceCircularTests	OK	5	5	0	3565
org.springframework.aop.aspectj.DeclareParentsTests	OK	2	2	0	434
org.springframework.aop.aspectj.TargetPointcutSelectionTests	OK	2	2	0	766
org.springframework.aop.aspectj.autoproxy.AtAspectJAfterThrowingTests	OK	1	1	0	227
org.springframework.aop.config.AopNamespaceHandlerAdviceTypeTests	OK	2	2	0	510
org.springframework.aop.framework.AbstractAopProxyTests	EMPTY	0	0	0	21
org.springframework.aop.framework.autoproxy.BeanNameAutoProxyCreatorInitTests	OK	1	1	0	628
org.springframework.beans.factory.xml.LookupMethodWrappedByCglibProxyTests	OK	2	2	0	1093
org.springframework.cache.KotlinCacheReproTests	OK	4	4	0	4501
org.springframework.cache.config.CacheAdviceNamespaceTests	OK	65	65	0	66628
org.springframework.cache.interceptor.CacheProxyFactoryBeanTests	OK	1	1	0	781
org.springframework.context.annotation.AggressiveFactoryBeanInstantiationTests	OK	3	3	0	382
org.springframework.context.annotation.BackgroundBootstrapTests	OK	13	0	0	194
org.springframework.context.annotation.ClassPathScanningCandidateComponentProviderTests	OK	36	36	0	3516
org.springframework.context.annotation.ComponentScanParserScopedProxyTests	OK	5	5	0	2245
org.springframework.context.annotation.ConfigurationClassPostProcessorAotContributionTests	OK	20	20	0	110410
org.springframework.context.annotation.DestroyMethodInferenceTests	OK	2	2	0	4133
org.springframework.context.annotation.ImportAwareAotBeanPostProcessorTests	OK	4	4	0	197
org.springframework.context.annotation.NestedConfigurationClassTests	OK	8	8	0	2602
org.springframework.context.annotation.SimpleConfigTests	OK	1	1	0	1811
org.springframework.context.annotation.Spr16022Tests	OK	2	2	0	1871
org.springframework.context.annotation.configuration.BeanMethodQualificationTests	OK	13	13	0	3396
org.springframework.context.annotation.configuration.DuplicatePostProcessingTests	OK	1	1	0	101
org.springframework.context.annotation.configuration.Spr10668Tests	OK	1	1	0	96
org.springframework.context.annotation.spr12233.Spr12233Tests	OK	1	1	0	170
org.springframework.context.aot.ApplicationContextInitializationCodeGeneratorTests	OK	7	7	0	136
org.springframework.context.conversionservice.ConversionServiceContextConfigTests	OK	1	1	0	672
org.springframework.context.event.KotlinApplicationListenerMethodAdapterTests	OK	2	2	0	616
org.springframework.context.expression.MapAccessorTests	OK	6	6	0	131
org.springframework.context.index.CandidateComponentsIndexLoaderTests	OK	8	8	0	116
org.springframework.context.support.EnvironmentIntegrationTests	OK	1	1	0	229
org.springframework.context.support.SimpleThreadScopeTests	OK	2	2	0	700
org.springframework.format.datetime.DateFormatterTests	OK	11	11	0	229
org.springframework.format.number.CurrencyStyleFormatterTests	OK	6	6	0	87
org.springframework.instrument.classloading.InstrumentableClassLoaderTests	OK	1	1	0	27
org.springframework.jmx.export.LazyInitMBeanTests	FAIL	1	0	1	491
org.springframework.jmx.export.annotation.EnableMBeanExportConfigurationTests	FAIL	8	2	6	4030
org.springframework.jmx.export.assembler.MethodExclusionMBeanInfoAssemblerMappedTests	FAIL	14	8	6	3456
org.springframework.jmx.export.naming.KeyNamingStrategyTests	OK	1	1	0	35
org.springframework.jmx.support.MBeanServerFactoryBeanTests	FAIL	7	5	2	146
org.springframework.scheduling.annotation.AnnotationAsyncExecutionInterceptorKotlinTests	OK	1	1	0	626
org.springframework.scheduling.annotation.ScheduledAnnotationBeanPostProcessorTests	OK	45	45	0	8447
org.springframework.scheduling.concurrent.ScheduledExecutorFactoryBeanTests	OK	11	6	0	710
org.springframework.scheduling.config.ScheduledTaskRegistrarTests	OK	7	7	0	606
org.springframework.scheduling.support.CronTriggerTests	OK	114	114	0	5119
org.springframework.scripting.groovy.GroovyAspectTests	FAIL	4	3	1	5085
org.springframework.ui.ModelExtensionsTests	OK	1	1	0	43
org.springframework.validation.ValidatorTests	OK	2	2	0	38
org.springframework.validation.beanvalidation.MethodValidationKotlinTests	OK	2	2	0	1141
org.springframework.cache.caffeine.CaffeineCacheTests	OK	17	17	0	435
org.springframework.cache.jcache.config.JCacheNamespaceDrivenTests	OK	30	30	0	11649
org.springframework.cache.jcache.interceptor.CacheResultOperationTests	OK	7	7	0	122
org.springframework.mail.javamail.InternetAddressEditorTests	OK	7	7	0	95
org.springframework.aot.generate.AccessControlTests	OK	24	24	0	400
org.springframework.aot.generate.GeneratedMethodTests	OK	5	5	0	97
org.springframework.aot.hint.ExecutableHintTests	OK	1	1	0	27
org.springframework.aot.hint.ReflectionTypeReferenceTests	OK	10	10	0	168
org.springframework.aot.hint.TypeHintExtensionsTests	OK	1	1	0	1673
org.springframework.aot.hint.predicate.ReflectionHintsPredicatesTests	OK	59	59	0	838
org.springframework.aot.hint.support.SpringPropertiesRuntimeHintsTests	OK	1	1	0	55
org.springframework.core.BridgeMethodResolverKotlinTests	OK	2	2	0	153
org.springframework.core.GenericTypeResolverKotlinTests	OK	1	1	0	110
org.springframework.core.NullnessTests	OK	49	49	0	606
org.springframework.core.SerializableTypeWrapperTests	OK	8	8	0	281
org.springframework.core.annotation.AnnotationAwareOrderComparatorTests	OK	8	8	0	123
org.springframework.core.annotation.ComposedRepeatableAnnotationsTests	OK	22	22	0	309
org.springframework.core.annotation.MergedAnnotationsTests	FAIL	178	177	1	4168
org.springframework.core.annotation.SynthesizingMethodParameterTests	OK	4	4	0	61
org.springframework.core.codec.DataBufferDecoderTests	OK	3	3	0	579
org.springframework.core.convert.TypeDescriptorTests	OK	73	73	0	1484
org.springframework.core.convert.support.GenericConversionServiceTests	OK	66	66	0	1173
org.springframework.core.env.MutablePropertySourcesTests	OK	6	6	0	88
org.springframework.core.env.SystemEnvironmentPropertySourceTests	OK	6	6	0	83
org.springframework.core.io.buffer.DefaultDataBufferTests	OK	1	1	0	137
org.springframework.core.io.support.PropertySourceProcessorTests	OK	9	9	0	1121
org.springframework.core.retry.MaxRetriesRetryPolicyTests	OK	4	4	0	65
org.springframework.core.style.SimpleValueStylerTests	OK	17	17	0	235
org.springframework.core.type.AbstractAnnotationMetadataTests	EMPTY	0	0	0	10
org.springframework.core.type.StandardAnnotationMetadataTests	OK	48	48	0	688
org.springframework.core.type.classreading.SimpleAnnotationMetadataTests	OK	49	49	0	751
org.springframework.util.CompositeMapTests	OK	23	23	0	289
org.springframework.util.FileCopyUtilsTests	OK	9	9	0	126
org.springframework.util.LinkedCaseInsensitiveMapTests	OK	18	18	0	266
org.springframework.util.ObjectUtilsTests	OK	140	140	0	2147
org.springframework.util.SerializationUtilsTests	OK	9	9	0	224
org.springframework.util.comparator.BooleanComparatorTests	OK	4	4	0	54
org.springframework.util.function.ThrowingBiFunctionTests	OK	6	6	0	79
org.springframework.util.xml.DomUtilsTests	OK	13	13	0	225
org.springframework.util.xml.StaxStreamXMLReaderTests	OK	6	6	0	1041
org.springframework.core.test.io.support.MockSpringFactoriesLoaderTests	OK	4	4	0	182
org.springframework.core.test.tools.DynamicResourceFileObjectTests	OK	5	5	0	69
org.springframework.expression.spel.ArrayConstructorTests	OK	8	8	0	468
org.springframework.expression.spel.ExpressionWithConversionTests	OK	4	4	0	178
org.springframework.expression.spel.OperatorOverloaderTests	OK	1	1	0	44
org.springframework.expression.spel.SetValueTests	OK	37	37	0	1018
org.springframework.expression.spel.StandardTypeLocatorTests	OK	11	11	0	176
org.springframework.expression.spel.standard.SpelCompilerTests	OK	3	3	0	492
org.springframework.jdbc.config.InitializeDatabaseIntegrationTests	OK	7	7	0	6206
org.springframework.jdbc.core.JdbcTemplateTests	OK	56	56	0	18167
org.springframework.jdbc.core.namedparam.MapSqlParameterSourceTests	FAIL	6	3	3	139
org.springframework.jdbc.core.simple.JdbcClientQueryTests	OK	31	31	0	924
org.springframework.jdbc.core.support.SqlBinaryValueTests	OK	12	12	0	348
org.springframework.jdbc.datasource.IsolationLevelDataSourceAdapterTests	OK	3	3	0	51
org.springframework.jdbc.datasource.embedded.EmbeddedDatabaseFactoryTests	OK	3	3	0	710
org.springframework.jdbc.datasource.init.ScriptUtilsTests	OK	33	33	0	503
org.springframework.jdbc.object.GenericStoredProcedureTests	OK	1	1	0	153
org.springframework.jdbc.support.JdbcTransactionManagerTests	OK	59	59	0	2327
org.springframework.jdbc.support.SQLStateSQLExceptionTranslatorTests	OK	21	21	0	334
org.springframework.jms.annotation.JmsListenerAnnotationBeanPostProcessorTests	OK	5	5	0	2419
org.springframework.jms.config.SimpleJmsListenerEndpointTests	OK	1	1	0	30
org.springframework.jms.core.JmsTemplateObservationTests	OK	3	3	0	1494
org.springframework.jms.listener.adapter.MessageListenerAdapterTests	OK	19	19	0	5770
org.springframework.jms.support.SimpleJmsHeaderMapperTests	OK	41	41	0	626
org.springframework.jms.support.destination.JndiDestinationResolverTests	OK	4	4	0	251
org.springframework.messaging.converter.KotlinSerializationJsonMessageConverterTests	OK	8	8	0	1092
org.springframework.messaging.core.DestinationResolvingMessagingTemplateTests	OK	13	13	0	180
org.springframework.messaging.handler.annotation.reactive.HeaderMethodArgumentResolverTests	OK	12	12	0	593
org.springframework.messaging.handler.annotation.support.HeadersMethodArgumentResolverTests	OK	6	6	0	101
org.springframework.messaging.rsocket.DefaultMetadataExtractorTests	OK	7	7	0	385
org.springframework.messaging.rsocket.RSocketClientToServerIntegrationTests	OK	12	12	0	3826
org.springframework.messaging.rsocket.service.RSocketExchangeBeanRegistrationAotProcessorTests	OK	2	2	0	662
org.springframework.messaging.simp.SimpMessageHeaderAccessorTests	OK	4	4	0	236
org.springframework.messaging.simp.annotation.support.SubscriptionMethodReturnValueHandlerTests	OK	6	6	0	907
org.springframework.messaging.simp.stomp.AbstractStompBrokerRelayIntegrationTests	EMPTY	0	0	0	13
org.springframework.messaging.simp.stomp.StompCommandTests	OK	5	5	0	173
org.springframework.messaging.support.ChannelInterceptorTests	OK	6	6	0	578
org.springframework.orm.jpa.AbstractEntityManagerFactoryIntegrationTests	EMPTY	0	0	0	109
org.springframework.orm.jpa.LocalContainerEntityManagerFactoryBeanTests	OK	11	11	0	2749
org.springframework.orm.jpa.hibernate.HibernateEntityManagerFactorySimpleIntegrationTests	OK	23	23	0	6132
org.springframework.orm.jpa.persistenceunit.PersistenceManagedTypesTests	OK	3	3	0	46
org.springframework.orm.jpa.support.PersistenceInjectionTests	FAIL	27	26	1	2706
org.springframework.oxm.xstream.XStreamUnmarshallerTests	OK	4	4	0	1015
org.springframework.r2dbc.connection.init.ConnectionFactoryInitializerTests	OK	2	2	0	605
org.springframework.r2dbc.core.AbstractTransactionalDatabaseClientIntegrationTests	EMPTY	0	0	0	10
org.springframework.r2dbc.core.R2dbcDataClassRowMapperTests	OK	4	4	0	456
org.springframework.mock.http.server.reactive.MockServerHttpRequestTests	OK	5	5	0	804
org.springframework.mock.web.MockPageContextTests	OK	2	2	0	62
org.springframework.test.context.DynamicPropertySourceKotlinIntegrationTests	OK	1	1	0	1749
org.springframework.test.context.TestExecutionListenersTests	OK	17	17	0	656
org.springframework.test.context.aot.TestClassScannerTests	TIMEOUT	0	0	0	120000
org.springframework.test.context.aot.samples.basic.BasicSpringJupiterSharedConfigTests	OK	1	1	0	1573
org.springframework.test.context.aot.samples.basic.DisabledInAotRuntimeMethodLevelTests	OK	2	2	0	1484
org.springframework.test.context.aot.samples.web.WebSpringVintageTests	OK	1	1	0	2835
org.springframework.test.context.bean.override.BeanOverrideHandlerTests	OK	19	19	0	25395
org.springframework.test.context.bean.override.convention.TestBeanForMultipleNestingLevelsIntegrationTests	OK	4	4	0	2569
org.springframework.test.context.bean.override.convention.hierarchies.TestBeanByNameInParentAndChildContextHierarchyTests	OK	1	1	0	1566
org.springframework.test.context.bean.override.mockito.MockResetStrategiesIntegrationTests	OK	2	2	0	533
org.springframework.test.context.bean.override.mockito.MockitoBeanDuplicateTypeCreationIntegrationTests	OK	1	1	0	404
org.springframework.test.context.bean.override.mockito.MockitoBeanOverrideHandlerTests	OK	17	17	0	375
org.springframework.test.context.bean.override.mockito.MockitoResetTestExecutionListenerWithContextLoadFailureTests	OK	1	1	0	458
org.springframework.test.context.bean.override.mockito.MockitoSpyBeanForFactoryBeanIntegrationTests	OK	3	3	0	649
org.springframework.test.context.bean.override.mockito.constructor.MockitoSpyBeanByNameLookupForConstructorParametersIntegrationTests	OK	5	5	0	1143
org.springframework.test.context.bean.override.mockito.hierarchies.MockitoBeanByTypeInParentContextHierarchyTests	OK	1	1	0	422
org.springframework.test.context.bean.override.mockito.hierarchies.MockitoSpyBeanByTypeInParentContextHierarchyTests	OK	1	1	0	413
org.springframework.test.context.bean.override.mockito.integration.MockitoBeanAndSpringAopProxyIntegrationTests	OK	2	2	0	1035
org.springframework.test.context.bean.override.mockito.integration.MockitoBeanWithMultipleExistingBeansAndOnePrimaryAndOneConflictingQualifierIntegrationTests	OK	1	1	0	2224
org.springframework.test.context.bean.override.mockito.integration.MockitoSpyBeanWithDirtiesContextBeforeMethodIntegrationTests	OK	2	2	0	840
org.springframework.test.context.bean.override.mockito.typelevel.MockitoBeansByTypeIntegrationTests	OK	2	2	0	3194
org.springframework.test.context.cache.ContextCachePauseModeTests	OK	3	3	0	9928
org.springframework.test.context.config.AbsolutePathContextConfigurationAppCtxTests	OK	9	9	0	1550
org.springframework.test.context.config.DefaultConfigClassesInheritedTests	OK	2	2	0	536
org.springframework.test.context.config.ExplicitConfigClassesInheritedTests	OK	2	2	0	276
org.springframework.test.context.config.interfaces.BootstrapWithInterfaceTests	OK	1	1	0	214
org.springframework.test.context.config.meta.ConfigClassesAndProfileResolverWithCustomDefaultsMetaConfigWithOverridesTests	OK	1	1	0	397
org.springframework.test.context.customizers.InheritedContextCustomizerRegistrationTests	OK	1	1	0	423
org.springframework.test.context.env.ExplicitPropertiesFileInClasspathTestPropertySourceTests	OK	1	1	0	1547
org.springframework.test.context.env.MergedPropertiesFilesTestPropertySourceTests	OK	2	2	0	415
org.springframework.test.context.env.repeatable.LocalInlinedPropertyAndMetaInlinedPropertyTests	OK	1	1	0	278
org.springframework.test.context.env.repeatable.RepeatedTestPropertySourceTests	OK	1	1	0	257
org.springframework.test.context.expression.ExpressionUsageTests	OK	2	2	0	1004
org.springframework.test.context.groovy.RelativePathGroovySpringContextTests	OK	6	6	0	11943
org.springframework.test.context.hierarchies.standard.SingleTestClassWithTwoLevelContextHierarchyAndMixedConfigTypesTests	OK	1	1	0	594
org.springframework.test.context.hierarchies.standard.TestHierarchyLevelTwoWithSingleLevelContextHierarchyTests	OK	1	1	0	453
org.springframework.test.context.inheritance.DefaultLocationsBaseTests	OK	1	1	0	318
org.springframework.test.context.initializers.annotation.OrderedInitializersAnnotationConfigTests	OK	1	1	0	339
org.springframework.test.context.jdbc.ComposedAnnotationSqlScriptsTests	FAIL	1	0	1	2544
org.springframework.test.context.jdbc.InfrastructureProxyTransactionalSqlScriptsTests	FAIL	1	0	1	911
org.springframework.test.context.jdbc.PrimaryDataSourceTests	FAIL	1	0	1	919
org.springframework.test.context.jdbc.TransactionalSqlScriptsTests	FAIL	4	0	4	355
org.springframework.test.context.junit.jupiter.DisabledIfConditionTests	OK	7	7	0	1514
org.springframework.test.context.junit.jupiter.SpringExtensionTests	OK	17	17	0	1465
org.springframework.test.context.junit.jupiter.defaultmethods.GenericComicCharactersInterfaceDefaultMethodsTests	EMPTY	0	0	0	24
org.springframework.test.context.junit.jupiter.nested.ActiveProfilesTestClassScopedExtensionContextNestedTests	OK	7	7	0	2717
org.springframework.test.context.junit.jupiter.nested.DefaultContextConfigurationDetectionWithNestedTests	OK	2	2	0	349
org.springframework.test.context.junit.jupiter.nested.TestConstructorTestMethodScopedExtensionContextNestedTests	OK	8	8	0	1500
org.springframework.test.context.junit.jupiter.transaction.TransactionLifecycleMethodParameterInjectionTests	FAIL	1	0	2	2852
org.springframework.test.context.junit4.HardCodedProfileValueSourceSpringRunnerTests	OK	5	3	0	189
org.springframework.test.context.junit4.TimedTransactionalSpringRunnerTests	OK	4	4	0	3636
org.springframework.test.context.junit4.rules.BeforeAndAfterTransactionAnnotationSpringRuleTests	OK	3	3	0	483
org.springframework.test.context.junit4.rules.Subclass1AppCtxRuleTests	OK	2	2	0	349
org.springframework.test.context.litemode.AnnotatedConfigClassesWithoutAtConfigurationTests	OK	1	1	0	370
org.springframework.test.context.orm.hibernate.HibernateSessionFlushingTests	OK	6	6	0	19345
org.springframework.test.context.profile.importresource.DevProfileResolverAnnotationConfigTests	OK	2	2	0	634
org.springframework.test.context.support.AnnotationConfigContextLoaderUtilsTests	OK	4	4	0	146
org.springframework.test.context.support.DefaultTestPropertySourcesIntegrationTests	OK	1	1	0	331
org.springframework.test.context.support.TestConstructorUtilsTests	OK	7	7	0	404
org.springframework.test.context.testng.TimedTransactionalTestNGSpringContextTests	OK	1	1	0	4788
org.springframework.test.context.testng.transaction.programmatic.ProgrammaticTxMgmtTestNGTests	FAIL	12	0	1	2889
org.springframework.test.context.transaction.MethodLevelTransactionalSpringTests	OK	2	2	0	2555
org.springframework.test.context.transaction.ejb.RollbackForRequiresNewEjbTxDaoTests	OK	3	3	0	5616
org.springframework.test.context.transaction.manager.LookUpTxMgrViaTransactionManagementConfigurerWithSingleTxMgrBeanTests	OK	1	1	0	362
org.springframework.test.context.web.EnableWebMvcAnnotationConfigTests	OK	2	2	0	1859
org.springframework.test.context.web.WebAppConfigurationBootstrapWithTests	FAIL	1	0	1	341
org.springframework.test.json.JsonPathValueAssertTests	OK	32	32	0	999
org.springframework.test.validation.AbstractBindingResultAssertTests	OK	10	10	0	313
org.springframework.test.web.client.match.MockRestRequestMatchersTests	OK	31	31	0	984
org.springframework.test.web.client.samples.matchers.ContentRequestMatchersIntegrationTests	OK	5	5	0	417
org.springframework.test.web.reactive.server.EncoderDecoderMappingProviderTests	OK	2	2	0	207
org.springframework.test.web.reactive.server.assertj.ResponseCookieMapAssertTests	OK	22	22	0	472
org.springframework.test.web.reactive.server.samples.ResponseEntityTests	OK	8	8	0	10335
org.springframework.test.web.servlet.DefaultMvcResultTests	OK	3	3	0	108
org.springframework.test.web.servlet.assertj.DefaultMvcTestResultTests	OK	5	5	0	1082
org.springframework.test.web.servlet.client.MockMvcRestTestClientTests	OK	5	5	0	1828
org.springframework.test.web.servlet.client.samples.JsonContentTests	OK	6	6	0	1494
org.springframework.test.web.servlet.client.samples.bind.RouterFunctionTests	OK	2	2	0	283
org.springframework.test.web.servlet.htmlunit.MockWebResponseBuilderTests	OK	11	11	0	618
org.springframework.test.web.servlet.result.ContentResultMatchersDslTests	OK	1	1	0	903
org.springframework.test.web.servlet.result.StatusResultMatchersExtensionsTests	OK	2	2	0	4385
org.springframework.test.web.servlet.samples.client.standalone.ExceptionHandlerTests	OK	7	7	0	2586
org.springframework.test.web.servlet.samples.client.standalone.RouterFunctionTests	OK	4	4	0	647
org.springframework.test.web.servlet.samples.client.standalone.resultmatches.HeaderAssertionTests	OK	15	15	0	3506
org.springframework.test.web.servlet.samples.client.standalone.resultmatches.XmlContentAssertionTests	OK	2	2	0	1957
org.springframework.test.web.servlet.samples.spr.EncodedUriTests	OK	1	1	0	2539
org.springframework.test.web.servlet.samples.standalone.FilterTests	OK	7	7	0	2111
org.springframework.test.web.servlet.samples.standalone.ViewResolutionTests	OK	5	5	0	1059
org.springframework.test.web.servlet.samples.standalone.resultmatchers.JsonPathAssertionTests	OK	5	5	0	1517
org.springframework.test.web.servlet.samples.standalone.resultmatchers.XpathAssertionTests	OK	7	7	0	2100
org.springframework.dao.annotation.PersistenceExceptionTranslationAdvisorTests	OK	7	7	0	262
org.springframework.transaction.TxNamespaceHandlerEventTests	OK	1	1	0	774
org.springframework.transaction.config.AnnotationDrivenTests	OK	5	5	0	3209
org.springframework.transaction.interceptor.BeanFactoryTransactionTests	FAIL	9	2	7	3323
org.springframework.transaction.interceptor.TransactionAttributeSourceTests	OK	5	5	0	100
org.springframework.core.convert.support.IntegerToEnumConverterFactoryTests	OK	4	4	0	265
org.springframework.http.KotlinProblemDetailTests	OK	1	1	0	51
org.springframework.http.WebBeanUtilsRuntimeHintsTests	OK	1	1	0	269
org.springframework.http.client.JdkClientHttpRequestTests	OK	2	2	0	1526
org.springframework.http.client.SubscriberInputStreamTests	OK	5	5	0	164
org.springframework.http.codec.FormHttpMessageReaderTests	OK	4	4	0	744
org.springframework.http.codec.cbor.Jackson2CborDecoderTests	OK	3	3	0	1204
org.springframework.http.codec.json.CustomizedJackson2JsonDecoderTests	OK	2	2	0	141
org.springframework.http.codec.json.Jackson2SmileDecoderTests	OK	3	3	0	198
org.springframework.http.codec.multipart.DefaultPartHttpMessageReaderTests	OK	35	35	0	2108
org.springframework.http.codec.protobuf.ProtobufDecoderTests	OK	9	9	0	1273
org.springframework.http.codec.support.ServerCodecConfigurerTests	OK	8	8	0	512
org.springframework.http.converter.ByteArrayHttpMessageConverterTests	OK	6	6	0	112
org.springframework.http.converter.cbor.JacksonCborHttpMessageConverterTests	OK	4	4	0	1470
org.springframework.http.converter.json.JacksonJsonHttpMessageConverterTests	FAIL	34	33	1	1638
org.springframework.http.converter.multipart.MultipartParserTests	OK	11	11	0	256
org.springframework.http.converter.xml.Jaxb2RootElementHttpMessageConverterTests	OK	14	14	0	1147
org.springframework.http.server.ServletServerHttpRequestTests	OK	17	17	0	317
org.springframework.http.server.reactive.CookieIntegrationTests	OK	12	12	0	5331
org.springframework.http.server.reactive.MultipartHttpHandlerIntegrationTests	OK	12	12	0	2600
org.springframework.http.server.reactive.WriteOnlyHandlerIntegrationTests	OK	4	4	0	4864
org.springframework.web.accept.DefaultApiVersionStrategiesTests	OK	10	10	0	200
org.springframework.web.accept.SemanticApiVersionParserTests	OK	8	8	0	169
org.springframework.web.bind.annotation.ControllerMappingReflectiveProcessorTests	OK	11	11	0	349
org.springframework.web.client.DefaultApiVersionInsertersTests	OK	2	2	0	45
org.springframework.web.client.RestClientBuilderTests	OK	15	15	0	316
org.springframework.web.client.RestTemplateObservationTests	OK	8	8	0	1804
org.springframework.web.context.request.RequestAttributesThreadLocalAccessorTests	OK	4	4	0	414
org.springframework.web.context.request.WebApplicationContextScopeTests	OK	3	3	0	182
org.springframework.web.context.support.RequestHandledEventTests	OK	3	3	0	74
org.springframework.web.cors.DefaultCorsProcessorTests	OK	29	29	0	714
org.springframework.web.filter.ContentCachingResponseWrapperTests	OK	16	16	0	410
org.springframework.web.filter.RequestContextFilterTests	OK	2	2	0	54
org.springframework.web.jsf.DelegatingNavigationHandlerTests	OK	2	2	0	45
org.springframework.web.method.annotation.ExpressionValueMethodArgumentResolverTests	OK	3	3	0	193
org.springframework.web.method.annotation.ModelMethodProcessorTests	OK	4	4	0	84
org.springframework.web.method.support.CompositeUriComponentsContributorTests	OK	2	2	0	189
org.springframework.web.multipart.support.DefaultMultipartHttpServletRequestTests	OK	2	2	0	55
org.springframework.web.server.adapter.DefaultServerWebExchangeTests	OK	5	5	0	421
org.springframework.web.server.i18n.FixedLocaleContextResolverTests	OK	3	3	0	220
org.springframework.web.service.invoker.CookieValueArgumentResolverTests	OK	1	1	0	313
org.springframework.web.service.invoker.PathVariableArgumentResolverTests	OK	2	2	0	162
org.springframework.web.service.registry.GroupsMetadataValueDelegateTests	OK	8	8	0	115887
org.springframework.web.util.ForwardedHeaderUtilsTests	OK	33	33	0	1764
org.springframework.web.util.UriComponentsTests	OK	40	40	0	1314
org.springframework.web.util.pattern.PathPatternTests	OK	47	47	0	1347
org.springframework.web.reactive.accept.MediaTypeParamApiVersionResolverTests	OK	3	3	0	451
org.springframework.web.reactive.config.DelegatingWebFluxConfigurationTests	OK	7	7	0	1439
org.springframework.web.reactive.function.MultipartRouterFunctionIntegrationTests	OK	20	20	0	13044
org.springframework.web.reactive.function.client.ExchangeFilterFunctionsTests	OK	8	8	0	780
org.springframework.web.reactive.function.client.WebClientVersionTests	OK	7	7	0	425
org.springframework.web.reactive.function.server.CoRouterFunctionDslTests	OK	24	24	0	1348
org.springframework.web.reactive.function.server.HeadersWrapperTests	OK	8	8	0	431
org.springframework.web.reactive.function.server.RequestPredicateAttributesTests	OK	10	10	0	424
org.springframework.web.reactive.function.server.ServerRequestExtensionsTests	OK	29	29	0	43606
org.springframework.web.reactive.handler.SimpleUrlHandlerMappingTests	OK	3	3	0	1474
org.springframework.web.reactive.resource.NoResourceFoundExceptionTests	OK	3	3	0	205
org.springframework.web.reactive.result.InvocableHandlerMethodKotlinTests	OK	40	40	0	16108
org.springframework.web.reactive.result.condition.RequestConditionHolderTests	OK	9	9	0	307
org.springframework.web.reactive.result.method.annotation.ApiVersionMethodArgumentResolverTests	OK	5	5	0	213
org.springframework.web.reactive.result.method.annotation.ErrorsMethodArgumentResolverTests	OK	8	8	0	335
org.springframework.web.reactive.result.method.annotation.MatrixVariablesMethodArgumentResolverTests	OK	7	7	0	350
org.springframework.web.reactive.result.method.annotation.ModelInitializerTests	OK	6	6	0	988
org.springframework.web.reactive.result.method.annotation.RequestBodyMethodArgumentResolverTests	OK	12	12	0	741
org.springframework.web.reactive.result.method.annotation.RequestMappingVersionIntegrationTests	OK	9	9	0	16799
org.springframework.web.reactive.result.method.annotation.ResponseEntityResultHandlerTests	OK	22	22	0	1477
org.springframework.web.reactive.result.view.FragmentTests	OK	2	2	0	162
org.springframework.web.reactive.result.view.freemarker.FreeMarkerConfigurerTests	OK	4	4	0	365
org.springframework.web.reactive.socket.WebSocketIntegrationTests	OK	72	72	0	34214
org.springframework.web.context.support.HttpRequestHandlerTests	OK	1	1	0	226
org.springframework.web.servlet.config.annotation.ContentNegotiationConfigurerTests	OK	7	7	0	124
org.springframework.web.servlet.config.annotation.ViewResolutionIntegrationTests	FAIL	7	5	2	8451
org.springframework.web.servlet.function.DefaultServerRequestTests	OK	47	47	0	1094
org.springframework.web.servlet.function.RouterFunctionTests	OK	5	5	0	88
org.springframework.web.servlet.function.support.RouterFunctionMappingTests	OK	7	7	0	410
org.springframework.web.servlet.handler.MappedInterceptorTests	OK	21	21	0	3989
org.springframework.web.servlet.i18n.SessionLocaleResolverTests	OK	7	7	0	115
org.springframework.web.servlet.mvc.condition.CompositeRequestConditionTests	OK	9	9	0	141
org.springframework.web.servlet.mvc.condition.RequestMethodsRequestConditionTests	OK	8	8	0	120
org.springframework.web.servlet.mvc.method.annotation.CrossOriginTests	OK	44	44	0	6703
org.springframework.web.servlet.mvc.method.annotation.MatrixVariablesMethodArgumentResolverTests	OK	7	7	0	144
org.springframework.web.servlet.mvc.method.annotation.ReactiveTypeHandlerTests	OK	20	20	0	542
org.springframework.web.servlet.mvc.method.annotation.RequestResponseBodyAdviceChainTests	OK	5	5	0	947
org.springframework.web.servlet.mvc.method.annotation.ServletAnnotationControllerHandlerMethodKotlinTests	OK	20	20	0	6687
org.springframework.web.servlet.mvc.method.annotation.SseEmitterTests	OK	22	22	0	459
org.springframework.web.servlet.mvc.support.RedirectAttributesModelMapTests	OK	9	9	0	586
org.springframework.web.servlet.resource.PathResourceResolverTests	OK	10	10	0	160
org.springframework.web.servlet.resource.VersionResourceResolverTests	OK	9	9	0	496
org.springframework.web.servlet.tags.AbstractTagTests	EMPTY	0	0	0	11
org.springframework.web.servlet.tags.MessageTagTests	OK	18	18	0	758
org.springframework.web.servlet.tags.form.CheckboxesTagTests	OK	16	16	0	1315
org.springframework.web.servlet.tags.form.OptionsTagTests	OK	11	11	0	727
org.springframework.web.servlet.view.BaseViewTests	OK	12	12	0	1585
org.springframework.web.servlet.view.document.XlsViewTests	OK	3	3	0	3491
org.springframework.web.servlet.view.groovy.GroovyMarkupViewTests	FAIL	10	4	6	1434
org.springframework.web.servlet.view.xml.MappingJackson2XmlViewTests	OK	10	10	0	1604
org.springframework.web.socket.WebSocketHandshakeTests	OK	6	6	0	8287
org.springframework.web.socket.config.HandlersBeanDefinitionParserTests	OK	4	4	0	1247
org.springframework.web.socket.handler.BeanCreatingHandlerProviderTests	OK	3	3	0	130
org.springframework.web.socket.messaging.StompSubProtocolErrorHandlerTests	OK	2	2	0	50
org.springframework.web.socket.server.standard.ServerEndpointExporterTests	OK	6	6	0	1475
org.springframework.web.socket.sockjs.client.AbstractSockJsIntegrationTests	EMPTY	0	0	0	12
org.springframework.web.socket.sockjs.frame.SockJsFrameTests	OK	6	6	0	85
org.springframework.web.socket.sockjs.transport.session.HttpSockJsSessionTests	OK	2	2	0	841
org.springframework.aot.test.ReflectionInvocationsTests	OK	2	0	0	559
org.springframework.scheduling.annotation.ScheduledAndTransactionalAnnotationIntegrationTests	OK	4	0	0	223
org.springframework.aop.aspectj.TrickyAspectJPointcutExpressionTests	OK	5	5	0	1074
org.springframework.aop.aspectj.annotation.AspectProxyFactoryTests	OK	9	9	0	851
org.springframework.aop.framework.AopProxyUtilsTests	OK	13	13	0	335
org.springframework.aop.framework.PrototypeTargetTests	OK	2	2	0	917
org.springframework.aop.interceptor.ExposeInvocationInterceptorTests	OK	1	1	0	296
org.springframework.aop.support.AopUtilsTests	OK	7	7	0	362
org.springframework.aop.support.NameMatchMethodPointcutTests	OK	6	6	0	267
org.springframework.aop.target.LazyInitTargetSourceTests	OK	3	3	0	949
org.springframework.beans.BeanUtilsTests	OK	101	101	0	68518
org.springframework.beans.ExtendedBeanInfoTests	OK	39	39	0	1082
org.springframework.beans.factory.BeanFactoryUtilsTests	OK	24	24	0	12363
org.springframework.beans.factory.annotation.AutowiredAnnotationBeanPostProcessorTests	OK	127	126	0	10163
org.springframework.beans.factory.annotation.ParameterResolutionTests	OK	14	14	0	1608
org.springframework.beans.factory.aot.BeanDefinitionPropertiesCodeGeneratorTests	TIMEOUT	0	0	0	120000
org.springframework.beans.factory.aot.InstanceSupplierCodeGeneratorKotlinTests	OK	4	4	0	23204
org.springframework.beans.factory.config.PropertiesFactoryBeanTests	OK	7	7	0	330
org.springframework.beans.factory.config.YamlPropertiesFactoryBeanTests	OK	17	17	0	789
org.springframework.beans.factory.serviceloader.ServiceLoaderTests	OK	3	0	0	3712
org.springframework.beans.factory.support.CglibSubclassingInstantiationStrategyTests	OK	1	1	0	213
org.springframework.beans.factory.support.ManagedMapTests	OK	6	6	0	95
org.springframework.beans.factory.support.Spr8954Tests	OK	3	3	0	124
org.springframework.beans.factory.xml.DefaultLifecycleMethodsTests	OK	6	6	0	1250
org.springframework.beans.factory.xml.ProfileXmlBeanDefinitionTests	OK	4	4	0	1883
org.springframework.beans.factory.xml.XmlListableBeanFactoryTests	OK	37	37	0	5818
org.springframework.beans.propertyeditors.InputStreamEditorTests	OK	4	4	0	65
org.springframework.beans.propertyeditors.ZoneIdEditorTests	OK	6	6	0	225
org.springframework.aop.aspectj.AspectAndAdvicePrecedenceTests	OK	1	1	0	1528
org.springframework.aop.aspectj.ImplicitJPArgumentMatchingAtAspectJTests	OK	1	1	0	805
org.springframework.aop.aspectj.ThisAndTargetSelectionOnlyPointcutsAtAspectJTests	OK	9	9	0	4956
org.springframework.aop.aspectj.autoproxy.AtAspectJAnnotationBindingTests	OK	3	3	0	623
org.springframework.aop.config.AopNamespaceHandlerArgNamesTests	OK	2	2	0	451
org.springframework.aop.framework.CglibProxyTests	OK	69	69	0	15792
org.springframework.aop.framework.autoproxy.BeanNameAutoProxyCreatorTests	FAIL	9	8	1	4216
org.springframework.beans.factory.xml.QualifierAnnotationTests	OK	13	13	0	3474
org.springframework.cache.NoOpCacheManagerTests	OK	5	5	0	119
org.springframework.cache.config.CacheAdviceParserTests	OK	1	1	0	354
org.springframework.cache.interceptor.CachePutEvaluationTests	OK	2	2	0	1548
org.springframework.context.annotation.AnnotatedBeanDefinitionReaderTests	OK	1	1	0	63
org.springframework.context.annotation.BeanAnnotationHelperTests	OK	18	18	0	1015
org.springframework.context.annotation.CommonAnnotationBeanPostProcessorTests	FAIL	21	20	1	962
org.springframework.context.annotation.ComponentScanParserTests	OK	8	8	0	22204
org.springframework.context.annotation.ConfigurationClassPostProcessorTests	FAIL	85	82	3	8141
org.springframework.context.annotation.DoubleScanTests	OK	1	1	0	765
org.springframework.context.annotation.ImportAwareTests	OK	9	9	0	1697
org.springframework.context.annotation.ParserStrategyUtilsTests	OK	9	9	0	3342
org.springframework.context.annotation.SimpleScanTests	FAIL	1	0	1	101
org.springframework.context.annotation.Spr16179Tests	OK	1	1	0	366
org.springframework.context.annotation.configuration.ConfigurationBeanNameTests	OK	3	3	0	281
org.springframework.context.annotation.configuration.ImportAnnotationDetectionTests	OK	4	4	0	588
org.springframework.context.annotation.configuration.Spr10744Tests	OK	1	1	0	260
org.springframework.context.annotation.spr12334.Spr12334Tests	OK	1	1	0	121
org.springframework.context.aot.CglibClassHandlerTests	OK	3	3	0	65
org.springframework.context.event.AbstractApplicationEventListenerTests	EMPTY	0	0	0	10
org.springframework.context.event.LifecycleEventTests	OK	2	2	0	60
org.springframework.context.expression.MethodBasedEvaluationContextTests	OK	6	6	0	79
org.springframework.context.index.CandidateComponentsIndexTests	OK	27	27	0	465
org.springframework.context.support.GenericApplicationContextExtensionsTests	OK	6	6	0	476
org.springframework.context.support.Spr7283Tests	OK	1	1	0	628
org.springframework.format.datetime.DateFormattingTests	OK	40	39	0	1647
org.springframework.format.number.NumberFormattingTests	OK	9	9	0	384
org.springframework.instrument.classloading.ReflectiveLoadTimeWeaverTests	OK	6	6	0	77
org.springframework.jmx.export.MBeanExporterOperationsTests	FAIL	6	3	3	315
org.springframework.jmx.export.annotation.JmxUtilsAnnotationTests	OK	2	2	0	36
org.springframework.jmx.export.assembler.MethodExclusionMBeanInfoAssemblerNotMappedTests	FAIL	14	8	6	3519
org.springframework.jmx.export.naming.MetadataNamingStrategyTests	FAIL	6	0	6	131
org.springframework.jndi.JndiObjectFactoryBeanTests	FAIL	25	24	1	1366
org.springframework.scheduling.annotation.AnnotationAsyncExecutionInterceptorTests	OK	1	1	0	143
org.springframework.scheduling.annotation.ScheduledAnnotationReactiveSupportTests	OK	20	20	0	289
org.springframework.scheduling.concurrent.SimpleAsyncTaskSchedulerTests	OK	39	39	0	1052
org.springframework.scheduling.config.ScheduledTaskTests	OK	6	6	0	205
org.springframework.scheduling.support.DefaultScheduledTaskObservationConventionTests	OK	10	10	0	250
org.springframework.scripting.groovy.GroovyClassLoadingTests	OK	1	1	0	2941
org.springframework.ui.ModelMapExtensionsTests	OK	1	1	0	43
org.springframework.validation.annotation.ValidationAnnotationUtilsTests	OK	13	13	0	233
org.springframework.validation.beanvalidation.MethodValidationProxyReactorTests	OK	3	3	0	12906
org.springframework.cache.caffeine.CaffeineReactiveCachingTests	OK	4	4	0	1941
org.springframework.cache.jcache.config.JCacheStandaloneConfigTests	OK	28	28	0	6773
org.springframework.cache.jcache.interceptor.JCacheErrorHandlerTests	OK	6	6	0	4784
org.springframework.mail.javamail.JavaMailSenderTests	OK	20	20	0	1181
org.springframework.aot.generate.ClassNameGeneratorTests	OK	8	8	0	214
org.springframework.aot.generate.GeneratedMethodsTests	OK	11	11	0	165
org.springframework.aot.hint.ExecutableModeTests	OK	6	6	0	85
org.springframework.aot.hint.ResourceHintsExtensionsTests	OK	1	1	0	1985
org.springframework.aot.hint.TypeHintTests	OK	13	13	0	185
org.springframework.aot.hint.predicate.ResourceHintsPredicatesTests	OK	9	9	0	135
org.springframework.aot.nativex.BasicJsonWriterTests	OK	17	17	0	226
org.springframework.core.BridgeMethodResolverTests	FAIL	29	26	3	552
org.springframework.core.GenericTypeResolverTests	FAIL	25	24	1	369
org.springframework.core.OrderComparatorTests	OK	17	17	0	204
org.springframework.core.SimpleAliasRegistryTests	OK	18	18	0	425
org.springframework.core.annotation.AnnotationBackCompatibilityTests	OK	2	2	0	64
org.springframework.core.annotation.KotlinMergedAnnotationsTests	OK	3	3	0	147
org.springframework.core.annotation.MissingMergedAnnotationTests	OK	45	45	0	611
org.springframework.core.annotation.TypeMappedAnnotationTests	OK	12	12	0	211
org.springframework.core.codec.DataBufferEncoderTests	OK	2	2	0	759
org.springframework.core.convert.converter.ConverterFactoryNullnessTests	OK	2	2	0	693
org.springframework.core.convert.support.MapToMapConverterTests	OK	14	14	0	379
org.springframework.core.env.ProfilesTests	OK	37	37	0	579
org.springframework.core.io.ClassPathResourceTests	OK	20	20	0	312
org.springframework.core.io.buffer.JettyDataBufferTests	OK	1	1	0	150
org.springframework.core.io.support.ResourceArrayPropertyEditorTests	OK	6	6	0	259
org.springframework.core.retry.RetryPolicyTests	FAIL	23	22	1	900
org.springframework.core.style.ToStringCreatorTests	OK	9	9	0	130
org.springframework.core.type.AbstractClassMetadataMemberClassTests	EMPTY	0	0	0	9
org.springframework.core.type.StandardClassMetadataMemberClassTests	OK	4	4	0	72
org.springframework.util.AntPathMatcherTests	OK	27	27	0	18857
org.springframework.util.CompositeSetTests	OK	2	2	0	37
org.springframework.util.FileSystemUtilsTests	OK	2	2	0	49
org.springframework.util.LinkedMultiValueMapTests	OK	11	11	0	132
org.springframework.util.PatternMatchUtilsTests	OK	9	9	0	201
org.springframework.util.SingleToMultiValueMapAdapterTests	OK	18	18	0	240
org.springframework.util.comparator.ComparableComparatorTests	OK	2	2	0	38
org.springframework.util.function.ThrowingConsumerTests	OK	6	6	0	90
org.springframework.util.xml.ListBasedXMLEventReaderTests	OK	3	3	0	201
org.springframework.util.xml.StaxUtilsTests	OK	6	6	0	77
org.springframework.core.test.tools.ClassFileTests	OK	4	4	0	143
org.springframework.core.test.tools.ResourceFileTests	OK	3	3	0	42
org.springframework.expression.spel.BooleanExpressionTests	OK	9	9	0	363
org.springframework.expression.spel.IndexingTests	OK	41	41	0	1539
org.springframework.expression.spel.OperatorTests	OK	33	33	0	1315
org.springframework.expression.spel.SpelCompilationCoverageTests	FAIL	162	161	1	16253
org.springframework.expression.spel.TemplateExpressionParsingTests	OK	11	11	0	273
org.springframework.expression.spel.standard.SpelParserTests	OK	28	28	0	505
org.springframework.jdbc.config.JdbcNamespaceIntegrationTests	OK	16	14	0	11563
org.springframework.jdbc.core.RowMapperTests	OK	5	5	0	9275
org.springframework.jdbc.core.namedparam.NamedParameterJdbcTemplateTests	OK	22	21	0	3951
org.springframework.jdbc.core.simple.SimpleJdbcCallTests	OK	18	18	0	4761
org.springframework.jdbc.core.support.SqlCharacterValueTests	OK	14	14	0	188
org.springframework.jdbc.datasource.LazyConnectionDataSourceProxyTests	OK	3	3	0	55
org.springframework.jdbc.datasource.init.AbstractDatabaseInitializationTests	EMPTY	0	0	0	11
org.springframework.jdbc.datasource.lookup.AbstractRoutingDataSourceTests	OK	8	8	0	108
org.springframework.jdbc.object.RdbmsOperationTests	OK	14	14	0	179
org.springframework.jdbc.support.JdbcUtilsRuntimeHintsTests	OK	1	1	0	75
org.springframework.jdbc.support.SqlArrayValueTests	OK	1	1	0	4336
org.springframework.jms.config.JmsListenerContainerFactoryIntegrationTests	OK	4	4	0	1488
org.springframework.jms.connection.ConnectionFactoriesRuntimeHintsTests	OK	1	1	0	67
org.springframework.jms.core.JmsTemplateTests	OK	52	52	0	4448
org.springframework.jms.listener.adapter.MessagingMessageListenerAdapterIntegrationTests	OK	4	4	0	115
org.springframework.jms.support.SimpleMessageConverterTests	OK	10	10	0	3588
org.springframework.jms.support.destination.SimpleDestinationResolverTests	OK	4	4	0	1310
org.springframework.messaging.converter.MappingJackson2MessageConverterTests	OK	16	16	0	538
org.springframework.messaging.core.GenericMessagingTemplateTests	OK	8	8	0	2158
org.springframework.messaging.handler.annotation.reactive.HeadersMethodArgumentResolverTests	OK	6	6	0	142
org.springframework.messaging.handler.annotation.support.MessageMethodArgumentResolverTests	OK	15	15	0	407
org.springframework.messaging.rsocket.DefaultRSocketRequesterBuilderTests	OK	8	8	0	1107
org.springframework.messaging.rsocket.RSocketRequesterExtensionsTests	OK	13	13	0	41837
org.springframework.messaging.rsocket.service.RSocketExchangeReflectiveProcessorTests	OK	1	1	0	78
org.springframework.messaging.simp.SimpMessageTypeMessageConditionTests	OK	4	4	0	64
org.springframework.messaging.simp.broker.BrokerMessageHandlerTests	OK	10	10	0	539
org.springframework.messaging.simp.stomp.BufferingStompDecoderTests	OK	11	11	0	167
org.springframework.messaging.simp.stomp.StompDecoderTests	OK	22	22	0	424
org.springframework.messaging.support.ErrorMessageTests	OK	1	1	0	28
org.springframework.orm.jpa.ApplicationManagedEntityManagerIntegrationTests	OK	8	8	0	3805
org.springframework.orm.jpa.LocalEntityManagerFactoryBeanTests	OK	6	6	0	1103
org.springframework.orm.jpa.hibernate.HibernateJpaDialectTests	OK	1	1	0	35
org.springframework.orm.jpa.persistenceunit.PersistenceXmlParsingTests	OK	14	12	0	525
org.springframework.orm.jpa.support.SharedEntityManagerFactoryTests	OK	1	1	0	1365
org.springframework.r2dbc.connection.ConnectionFactoryUtilsTests	OK	19	19	0	354
org.springframework.r2dbc.connection.init.H2DatabasePopulatorIntegrationTests	OK	5	5	0	480
org.springframework.r2dbc.core.DatabaseClientExtensionsTests	OK	5	5	0	10307
org.springframework.r2dbc.core.RowsFetchSpecExtensionsTests	OK	9	9	0	21182
org.springframework.mock.http.server.reactive.MockServerHttpResponseTests	OK	1	1	0	256
org.springframework.mock.web.MockServletContextTests	OK	19	19	0	635
org.springframework.test.context.MergedContextConfigurationTests	OK	35	35	0	921
org.springframework.test.context.aot.AbstractAotTests	EMPTY	0	0	0	26
org.springframework.test.context.aot.TestContextAotGeneratorIntegrationTests	FAIL	4	0	4	16952
org.springframework.test.context.aot.samples.basic.BasicSpringJupiterTests	OK	2	2	0	1748
org.springframework.test.context.aot.samples.bean.override.EasyMockBeanJupiterTests	OK	1	1	0	1255
org.springframework.test.context.aot.samples.xml.XmlSpringJupiterTests	OK	1	1	0	2238
org.springframework.test.context.bean.override.BeanOverrideTestExecutionListenerTests	OK	2	2	0	1976
org.springframework.test.context.bean.override.convention.TestBeanInheritanceIntegrationTests	OK	6	6	0	2060
org.springframework.test.context.bean.override.convention.hierarchies.TestBeanByNameInParentContextHierarchyTests	OK	1	1	0	1336
org.springframework.test.context.bean.override.mockito.MockitoBeanByNameLookupTestClassScopedExtensionContextIntegrationTests	OK	7	7	0	1236
org.springframework.test.context.bean.override.mockito.MockitoBeanDuplicateTypeReplacementIntegrationTests	OK	1	1	0	270
org.springframework.test.context.bean.override.mockito.MockitoBeanOverrideProcessorTests	OK	20	20	0	395
org.springframework.test.context.bean.override.mockito.MockitoResetTestExecutionListenerWithMockitoBeanIntegrationTests	OK	3	3	0	655
org.springframework.test.context.bean.override.mockito.MockitoSpyBeanOverrideHandlerTests	OK	8	8	0	162
org.springframework.test.context.bean.override.mockito.constructor.MockitoSpyBeanByTypeLookupForConstructorParametersIntegrationTests	OK	5	5	0	1759
org.springframework.test.context.bean.override.mockito.hierarchies.MockitoSpyBeanAndContextHierarchyChildIntegrationTests	OK	1	1	0	588
org.springframework.test.context.bean.override.mockito.hierarchies.MockitoSpyBeansByTypeInParentAndChildContextHierarchyTests	OK	1	1	0	688
org.springframework.test.context.bean.override.mockito.integration.MockitoBeanUsedDuringApplicationContextRefreshIntegrationTests	OK	1	1	0	603
org.springframework.test.context.bean.override.mockito.integration.MockitoBeanWithMultipleExistingBeansAndOnePrimaryIntegrationTests	OK	1	1	0	2220
org.springframework.test.context.bean.override.mockito.integration.MockitoSpyBeanWithGenericsOnTestFieldForExistingGenericBeanIntegrationTests	OK	1	1	0	465
org.springframework.test.context.bean.override.mockito.typelevel.MockitoBeansTests	OK	2	2	0	217
org.springframework.test.context.cache.ContextCacheTests	OK	9	9	0	14967
org.springframework.test.context.config.AnnotationConfigContextConfigurationAppCtxTests	OK	9	9	0	1107
org.springframework.test.context.config.DefaultLoaderBeanOverridingDefaultConfigClassesInheritedTests	OK	1	1	0	475
org.springframework.test.context.config.ImplicitDefaultConfigClassesBaseTests	OK	1	1	0	294
org.springframework.test.context.config.interfaces.ContextConfigurationInterfaceTests	OK	1	1	0	285
org.springframework.test.context.config.meta.ConfigClassesAndProfilesMetaConfigTests	OK	1	1	0	336
org.springframework.test.context.customizers.LocalContextCustomizerRegistrationTests	OK	1	1	0	367
org.springframework.test.context.env.ExplicitPropertiesFileTestPropertySourceTests	FAIL	13	6	7	4586
org.springframework.test.context.env.ResourcePatternExplicitPropertiesFileTests	OK	1	1	0	295
org.springframework.test.context.env.repeatable.LocalInlinedPropertyAndMetaMetaInlinedPropertyTests	OK	1	1	0	265
org.springframework.test.context.env.repeatable.ReversedExplicitPropertiesFilesRepeatedTestPropertySourceTests	OK	1	1	0	247
org.springframework.test.context.failures.ContextLoadFailureTests	OK	1	1	0	368
org.springframework.test.context.hierarchies.meta.MetaHierarchyLevelOneTests	OK	1	1	0	315
org.springframework.test.context.hierarchies.standard.SingleTestClassWithTwoLevelContextHierarchyTests	OK	1	1	0	463
org.springframework.test.context.hierarchies.web.ControllerIntegrationTests	OK	1	1	0	512
org.springframework.test.context.inheritance.DefaultLocationsInheritedTests	OK	2	2	0	1507
org.springframework.test.context.initializers.annotation.OverriddenInitializersAnnotationConfigTests	OK	1	1	0	424
org.springframework.test.context.jdbc.CustomScriptSyntaxSqlScriptsTests	FAIL	1	0	1	2997
org.springframework.test.context.jdbc.IsolatedTransactionModeSqlScriptsTests	FAIL	1	0	1	1443
org.springframework.test.context.jdbc.PropertyPlaceholderSqlScriptsTests	FAIL	2	0	2	2715
org.springframework.test.context.jdbc.merging.AbstractSqlMergeModeTests	EMPTY	0	0	0	47
org.springframework.test.context.junit.jupiter.DisabledIfTests	OK	15	1	0	1296
org.springframework.test.context.junit.jupiter.SpringJUnitJupiterAutowiredConstructorInjectionTests	OK	6	6	0	799
org.springframework.test.context.junit.jupiter.event.JUnitJupiterApplicationEventsIntegrationTests	OK	8	8	0	1279
org.springframework.test.context.junit.jupiter.nested.ActiveProfilesTestMethodScopedExtensionContextNestedTests	OK	7	7	0	2670
org.springframework.test.context.junit.jupiter.nested.DynamicPropertySourceNestedTests	OK	7	7	0	1821
org.springframework.test.context.junit.jupiter.nested.TestExecutionListenersNestedTests	OK	7	7	0	609
org.springframework.test.context.junit.jupiter.web.MultipleWebRequestsSpringExtensionTests	OK	2	2	0	3626
org.springframework.test.context.junit4.ParameterizedDependencyInjectionTests	OK	2	2	0	1080
org.springframework.test.context.junit4.concurrency.SpringJUnit4ConcurrencyTests	OK	1	0	0	45
org.springframework.test.context.junit4.rules.ClassLevelDisabledSpringRuleTests	OK	1	0	0	109
org.springframework.test.context.junit4.rules.Subclass2AppCtxRuleTests	OK	2	2	0	262
org.springframework.test.context.litemode.AtBeanLiteModeScopeTests	OK	2	2	0	351
org.springframework.test.context.orm.jpa.JpaEntityListenerTests	FAIL	4	0	4	2148
org.springframework.test.context.profile.resolver.ClassNameActiveProfilesResolverTests	OK	1	1	0	246
org.springframework.test.context.support.BootstrapTestUtilsContextInitializerTests	OK	5	5	0	38417
org.springframework.test.context.support.DelegatingSmartContextLoaderTests	OK	14	14	0	652
org.springframework.test.context.support.TestPropertySourceUtilsTests	OK	29	29	0	31938
org.springframework.test.context.testng.event.TestNGApplicationEventsAsyncIntegrationTests	OK	2	2	0	1530
org.springframework.test.context.testng.web.ServletTestExecutionListenerTestNGIntegrationTests	OK	2	2	0	778
org.springframework.test.context.transaction.RollbackOverrideDefaultRollbackFalseTransactionalTests	FAIL	1	0	1	1857
org.springframework.test.context.transaction.manager.LookUpTxMgrByTypeAndDefaultNameTests	OK	1	1	0	401
org.springframework.test.context.transaction.manager.PrimaryTransactionManagerTests	FAIL	1	0	1	1338
org.springframework.test.context.web.EnableWebMvcXmlConfigTests	OK	2	2	0	3294
org.springframework.test.context.web.socket.WebSocketServletServerContainerFactoryBeanTests	OK	2	2	0	589
org.springframework.test.util.AopTestUtilsTests	OK	14	14	0	567
org.springframework.test.web.UriAssertTests	OK	6	6	0	148
org.springframework.test.web.client.match.MultipartRequestMatchersTests	OK	8	8	0	825
org.springframework.test.web.client.samples.matchers.HeaderRequestMatchersIntegrationTests	OK	2	2	0	308
org.springframework.test.web.reactive.server.HttpHandlerConnectorTests	OK	3	3	0	137
org.springframework.test.web.reactive.server.assertj.WebTestClientResponseTests	OK	6	6	0	5821
org.springframework.test.web.reactive.server.samples.SoftAssertionTests	OK	2	2	0	1821
org.springframework.test.web.servlet.MockMvcExtensionsTests	OK	17	17	0	5120
org.springframework.test.web.servlet.assertj.HandlerResultAssertTests	OK	10	10	0	436
org.springframework.test.web.servlet.client.RestTestClientExtensionsTests	OK	5	5	0	2926
org.springframework.test.web.servlet.client.samples.ResponseEntityTests	OK	7	7	0	1883
org.springframework.test.web.servlet.htmlunit.AbstractWebRequestMatcherTests	EMPTY	0	0	0	32
org.springframework.test.web.servlet.htmlunit.UrlRegexRequestMatcherTests	OK	1	1	0	341
org.springframework.test.web.servlet.result.ContentResultMatchersTests	OK	16	16	0	320
org.springframework.test.web.servlet.result.StatusResultMatchersTests	OK	2	2	0	78
org.springframework.test.web.servlet.samples.client.standalone.FilterTests	OK	7	7	0	2034
org.springframework.test.web.servlet.samples.client.standalone.SseTests	OK	1	1	0	5365
org.springframework.test.web.servlet.samples.client.standalone.resultmatches.JsonPathAssertionTests	OK	5	5	0	1662
org.springframework.test.web.servlet.samples.client.standalone.resultmatches.XpathAssertionTests	OK	7	7	0	3123
org.springframework.test.web.servlet.samples.spr.FormContentTests	OK	1	1	0	263
org.springframework.test.web.servlet.samples.standalone.FrameworkExtensionTests	OK	2	2	0	1297
org.springframework.test.web.servlet.samples.standalone.resulthandlers.PrintingResultHandlerIntegrationTests	OK	3	3	0	729
org.springframework.test.web.servlet.samples.standalone.resultmatchers.ModelAssertionTests	OK	5	5	0	2886
org.springframework.test.web.servlet.setup.DefaultMockMvcBuilderTests	OK	8	8	0	296
org.springframework.dao.annotation.PersistenceExceptionTranslationInterceptorTests	OK	9	9	0	1107
org.springframework.transaction.TxNamespaceHandlerTests	OK	3	3	0	2924
org.springframework.transaction.event.ReactiveTransactionalEventListenerTests	OK	17	17	0	12169
org.springframework.transaction.interceptor.CoroutinesTransactionInterceptorTests	OK	14	14	0	2436
org.springframework.transaction.interceptor.TransactionInterceptorTests	OK	31	31	0	1687
org.springframework.http.CacheControlTests	OK	13	13	0	415
org.springframework.http.MediaTypeFactoryTests	OK	2	2	0	534
org.springframework.http.client.AbstractHttpRequestFactoryTests	EMPTY	0	0	0	14
org.springframework.http.client.JettyClientHttpRequestFactoryTests	OK	6	6	0	1128
org.springframework.http.client.observation.DefaultClientRequestObservationConventionTests	OK	15	15	0	977
org.springframework.http.codec.FormHttpMessageWriterTests	OK	2	2	0	600
org.springframework.http.codec.cbor.Jackson2CborEncoderTests	OK	4	4	0	1441
org.springframework.http.codec.json.CustomizedJackson2JsonEncoderTests	OK	2	2	0	169
org.springframework.http.codec.json.Jackson2SmileEncoderTests	OK	5	5	0	228
org.springframework.http.codec.multipart.FileStorageTests	OK	3	3	0	173
org.springframework.http.codec.protobuf.ProtobufEncoderTests	OK	3	3	0	724
org.springframework.http.codec.xml.JacksonXmlDecoderTests	OK	3	3	0	402
org.springframework.http.converter.DefaultHttpMessageConvertersTests	OK	32	32	0	800
org.springframework.http.converter.cbor.KotlinSerializationCborHttpMessageConverterTests	OK	12	12	0	1423
org.springframework.http.converter.json.JsonbHttpMessageConverterTests	FAIL	14	13	1	525
org.springframework.http.converter.protobuf.KotlinSerializationProtobufHttpMessageConverterTests	OK	12	12	0	425
org.springframework.http.converter.xml.MappingJackson2XmlHttpMessageConverterTests	OK	11	11	0	1454
org.springframework.http.server.ServletServerHttpResponseTests	OK	9	9	0	2704
org.springframework.http.server.reactive.DefaultServerHttpRequestBuilderTests	OK	6	6	0	1235
org.springframework.http.server.reactive.RandomHandlerIntegrationTests	OK	4	4	0	6034
org.springframework.http.server.reactive.ZeroCopyIntegrationTests	OK	4	2	0	6300
org.springframework.web.accept.HeaderApiVersionResolverTests	OK	2	2	0	50
org.springframework.web.accept.StandardApiVersionDeprecationHandlerTests	OK	1	1	0	50
org.springframework.web.bind.annotation.RequestMethodTests	OK	3	3	0	71
org.springframework.web.client.DefaultResponseErrorHandlerHttpStatusTests	OK	32	32	0	1241
org.springframework.web.client.RestClientExtensionsTests	OK	5	5	0	7138
org.springframework.web.client.RestTemplateTests	OK	42	42	0	3679
org.springframework.web.context.request.RequestContextListenerTests	OK	3	3	0	90
org.springframework.web.context.request.async.AsyncRequestNotUsableTests	OK	20	20	0	5013
org.springframework.web.context.support.ServletContextResourceTests	OK	5	5	0	3279
org.springframework.web.cors.UrlBasedCorsConfigurationSourceTests	OK	6	6	0	375
org.springframework.web.filter.CorsFilterTests	OK	6	6	0	194
org.springframework.web.filter.RequestLoggingFilterTests	OK	16	16	0	282
org.springframework.web.jsf.DelegatingPhaseListenerTests	OK	2	2	0	52
org.springframework.web.method.annotation.InitBinderDataBinderFactoryTests	OK	7	7	0	246
org.springframework.web.method.annotation.RequestHeaderMapMethodArgumentResolverTests	OK	4	4	0	85
org.springframework.web.method.support.HandlerMethodArgumentResolverCompositeTests	OK	4	4	0	82
org.springframework.web.multipart.support.RequestPartServletServerHttpRequestTests	OK	8	8	0	135
org.springframework.web.server.adapter.ForwardedHeaderTransformerTests	OK	15	15	0	526
org.springframework.web.server.session.CookieWebSessionIdResolverTests	OK	3	3	0	312
org.springframework.web.service.invoker.HttpMethodArgumentResolverTests	OK	8	8	0	982
org.springframework.web.service.invoker.RequestAttributeArgumentResolverTests	OK	1	1	0	85
org.springframework.web.service.registry.HttpServiceProxyRegistrationAotProcessorTests	FAIL	5	3	2	704
org.springframework.web.util.HtmlCharacterEntityReferencesTests	OK	2	2	0	1115
org.springframework.web.util.UriTemplateTests	OK	29	29	0	516
org.springframework.web.reactive.BindingContextTests	OK	1	1	0	1523
org.springframework.web.reactive.accept.ParameterContentTypeResolverTests	OK	5	5	0	627
org.springframework.web.reactive.config.ResourceHandlerRegistryTests	OK	11	11	0	2841
org.springframework.web.reactive.function.client.ClientResponseExtensionsTests	OK	16	16	0	42961
org.springframework.web.reactive.function.client.ExchangeStrategiesTests	OK	3	3	0	136
org.springframework.web.reactive.function.client.support.ClientResponseWrapperTests	OK	13	13	0	5999
org.springframework.web.reactive.function.server.DefaultEntityResponseBuilderTests	OK	17	17	0	449
org.springframework.web.reactive.function.server.InvalidHttpMethodIntegrationTests	OK	4	4	0	8453
org.springframework.web.reactive.function.server.RequestPredicateTests	OK	3	3	0	170
org.springframework.web.reactive.function.server.ServerResponseExtensionsTests	OK	13	13	0	56681
org.springframework.web.reactive.handler.WebFluxResponseStatusExceptionHandlerTests	OK	8	8	0	604
org.springframework.web.reactive.resource.PathResourceResolverTests	OK	9	9	0	152
org.springframework.web.reactive.result.SimpleUrlHandlerMappingIntegrationTests	OK	16	16	0	8334
org.springframework.web.reactive.result.condition.RequestMappingInfoTests	OK	13	12	0	360
org.springframework.web.reactive.result.method.annotation.ContextPathIntegrationTests	OK	5	5	0	9194
org.springframework.web.reactive.result.method.annotation.ExpressionValueMethodArgumentResolverTests	OK	3	3	0	265
org.springframework.web.reactive.result.method.annotation.MessageReaderArgumentResolverTests	OK	18	18	0	13185
org.springframework.web.reactive.result.method.annotation.ModelMethodArgumentResolverTests	OK	2	2	0	101
org.springframework.web.reactive.result.method.annotation.RequestHeaderMapMethodArgumentResolverTests	OK	4	4	0	148
org.springframework.web.reactive.result.method.annotation.RequestMappingViewResolutionIntegrationTests	OK	12	12	0	20104
org.springframework.web.reactive.result.method.annotation.ServerWebExchangeMethodArgumentResolverTests	OK	4	4	0	571
org.springframework.web.reactive.result.view.FragmentViewResolutionResultHandlerTests	OK	6	6	0	58719
org.springframework.web.reactive.result.view.freemarker.FreeMarkerMacroTests	OK	26	26	0	11867
org.springframework.web.reactive.socket.adapter.JettyWebSocketSessionTests	OK	2	2	0	1466
org.springframework.web.context.support.ServletContextSupportTests	OK	10	10	0	540
org.springframework.web.servlet.config.annotation.CorsRegistryTests	OK	5	5	0	112
org.springframework.web.servlet.config.annotation.ViewResolverRegistryTests	OK	17	17	0	428
org.springframework.web.servlet.function.DefaultServerResponseBuilderTests	OK	29	29	0	667
org.springframework.web.servlet.function.RouterFunctionsTests	OK	6	6	0	768
org.springframework.web.servlet.function.support.RouterFunctionMappingVersionTests	OK	2	2	0	2387
org.springframework.web.servlet.handler.PathMatchingUrlHandlerMappingTests	OK	8	8	0	1712
org.springframework.web.servlet.mvc.ControllerTests	OK	6	6	0	3969
org.springframework.web.servlet.mvc.condition.ConsumesRequestConditionTests	OK	16	16	0	298
org.springframework.web.servlet.mvc.condition.VersionRequestConditionTests	OK	10	10	0	221
org.springframework.web.servlet.mvc.method.annotation.DeferredResultReturnValueHandlerTests	OK	6	6	0	349
org.springframework.web.servlet.mvc.method.annotation.MethodValidationTests	OK	8	8	0	5489
org.springframework.web.servlet.mvc.method.annotation.RequestAttributeMethodArgumentResolverTests	OK	5	5	0	451
org.springframework.web.servlet.mvc.method.annotation.RequestResponseBodyMethodProcessorKotlinTests	OK	8	8	0	2181
org.springframework.web.servlet.mvc.method.annotation.ServletAnnotationControllerHandlerMethodTests	OK	241	241	0	78758
org.springframework.web.servlet.mvc.method.annotation.StreamingResponseBodyReturnValueHandlerTests	OK	5	5	0	104
org.springframework.web.servlet.resource.CachingResourceResolverTests	OK	10	10	0	678
org.springframework.web.servlet.resource.ResourceHandlerUtilsTests	OK	4	4	0	69
org.springframework.web.servlet.support.AnnotationConfigDispatcherServletInitializerTests	OK	4	4	0	841
org.springframework.web.servlet.tags.ArgumentTagTests	OK	5	5	0	220
org.springframework.web.servlet.tags.ParamTagTests	OK	6	6	0	455
org.springframework.web.servlet.tags.form.ErrorsTagTests	OK	20	20	0	1379
org.springframework.web.servlet.tags.form.PasswordInputTagTests	OK	19	19	0	1072
org.springframework.web.servlet.view.ContentNegotiatingViewResolverTests	OK	16	16	0	1210
org.springframework.web.servlet.view.feed.AtomFeedViewTests	OK	1	1	0	297
org.springframework.web.servlet.view.json.JacksonJsonViewTests	OK	15	15	0	2143
org.springframework.web.servlet.view.xml.MarshallingViewTests	OK	11	11	0	364
org.springframework.web.socket.adapter.jetty.JettyWebSocketHandlerAdapterTests	OK	3	3	0	1914
org.springframework.web.socket.config.MessageBrokerBeanDefinitionParserTests	FAIL	8	7	1	5653
org.springframework.web.socket.handler.ConcurrentWebSocketSessionDecoratorTests	OK	8	8	0	273
org.springframework.web.socket.messaging.StompSubProtocolHandlerTests	OK	18	18	0	1452
org.springframework.web.socket.server.standard.ServerEndpointRegistrationTests	OK	2	2	0	161
org.springframework.web.socket.sockjs.client.ClientSockJsSessionTests	OK	16	16	0	520
org.springframework.web.socket.sockjs.support.SockJsServiceTests	OK	13	13	0	2098
org.springframework.web.socket.sockjs.transport.session.SockJsSessionTests	OK	19	19	0	1261
org.springframework.beans.factory.xml.ComponentBeanDefinitionParserTests	OK	3	3	0	1851
org.springframework.transaction.annotation.EnableTransactionManagementIntegrationTests	FAIL	9	4	5	7210
org.springframework.aop.aspectj.TypePatternClassFilterTests	OK	9	9	0	777
org.springframework.aop.aspectj.annotation.ReflectiveAspectJAdvisorFactoryTests	OK	26	26	0	7943
org.springframework.aop.framework.CglibAopProxyKotlinTests	OK	4	4	0	268
org.springframework.aop.framework.ProxyFactoryTests	OK	20	20	0	1421
org.springframework.aop.interceptor.PerformanceMonitorInterceptorTests	OK	3	3	0	1720
org.springframework.aop.support.ClassFiltersTests	OK	10	10	0	437
org.springframework.aop.support.PointcutsTests	OK	7	7	0	169
org.springframework.aop.target.PrototypeBasedTargetSourceTests	OK	1	1	0	109
org.springframework.beans.BeanWrapperAutoGrowingTests	OK	24	23	0	957
org.springframework.beans.MutablePropertyValuesTests	OK	8	8	0	123
org.springframework.beans.factory.CustomObjectProviderTests	OK	6	6	0	151
org.springframework.beans.factory.annotation.AutowiredAnnotationBeanRegistrationAotContributionTests	FAIL	14	13	1	93871
org.springframework.beans.factory.annotation.QualifierAnnotationAutowireCandidateResolverTests	OK	7	7	0	5119
org.springframework.beans.factory.aot.BeanDefinitionPropertyValueCodeGeneratorDelegatesTests	TIMEOUT	0	0	0	120000
org.springframework.beans.factory.aot.InstanceSupplierCodeGeneratorTests	TIMEOUT	0	0	0	120000
org.springframework.beans.factory.config.PropertyPathFactoryBeanTests	OK	6	6	0	1717
org.springframework.beans.factory.parsing.ConstructorArgumentEntryTests	OK	1	1	0	114
org.springframework.beans.factory.support.AutowireUtilsTests	OK	1	1	0	126
org.springframework.beans.factory.support.ConstructorResolverAotTests	OK	35	35	0	645
org.springframework.beans.factory.support.ManagedPropertiesTests	OK	6	6	0	75
org.springframework.beans.factory.wiring.BeanConfigurerSupportTests	OK	6	6	0	1296
org.springframework.beans.factory.xml.DelegatingEntityResolverTests	OK	3	3	0	49
org.springframework.beans.factory.xml.ResourceEntityResolverTests	OK	8	8	0	693
org.springframework.beans.factory.xml.support.DefaultNamespaceHandlerResolverTests	OK	6	6	0	92
org.springframework.beans.propertyeditors.PathEditorTests	OK	9	9	0	134
org.springframework.beans.support.PagedListHolderTests	OK	1	1	0	73
org.springframework.aop.aspectj.AspectJExpressionPointcutAdvisorTests	OK	1	1	0	619
org.springframework.aop.aspectj.ImplicitJPArgumentMatchingTests	OK	1	1	0	1247
org.springframework.aop.aspectj.ThisAndTargetSelectionOnlyPointcutsTests	FAIL	7	0	7	1219
org.springframework.aop.aspectj.autoproxy.benchmark.BenchmarkTests	OK	8	8	0	1850
org.springframework.aop.config.AopNamespaceHandlerProxyTargetClassTests	OK	6	6	0	2198
org.springframework.aop.framework.JdkDynamicProxyTests	OK	57	57	0	1128
org.springframework.aop.framework.autoproxy.DefaultAdvisorAutoProxyCreatorTests	OK	1	1	0	238
org.springframework.beans.factory.xml.SimplePropertyNamespaceHandlerWithExpressionLanguageTests	OK	1	1	0	112
org.springframework.cache.annotation.AnnotationCacheOperationSourceTests	OK	28	28	0	639
org.springframework.cache.config.CustomInterceptorTests	OK	3	3	0	1124
org.springframework.cache.interceptor.CacheResolverCustomizationTests	OK	7	7	0	4091
org.springframework.context.annotation.AnnotationBeanNameGeneratorTests	OK	21	21	0	341
org.springframework.context.annotation.BeanLiteModeTests	OK	4	4	0	318
org.springframework.context.annotation.CommonAnnotationBeanRegistrationAotContributionTests	OK	8	8	0	57437
org.springframework.context.annotation.ComponentScanParserWithUserDefinedStrategiesTests	OK	4	4	0	2198
org.springframework.context.annotation.ConfigurationClassWithConditionTests	OK	14	14	0	1558
org.springframework.context.annotation.EnableAspectJAutoProxyTests	OK	5	5	0	5115
org.springframework.context.annotation.ImportBeanDefinitionRegistrarTests	OK	1	1	0	123
org.springframework.context.annotation.PrimitiveBeanLookupAndAutowiringTests	OK	4	4	0	636
org.springframework.context.annotation.Spr11202Tests	OK	2	2	0	416
org.springframework.context.annotation.Spr16217Tests	OK	3	3	0	503
org.springframework.context.annotation.configuration.ConfigurationClassAspectIntegrationTests	OK	6	6	0	2476
org.springframework.context.annotation.configuration.ImportResourceTests	OK	9	9	0	2768
org.springframework.context.annotation.configuration.Spr12526Tests	OK	1	1	0	222
org.springframework.context.annotation.spr16756.Spr16756Tests	OK	1	1	0	178
org.springframework.context.aot.ContextAotProcessorTests	OK	3	3	0	1703
org.springframework.context.event.AnnotationDrivenEventListenerTests	OK	35	35	0	8790
org.springframework.context.event.PayloadApplicationEventTests	OK	14	14	0	897
org.springframework.context.generator.ApplicationContextAotGeneratorRuntimeHintsTests	OK	5	0	0	71
org.springframework.context.support.ApplicationContextLifecycleTests	OK	6	6	0	825
org.springframework.context.support.GenericApplicationContextTests	OK	42	42	0	2416
org.springframework.context.support.Spr7816Tests	OK	1	1	0	289
org.springframework.format.datetime.standard.DateTimeFormatterFactoryBeanTests	OK	4	4	0	66
org.springframework.format.number.NumberStyleFormatterTests	OK	4	4	0	92
org.springframework.instrument.classloading.ResourceOverridingShadowingClassLoaderTests	OK	6	6	0	85
org.springframework.jmx.export.MBeanExporterTests	FAIL	38	33	5	3291
org.springframework.jmx.export.assembler.AbstractJmxAssemblerTests	EMPTY	0	0	0	10
org.springframework.jmx.export.assembler.MethodExclusionMBeanInfoAssemblerTests	FAIL	14	8	6	4301
org.springframework.jmx.export.naming.PropertiesFileNamingStrategyTests	OK	1	1	0	37
org.springframework.jndi.JndiPropertySourceTests	OK	5	5	0	81
org.springframework.scheduling.annotation.AsyncAnnotationBeanPostProcessorTests	OK	10	10	0	4172
org.springframework.scheduling.concurrent.AbstractSchedulingTaskExecutorTests	EMPTY	0	0	0	10
org.springframework.scheduling.concurrent.ThreadPoolExecutorFactoryBeanTests	OK	3	3	0	2150
org.springframework.scheduling.config.ScheduledTasksBeanDefinitionParserTests	OK	6	6	0	1243
org.springframework.scheduling.support.PeriodicTriggerTests	OK	15	15	0	202
org.springframework.scripting.groovy.GroovyScriptEvaluatorTests	OK	8	8	0	5363
org.springframework.ui.ModelMapTests	OK	25	25	0	501
org.springframework.validation.beanvalidation.BeanValidationBeanRegistrationAotProcessorKotlinTests	OK	2	2	0	528
org.springframework.validation.beanvalidation.MethodValidationProxyTests	OK	8	8	0	3734
org.springframework.cache.jcache.AbstractJCacheTests	EMPTY	0	0	0	147
org.springframework.cache.jcache.interceptor.AbstractCacheOperationTests	EMPTY	0	0	0	11
org.springframework.cache.jcache.interceptor.JCacheInterceptorTests	OK	5	5	0	185
org.springframework.scheduling.quartz.CronTriggerFactoryBeanTests	OK	4	4	0	107
org.springframework.aot.generate.DefaultGenerationContextTests	OK	11	11	0	348
org.springframework.aot.generate.GeneratedTypeReferenceTests	OK	7	7	0	134
org.springframework.aot.hint.JdkProxyHintExtensionsTests	OK	1	1	0	1834
org.springframework.aot.hint.ResourceHintsTests	OK	18	18	0	693
org.springframework.aot.hint.TypeReferenceTests	OK	6	6	0	90
org.springframework.aot.hint.predicate.SerializationHintsPredicatesTests	OK	3	3	0	53
org.springframework.aot.nativex.FileNativeConfigurationWriterTests	OK	9	9	0	232
org.springframework.core.CollectionFactoryTests	OK	24	24	0	326
org.springframework.core.KotlinDetectorTests	OK	5	5	0	114
org.springframework.core.ParameterizedTypeReferenceTests	OK	5	5	0	77
org.springframework.core.SortedPropertiesTests	OK	11	11	0	378
org.springframework.core.annotation.AnnotationFilterTests	OK	11	11	0	138
org.springframework.core.annotation.MergedAnnotationClassLoaderTests	OK	1	1	0	72
org.springframework.core.annotation.MultipleComposedAnnotationsOnSingleAnnotatedElementTests	FAIL	19	17	1	313
org.springframework.core.codec.ByteArrayDecoderTests	OK	3	3	0	765
org.springframework.core.codec.NettyByteBufDecoderTests	OK	3	3	0	186
org.springframework.core.convert.converter.ConverterTests	OK	4	4	0	60
org.springframework.core.convert.support.ObjectToObjectConverterTests	OK	3	3	0	62
org.springframework.core.env.PropertyResolverExtensionsKotlinTests	OK	4	4	0	2137
org.springframework.core.io.ModuleResourceTests	OK	3	3	0	61
org.springframework.core.io.buffer.LeakAwareDataBufferFactoryTests	OK	2	2	0	807
org.springframework.core.io.support.ResourcePropertySourceTests	OK	8	8	0	124
org.springframework.core.retry.RetryTemplateTests	OK	24	24	0	2250
org.springframework.core.task.SimpleAsyncTaskExecutorTests	OK	12	12	0	2033
org.springframework.core.type.AbstractMethodMetadataTests	EMPTY	0	0	0	12
org.springframework.core.type.StandardMethodMetadataTests	OK	27	27	0	450
org.springframework.util.AssertTests	OK	109	109	0	2458
org.springframework.util.ConcurrentLruCacheTests	OK	4	4	0	89
org.springframework.util.FilteredCollectionTests	OK	6	6	0	86
org.springframework.util.MethodInvokerTests	OK	8	8	0	139
org.springframework.util.PlaceholderParserTests	OK	68	68	0	2074
org.springframework.util.StopWatchTests	OK	5	5	0	734
org.springframework.util.comparator.ComparatorsTests	OK	4	4	0	68
org.springframework.util.function.ThrowingFunctionTests	OK	6	6	0	87
org.springframework.util.xml.SimpleNamespaceContextTests	OK	13	13	0	174
org.springframework.util.xml.TransformerUtilsTests	OK	7	7	0	91
org.springframework.core.test.tools.ClassFilesTests	OK	11	11	0	235
org.springframework.core.test.tools.ResourceFilesTests	OK	14	14	0	159
org.springframework.expression.spel.CachedMethodExecutorTests	OK	2	2	0	191
org.springframework.expression.spel.ListTests	OK	22	22	0	545
org.springframework.expression.spel.OptionalNullSafetyTests	OK	35	35	0	775
org.springframework.expression.spel.SpelCompilationPerformanceTests	OK	11	0	0	92
org.springframework.expression.spel.VariableAndFunctionTests	OK	16	16	0	799
org.springframework.expression.spel.support.MapAccessorTests	OK	6	6	0	118
org.springframework.jdbc.core.AbstractRowMapperTests	EMPTY	0	0	0	81
org.springframework.jdbc.core.SimplePropertyRowMapperTests	OK	7	7	0	7669
org.springframework.jdbc.core.namedparam.NamedParameterQueryTests	OK	14	14	0	2368
org.springframework.jdbc.core.simple.SimpleJdbcInsertIntegrationTests	OK	9	9	0	1044
org.springframework.jdbc.core.support.SqlLobValueTests	OK	10	10	0	783
org.springframework.jdbc.datasource.ShardingKeyDataSourceAdapterTests	OK	4	4	0	412
org.springframework.jdbc.datasource.init.AbstractDatabasePopulatorTests	EMPTY	0	0	0	9
org.springframework.jdbc.datasource.lookup.BeanFactoryDataSourceLookupTests	OK	3	3	0	519
org.springframework.jdbc.object.SqlQueryTests	OK	21	21	0	605
org.springframework.jdbc.support.JdbcUtilsTests	OK	3	3	0	51
org.springframework.jdbc.support.incrementer.DataFieldMaxValueIncrementerTests	OK	9	9	0	6819
org.springframework.jms.config.JmsListenerContainerFactoryTests	OK	6	6	0	864
org.springframework.jms.connection.JmsTransactionManagerTests	OK	9	9	0	2766
org.springframework.jms.core.JmsTemplateTransactedTests	FAIL	52	51	1	3616
org.springframework.jms.listener.adapter.MessagingMessageListenerAdapterTests	OK	19	19	0	1912
org.springframework.jms.support.converter.JacksonJsonMessageConverterTests	OK	19	19	0	1567
org.springframework.messaging.MessageHeadersTests	OK	19	19	0	472
org.springframework.messaging.converter.MarshallingMessageConverterTests	OK	4	4	0	343
org.springframework.messaging.core.MessageReceivingTemplateTests	OK	7	7	0	133
org.springframework.messaging.handler.annotation.reactive.MessageMappingMessageHandlerTests	OK	8	8	0	1004
org.springframework.messaging.handler.annotation.support.PayloadMethodArgumentResolverTests	OK	14	14	0	273
org.springframework.messaging.rsocket.DefaultRSocketRequesterTests	OK	11	11	0	2069
org.springframework.messaging.rsocket.RSocketServerToClientIntegrationTests	OK	4	4	0	2013
org.springframework.messaging.rsocket.service.RSocketRequestValuesTests	OK	6	6	0	94
org.springframework.messaging.simp.SimpMessagingTemplateTests	OK	10	10	0	137
org.springframework.messaging.simp.broker.DefaultSubscriptionRegistryTests	OK	19	19	0	285
org.springframework.messaging.simp.stomp.DefaultStompSessionTests	OK	33	33	0	2561
org.springframework.messaging.simp.stomp.StompEncoderTests	OK	5	5	0	83
org.springframework.messaging.support.ExecutorSubscribableChannelTests	OK	10	10	0	679
org.springframework.orm.jpa.ContainerManagedEntityManagerIntegrationTests	OK	10	10	0	3708
org.springframework.orm.jpa.SharedEntityManagerCreatorTests	OK	13	13	0	4821
org.springframework.orm.jpa.hibernate.HibernateMultiEntityManagerFactoryIntegrationTests	OK	19	19	0	5265
org.springframework.orm.jpa.persistenceunit.SpringPersistenceUnitInfoRuntimeHintsTests	OK	1	1	0	119
org.springframework.oxm.AbstractMarshallerTests	EMPTY	0	0	0	74
org.springframework.r2dbc.connection.DelegatingConnectionFactoryTests	OK	2	2	0	1120
org.springframework.r2dbc.connection.init.ResourceDatabasePopulatorTests	OK	10	10	0	502
org.springframework.r2dbc.core.DefaultDatabaseClientTests	OK	19	19	0	1351
org.springframework.r2dbc.core.UpdatedRowsFetchSpecExtensionsTests	OK	1	1	0	9394
org.springframework.mock.web.MockCookieTests	OK	19	19	0	503
org.springframework.test.annotation.ProfileValueUtilsTests	OK	3	3	0	160
org.springframework.test.context.OverriddenMetaAnnotationAttributesTestContextAnnotationUtilsTests	OK	4	4	0	123
org.springframework.test.context.aot.AotContextLoaderRuntimeHintsTests	OK	1	1	0	1022
org.springframework.test.context.aot.TestContextAotGeneratorTests	OK	7	7	0	1249
org.springframework.test.context.aot.samples.basic.BasicSpringTestNGTests	OK	1	1	0	613
org.springframework.test.context.aot.samples.bean.override.MockitoBeanJupiterTests	OK	1	1	0	571
org.springframework.test.context.aot.samples.xml.XmlSpringTestNGTests	OK	1	1	0	923
org.springframework.test.context.bean.override.convention.TestBeanByNameLookupTestClassScopedExtensionContextIntegrationTests	OK	13	13	0	2131
org.springframework.test.context.bean.override.convention.TestBeanOverrideHandlerTests	OK	10	10	0	173
org.springframework.test.context.bean.override.convention.hierarchies.TestBeanByTypeInChildContextHierarchyTests	OK	1	1	0	1364
org.springframework.test.context.bean.override.mockito.MockitoBeanByNameLookupTestMethodScopedExtensionContextIntegrationTests	OK	6	6	0	1047
org.springframework.test.context.bean.override.mockito.MockitoBeanForBrokenFactoryBeanIntegrationTests	OK	1	1	0	347
org.springframework.test.context.bean.override.mockito.MockitoBeanOverridesTestBeanIntegrationTests	OK	1	1	0	274
org.springframework.test.context.bean.override.mockito.MockitoResetTestExecutionListenerWithoutMockitoAnnotationsIntegrationTests	OK	2	2	0	359
org.springframework.test.context.bean.override.mockito.MockitoSpyBeanWithResetIntegrationTests	OK	4	4	0	664
org.springframework.test.context.bean.override.mockito.hierarchies.MockitoBeanAndContextHierarchyParentIntegrationTests	OK	1	1	0	208
org.springframework.test.context.bean.override.mockito.hierarchies.MockitoSpyBeanByNameInChildContextHierarchyTests	OK	1	1	0	439
org.springframework.test.context.bean.override.mockito.hierarchies.ReusedParentConfigV1Tests	OK	1	1	0	426
org.springframework.test.context.bean.override.mockito.integration.MockitoBeanWithCustomQualifierAnnotationByNameTests	OK	1	1	0	322
org.springframework.test.context.bean.override.mockito.integration.MockitoSpyBeanAndCircularDependenciesWithAutowiredSettersIntegrationTests	OK	1	1	0	1507
org.springframework.test.context.bean.override.mockito.integration.MockitoSpyBeanWithGenericsOnTestFieldForExistingGenericBeanProducedByFactoryBeanIntegrationTests	OK	1	1	0	379
org.springframework.test.context.bean.override.mockito.typelevel.MockitoSpyBeansByNameIntegrationTests	OK	1	1	0	457
org.springframework.test.context.cache.ContextCacheUtilsTests	OK	34	34	0	803
org.springframework.test.context.config.AutowiredQualifierTests	OK	1	1	0	214
org.springframework.test.context.config.DefaultLoaderBeanOverridingExplicitConfigClassesInheritedTests	OK	1	1	0	285
org.springframework.test.context.config.ImplicitDefaultConfigClassesInheritedTests	OK	3	3	0	357
org.springframework.test.context.config.interfaces.ContextHierarchyInterfaceTests	OK	1	1	0	338
org.springframework.test.context.config.meta.ConfigClassesAndProfilesWithCustomDefaultsMetaConfigTests	OK	1	1	0	254
org.springframework.test.context.customizers.OverriddenContextCustomizerRegistrationTests	OK	1	1	0	278
org.springframework.test.context.env.ExtendedDefaultPropertiesFileDetectionTestPropertySourceTests	OK	1	1	0	1159
org.springframework.test.context.env.SystemPropertyOverridePropertiesFileTestPropertySourceTests	OK	1	1	0	192
org.springframework.test.context.env.repeatable.LocalInlinedPropertyOverridesInheritedAndMetaInlinedPropertiesTests	OK	1	1	0	234
org.springframework.test.context.env.subpackage.SubpackageInheritedRelativePathPropertiesFileTestPropertySourceTests	OK	1	1	0	267
org.springframework.test.context.groovy.AbsolutePathGroovySpringContextTests	OK	6	6	0	9873
org.springframework.test.context.hierarchies.meta.MetaHierarchyLevelTwoTests	OK	3	3	0	527
org.springframework.test.context.hierarchies.standard.TestHierarchyLevelOneWithBareContextConfigurationInSubclassTests	OK	1	1	0	248
org.springframework.test.context.hierarchies.web.DispatcherWacRootWacEarTests	OK	3	1	0	1594
org.springframework.test.context.inheritance.ExplicitLocationsBaseTests	OK	1	1	0	257
org.springframework.test.context.initializers.annotation.PropertySourcesInitializerTests	OK	1	1	0	215
org.springframework.test.context.jdbc.DataSourceOnlySqlScriptsTests	FAIL	2	0	2	2022
org.springframework.test.context.jdbc.MergedSqlConfigTests	OK	24	24	0	26303
org.springframework.test.context.jdbc.RepeatableSqlAnnotationSqlScriptsChildTests	FAIL	2	0	2	1070
org.springframework.test.context.jdbc.merging.ClassLevelMergeSqlMergeModeTests	FAIL	3	0	3	196
org.springframework.test.context.junit.jupiter.EnabledIfAndDirtiesContextTests	OK	2	2	0	524
org.springframework.test.context.junit.jupiter.SpringJUnitJupiterConstructorInjectionTests	OK	4	4	0	530
org.springframework.test.context.junit.jupiter.event.ParallelApplicationEventsIntegrationTests	FAIL	2	0	2	395
org.springframework.test.context.junit.jupiter.nested.ConstructorInjectionTestClassScopedExtensionContextNestedTests	OK	5	5	0	905
org.springframework.test.context.junit.jupiter.nested.ParameterizedConstructorInjectionTestClassScopedExtensionContextNestedTests	OK	10	10	0	1498
org.springframework.test.context.junit.jupiter.nested.TestPropertySourceTestClassScopedExtensionContextNestedTests	OK	7	7	0	1512
org.springframework.test.context.junit.jupiter.web.WebSpringExtensionTests	OK	1	1	0	2437
org.springframework.test.context.junit4.RepeatedSpringRunnerTests	OK	6	6	0	7091
org.springframework.test.context.junit4.event.JUnit4ApplicationEventsAsyncIntegrationTests	OK	2	2	0	359
org.springframework.test.context.junit4.rules.EnabledAndIgnoredSpringRuleTests	OK	5	3	0	125
org.springframework.test.context.junit4.rules.TimedSpringRuleTests	OK	1	1	0	747
org.springframework.test.context.litemode.TransactionalAnnotatedConfigClassWithAtConfigurationTests	FAIL	2	0	2	1302
org.springframework.test.context.orm.jpa.JpaPersonRepositoryTests	FAIL	2	0	2	2528
org.springframework.test.context.profile.xml.DefaultProfileXmlConfigTests	OK	2	2	0	733
org.springframework.test.context.support.BootstrapTestUtilsMergedConfigTests	OK	25	25	0	30373
org.springframework.test.context.support.DirtiesContextTestExecutionListenerTests	OK	29	29	0	1100
org.springframework.test.context.testng.AnnotationConfigTestNGSpringContextTests	OK	1	1	0	1527
org.springframework.test.context.testng.event.TestNGApplicationEventsIntegrationTests	OK	2	2	0	563
org.springframework.test.context.testng.web.TestNGSpringContextWebTests	OK	2	2	0	558
org.springframework.test.context.transaction.RollbackOverrideDefaultRollbackTrueTransactionalTests	FAIL	1	0	1	1159
org.springframework.test.context.transaction.manager.LookUpTxMgrByTypeAndQualifierAtClassLevelTests	OK	1	1	0	448
org.springframework.test.context.transaction.programmatic.ProgrammaticTxMgmtTests	FAIL	12	0	12	1768
org.springframework.test.context.web.GenericXmlWebContextLoaderTests	OK	1	1	0	49
org.springframework.test.http.HttpHeadersAssertTests	OK	46	46	0	1379
org.springframework.test.util.ExceptionCollectorTests	OK	7	7	0	166
org.springframework.test.web.client.DefaultRequestExpectationTests	OK	4	4	0	99
org.springframework.test.web.client.match.XpathRequestMatchersTests	OK	14	14	0	984
org.springframework.test.web.client.samples.matchers.JsonPathRequestMatchersIntegrationTests	OK	9	9	0	1211
org.springframework.test.web.reactive.server.JsonEncoderDecoderTests	OK	5	5	0	161
org.springframework.test.web.reactive.server.samples.ApiVersionTests	OK	3	3	0	4854
org.springframework.test.web.reactive.server.samples.XmlContentTests	OK	5	5	0	7417
org.springframework.test.web.servlet.MockMvcReuseTests	OK	2	2	0	3510
org.springframework.test.web.servlet.assertj.MockMvcTesterCompatibilityIntegrationTests	OK	3	3	0	1985
org.springframework.test.web.servlet.client.RestTestClientIntegrationTests	OK	5	5	0	4648
org.springframework.test.web.servlet.client.samples.SoftAssertionTests	OK	2	2	0	513
org.springframework.test.web.servlet.htmlunit.DelegatingWebConnectionTests	OK	4	3	0	810
org.springframework.test.web.servlet.htmlunit.webdriver.MockMvcHtmlUnitDriverBuilderTests	OK	7	7	0	16934
org.springframework.test.web.servlet.result.FlashAttributeResultMatchersTests	OK	4	4	0	148
org.springframework.test.web.servlet.result.XpathResultMatchersTests	OK	17	17	0	860
org.springframework.test.web.servlet.samples.client.standalone.FrameworkExtensionTests	OK	2	2	0	1080
org.springframework.test.web.servlet.samples.client.standalone.ViewResolutionTests	OK	5	5	0	1254
org.springframework.test.web.servlet.samples.client.standalone.resultmatches.ModelAssertionTests	OK	5	5	0	974
org.springframework.test.web.servlet.samples.context.AsyncControllerJavaConfigTests	OK	1	1	0	1800
org.springframework.test.web.servlet.samples.spr.HttpOptionsTests	OK	1	1	0	1525
org.springframework.test.web.servlet.samples.standalone.MultipartControllerTests	OK	18	18	0	6518
org.springframework.test.web.servlet.samples.standalone.resulthandlers.PrintingResultHandlerSmokeTests	OK	1	0	0	102
org.springframework.test.web.servlet.samples.standalone.resultmatchers.RequestAttributeAssertionTests	OK	2	2	0	1181
org.springframework.test.web.servlet.setup.MockMvcFilterDecoratorTests	OK	33	33	0	674
org.springframework.dao.annotation.PersistenceExceptionTranslationPostProcessorTests	OK	1	1	0	525
org.springframework.transaction.annotation.AnnotationTransactionAttributeSourceTests	OK	22	22	0	1037
org.springframework.transaction.event.TransactionalApplicationListenerAdapterTests	OK	3	3	0	82
org.springframework.transaction.interceptor.ReactiveTransactionInterceptorTests	OK	14	14	0	1230
org.springframework.transaction.reactive.ReactiveTransactionSupportTests	OK	14	14	0	248
org.springframework.http.ContentDispositionTests	FAIL	34	33	1	755
org.springframework.http.MediaTypeTests	OK	28	28	0	515
org.springframework.http.client.AbstractMockWebServerTests	EMPTY	0	0	0	18
org.springframework.http.client.MultipartBodyBuilderTests	OK	2	2	0	92
org.springframework.http.client.reactive.ClientHttpConnectorTests	OK	49	47	0	18488
org.springframework.http.codec.JacksonTokenizerTests	OK	9	9	0	1243
org.springframework.http.codec.cbor.JacksonCborDecoderTests	FAIL	3	0	1	127
org.springframework.http.codec.json.CustomizedJacksonJsonDecoderTests	OK	2	2	0	353
org.springframework.http.codec.json.Jackson2TokenizerTests	OK	9	9	0	1042
org.springframework.http.codec.multipart.MultipartHttpMessageWriterTests	OK	6	6	0	6543
org.springframework.http.codec.protobuf.ProtobufJsonDecoderTests	OK	4	4	0	913
org.springframework.http.codec.xml.JacksonXmlEncoderTests	OK	3	3	0	1806
org.springframework.http.converter.FormHttpMessageConverterTests	OK	13	13	0	363
org.springframework.http.converter.feed.AtomFeedHttpMessageConverterTests	OK	6	6	0	615
org.springframework.http.converter.json.KotlinSerializationJsonHttpMessageConverterTests	FAIL	25	24	1	1916
org.springframework.http.converter.protobuf.ProtobufHttpMessageConverterTests	OK	8	8	0	1775
org.springframework.http.converter.xml.MarshallingHttpMessageConverterTests	OK	8	8	0	664
org.springframework.http.server.observation.DefaultServerRequestObservationConventionTests	OK	11	11	0	209
org.springframework.http.server.reactive.EchoHandlerIntegrationTests	OK	4	4	0	7179
org.springframework.http.server.reactive.ReactorUriHelperTests	OK	7	7	0	969
org.springframework.http.server.reactive.observation.DefaultServerRequestObservationConventionTests	OK	13	13	0	959
org.springframework.web.accept.HeaderContentNegotiationStrategyTests	OK	5	5	0	132
org.springframework.web.bind.EscapedErrorsTests	OK	1	1	0	80
org.springframework.web.bind.support.DefaultDataBinderFactoryTests	OK	1	1	0	764
org.springframework.web.client.DefaultResponseErrorHandlerTests	OK	15	15	0	472
org.springframework.web.client.RestClientIntegrationTests	FAIL	230	226	3	36198
org.springframework.web.client.support.KotlinRestTemplateHttpServiceProxyTests	FAIL	11	8	3	5231
org.springframework.web.context.request.RequestScopeTests	FAIL	7	5	2	2075
org.springframework.web.context.request.async.DeferredResultTests	OK	7	7	0	335
org.springframework.web.context.support.ServletRequestHandledEventTests	OK	2	2	0	49
org.springframework.web.cors.reactive.CorsUtilsTests	OK	7	7	0	740
org.springframework.web.filter.DelegatingFilterProxyTests	OK	13	13	0	435
org.springframework.web.filter.ServerHttpObservationFilterTests	OK	12	12	0	215
org.springframework.web.method.ControllerAdviceBeanTests	OK	19	19	0	1358
org.springframework.web.method.annotation.MapMethodProcessorTests	OK	4	4	0	121
org.springframework.web.method.annotation.RequestHeaderMethodArgumentResolverTests	OK	19	19	0	1044
org.springframework.web.method.support.HandlerMethodReturnValueHandlerCompositeTests	OK	5	5	0	412
org.springframework.web.multipart.support.StandardMultipartHttpServletRequestTests	OK	12	12	0	528
org.springframework.web.server.adapter.HttpWebHandlerAdapterObservabilityTests	OK	4	4	0	252
org.springframework.web.server.session.DefaultWebSessionManagerTests	OK	4	4	0	939
org.springframework.web.service.invoker.HttpRequestValuesTests	OK	9	9	0	375
org.springframework.web.service.invoker.RequestBodyArgumentResolverTests	OK	12	12	0	1103
org.springframework.web.service.registry.HttpServiceProxyRegistryFactoryBeanTests	OK	3	3	0	1587
org.springframework.web.util.HtmlUtilsTests	OK	8	8	0	136
org.springframework.web.util.UriUtilsTests	OK	13	13	0	177
org.springframework.web.reactive.DispatcherHandlerErrorTests	OK	9	9	0	3590
org.springframework.web.reactive.accept.PathApiVersionResolverTests	OK	3	3	0	150
org.springframework.web.reactive.config.ViewResolverRegistryTests	OK	6	6	0	122
org.springframework.web.reactive.function.client.CoExchangeFilterFunctionTests	OK	1	1	0	1777
org.springframework.web.reactive.function.client.WebClientDataBufferAllocatingTests	OK	54	54	0	4928
org.springframework.web.reactive.function.client.support.KotlinWebClientHttpServiceGroupAdapterServiceProxyTests	OK	6	6	0	1383
org.springframework.web.reactive.function.server.DefaultRenderingResponseTests	OK	12	12	0	2648
org.springframework.web.reactive.function.server.LocaleContextResolverIntegrationTests	OK	4	4	0	5994
org.springframework.web.reactive.function.server.RequestPredicatesTests	OK	20	20	0	1151
org.springframework.web.reactive.function.server.SseHandlerFunctionIntegrationTests	OK	12	12	0	2711
org.springframework.web.reactive.resource.CachingResourceResolverTests	OK	10	10	0	1407
org.springframework.web.reactive.resource.ResourceHandlerUtilsTests	OK	4	4	0	84
org.springframework.web.reactive.result.condition.CompositeRequestConditionTests	OK	9	9	0	264
org.springframework.web.reactive.result.condition.RequestMethodsRequestConditionTests	OK	7	7	0	417
org.springframework.web.reactive.result.method.annotation.ControllerAdviceTests	OK	10	10	0	3804
org.springframework.web.reactive.result.method.annotation.GlobalCorsConfigIntegrationTests	OK	36	36	0	63584
org.springframework.web.reactive.result.method.annotation.MessageWriterResultHandlerKotlinTests	OK	4	4	0	1365
org.springframework.web.reactive.result.method.annotation.MultipartWebClientIntegrationTests	OK	32	32	0	119094
org.springframework.web.reactive.result.method.annotation.RequestHeaderMethodArgumentResolverTests	OK	12	12	0	1653
org.springframework.web.reactive.result.method.annotation.RequestParamMapMethodArgumentResolverTests	OK	3	3	0	477
org.springframework.web.reactive.result.method.annotation.SessionAttributeMethodArgumentResolverTests	OK	5	5	0	1431
org.springframework.web.reactive.result.view.HttpMessageWriterViewTests	OK	7	7	0	330
org.springframework.web.reactive.result.view.freemarker.FreeMarkerViewTests	OK	7	7	0	889
org.springframework.web.reactive.socket.server.support.HandshakeWebSocketServiceTests	OK	1	1	0	193
org.springframework.web.context.support.WebApplicationObjectSupportTests	OK	2	2	0	226
org.springframework.web.servlet.config.annotation.DefaultServletHandlerConfigurerTests	OK	4	4	0	80
org.springframework.web.servlet.config.annotation.WebMvcConfigurationSupportExtensionTests	OK	7	7	0	820
org.springframework.web.servlet.function.PathResourceLookupFunctionTests	OK	6	6	0	93
org.springframework.web.servlet.function.ServerRequestExtensionsTests	OK	13	13	0	8399
org.springframework.web.servlet.handler.AbstractUrlHandlerMappingTests	OK	10	10	0	235
org.springframework.web.servlet.handler.PathPatternsParameterizedTest	EMPTY	0	0	0	18
org.springframework.web.servlet.mvc.ParameterizableViewControllerTests	OK	4	4	0	138
org.springframework.web.servlet.mvc.condition.HeadersRequestConditionTests	OK	14	14	0	294
org.springframework.web.servlet.mvc.method.RequestMappingInfoHandlerMappingTests	FAIL	43	43	1	6240
org.springframework.web.servlet.mvc.method.annotation.ExceptionHandlerExceptionResolverTests	OK	31	31	0	4909
org.springframework.web.servlet.mvc.method.annotation.ModelAndViewMethodReturnValueHandlerTests	OK	11	11	0	174
org.springframework.web.servlet.mvc.method.annotation.RequestMappingHandlerAdapterIntegrationTests	OK	9	9	0	1020
org.springframework.web.servlet.mvc.method.annotation.RequestResponseBodyMethodProcessorMockTests	OK	24	24	0	1257
org.springframework.web.servlet.mvc.method.annotation.ServletCookieValueMethodArgumentResolverTests	OK	3	3	0	60
org.springframework.web.servlet.mvc.method.annotation.UriComponentsBuilderMethodArgumentResolverTests	OK	2	2	0	46
org.springframework.web.servlet.resource.ContentBasedVersionStrategyTests	OK	5	5	0	81
org.springframework.web.servlet.resource.ResourceHttpRequestHandlerIntegrationTests	OK	26	26	0	26099
org.springframework.web.servlet.support.DispatcherServletInitializerTests	OK	1	1	0	57
org.springframework.web.servlet.tags.BindTagOutsideDispatcherServletTests	OK	34	34	0	1555
org.springframework.web.servlet.tags.ParamTests	OK	3	3	0	169
org.springframework.web.servlet.tags.form.FormTagTests	OK	14	14	0	1123
org.springframework.web.servlet.tags.form.RadioButtonTagTests	OK	10	10	0	730
org.springframework.web.servlet.view.DefaultFragmentsRenderingTests	OK	1	1	0	35831
org.springframework.web.servlet.view.feed.RssFeedViewTests	OK	1	1	0	271
org.springframework.web.servlet.view.json.MappingJackson2JsonViewTests	OK	16	16	0	1685
org.springframework.web.servlet.view.xslt.XsltViewResolverTests	OK	1	1	0	30
org.springframework.web.socket.adapter.jetty.JettyWebSocketSessionTests	OK	4	4	0	1471
org.springframework.web.socket.config.WebSocketMessageBrokerStatsTests	OK	5	5	0	603
org.springframework.web.socket.handler.ExceptionWebSocketHandlerDecoratorTests	OK	4	4	0	227
org.springframework.web.socket.messaging.StompWebSocketIntegrationTests	FAIL	16	13	3	79141
org.springframework.web.socket.server.standard.SpringConfiguratorTests	OK	3	3	0	417
org.springframework.web.socket.sockjs.client.DefaultTransportRequestTests	OK	3	3	0	4854
org.springframework.web.socket.sockjs.transport.TransportTypeTests	OK	1	1	0	30
org.springframework.web.socket.sockjs.transport.session.WebSocketServerSockJsSessionTests	OK	8	8	0	172
