index	module	class	vm	jit	rc	status	seconds	tests	failed	aborted	skipped	containersFailed	stdoutLog	stderrLog	note
1	cli/spring-boot-cli	org.springframework.boot.cli.command.CommandRunnerIntegrationTests	craton	on	0	PASS	0.654	2	0	0	0	0	/data/data/cratonvm/apps/spring-boot-suite-runner/.suite/results/craton-fullsuite-azure-20260805-s1/all-jit/logs/cli_spring-boot-cli.org.springframework.boot.cli.command.CommandRunnerIntegrationTests.out.log	/data/data/cratonvm/apps/spring-boot-suite-runner/.suite/results/craton-fullsuite-azure-20260805-s1/all-jit/logs/cli_spring-boot-cli.org.springframework.boot.cli.command.CommandRunnerIntegrationTests.err.log	
2	cli/spring-boot-cli	org.springframework.boot.cli.command.CommandRunnerTests	craton	on	0	PASS	2.793	13	0	0	0	0	/data/data/cratonvm/apps/spring-boot-suite-runner/.suite/results/craton-fullsuite-azure-20260805-s1/all-jit/logs/cli_spring-boot-cli.org.springframework.boot.cli.command.CommandRunnerTests.out.log	/data/data/cratonvm/apps/spring-boot-suite-runner/.suite/results/craton-fullsuite-azure-20260805-s1/all-jit/logs/cli_spring-boot-cli.org.springframework.boot.cli.command.CommandRunnerTests.err.log	
3	cli/spring-boot-cli	org.springframework.boot.cli.command.init.AbstractHttpClientMockTests	craton	on	0	EMPTY	0.606	0	0	0	0	0	/data/data/cratonvm/apps/spring-boot-suite-runner/.suite/results/craton-fullsuite-azure-20260805-s1/all-jit/logs/cli_spring-boot-cli.org.springframework.boot.cli.command.init.AbstractHttpClientMockTests.out.log	/data/data/cratonvm/apps/spring-boot-suite-runner/.suite/results/craton-fullsuite-azure-20260805-s1/all-jit/logs/cli_spring-boot-cli.org.springframework.boot.cli.command.init.AbstractHttpClientMockTests.err.log	
4	cli/spring-boot-cli	org.springframework.boot.cli.command.encodepassword.EncodePasswordCommandTests	craton	on	0	PASS	3.346	5	0	0	0	0	/data/data/cratonvm/apps/spring-boot-suite-runner/.suite/results/craton-fullsuite-azure-20260805-s1/all-jit/logs/cli_spring-boot-cli.org.springframework.boot.cli.command.encodepassword.EncodePasswordCommandTests.out.log	/data/data/cratonvm/apps/spring-boot-suite-runner/.suite/results/craton-fullsuite-azure-20260805-s1/all-jit/logs/cli_spring-boot-cli.org.springframework.boot.cli.command.encodepassword.EncodePasswordCommandTests.err.log	
5	cli/spring-boot-cli	org.springframework.boot.cli.command.init.InitializrServiceMetadataTests	craton	on	0	PASS	0.812	3	0	0	0	0	/data/data/cratonvm/apps/spring-boot-suite-runner/.suite/results/craton-fullsuite-azure-20260805-s1/all-jit/logs/cli_spring-boot-cli.org.springframework.boot.cli.command.init.InitializrServiceMetadataTests.out.log	/data/data/cratonvm/apps/spring-boot-suite-runner/.suite/results/craton-fullsuite-azure-20260805-s1/all-jit/logs/cli_spring-boot-cli.org.springframework.boot.cli.command.init.InitializrServiceMetadataTests.err.log	
6	cli/spring-boot-cli	org.springframework.boot.cli.command.init.InitializrServiceTests	craton	on	0	PASS	5.275	10	0	0	0	0	/data/data/cratonvm/apps/spring-boot-suite-runner/.suite/results/craton-fullsuite-azure-20260805-s1/all-jit/logs/cli_spring-boot-cli.org.springframework.boot.cli.command.init.InitializrServiceTests.out.log	/data/data/cratonvm/apps/spring-boot-suite-runner/.suite/results/craton-fullsuite-azure-20260805-s1/all-jit/logs/cli_spring-boot-cli.org.springframework.boot.cli.command.init.InitializrServiceTests.err.log	
7	cli/spring-boot-cli	org.springframework.boot.cli.command.init.ProjectGenerationRequestTests	craton	on	0	PASS	1.006	21	0	0	0	0	/data/data/cratonvm/apps/spring-boot-suite-runner/.suite/results/craton-fullsuite-azure-20260805-s1/all-jit/logs/cli_spring-boot-cli.org.springframework.boot.cli.command.init.ProjectGenerationRequestTests.out.log	/data/data/cratonvm/apps/spring-boot-suite-runner/.suite/results/craton-fullsuite-azure-20260805-s1/all-jit/logs/cli_spring-boot-cli.org.springframework.boot.cli.command.init.ProjectGenerationRequestTests.err.log	
8	cli/spring-boot-cli	org.springframework.boot.cli.command.init.InitCommandTests	craton	on	0	PASS	8.233	26	0	0	0	0	/data/data/cratonvm/apps/spring-boot-suite-runner/.suite/results/craton-fullsuite-azure-20260805-s1/all-jit/logs/cli_spring-boot-cli.org.springframework.boot.cli.command.init.InitCommandTests.out.log	/data/data/cratonvm/apps/spring-boot-suite-runner/.suite/results/craton-fullsuite-azure-20260805-s1/all-jit/logs/cli_spring-boot-cli.org.springframework.boot.cli.command.init.InitCommandTests.err.log	
9	cli/spring-boot-cli	org.springframework.boot.cli.command.OptionParsingCommandTests	craton	on	0	PASS	0.614	1	0	0	0	0	/data/data/cratonvm/apps/spring-boot-suite-runner/.suite/results/craton-fullsuite-azure-20260805-s1/all-jit/logs/cli_spring-boot-cli.org.springframework.boot.cli.command.OptionParsingCommandTests.out.log	/data/data/cratonvm/apps/spring-boot-suite-runner/.suite/results/craton-fullsuite-azure-20260805-s1/all-jit/logs/cli_spring-boot-cli.org.springframework.boot.cli.command.OptionParsingCommandTests.err.log	
10	cli/spring-boot-cli	org.springframework.boot.cli.command.shell.EscapeAwareWhiteSpaceArgumentDelimiterTests	craton	on	0	PASS	0.809	7	0	0	0	0	/data/data/cratonvm/apps/spring-boot-suite-runner/.suite/results/craton-fullsuite-azure-20260805-s1/all-jit/logs/cli_spring-boot-cli.org.springframework.boot.cli.command.shell.EscapeAwareWhiteSpaceArgumentDelimiterTests.out.log	/data/data/cratonvm/apps/spring-boot-suite-runner/.suite/results/craton-fullsuite-azure-20260805-s1/all-jit/logs/cli_spring-boot-cli.org.springframework.boot.cli.command.shell.EscapeAwareWhiteSpaceArgumentDelimiterTests.err.log	
11	configuration-metadata/spring-boot-configuration-metadata	org.springframework.boot.configurationmetadata.AbstractConfigurationMetadataTests	craton	on	0	EMPTY	0.604	0	0	0	0	0	/data/data/cratonvm/apps/spring-boot-suite-runner/.suite/results/craton-fullsuite-azure-20260805-s1/all-jit/logs/configuration-metadata_spring-boot-configuration-metadata.org.springframework.boot.configurationmetadata.A-4e306bcc61f8.out.log	/data/data/cratonvm/apps/spring-boot-suite-runner/.suite/results/craton-fullsuite-azure-20260805-s1/all-jit/logs/configuration-metadata_spring-boot-configuration-metadata.org.springframework.boot.configurationmetadata.A-4e306bcc61f8.err.log	
12	configuration-metadata/spring-boot-configuration-metadata	org.springframework.boot.configurationmetadata.ConfigurationMetadataRepositoryJsonBuilderTests	craton	on	0	PASS	1.007	11	0	0	0	0	/data/data/cratonvm/apps/spring-boot-suite-runner/.suite/results/craton-fullsuite-azure-20260805-s1/all-jit/logs/configuration-metadata_spring-boot-configuration-metadata.org.springframework.boot.configurationmetadata.C-33766d392305.out.log	/data/data/cratonvm/apps/spring-boot-suite-runner/.suite/results/craton-fullsuite-azure-20260805-s1/all-jit/logs/configuration-metadata_spring-boot-configuration-metadata.org.springframework.boot.configurationmetadata.C-33766d392305.err.log	
13	cli/spring-boot-cli	org.springframework.boot.cli.command.init.ServiceCapabilitiesReportGeneratorTests	craton	on	0	PASS	4.446	3	0	0	0	0	/data/data/cratonvm/apps/spring-boot-suite-runner/.suite/results/craton-fullsuite-azure-20260805-s1/all-jit/logs/cli_spring-boot-cli.org.springframework.boot.cli.command.init.ServiceCapabilitiesReportGeneratorTests.out.log	/data/data/cratonvm/apps/spring-boot-suite-runner/.suite/results/craton-fullsuite-azure-20260805-s1/all-jit/logs/cli_spring-boot-cli.org.springframework.boot.cli.command.init.ServiceCapabilitiesReportGeneratorTests.err.log	
14	configuration-metadata/spring-boot-configuration-metadata	org.springframework.boot.configurationmetadata.JsonReaderTests	craton	on	0	PASS	0.812	8	0	0	0	0	/data/data/cratonvm/apps/spring-boot-suite-runner/.suite/results/craton-fullsuite-azure-20260805-s1/all-jit/logs/configuration-metadata_spring-boot-configuration-metadata.org.springframework.boot.configurationmetadata.J-9cc8b656feb2.out.log	/data/data/cratonvm/apps/spring-boot-suite-runner/.suite/results/craton-fullsuite-azure-20260805-s1/all-jit/logs/configuration-metadata_spring-boot-configuration-metadata.org.springframework.boot.configurationmetadata.J-9cc8b656feb2.err.log	
15	configuration-metadata/spring-boot-configuration-metadata	org.springframework.boot.configurationmetadata.SentenceExtractorTests	craton	on	0	PASS	0.634	6	0	0	0	0	/data/data/cratonvm/apps/spring-boot-suite-runner/.suite/results/craton-fullsuite-azure-20260805-s1/all-jit/logs/configuration-metadata_spring-boot-configuration-metadata.org.springframework.boot.configurationmetadata.S-157f2891f60c.out.log	/data/data/cratonvm/apps/spring-boot-suite-runner/.suite/results/craton-fullsuite-azure-20260805-s1/all-jit/logs/configuration-metadata_spring-boot-configuration-metadata.org.springframework.boot.configurationmetadata.S-157f2891f60c.err.log	
16	configuration-metadata/spring-boot-configuration-metadata-changelog-generator	org.springframework.boot.configurationmetadata.changelog.ChangelogGeneratorTests	craton	on	0	PASS	0.605	1	0	0	0	0	/data/data/cratonvm/apps/spring-boot-suite-runner/.suite/results/craton-fullsuite-azure-20260805-s1/all-jit/logs/configuration-metadata_spring-boot-configuration-metadata-changelog-generator.org.springframework.boot.con-40527b260254.out.log	/data/data/cratonvm/apps/spring-boot-suite-runner/.suite/results/craton-fullsuite-azure-20260805-s1/all-jit/logs/configuration-metadata_spring-boot-configuration-metadata-changelog-generator.org.springframework.boot.con-40527b260254.err.log	
17	configuration-metadata/spring-boot-configuration-metadata-changelog-generator	org.springframework.boot.configurationmetadata.changelog.ChangelogWriterTests	craton	on	0	PASS	0.605	1	0	0	0	0	/data/data/cratonvm/apps/spring-boot-suite-runner/.suite/results/craton-fullsuite-azure-20260805-s1/all-jit/logs/configuration-metadata_spring-boot-configuration-metadata-changelog-generator.org.springframework.boot.con-ef7b0d85d822.out.log	/data/data/cratonvm/apps/spring-boot-suite-runner/.suite/results/craton-fullsuite-azure-20260805-s1/all-jit/logs/configuration-metadata_spring-boot-configuration-metadata-changelog-generator.org.springframework.boot.con-ef7b0d85d822.err.log	
18	configuration-metadata/spring-boot-configuration-metadata-changelog-generator	org.springframework.boot.configurationmetadata.changelog.ChangelogTests	craton	on	0	PASS	0.860	1	0	0	0	0	/data/data/cratonvm/apps/spring-boot-suite-runner/.suite/results/craton-fullsuite-azure-20260805-s1/all-jit/logs/configuration-metadata_spring-boot-configuration-metadata-changelog-generator.org.springframework.boot.con-50c99d492f0a.out.log	/data/data/cratonvm/apps/spring-boot-suite-runner/.suite/results/craton-fullsuite-azure-20260805-s1/all-jit/logs/configuration-metadata_spring-boot-configuration-metadata-changelog-generator.org.springframework.boot.con-50c99d492f0a.err.log	
19	configuration-metadata/spring-boot-configuration-metadata-changelog-generator	org.springframework.boot.configurationmetadata.changelog.DifferenceTests	craton	on	0	PASS	0.639	7	0	0	0	0	/data/data/cratonvm/apps/spring-boot-suite-runner/.suite/results/craton-fullsuite-azure-20260805-s1/all-jit/logs/configuration-metadata_spring-boot-configuration-metadata-changelog-generator.org.springframework.boot.con-bf96911bb50c.out.log	/data/data/cratonvm/apps/spring-boot-suite-runner/.suite/results/craton-fullsuite-azure-20260805-s1/all-jit/logs/configuration-metadata_spring-boot-configuration-metadata-changelog-generator.org.springframework.boot.con-bf96911bb50c.err.log	
20	configuration-metadata/spring-boot-configuration-processor	org.springframework.boot.configurationprocessor.AbstractMetadataGenerationTests	craton	on	0	EMPTY	0.619	0	0	0	0	0	/data/data/cratonvm/apps/spring-boot-suite-runner/.suite/results/craton-fullsuite-azure-20260805-s1/all-jit/logs/configuration-metadata_spring-boot-configuration-processor.org.springframework.boot.configurationprocessor-14ed30fef9f7.out.log	/data/data/cratonvm/apps/spring-boot-suite-runner/.suite/results/craton-fullsuite-azure-20260805-s1/all-jit/logs/configuration-metadata_spring-boot-configuration-processor.org.springframework.boot.configurationprocessor-14ed30fef9f7.err.log	
21	configuration-metadata/spring-boot-configuration-processor	org.springframework.boot.configurationprocessor.ConstructorParameterPropertyDescriptorTests	craton	on	0	PASS	30.043	14	0	0	0	0	/data/data/cratonvm/apps/spring-boot-suite-runner/.suite/results/craton-fullsuite-azure-20260805-s1/all-jit/logs/configuration-metadata_spring-boot-configuration-processor.org.springframework.boot.configurationprocessor-93e3c01cae12.out.log	/data/data/cratonvm/apps/spring-boot-suite-runner/.suite/results/craton-fullsuite-azure-20260805-s1/all-jit/logs/configuration-metadata_spring-boot-configuration-processor.org.springframework.boot.configurationprocessor-93e3c01cae12.err.log	
22	configuration-metadata/spring-boot-configuration-processor	org.springframework.boot.configurationprocessor.DeducedImmutablePropertiesMetadataGenerationTests	craton	on	0	PASS	3.225	1	0	0	0	0	/data/data/cratonvm/apps/spring-boot-suite-runner/.suite/results/craton-fullsuite-azure-20260805-s1/all-jit/logs/configuration-metadata_spring-boot-configuration-processor.org.springframework.boot.configurationprocessor-d7c413b9cf86.out.log	/data/data/cratonvm/apps/spring-boot-suite-runner/.suite/results/craton-fullsuite-azure-20260805-s1/all-jit/logs/configuration-metadata_spring-boot-configuration-processor.org.springframework.boot.configurationprocessor-d7c413b9cf86.err.log	
23	configuration-metadata/spring-boot-configuration-processor	org.springframework.boot.configurationprocessor.EndpointMetadataGenerationTests	craton	on	0	PASS	34.018	14	0	0	0	0	/data/data/cratonvm/apps/spring-boot-suite-runner/.suite/results/craton-fullsuite-azure-20260805-s1/all-jit/logs/configuration-metadata_spring-boot-configuration-processor.org.springframework.boot.configurationprocessor-90ff7d038480.out.log	/data/data/cratonvm/apps/spring-boot-suite-runner/.suite/results/craton-fullsuite-azure-20260805-s1/all-jit/logs/configuration-metadata_spring-boot-configuration-processor.org.springframework.boot.configurationprocessor-90ff7d038480.err.log	
24	configuration-metadata/spring-boot-configuration-processor	org.springframework.boot.configurationprocessor.fieldvalues.AbstractFieldValuesProcessorTests	craton	on	0	EMPTY	0.402	0	0	0	0	0	/data/data/cratonvm/apps/spring-boot-suite-runner/.suite/results/craton-fullsuite-azure-20260805-s1/all-jit/logs/configuration-metadata_spring-boot-configuration-processor.org.springframework.boot.configurationprocessor-db7d83513d34.out.log	/data/data/cratonvm/apps/spring-boot-suite-runner/.suite/results/craton-fullsuite-azure-20260805-s1/all-jit/logs/configuration-metadata_spring-boot-configuration-processor.org.springframework.boot.configurationprocessor-db7d83513d34.err.log	
25	configuration-metadata/spring-boot-configuration-processor	org.springframework.boot.configurationprocessor.fieldvalues.javac.JavaCompilerFieldValuesProcessorTests	craton	on	0	PASS	4.828	1	0	0	0	0	/data/data/cratonvm/apps/spring-boot-suite-runner/.suite/results/craton-fullsuite-azure-20260805-s1/all-jit/logs/configuration-metadata_spring-boot-configuration-processor.org.springframework.boot.configurationprocessor-8732649549e4.out.log	/data/data/cratonvm/apps/spring-boot-suite-runner/.suite/results/craton-fullsuite-azure-20260805-s1/all-jit/logs/configuration-metadata_spring-boot-configuration-processor.org.springframework.boot.configurationprocessor-8732649549e4.err.log	
26	configuration-metadata/spring-boot-configuration-processor	org.springframework.boot.configurationprocessor.GenericsMetadataGenerationTests	craton	on	0	PASS	14.895	6	0	0	0	0	/data/data/cratonvm/apps/spring-boot-suite-runner/.suite/results/craton-fullsuite-azure-20260805-s1/all-jit/logs/configuration-metadata_spring-boot-configuration-processor.org.springframework.boot.configurationprocessor-347407b6c6f8.out.log	/data/data/cratonvm/apps/spring-boot-suite-runner/.suite/results/craton-fullsuite-azure-20260805-s1/all-jit/logs/configuration-metadata_spring-boot-configuration-processor.org.springframework.boot.configurationprocessor-347407b6c6f8.err.log	
27	configuration-metadata/spring-boot-configuration-processor	org.springframework.boot.configurationprocessor.ImmutablePropertiesMetadataGenerationTests	craton	on	0	PASS	3.621	1	0	0	0	0	/data/data/cratonvm/apps/spring-boot-suite-runner/.suite/results/craton-fullsuite-azure-20260805-s1/all-jit/logs/configuration-metadata_spring-boot-configuration-processor.org.springframework.boot.configurationprocessor-dbb0f3f01cfd.out.log	/data/data/cratonvm/apps/spring-boot-suite-runner/.suite/results/craton-fullsuite-azure-20260805-s1/all-jit/logs/configuration-metadata_spring-boot-configuration-processor.org.springframework.boot.configurationprocessor-dbb0f3f01cfd.err.log	
28	configuration-metadata/spring-boot-configuration-processor	org.springframework.boot.configurationprocessor.IncrementalBuildMetadataGenerationTests	craton	on	0	PASS	25.955	4	0	0	0	0	/data/data/cratonvm/apps/spring-boot-suite-runner/.suite/results/craton-fullsuite-azure-20260805-s1/all-jit/logs/configuration-metadata_spring-boot-configuration-processor.org.springframework.boot.configurationprocessor-ea541771ccd6.out.log	/data/data/cratonvm/apps/spring-boot-suite-runner/.suite/results/craton-fullsuite-azure-20260805-s1/all-jit/logs/configuration-metadata_spring-boot-configuration-processor.org.springframework.boot.configurationprocessor-ea541771ccd6.err.log	
29	configuration-metadata/spring-boot-configuration-processor	org.springframework.boot.configurationprocessor.InheritanceMetadataGenerationTests	craton	on	0	PASS	5.038	2	0	0	0	0	/data/data/cratonvm/apps/spring-boot-suite-runner/.suite/results/craton-fullsuite-azure-20260805-s1/all-jit/logs/configuration-metadata_spring-boot-configuration-processor.org.springframework.boot.configurationprocessor-0a3c8093ddea.out.log	/data/data/cratonvm/apps/spring-boot-suite-runner/.suite/results/craton-fullsuite-azure-20260805-s1/all-jit/logs/configuration-metadata_spring-boot-configuration-processor.org.springframework.boot.configurationprocessor-0a3c8093ddea.err.log	
30	configuration-metadata/spring-boot-configuration-processor	org.springframework.boot.configurationprocessor.ConfigurationMetadataAnnotationProcessorTests	craton	on	0	PASS	136.710	65	0	0	0	0	/data/data/cratonvm/apps/spring-boot-suite-runner/.suite/results/craton-fullsuite-azure-20260805-s1/all-jit/logs/configuration-metadata_spring-boot-configuration-processor.org.springframework.boot.configurationprocessor-c1cf079ff131.out.log	/data/data/cratonvm/apps/spring-boot-suite-runner/.suite/results/craton-fullsuite-azure-20260805-s1/all-jit/logs/configuration-metadata_spring-boot-configuration-processor.org.springframework.boot.configurationprocessor-c1cf079ff131.err.log	
31	configuration-metadata/spring-boot-configuration-processor	org.springframework.boot.configurationprocessor.LombokMetadataGenerationTests	craton	on	0	PASS	24.357	10	0	0	0	0	/data/data/cratonvm/apps/spring-boot-suite-runner/.suite/results/craton-fullsuite-azure-20260805-s1/all-jit/logs/configuration-metadata_spring-boot-configuration-processor.org.springframework.boot.configurationprocessor-c7a2e8ed7c12.out.log	/data/data/cratonvm/apps/spring-boot-suite-runner/.suite/results/craton-fullsuite-azure-20260805-s1/all-jit/logs/configuration-metadata_spring-boot-configuration-processor.org.springframework.boot.configurationprocessor-c7a2e8ed7c12.err.log	
32	configuration-metadata/spring-boot-configuration-processor	org.springframework.boot.configurationprocessor.JavaBeanPropertyDescriptorTests	craton	on	0	PASS	39.705	17	0	0	0	0	/data/data/cratonvm/apps/spring-boot-suite-runner/.suite/results/craton-fullsuite-azure-20260805-s1/all-jit/logs/configuration-metadata_spring-boot-configuration-processor.org.springframework.boot.configurationprocessor-6e578d579edf.out.log	/data/data/cratonvm/apps/spring-boot-suite-runner/.suite/results/craton-fullsuite-azure-20260805-s1/all-jit/logs/configuration-metadata_spring-boot-configuration-processor.org.springframework.boot.configurationprocessor-6e578d579edf.err.log	
33	configuration-metadata/spring-boot-configuration-processor	org.springframework.boot.configurationprocessor.MergeMetadataGenerationTests	craton	on	0	PASS	33.048	14	0	0	0	0	/data/data/cratonvm/apps/spring-boot-suite-runner/.suite/results/craton-fullsuite-azure-20260805-s1/all-jit/logs/configuration-metadata_spring-boot-configuration-processor.org.springframework.boot.configurationprocessor-b479c6ff074d.out.log	/data/data/cratonvm/apps/spring-boot-suite-runner/.suite/results/craton-fullsuite-azure-20260805-s1/all-jit/logs/configuration-metadata_spring-boot-configuration-processor.org.springframework.boot.configurationprocessor-b479c6ff074d.err.log	
34	configuration-metadata/spring-boot-configuration-processor	org.springframework.boot.configurationprocessor.metadata.ItemHintTests	craton	on	0	PASS	0.809	3	0	0	0	0	/data/data/cratonvm/apps/spring-boot-suite-runner/.suite/results/craton-fullsuite-azure-20260805-s1/all-jit/logs/configuration-metadata_spring-boot-configuration-processor.org.springframework.boot.configurationprocessor-39e20db397ac.out.log	/data/data/cratonvm/apps/spring-boot-suite-runner/.suite/results/craton-fullsuite-azure-20260805-s1/all-jit/logs/configuration-metadata_spring-boot-configuration-processor.org.springframework.boot.configurationprocessor-39e20db397ac.err.log	
35	configuration-metadata/spring-boot-configuration-processor	org.springframework.boot.configurationprocessor.metadata.ItemMetadataTests	craton	on	0	PASS	0.604	3	0	0	0	0	/data/data/cratonvm/apps/spring-boot-suite-runner/.suite/results/craton-fullsuite-azure-20260805-s1/all-jit/logs/configuration-metadata_spring-boot-configuration-processor.org.springframework.boot.configurationprocessor-5add758d5f78.out.log	/data/data/cratonvm/apps/spring-boot-suite-runner/.suite/results/craton-fullsuite-azure-20260805-s1/all-jit/logs/configuration-metadata_spring-boot-configuration-processor.org.springframework.boot.configurationprocessor-5add758d5f78.err.log	
36	configuration-metadata/spring-boot-configuration-processor	org.springframework.boot.configurationprocessor.metadata.JsonMarshallerTests	craton	on	0	PASS	1.210	17	0	0	0	0	/data/data/cratonvm/apps/spring-boot-suite-runner/.suite/results/craton-fullsuite-azure-20260805-s1/all-jit/logs/configuration-metadata_spring-boot-configuration-processor.org.springframework.boot.configurationprocessor-4b3762ea7171.out.log	/data/data/cratonvm/apps/spring-boot-suite-runner/.suite/results/craton-fullsuite-azure-20260805-s1/all-jit/logs/configuration-metadata_spring-boot-configuration-processor.org.springframework.boot.configurationprocessor-4b3762ea7171.err.log	
37	configuration-metadata/spring-boot-configuration-processor	org.springframework.boot.configurationprocessor.MetadataCollectorTests	craton	on	0	PASS	2.421	9	0	0	0	0	/data/data/cratonvm/apps/spring-boot-suite-runner/.suite/results/craton-fullsuite-azure-20260805-s1/all-jit/logs/configuration-metadata_spring-boot-configuration-processor.org.springframework.boot.configurationprocessor-532beff5835c.out.log	/data/data/cratonvm/apps/spring-boot-suite-runner/.suite/results/craton-fullsuite-azure-20260805-s1/all-jit/logs/configuration-metadata_spring-boot-configuration-processor.org.springframework.boot.configurationprocessor-532beff5835c.err.log	
38	configuration-metadata/spring-boot-configuration-processor	org.springframework.boot.configurationprocessor.MetadataStoreTests	craton	on	0	PASS	2.822	4	0	0	0	0	/data/data/cratonvm/apps/spring-boot-suite-runner/.suite/results/craton-fullsuite-azure-20260805-s1/all-jit/logs/configuration-metadata_spring-boot-configuration-processor.org.springframework.boot.configurationprocessor-0e496f5dd261.out.log	/data/data/cratonvm/apps/spring-boot-suite-runner/.suite/results/craton-fullsuite-azure-20260805-s1/all-jit/logs/configuration-metadata_spring-boot-configuration-processor.org.springframework.boot.configurationprocessor-0e496f5dd261.err.log	
39	configuration-metadata/spring-boot-configuration-processor	org.springframework.boot.configurationprocessor.LombokPropertyDescriptorTests	craton	on	0	PASS	49.314	21	0	0	0	0	/data/data/cratonvm/apps/spring-boot-suite-runner/.suite/results/craton-fullsuite-azure-20260805-s1/all-jit/logs/configuration-metadata_spring-boot-configuration-processor.org.springframework.boot.configurationprocessor-e466621a517e.out.log	/data/data/cratonvm/apps/spring-boot-suite-runner/.suite/results/craton-fullsuite-azure-20260805-s1/all-jit/logs/configuration-metadata_spring-boot-configuration-processor.org.springframework.boot.configurationprocessor-e466621a517e.err.log	
40	configuration-metadata/spring-boot-configuration-processor	org.springframework.boot.configurationprocessor.MethodBasedMetadataGenerationTests	craton	on	0	PASS	20.977	10	0	0	0	0	/data/data/cratonvm/apps/spring-boot-suite-runner/.suite/results/craton-fullsuite-azure-20260805-s1/all-jit/logs/configuration-metadata_spring-boot-configuration-processor.org.springframework.boot.configurationprocessor-23a3fdf0fc9f.out.log	/data/data/cratonvm/apps/spring-boot-suite-runner/.suite/results/craton-fullsuite-azure-20260805-s1/all-jit/logs/configuration-metadata_spring-boot-configuration-processor.org.springframework.boot.configurationprocessor-23a3fdf0fc9f.err.log	
41	configuration-metadata/spring-boot-configuration-processor	org.springframework.boot.configurationprocessor.NameAnnotationPropertiesTests	craton	on	0	PASS	13.707	6	0	0	0	0	/data/data/cratonvm/apps/spring-boot-suite-runner/.suite/results/craton-fullsuite-azure-20260805-s1/all-jit/logs/configuration-metadata_spring-boot-configuration-processor.org.springframework.boot.configurationprocessor-f1986d542e3a.out.log	/data/data/cratonvm/apps/spring-boot-suite-runner/.suite/results/craton-fullsuite-azure-20260805-s1/all-jit/logs/configuration-metadata_spring-boot-configuration-processor.org.springframework.boot.configurationprocessor-f1986d542e3a.err.log	
42	configuration-metadata/spring-boot-configuration-processor	org.springframework.boot.configurationprocessor.PropertyDescriptorTests	craton	on	0	EMPTY	0.404	0	0	0	0	0	/data/data/cratonvm/apps/spring-boot-suite-runner/.suite/results/craton-fullsuite-azure-20260805-s1/all-jit/logs/configuration-metadata_spring-boot-configuration-processor.org.springframework.boot.configurationprocessor-60eece2a9400.out.log	/data/data/cratonvm/apps/spring-boot-suite-runner/.suite/results/craton-fullsuite-azure-20260805-s1/all-jit/logs/configuration-metadata_spring-boot-configuration-processor.org.springframework.boot.configurationprocessor-60eece2a9400.err.log	
43	configuration-metadata/spring-boot-configuration-processor	org.springframework.boot.configurationprocessor.support.ConventionUtilsTests	craton	on	0	PASS	0.805	10	0	0	0	0	/data/data/cratonvm/apps/spring-boot-suite-runner/.suite/results/craton-fullsuite-azure-20260805-s1/all-jit/logs/configuration-metadata_spring-boot-configuration-processor.org.springframework.boot.configurationprocessor-592bdbf5a147.out.log	/data/data/cratonvm/apps/spring-boot-suite-runner/.suite/results/craton-fullsuite-azure-20260805-s1/all-jit/logs/configuration-metadata_spring-boot-configuration-processor.org.springframework.boot.configurationprocessor-592bdbf5a147.err.log	
44	configuration-metadata/spring-boot-configuration-processor	org.springframework.boot.configurationprocessor.TypeUtilsTests	craton	on	0	PASS	10.471	5	0	0	0	0	/data/data/cratonvm/apps/spring-boot-suite-runner/.suite/results/craton-fullsuite-azure-20260805-s1/all-jit/logs/configuration-metadata_spring-boot-configuration-processor.org.springframework.boot.configurationprocessor-3cfac8777ddd.out.log	/data/data/cratonvm/apps/spring-boot-suite-runner/.suite/results/craton-fullsuite-azure-20260805-s1/all-jit/logs/configuration-metadata_spring-boot-configuration-processor.org.springframework.boot.configurationprocessor-3cfac8777ddd.err.log	
45	core/spring-boot	org.springframework.boot.admin.SpringApplicationAdminMXBeanRegistrarTests	craton	on	0	PASS	13.895	5	0	0	0	0	/data/data/cratonvm/apps/spring-boot-suite-runner/.suite/results/craton-fullsuite-azure-20260805-s1/all-jit/logs/core_spring-boot.org.springframework.boot.admin.SpringApplicationAdminMXBeanRegistrarTests.out.log	/data/data/cratonvm/apps/spring-boot-suite-runner/.suite/results/craton-fullsuite-azure-20260805-s1/all-jit/logs/core_spring-boot.org.springframework.boot.admin.SpringApplicationAdminMXBeanRegistrarTests.err.log	
46	core/spring-boot	org.springframework.boot.ansi.Ansi8BitColorTests	craton	on	0	PASS	1.016	5	0	0	0	0	/data/data/cratonvm/apps/spring-boot-suite-runner/.suite/results/craton-fullsuite-azure-20260805-s1/all-jit/logs/core_spring-boot.org.springframework.boot.ansi.Ansi8BitColorTests.out.log	/data/data/cratonvm/apps/spring-boot-suite-runner/.suite/results/craton-fullsuite-azure-20260805-s1/all-jit/logs/core_spring-boot.org.springframework.boot.ansi.Ansi8BitColorTests.err.log	
47	core/spring-boot	org.springframework.boot.ansi.AnsiOutputTests	craton	on	0	PASS	0.606	1	0	0	0	0	/data/data/cratonvm/apps/spring-boot-suite-runner/.suite/results/craton-fullsuite-azure-20260805-s1/all-jit/logs/core_spring-boot.org.springframework.boot.ansi.AnsiOutputTests.out.log	/data/data/cratonvm/apps/spring-boot-suite-runner/.suite/results/craton-fullsuite-azure-20260805-s1/all-jit/logs/core_spring-boot.org.springframework.boot.ansi.AnsiOutputTests.err.log	
48	core/spring-boot	org.springframework.boot.ansi.AnsiPropertySourceTests	craton	on	0	PASS	1.609	7	0	0	0	0	/data/data/cratonvm/apps/spring-boot-suite-runner/.suite/results/craton-fullsuite-azure-20260805-s1/all-jit/logs/core_spring-boot.org.springframework.boot.ansi.AnsiPropertySourceTests.out.log	/data/data/cratonvm/apps/spring-boot-suite-runner/.suite/results/craton-fullsuite-azure-20260805-s1/all-jit/logs/core_spring-boot.org.springframework.boot.ansi.AnsiPropertySourceTests.err.log	
49	core/spring-boot	org.springframework.boot.ApplicationEnvironmentTests	craton	on	0	PASS	1.407	3	0	0	0	0	/data/data/cratonvm/apps/spring-boot-suite-runner/.suite/results/craton-fullsuite-azure-20260805-s1/all-jit/logs/core_spring-boot.org.springframework.boot.ApplicationEnvironmentTests.out.log	/data/data/cratonvm/apps/spring-boot-suite-runner/.suite/results/craton-fullsuite-azure-20260805-s1/all-jit/logs/core_spring-boot.org.springframework.boot.ApplicationEnvironmentTests.err.log	
50	core/spring-boot	org.springframework.boot.ApplicationInfoPropertySourceTests	craton	on	0	PASS	1.415	4	0	0	0	0	/data/data/cratonvm/apps/spring-boot-suite-runner/.suite/results/craton-fullsuite-azure-20260805-s1/all-jit/logs/core_spring-boot.org.springframework.boot.ApplicationInfoPropertySourceTests.out.log	/data/data/cratonvm/apps/spring-boot-suite-runner/.suite/results/craton-fullsuite-azure-20260805-s1/all-jit/logs/core_spring-boot.org.springframework.boot.ApplicationInfoPropertySourceTests.err.log	
51	core/spring-boot	org.springframework.boot.ApplicationPropertiesTests	craton	on	0	PASS	1.611	3	0	0	0	0	/data/data/cratonvm/apps/spring-boot-suite-runner/.suite/results/craton-fullsuite-azure-20260805-s1/all-jit/logs/core_spring-boot.org.springframework.boot.ApplicationPropertiesTests.out.log	/data/data/cratonvm/apps/spring-boot-suite-runner/.suite/results/craton-fullsuite-azure-20260805-s1/all-jit/logs/core_spring-boot.org.springframework.boot.ApplicationPropertiesTests.err.log	
52	core/spring-boot	org.springframework.boot.availability.ApplicationAvailabilityBeanTests	craton	on	0	PASS	5.438	11	0	0	0	0	/data/data/cratonvm/apps/spring-boot-suite-runner/.suite/results/craton-fullsuite-azure-20260805-s1/all-jit/logs/core_spring-boot.org.springframework.boot.availability.ApplicationAvailabilityBeanTests.out.log	/data/data/cratonvm/apps/spring-boot-suite-runner/.suite/results/craton-fullsuite-azure-20260805-s1/all-jit/logs/core_spring-boot.org.springframework.boot.availability.ApplicationAvailabilityBeanTests.err.log	
53	core/spring-boot	org.springframework.boot.availability.AvailabilityChangeEventTests	craton	on	0	PASS	5.234	6	0	0	0	0	/data/data/cratonvm/apps/spring-boot-suite-runner/.suite/results/craton-fullsuite-azure-20260805-s1/all-jit/logs/core_spring-boot.org.springframework.boot.availability.AvailabilityChangeEventTests.out.log	/data/data/cratonvm/apps/spring-boot-suite-runner/.suite/results/craton-fullsuite-azure-20260805-s1/all-jit/logs/core_spring-boot.org.springframework.boot.availability.AvailabilityChangeEventTests.err.log	
54	configuration-metadata/spring-boot-configuration-processor	org.springframework.boot.configurationprocessor.PropertyDescriptorResolverTests	craton	on	0	PASS	45.836	16	0	0	0	0	/data/data/cratonvm/apps/spring-boot-suite-runner/.suite/results/craton-fullsuite-azure-20260805-s1/all-jit/logs/configuration-metadata_spring-boot-configuration-processor.org.springframework.boot.configurationprocessor-e2e50123bb6c.out.log	/data/data/cratonvm/apps/spring-boot-suite-runner/.suite/results/craton-fullsuite-azure-20260805-s1/all-jit/logs/configuration-metadata_spring-boot-configuration-processor.org.springframework.boot.configurationprocessor-e2e50123bb6c.err.log	
55	core/spring-boot	org.springframework.boot.BannerTests	craton	on	0	PASS	13.717	6	0	0	0	0	/data/data/cratonvm/apps/spring-boot-suite-runner/.suite/results/craton-fullsuite-azure-20260805-s1/all-jit/logs/core_spring-boot.org.springframework.boot.BannerTests.out.log	/data/data/cratonvm/apps/spring-boot-suite-runner/.suite/results/craton-fullsuite-azure-20260805-s1/all-jit/logs/core_spring-boot.org.springframework.boot.BannerTests.err.log	
56	core/spring-boot	org.springframework.boot.bootstrap.DefaultBootstrapContextTests	craton	on	0	PASS	3.624	32	0	0	0	0	/data/data/cratonvm/apps/spring-boot-suite-runner/.suite/results/craton-fullsuite-azure-20260805-s1/all-jit/logs/core_spring-boot.org.springframework.boot.bootstrap.DefaultBootstrapContextTests.out.log	/data/data/cratonvm/apps/spring-boot-suite-runner/.suite/results/craton-fullsuite-azure-20260805-s1/all-jit/logs/core_spring-boot.org.springframework.boot.bootstrap.DefaultBootstrapContextTests.err.log	
57	core/spring-boot	org.springframework.boot.BeanDefinitionLoaderTests	craton	on	0	PASS	16.335	13	0	0	0	0	/data/data/cratonvm/apps/spring-boot-suite-runner/.suite/results/craton-fullsuite-azure-20260805-s1/all-jit/logs/core_spring-boot.org.springframework.boot.BeanDefinitionLoaderTests.out.log	/data/data/cratonvm/apps/spring-boot-suite-runner/.suite/results/craton-fullsuite-azure-20260805-s1/all-jit/logs/core_spring-boot.org.springframework.boot.BeanDefinitionLoaderTests.err.log	
58	core/spring-boot	org.springframework.boot.cloud.CloudFoundryVcapEnvironmentPostProcessorTests	craton	on	0	PASS	2.215	7	0	0	0	0	/data/data/cratonvm/apps/spring-boot-suite-runner/.suite/results/craton-fullsuite-azure-20260805-s1/all-jit/logs/core_spring-boot.org.springframework.boot.cloud.CloudFoundryVcapEnvironmentPostProcessorTests.out.log	/data/data/cratonvm/apps/spring-boot-suite-runner/.suite/results/craton-fullsuite-azure-20260805-s1/all-jit/logs/core_spring-boot.org.springframework.boot.cloud.CloudFoundryVcapEnvironmentPostProcessorTests.err.log	
59	core/spring-boot	org.springframework.boot.cloud.CloudPlatformTests	craton	on	0	PASS	2.211	29	0	0	0	0	/data/data/cratonvm/apps/spring-boot-suite-runner/.suite/results/craton-fullsuite-azure-20260805-s1/all-jit/logs/core_spring-boot.org.springframework.boot.cloud.CloudPlatformTests.out.log	/data/data/cratonvm/apps/spring-boot-suite-runner/.suite/results/craton-fullsuite-azure-20260805-s1/all-jit/logs/core_spring-boot.org.springframework.boot.cloud.CloudPlatformTests.err.log	
60	core/spring-boot	org.springframework.boot.context.annotation.ConfigurationsTests	craton	on	0	PASS	0.808	5	0	0	0	0	/data/data/cratonvm/apps/spring-boot-suite-runner/.suite/results/craton-fullsuite-azure-20260805-s1/all-jit/logs/core_spring-boot.org.springframework.boot.context.annotation.ConfigurationsTests.out.log	/data/data/cratonvm/apps/spring-boot-suite-runner/.suite/results/craton-fullsuite-azure-20260805-s1/all-jit/logs/core_spring-boot.org.springframework.boot.context.annotation.ConfigurationsTests.err.log	
61	core/spring-boot	org.springframework.boot.context.annotation.ImportCandidatesTests	craton	on	0	PASS	0.808	1	0	0	0	0	/data/data/cratonvm/apps/spring-boot-suite-runner/.suite/results/craton-fullsuite-azure-20260805-s1/all-jit/logs/core_spring-boot.org.springframework.boot.context.annotation.ImportCandidatesTests.out.log	/data/data/cratonvm/apps/spring-boot-suite-runner/.suite/results/craton-fullsuite-azure-20260805-s1/all-jit/logs/core_spring-boot.org.springframework.boot.context.annotation.ImportCandidatesTests.err.log	
62	core/spring-boot	org.springframework.boot.context.annotation.UserConfigurationsTests	craton	on	0	PASS	0.603	1	0	0	0	0	/data/data/cratonvm/apps/spring-boot-suite-runner/.suite/results/craton-fullsuite-azure-20260805-s1/all-jit/logs/core_spring-boot.org.springframework.boot.context.annotation.UserConfigurationsTests.out.log	/data/data/cratonvm/apps/spring-boot-suite-runner/.suite/results/craton-fullsuite-azure-20260805-s1/all-jit/logs/core_spring-boot.org.springframework.boot.context.annotation.UserConfigurationsTests.err.log	
63	core/spring-boot	org.springframework.boot.context.ApplicationPidFileWriterTests	craton	on	0	PASS	5.636	9	0	0	0	0	/data/data/cratonvm/apps/spring-boot-suite-runner/.suite/results/craton-fullsuite-azure-20260805-s1/all-jit/logs/core_spring-boot.org.springframework.boot.context.ApplicationPidFileWriterTests.out.log	/data/data/cratonvm/apps/spring-boot-suite-runner/.suite/results/craton-fullsuite-azure-20260805-s1/all-jit/logs/core_spring-boot.org.springframework.boot.context.ApplicationPidFileWriterTests.err.log	
64	core/spring-boot	org.springframework.boot.context.config.ConfigDataActivationContextTests	craton	on	0	PASS	1.611	5	0	0	0	0	/data/data/cratonvm/apps/spring-boot-suite-runner/.suite/results/craton-fullsuite-azure-20260805-s1/all-jit/logs/core_spring-boot.org.springframework.boot.context.config.ConfigDataActivationContextTests.out.log	/data/data/cratonvm/apps/spring-boot-suite-runner/.suite/results/craton-fullsuite-azure-20260805-s1/all-jit/logs/core_spring-boot.org.springframework.boot.context.config.ConfigDataActivationContextTests.err.log	
65	core/spring-boot	org.springframework.boot.context.config.ConfigDataEnvironmentContributorPlaceholdersResolverTests	craton	on	0	PASS	1.611	6	0	0	0	0	/data/data/cratonvm/apps/spring-boot-suite-runner/.suite/results/craton-fullsuite-azure-20260805-s1/all-jit/logs/core_spring-boot.org.springframework.boot.context.config.ConfigDataEnvironmentContributorPlaceholdersResolverTests.out.log	/data/data/cratonvm/apps/spring-boot-suite-runner/.suite/results/craton-fullsuite-azure-20260805-s1/all-jit/logs/core_spring-boot.org.springframework.boot.context.config.ConfigDataEnvironmentContributorPlaceholdersResolverTests.err.log	
66	core/spring-boot	org.springframework.boot.context.config.ConfigDataEnvironmentContributorsTests	craton	on	0	PASS	5.849	16	0	0	0	0	/data/data/cratonvm/apps/spring-boot-suite-runner/.suite/results/craton-fullsuite-azure-20260805-s1/all-jit/logs/core_spring-boot.org.springframework.boot.context.config.ConfigDataEnvironmentContributorsTests.out.log	/data/data/cratonvm/apps/spring-boot-suite-runner/.suite/results/craton-fullsuite-azure-20260805-s1/all-jit/logs/core_spring-boot.org.springframework.boot.context.config.ConfigDataEnvironmentContributorsTests.err.log	
67	core/spring-boot	org.springframework.boot.context.config.ConfigDataEnvironmentContributorTests	craton	on	0	PASS	5.049	28	0	0	0	0	/data/data/cratonvm/apps/spring-boot-suite-runner/.suite/results/craton-fullsuite-azure-20260805-s1/all-jit/logs/core_spring-boot.org.springframework.boot.context.config.ConfigDataEnvironmentContributorTests.out.log	/data/data/cratonvm/apps/spring-boot-suite-runner/.suite/results/craton-fullsuite-azure-20260805-s1/all-jit/logs/core_spring-boot.org.springframework.boot.context.config.ConfigDataEnvironmentContributorTests.err.log	
68	core/spring-boot	org.springframework.boot.context.config.ConfigDataEnvironmentPostProcessorBootstrapContextIntegrationTests	craton	on	0	PASS	5.640	1	0	0	0	0	/data/data/cratonvm/apps/spring-boot-suite-runner/.suite/results/craton-fullsuite-azure-20260805-s1/all-jit/logs/core_spring-boot.org.springframework.boot.context.config.ConfigDataEnvironmentPostProcessorBootstrapContex-a8a962f622cd.out.log	/data/data/cratonvm/apps/spring-boot-suite-runner/.suite/results/craton-fullsuite-azure-20260805-s1/all-jit/logs/core_spring-boot.org.springframework.boot.context.config.ConfigDataEnvironmentPostProcessorBootstrapContex-a8a962f622cd.err.log	
69	core/spring-boot	org.springframework.boot.context.config.ConfigDataEnvironmentPostProcessorImportCombinedWithProfileSpecificIntegrationTests	craton	on	0	PASS	7.262	2	0	0	0	0	/data/data/cratonvm/apps/spring-boot-suite-runner/.suite/results/craton-fullsuite-azure-20260805-s1/all-jit/logs/core_spring-boot.org.springframework.boot.context.config.ConfigDataEnvironmentPostProcessorImportCombinedW-f8a0e9b8cc6e.out.log	/data/data/cratonvm/apps/spring-boot-suite-runner/.suite/results/craton-fullsuite-azure-20260805-s1/all-jit/logs/core_spring-boot.org.springframework.boot.context.config.ConfigDataEnvironmentPostProcessorImportCombinedW-f8a0e9b8cc6e.err.log	
70	core/spring-boot	org.springframework.boot.builder.SpringApplicationBuilderTests	craton	on	0	PASS	80.844	23	0	0	0	0	/data/data/cratonvm/apps/spring-boot-suite-runner/.suite/results/craton-fullsuite-azure-20260805-s1/all-jit/logs/core_spring-boot.org.springframework.boot.builder.SpringApplicationBuilderTests.out.log	/data/data/cratonvm/apps/spring-boot-suite-runner/.suite/results/craton-fullsuite-azure-20260805-s1/all-jit/logs/core_spring-boot.org.springframework.boot.builder.SpringApplicationBuilderTests.err.log	
71	core/spring-boot	org.springframework.boot.context.config.ConfigDataEnvironmentPostProcessorTests	craton	on	0	PASS	25.496	6	0	0	0	0	/data/data/cratonvm/apps/spring-boot-suite-runner/.suite/results/craton-fullsuite-azure-20260805-s1/all-jit/logs/core_spring-boot.org.springframework.boot.context.config.ConfigDataEnvironmentPostProcessorTests.out.log	/data/data/cratonvm/apps/spring-boot-suite-runner/.suite/results/craton-fullsuite-azure-20260805-s1/all-jit/logs/core_spring-boot.org.springframework.boot.context.config.ConfigDataEnvironmentPostProcessorTests.err.log	
72	core/spring-boot	org.springframework.boot.context.config.ConfigDataEnvironmentTests	craton	on	0	PASS	7.845	21	0	0	0	0	/data/data/cratonvm/apps/spring-boot-suite-runner/.suite/results/craton-fullsuite-azure-20260805-s1/all-jit/logs/core_spring-boot.org.springframework.boot.context.config.ConfigDataEnvironmentTests.out.log	/data/data/cratonvm/apps/spring-boot-suite-runner/.suite/results/craton-fullsuite-azure-20260805-s1/all-jit/logs/core_spring-boot.org.springframework.boot.context.config.ConfigDataEnvironmentTests.err.log	
73	core/spring-boot	org.springframework.boot.context.config.ConfigDataImporterTests	craton	on	0	PASS	6.437	2	0	0	0	0	/data/data/cratonvm/apps/spring-boot-suite-runner/.suite/results/craton-fullsuite-azure-20260805-s1/all-jit/logs/core_spring-boot.org.springframework.boot.context.config.ConfigDataImporterTests.out.log	/data/data/cratonvm/apps/spring-boot-suite-runner/.suite/results/craton-fullsuite-azure-20260805-s1/all-jit/logs/core_spring-boot.org.springframework.boot.context.config.ConfigDataImporterTests.err.log	
74	core/spring-boot	org.springframework.boot.context.config.ConfigDataLoadersTests	craton	on	0	PASS	3.621	7	0	0	0	0	/data/data/cratonvm/apps/spring-boot-suite-runner/.suite/results/craton-fullsuite-azure-20260805-s1/all-jit/logs/core_spring-boot.org.springframework.boot.context.config.ConfigDataLoadersTests.out.log	/data/data/cratonvm/apps/spring-boot-suite-runner/.suite/results/craton-fullsuite-azure-20260805-s1/all-jit/logs/core_spring-boot.org.springframework.boot.context.config.ConfigDataLoadersTests.err.log	
75	core/spring-boot	org.springframework.boot.context.config.ConfigDataLoaderTests	craton	on	0	PASS	3.425	1	0	0	0	0	/data/data/cratonvm/apps/spring-boot-suite-runner/.suite/results/craton-fullsuite-azure-20260805-s1/all-jit/logs/core_spring-boot.org.springframework.boot.context.config.ConfigDataLoaderTests.out.log	/data/data/cratonvm/apps/spring-boot-suite-runner/.suite/results/craton-fullsuite-azure-20260805-s1/all-jit/logs/core_spring-boot.org.springframework.boot.context.config.ConfigDataLoaderTests.err.log	
76	core/spring-boot	org.springframework.boot.context.config.ConfigDataLocationBindHandlerTests	craton	on	0	PASS	1.612	6	0	0	0	0	/data/data/cratonvm/apps/spring-boot-suite-runner/.suite/results/craton-fullsuite-azure-20260805-s1/all-jit/logs/core_spring-boot.org.springframework.boot.context.config.ConfigDataLocationBindHandlerTests.out.log	/data/data/cratonvm/apps/spring-boot-suite-runner/.suite/results/craton-fullsuite-azure-20260805-s1/all-jit/logs/core_spring-boot.org.springframework.boot.context.config.ConfigDataLocationBindHandlerTests.err.log	
77	core/spring-boot	org.springframework.boot.context.config.ConfigDataLocationNotFoundExceptionTests	craton	on	0	PASS	2.619	5	0	0	0	0	/data/data/cratonvm/apps/spring-boot-suite-runner/.suite/results/craton-fullsuite-azure-20260805-s1/all-jit/logs/core_spring-boot.org.springframework.boot.context.config.ConfigDataLocationNotFoundExceptionTests.out.log	/data/data/cratonvm/apps/spring-boot-suite-runner/.suite/results/craton-fullsuite-azure-20260805-s1/all-jit/logs/core_spring-boot.org.springframework.boot.context.config.ConfigDataLocationNotFoundExceptionTests.err.log	
78	core/spring-boot	org.springframework.boot.context.config.ConfigDataLocationResolversTests	craton	on	0	PASS	5.630	9	0	0	0	0	/data/data/cratonvm/apps/spring-boot-suite-runner/.suite/results/craton-fullsuite-azure-20260805-s1/all-jit/logs/core_spring-boot.org.springframework.boot.context.config.ConfigDataLocationResolversTests.out.log	/data/data/cratonvm/apps/spring-boot-suite-runner/.suite/results/craton-fullsuite-azure-20260805-s1/all-jit/logs/core_spring-boot.org.springframework.boot.context.config.ConfigDataLocationResolversTests.err.log	
79	core/spring-boot	org.springframework.boot.context.config.ConfigDataLocationResolverTests	craton	on	0	PASS	2.817	1	0	0	0	0	/data/data/cratonvm/apps/spring-boot-suite-runner/.suite/results/craton-fullsuite-azure-20260805-s1/all-jit/logs/core_spring-boot.org.springframework.boot.context.config.ConfigDataLocationResolverTests.out.log	/data/data/cratonvm/apps/spring-boot-suite-runner/.suite/results/craton-fullsuite-azure-20260805-s1/all-jit/logs/core_spring-boot.org.springframework.boot.context.config.ConfigDataLocationResolverTests.err.log	
80	core/spring-boot	org.springframework.boot.context.config.ConfigDataLocationRuntimeHintsTests	craton	on	0	PASS	1.610	5	0	0	0	0	/data/data/cratonvm/apps/spring-boot-suite-runner/.suite/results/craton-fullsuite-azure-20260805-s1/all-jit/logs/core_spring-boot.org.springframework.boot.context.config.ConfigDataLocationRuntimeHintsTests.out.log	/data/data/cratonvm/apps/spring-boot-suite-runner/.suite/results/craton-fullsuite-azure-20260805-s1/all-jit/logs/core_spring-boot.org.springframework.boot.context.config.ConfigDataLocationRuntimeHintsTests.err.log	
81	core/spring-boot	org.springframework.boot.context.config.ConfigDataLocationTests	craton	on	0	PASS	2.620	21	0	0	0	0	/data/data/cratonvm/apps/spring-boot-suite-runner/.suite/results/craton-fullsuite-azure-20260805-s1/all-jit/logs/core_spring-boot.org.springframework.boot.context.config.ConfigDataLocationTests.out.log	/data/data/cratonvm/apps/spring-boot-suite-runner/.suite/results/craton-fullsuite-azure-20260805-s1/all-jit/logs/core_spring-boot.org.springframework.boot.context.config.ConfigDataLocationTests.err.log	
82	core/spring-boot	org.springframework.boot.context.config.ConfigDataNotFoundFailureAnalyzerTests	craton	on	0	PASS	0.806	5	0	0	0	0	/data/data/cratonvm/apps/spring-boot-suite-runner/.suite/results/craton-fullsuite-azure-20260805-s1/all-jit/logs/core_spring-boot.org.springframework.boot.context.config.ConfigDataNotFoundFailureAnalyzerTests.out.log	/data/data/cratonvm/apps/spring-boot-suite-runner/.suite/results/craton-fullsuite-azure-20260805-s1/all-jit/logs/core_spring-boot.org.springframework.boot.context.config.ConfigDataNotFoundFailureAnalyzerTests.err.log	
83	core/spring-boot	org.springframework.boot.context.config.ConfigDataPropertiesRuntimeHintsTests	craton	on	0	PASS	1.409	1	0	0	0	0	/data/data/cratonvm/apps/spring-boot-suite-runner/.suite/results/craton-fullsuite-azure-20260805-s1/all-jit/logs/core_spring-boot.org.springframework.boot.context.config.ConfigDataPropertiesRuntimeHintsTests.out.log	/data/data/cratonvm/apps/spring-boot-suite-runner/.suite/results/craton-fullsuite-azure-20260805-s1/all-jit/logs/core_spring-boot.org.springframework.boot.context.config.ConfigDataPropertiesRuntimeHintsTests.err.log	
84	core/spring-boot	org.springframework.boot.context.config.ConfigDataPropertiesTests	craton	on	0	PASS	2.216	21	0	0	0	0	/data/data/cratonvm/apps/spring-boot-suite-runner/.suite/results/craton-fullsuite-azure-20260805-s1/all-jit/logs/core_spring-boot.org.springframework.boot.context.config.ConfigDataPropertiesTests.out.log	/data/data/cratonvm/apps/spring-boot-suite-runner/.suite/results/craton-fullsuite-azure-20260805-s1/all-jit/logs/core_spring-boot.org.springframework.boot.context.config.ConfigDataPropertiesTests.err.log	
85	core/spring-boot	org.springframework.boot.context.config.ConfigDataResourceNotFoundExceptionTests	craton	on	0	PASS	1.005	15	0	0	0	0	/data/data/cratonvm/apps/spring-boot-suite-runner/.suite/results/craton-fullsuite-azure-20260805-s1/all-jit/logs/core_spring-boot.org.springframework.boot.context.config.ConfigDataResourceNotFoundExceptionTests.out.log	/data/data/cratonvm/apps/spring-boot-suite-runner/.suite/results/craton-fullsuite-azure-20260805-s1/all-jit/logs/core_spring-boot.org.springframework.boot.context.config.ConfigDataResourceNotFoundExceptionTests.err.log	
86	core/spring-boot	org.springframework.boot.context.config.ConfigDataTests	craton	on	0	PASS	4.225	12	0	0	0	0	/data/data/cratonvm/apps/spring-boot-suite-runner/.suite/results/craton-fullsuite-azure-20260805-s1/all-jit/logs/core_spring-boot.org.springframework.boot.context.config.ConfigDataTests.out.log	/data/data/cratonvm/apps/spring-boot-suite-runner/.suite/results/craton-fullsuite-azure-20260805-s1/all-jit/logs/core_spring-boot.org.springframework.boot.context.config.ConfigDataTests.err.log	
87	core/spring-boot	org.springframework.boot.context.config.ConfigTreeConfigDataLoaderTests	craton	on	0	PASS	2.212	2	0	0	0	0	/data/data/cratonvm/apps/spring-boot-suite-runner/.suite/results/craton-fullsuite-azure-20260805-s1/all-jit/logs/core_spring-boot.org.springframework.boot.context.config.ConfigTreeConfigDataLoaderTests.out.log	/data/data/cratonvm/apps/spring-boot-suite-runner/.suite/results/craton-fullsuite-azure-20260805-s1/all-jit/logs/core_spring-boot.org.springframework.boot.context.config.ConfigTreeConfigDataLoaderTests.err.log	
88	core/spring-boot	org.springframework.boot.context.config.ConfigTreeConfigDataLocationResolverTests	craton	on	0	PASS	2.013	4	0	0	0	0	/data/data/cratonvm/apps/spring-boot-suite-runner/.suite/results/craton-fullsuite-azure-20260805-s1/all-jit/logs/core_spring-boot.org.springframework.boot.context.config.ConfigTreeConfigDataLocationResolverTests.out.log	/data/data/cratonvm/apps/spring-boot-suite-runner/.suite/results/craton-fullsuite-azure-20260805-s1/all-jit/logs/core_spring-boot.org.springframework.boot.context.config.ConfigTreeConfigDataLocationResolverTests.err.log	
89	core/spring-boot	org.springframework.boot.context.config.ConfigTreeConfigDataResourceTests	craton	on	0	PASS	0.604	5	0	0	0	0	/data/data/cratonvm/apps/spring-boot-suite-runner/.suite/results/craton-fullsuite-azure-20260805-s1/all-jit/logs/core_spring-boot.org.springframework.boot.context.config.ConfigTreeConfigDataResourceTests.out.log	/data/data/cratonvm/apps/spring-boot-suite-runner/.suite/results/craton-fullsuite-azure-20260805-s1/all-jit/logs/core_spring-boot.org.springframework.boot.context.config.ConfigTreeConfigDataResourceTests.err.log	
90	core/spring-boot	org.springframework.boot.context.config.FileHintTests	craton	on	0	PASS	0.805	9	0	0	0	0	/data/data/cratonvm/apps/spring-boot-suite-runner/.suite/results/craton-fullsuite-azure-20260805-s1/all-jit/logs/core_spring-boot.org.springframework.boot.context.config.FileHintTests.out.log	/data/data/cratonvm/apps/spring-boot-suite-runner/.suite/results/craton-fullsuite-azure-20260805-s1/all-jit/logs/core_spring-boot.org.springframework.boot.context.config.FileHintTests.err.log	
91	core/spring-boot	org.springframework.boot.context.config.InactiveConfigDataAccessExceptionTests	craton	on	0	PASS	5.224	10	0	0	0	0	/data/data/cratonvm/apps/spring-boot-suite-runner/.suite/results/craton-fullsuite-azure-20260805-s1/all-jit/logs/core_spring-boot.org.springframework.boot.context.config.InactiveConfigDataAccessExceptionTests.out.log	/data/data/cratonvm/apps/spring-boot-suite-runner/.suite/results/craton-fullsuite-azure-20260805-s1/all-jit/logs/core_spring-boot.org.springframework.boot.context.config.InactiveConfigDataAccessExceptionTests.err.log	
92	core/spring-boot	org.springframework.boot.context.config.InvalidConfigDataPropertyExceptionTests	craton	on	0	PASS	1.610	12	0	0	0	0	/data/data/cratonvm/apps/spring-boot-suite-runner/.suite/results/craton-fullsuite-azure-20260805-s1/all-jit/logs/core_spring-boot.org.springframework.boot.context.config.InvalidConfigDataPropertyExceptionTests.out.log	/data/data/cratonvm/apps/spring-boot-suite-runner/.suite/results/craton-fullsuite-azure-20260805-s1/all-jit/logs/core_spring-boot.org.springframework.boot.context.config.InvalidConfigDataPropertyExceptionTests.err.log	
93	core/spring-boot	org.springframework.boot.context.config.LocationResourceLoaderTests	craton	on	0	PASS	0.808	13	0	0	0	0	/data/data/cratonvm/apps/spring-boot-suite-runner/.suite/results/craton-fullsuite-azure-20260805-s1/all-jit/logs/core_spring-boot.org.springframework.boot.context.config.LocationResourceLoaderTests.out.log	/data/data/cratonvm/apps/spring-boot-suite-runner/.suite/results/craton-fullsuite-azure-20260805-s1/all-jit/logs/core_spring-boot.org.springframework.boot.context.config.LocationResourceLoaderTests.err.log	
94	core/spring-boot	org.springframework.boot.context.config.ProfilesTests	craton	on	0	PASS	3.418	42	0	0	0	0	/data/data/cratonvm/apps/spring-boot-suite-runner/.suite/results/craton-fullsuite-azure-20260805-s1/all-jit/logs/core_spring-boot.org.springframework.boot.context.config.ProfilesTests.out.log	/data/data/cratonvm/apps/spring-boot-suite-runner/.suite/results/craton-fullsuite-azure-20260805-s1/all-jit/logs/core_spring-boot.org.springframework.boot.context.config.ProfilesTests.err.log	
95	core/spring-boot	org.springframework.boot.context.config.ProfilesValidatorTests	craton	on	0	PASS	1.813	10	0	0	0	0	/data/data/cratonvm/apps/spring-boot-suite-runner/.suite/results/craton-fullsuite-azure-20260805-s1/all-jit/logs/core_spring-boot.org.springframework.boot.context.config.ProfilesValidatorTests.out.log	/data/data/cratonvm/apps/spring-boot-suite-runner/.suite/results/craton-fullsuite-azure-20260805-s1/all-jit/logs/core_spring-boot.org.springframework.boot.context.config.ProfilesValidatorTests.err.log	
96	core/spring-boot	org.springframework.boot.context.config.StandardConfigDataLoaderTests	craton	on	0	PASS	2.420	2	0	0	0	0	/data/data/cratonvm/apps/spring-boot-suite-runner/.suite/results/craton-fullsuite-azure-20260805-s1/all-jit/logs/core_spring-boot.org.springframework.boot.context.config.StandardConfigDataLoaderTests.out.log	/data/data/cratonvm/apps/spring-boot-suite-runner/.suite/results/craton-fullsuite-azure-20260805-s1/all-jit/logs/core_spring-boot.org.springframework.boot.context.config.StandardConfigDataLoaderTests.err.log	
97	core/spring-boot	org.springframework.boot.context.config.StandardConfigDataLocationResolverTests	craton	on	0	PASS	5.642	23	0	0	0	0	/data/data/cratonvm/apps/spring-boot-suite-runner/.suite/results/craton-fullsuite-azure-20260805-s1/all-jit/logs/core_spring-boot.org.springframework.boot.context.config.StandardConfigDataLocationResolverTests.out.log	/data/data/cratonvm/apps/spring-boot-suite-runner/.suite/results/craton-fullsuite-azure-20260805-s1/all-jit/logs/core_spring-boot.org.springframework.boot.context.config.StandardConfigDataLocationResolverTests.err.log	
98	core/spring-boot	org.springframework.boot.context.config.StandardConfigDataResourceTests	craton	on	0	PASS	3.231	5	0	0	0	0	/data/data/cratonvm/apps/spring-boot-suite-runner/.suite/results/craton-fullsuite-azure-20260805-s1/all-jit/logs/core_spring-boot.org.springframework.boot.context.config.StandardConfigDataResourceTests.out.log	/data/data/cratonvm/apps/spring-boot-suite-runner/.suite/results/craton-fullsuite-azure-20260805-s1/all-jit/logs/core_spring-boot.org.springframework.boot.context.config.StandardConfigDataResourceTests.err.log	
99	core/spring-boot	org.springframework.boot.context.config.SystemEnvironmentConfigDataLoaderTests	craton	on	0	PASS	2.617	2	0	0	0	0	/data/data/cratonvm/apps/spring-boot-suite-runner/.suite/results/craton-fullsuite-azure-20260805-s1/all-jit/logs/core_spring-boot.org.springframework.boot.context.config.SystemEnvironmentConfigDataLoaderTests.out.log	/data/data/cratonvm/apps/spring-boot-suite-runner/.suite/results/craton-fullsuite-azure-20260805-s1/all-jit/logs/core_spring-boot.org.springframework.boot.context.config.SystemEnvironmentConfigDataLoaderTests.err.log	
100	core/spring-boot	org.springframework.boot.context.config.SystemEnvironmentConfigDataLocationResolverTests	craton	on	0	PASS	1.815	8	0	0	0	0	/data/data/cratonvm/apps/spring-boot-suite-runner/.suite/results/craton-fullsuite-azure-20260805-s1/all-jit/logs/core_spring-boot.org.springframework.boot.context.config.SystemEnvironmentConfigDataLocationResolverTests.out.log	/data/data/cratonvm/apps/spring-boot-suite-runner/.suite/results/craton-fullsuite-azure-20260805-s1/all-jit/logs/core_spring-boot.org.springframework.boot.context.config.SystemEnvironmentConfigDataLocationResolverTests.err.log	
101	core/spring-boot	org.springframework.boot.context.config.SystemEnvironmentConfigDataResourceTests	craton	on	0	PASS	1.608	4	0	0	0	0	/data/data/cratonvm/apps/spring-boot-suite-runner/.suite/results/craton-fullsuite-azure-20260805-s1/all-jit/logs/core_spring-boot.org.springframework.boot.context.config.SystemEnvironmentConfigDataResourceTests.out.log	/data/data/cratonvm/apps/spring-boot-suite-runner/.suite/results/craton-fullsuite-azure-20260805-s1/all-jit/logs/core_spring-boot.org.springframework.boot.context.config.SystemEnvironmentConfigDataResourceTests.err.log	
102	core/spring-boot	org.springframework.boot.context.config.UnsupportedConfigDataLocationExceptionTests	craton	on	0	PASS	0.804	2	0	0	0	0	/data/data/cratonvm/apps/spring-boot-suite-runner/.suite/results/craton-fullsuite-azure-20260805-s1/all-jit/logs/core_spring-boot.org.springframework.boot.context.config.UnsupportedConfigDataLocationExceptionTests.out.log	/data/data/cratonvm/apps/spring-boot-suite-runner/.suite/results/craton-fullsuite-azure-20260805-s1/all-jit/logs/core_spring-boot.org.springframework.boot.context.config.UnsupportedConfigDataLocationExceptionTests.err.log	
103	core/spring-boot	org.springframework.boot.context.ConfigurationWarningsApplicationContextInitializerTests	craton	on	0	PASS	4.637	9	0	0	0	0	/data/data/cratonvm/apps/spring-boot-suite-runner/.suite/results/craton-fullsuite-azure-20260805-s1/all-jit/logs/core_spring-boot.org.springframework.boot.context.ConfigurationWarningsApplicationContextInitializerTests.out.log	/data/data/cratonvm/apps/spring-boot-suite-runner/.suite/results/craton-fullsuite-azure-20260805-s1/all-jit/logs/core_spring-boot.org.springframework.boot.context.ConfigurationWarningsApplicationContextInitializerTests.err.log	
104	core/spring-boot	org.springframework.boot.context.ContextIdApplicationContextInitializerTests	craton	on	0	PASS	2.414	5	0	0	0	0	/data/data/cratonvm/apps/spring-boot-suite-runner/.suite/results/craton-fullsuite-azure-20260805-s1/all-jit/logs/core_spring-boot.org.springframework.boot.context.ContextIdApplicationContextInitializerTests.out.log	/data/data/cratonvm/apps/spring-boot-suite-runner/.suite/results/craton-fullsuite-azure-20260805-s1/all-jit/logs/core_spring-boot.org.springframework.boot.context.ContextIdApplicationContextInitializerTests.err.log	
105	core/spring-boot	org.springframework.boot.context.config.ConfigDataEnvironmentPostProcessorIntegrationTests	craton	on	0	PASS	159.287	87	0	0	0	0	/data/data/cratonvm/apps/spring-boot-suite-runner/.suite/results/craton-fullsuite-azure-20260805-s1/all-jit/logs/core_spring-boot.org.springframework.boot.context.config.ConfigDataEnvironmentPostProcessorIntegrationTests.out.log	/data/data/cratonvm/apps/spring-boot-suite-runner/.suite/results/craton-fullsuite-azure-20260805-s1/all-jit/logs/core_spring-boot.org.springframework.boot.context.config.ConfigDataEnvironmentPostProcessorIntegrationTests.err.log	
106	core/spring-boot	org.springframework.boot.context.FileEncodingApplicationListenerTests	craton	on	0	PASS	1.609	3	0	0	0	0	/data/data/cratonvm/apps/spring-boot-suite-runner/.suite/results/craton-fullsuite-azure-20260805-s1/all-jit/logs/core_spring-boot.org.springframework.boot.context.FileEncodingApplicationListenerTests.out.log	/data/data/cratonvm/apps/spring-boot-suite-runner/.suite/results/craton-fullsuite-azure-20260805-s1/all-jit/logs/core_spring-boot.org.springframework.boot.context.FileEncodingApplicationListenerTests.err.log	
107	core/spring-boot	org.springframework.boot.context.event.EventPublishingRunListenerTests	craton	on	0	PASS	7.089	2	0	0	0	0	/data/data/cratonvm/apps/spring-boot-suite-runner/.suite/results/craton-fullsuite-azure-20260805-s1/all-jit/logs/core_spring-boot.org.springframework.boot.context.event.EventPublishingRunListenerTests.out.log	/data/data/cratonvm/apps/spring-boot-suite-runner/.suite/results/craton-fullsuite-azure-20260805-s1/all-jit/logs/core_spring-boot.org.springframework.boot.context.event.EventPublishingRunListenerTests.err.log	
108	core/spring-boot	org.springframework.boot.context.logging.LoggingApplicationListenerIntegrationTests	craton	on	0	PASS	8.084	3	0	0	0	0	/data/data/cratonvm/apps/spring-boot-suite-runner/.suite/results/craton-fullsuite-azure-20260805-s1/all-jit/logs/core_spring-boot.org.springframework.boot.context.logging.LoggingApplicationListenerIntegrationTests.out.log	/data/data/cratonvm/apps/spring-boot-suite-runner/.suite/results/craton-fullsuite-azure-20260805-s1/all-jit/logs/core_spring-boot.org.springframework.boot.context.logging.LoggingApplicationListenerIntegrationTests.err.log	
109	core/spring-boot	org.springframework.boot.context.metrics.buffering.BufferingApplicationStartupTests	craton	on	0	PASS	1.209	9	0	0	0	0	/data/data/cratonvm/apps/spring-boot-suite-runner/.suite/results/craton-fullsuite-azure-20260805-s1/all-jit/logs/core_spring-boot.org.springframework.boot.context.metrics.buffering.BufferingApplicationStartupTests.out.log	/data/data/cratonvm/apps/spring-boot-suite-runner/.suite/results/craton-fullsuite-azure-20260805-s1/all-jit/logs/core_spring-boot.org.springframework.boot.context.metrics.buffering.BufferingApplicationStartupTests.err.log	
110	core/spring-boot	org.springframework.boot.context.properties.bind.ArrayBinderTests	craton	on	0	PASS	3.827	20	0	0	0	0	/data/data/cratonvm/apps/spring-boot-suite-runner/.suite/results/craton-fullsuite-azure-20260805-s1/all-jit/logs/core_spring-boot.org.springframework.boot.context.properties.bind.ArrayBinderTests.out.log	/data/data/cratonvm/apps/spring-boot-suite-runner/.suite/results/craton-fullsuite-azure-20260805-s1/all-jit/logs/core_spring-boot.org.springframework.boot.context.properties.bind.ArrayBinderTests.err.log	
111	core/spring-boot	org.springframework.boot.context.properties.bind.BackCompatibilityBinderIntegrationTests	craton	on	0	PASS	1.610	2	0	0	0	0	/data/data/cratonvm/apps/spring-boot-suite-runner/.suite/results/craton-fullsuite-azure-20260805-s1/all-jit/logs/core_spring-boot.org.springframework.boot.context.properties.bind.BackCompatibilityBinderIntegrationTests.out.log	/data/data/cratonvm/apps/spring-boot-suite-runner/.suite/results/craton-fullsuite-azure-20260805-s1/all-jit/logs/core_spring-boot.org.springframework.boot.context.properties.bind.BackCompatibilityBinderIntegrationTests.err.log	
112	core/spring-boot	org.springframework.boot.context.properties.bind.BindableRuntimeHintsRegistrarTests	craton	on	0	PASS	2.218	26	0	0	0	0	/data/data/cratonvm/apps/spring-boot-suite-runner/.suite/results/craton-fullsuite-azure-20260805-s1/all-jit/logs/core_spring-boot.org.springframework.boot.context.properties.bind.BindableRuntimeHintsRegistrarTests.out.log	/data/data/cratonvm/apps/spring-boot-suite-runner/.suite/results/craton-fullsuite-azure-20260805-s1/all-jit/logs/core_spring-boot.org.springframework.boot.context.properties.bind.BindableRuntimeHintsRegistrarTests.err.log	
113	core/spring-boot	org.springframework.boot.context.properties.bind.BindableTests	craton	on	0	PASS	2.417	27	0	0	0	0	/data/data/cratonvm/apps/spring-boot-suite-runner/.suite/results/craton-fullsuite-azure-20260805-s1/all-jit/logs/core_spring-boot.org.springframework.boot.context.properties.bind.BindableTests.out.log	/data/data/cratonvm/apps/spring-boot-suite-runner/.suite/results/craton-fullsuite-azure-20260805-s1/all-jit/logs/core_spring-boot.org.springframework.boot.context.properties.bind.BindableTests.err.log	
114	core/spring-boot	org.springframework.boot.context.properties.bind.BindConverterTests	craton	on	0	PASS	3.832	20	0	0	0	0	/data/data/cratonvm/apps/spring-boot-suite-runner/.suite/results/craton-fullsuite-azure-20260805-s1/all-jit/logs/core_spring-boot.org.springframework.boot.context.properties.bind.BindConverterTests.out.log	/data/data/cratonvm/apps/spring-boot-suite-runner/.suite/results/craton-fullsuite-azure-20260805-s1/all-jit/logs/core_spring-boot.org.springframework.boot.context.properties.bind.BindConverterTests.err.log	
115	core/spring-boot	org.springframework.boot.context.properties.bind.BinderTests	craton	on	0	PASS	4.437	32	0	0	0	0	/data/data/cratonvm/apps/spring-boot-suite-runner/.suite/results/craton-fullsuite-azure-20260805-s1/all-jit/logs/core_spring-boot.org.springframework.boot.context.properties.bind.BinderTests.out.log	/data/data/cratonvm/apps/spring-boot-suite-runner/.suite/results/craton-fullsuite-azure-20260805-s1/all-jit/logs/core_spring-boot.org.springframework.boot.context.properties.bind.BinderTests.err.log	
116	core/spring-boot	org.springframework.boot.context.properties.bind.BindResultTests	craton	on	0	PASS	3.622	19	0	0	0	0	/data/data/cratonvm/apps/spring-boot-suite-runner/.suite/results/craton-fullsuite-azure-20260805-s1/all-jit/logs/core_spring-boot.org.springframework.boot.context.properties.bind.BindResultTests.out.log	/data/data/cratonvm/apps/spring-boot-suite-runner/.suite/results/craton-fullsuite-azure-20260805-s1/all-jit/logs/core_spring-boot.org.springframework.boot.context.properties.bind.BindResultTests.err.log	
117	core/spring-boot	org.springframework.boot.context.properties.bind.BoundPropertiesTrackingBindHandlerTests	craton	on	0	PASS	2.822	1	0	0	0	0	/data/data/cratonvm/apps/spring-boot-suite-runner/.suite/results/craton-fullsuite-azure-20260805-s1/all-jit/logs/core_spring-boot.org.springframework.boot.context.properties.bind.BoundPropertiesTrackingBindHandlerTests.out.log	/data/data/cratonvm/apps/spring-boot-suite-runner/.suite/results/craton-fullsuite-azure-20260805-s1/all-jit/logs/core_spring-boot.org.springframework.boot.context.properties.bind.BoundPropertiesTrackingBindHandlerTests.err.log	
118	core/spring-boot	org.springframework.boot.context.properties.bind.CollectionBinderTests	craton	on	0	PASS	3.629	37	0	0	0	0	/data/data/cratonvm/apps/spring-boot-suite-runner/.suite/results/craton-fullsuite-azure-20260805-s1/all-jit/logs/core_spring-boot.org.springframework.boot.context.properties.bind.CollectionBinderTests.out.log	/data/data/cratonvm/apps/spring-boot-suite-runner/.suite/results/craton-fullsuite-azure-20260805-s1/all-jit/logs/core_spring-boot.org.springframework.boot.context.properties.bind.CollectionBinderTests.err.log	
119	core/spring-boot	org.springframework.boot.context.properties.bind.DataObjectPropertyNameTests	craton	on	0	PASS	0.806	2	0	0	0	0	/data/data/cratonvm/apps/spring-boot-suite-runner/.suite/results/craton-fullsuite-azure-20260805-s1/all-jit/logs/core_spring-boot.org.springframework.boot.context.properties.bind.DataObjectPropertyNameTests.out.log	/data/data/cratonvm/apps/spring-boot-suite-runner/.suite/results/craton-fullsuite-azure-20260805-s1/all-jit/logs/core_spring-boot.org.springframework.boot.context.properties.bind.DataObjectPropertyNameTests.err.log	
120	core/spring-boot	org.springframework.boot.context.properties.bind.DefaultBindConstructorProviderTests	craton	on	0	PASS	2.220	14	0	0	0	0	/data/data/cratonvm/apps/spring-boot-suite-runner/.suite/results/craton-fullsuite-azure-20260805-s1/all-jit/logs/core_spring-boot.org.springframework.boot.context.properties.bind.DefaultBindConstructorProviderTests.out.log	/data/data/cratonvm/apps/spring-boot-suite-runner/.suite/results/craton-fullsuite-azure-20260805-s1/all-jit/logs/core_spring-boot.org.springframework.boot.context.properties.bind.DefaultBindConstructorProviderTests.err.log	
121	core/spring-boot	org.springframework.boot.context.properties.bind.handler.IgnoreErrorsBindHandlerTests	craton	on	0	PASS	1.612	2	0	0	0	0	/data/data/cratonvm/apps/spring-boot-suite-runner/.suite/results/craton-fullsuite-azure-20260805-s1/all-jit/logs/core_spring-boot.org.springframework.boot.context.properties.bind.handler.IgnoreErrorsBindHandlerTests.out.log	/data/data/cratonvm/apps/spring-boot-suite-runner/.suite/results/craton-fullsuite-azure-20260805-s1/all-jit/logs/core_spring-boot.org.springframework.boot.context.properties.bind.handler.IgnoreErrorsBindHandlerTests.err.log	
122	core/spring-boot	org.springframework.boot.context.properties.bind.handler.IgnoreTopLevelConverterNotFoundBindHandlerTests	craton	on	0	PASS	1.814	4	0	0	0	0	/data/data/cratonvm/apps/spring-boot-suite-runner/.suite/results/craton-fullsuite-azure-20260805-s1/all-jit/logs/core_spring-boot.org.springframework.boot.context.properties.bind.handler.IgnoreTopLevelConverterNotFoundB-8b3cb9f06869.out.log	/data/data/cratonvm/apps/spring-boot-suite-runner/.suite/results/craton-fullsuite-azure-20260805-s1/all-jit/logs/core_spring-boot.org.springframework.boot.context.properties.bind.handler.IgnoreTopLevelConverterNotFoundB-8b3cb9f06869.err.log	
123	core/spring-boot	org.springframework.boot.context.properties.bind.handler.NoUnboundElementsBindHandlerTests	craton	on	0	PASS	2.220	9	0	0	0	0	/data/data/cratonvm/apps/spring-boot-suite-runner/.suite/results/craton-fullsuite-azure-20260805-s1/all-jit/logs/core_spring-boot.org.springframework.boot.context.properties.bind.handler.NoUnboundElementsBindHandlerTests.out.log	/data/data/cratonvm/apps/spring-boot-suite-runner/.suite/results/craton-fullsuite-azure-20260805-s1/all-jit/logs/core_spring-boot.org.springframework.boot.context.properties.bind.handler.NoUnboundElementsBindHandlerTests.err.log	
124	core/spring-boot	org.springframework.boot.context.properties.bind.JavaBeanBinderTests	craton	on	0	PASS	3.828	47	0	0	0	0	/data/data/cratonvm/apps/spring-boot-suite-runner/.suite/results/craton-fullsuite-azure-20260805-s1/all-jit/logs/core_spring-boot.org.springframework.boot.context.properties.bind.JavaBeanBinderTests.out.log	/data/data/cratonvm/apps/spring-boot-suite-runner/.suite/results/craton-fullsuite-azure-20260805-s1/all-jit/logs/core_spring-boot.org.springframework.boot.context.properties.bind.JavaBeanBinderTests.err.log	
125	core/spring-boot	org.springframework.boot.context.properties.bind.KotlinBindableRuntimeHintsRegistrarTests	craton	on	0	PASS	3.226	1	0	0	0	0	/data/data/cratonvm/apps/spring-boot-suite-runner/.suite/results/craton-fullsuite-azure-20260805-s1/all-jit/logs/core_spring-boot.org.springframework.boot.context.properties.bind.KotlinBindableRuntimeHintsRegistrarTests.out.log	/data/data/cratonvm/apps/spring-boot-suite-runner/.suite/results/craton-fullsuite-azure-20260805-s1/all-jit/logs/core_spring-boot.org.springframework.boot.context.properties.bind.KotlinBindableRuntimeHintsRegistrarTests.err.log	
126	core/spring-boot	org.springframework.boot.context.properties.bind.KotlinConstructorParametersBinderTests	craton	on	0	PASS	4.835	16	0	0	0	0	/data/data/cratonvm/apps/spring-boot-suite-runner/.suite/results/craton-fullsuite-azure-20260805-s1/all-jit/logs/core_spring-boot.org.springframework.boot.context.properties.bind.KotlinConstructorParametersBinderTests.out.log	/data/data/cratonvm/apps/spring-boot-suite-runner/.suite/results/craton-fullsuite-azure-20260805-s1/all-jit/logs/core_spring-boot.org.springframework.boot.context.properties.bind.KotlinConstructorParametersBinderTests.err.log	
127	core/spring-boot	org.springframework.boot.context.properties.bind.KotlinDefaultBindConstructorProviderTests	craton	on	0	PASS	2.418	16	0	0	0	0	/data/data/cratonvm/apps/spring-boot-suite-runner/.suite/results/craton-fullsuite-azure-20260805-s1/all-jit/logs/core_spring-boot.org.springframework.boot.context.properties.bind.KotlinDefaultBindConstructorProviderTests.out.log	/data/data/cratonvm/apps/spring-boot-suite-runner/.suite/results/craton-fullsuite-azure-20260805-s1/all-jit/logs/core_spring-boot.org.springframework.boot.context.properties.bind.KotlinDefaultBindConstructorProviderTests.err.log	
128	core/spring-boot	org.springframework.boot.context.properties.bind.MapBinderTests	craton	on	0	PASS	5.439	45	0	0	0	0	/data/data/cratonvm/apps/spring-boot-suite-runner/.suite/results/craton-fullsuite-azure-20260805-s1/all-jit/logs/core_spring-boot.org.springframework.boot.context.properties.bind.MapBinderTests.out.log	/data/data/cratonvm/apps/spring-boot-suite-runner/.suite/results/craton-fullsuite-azure-20260805-s1/all-jit/logs/core_spring-boot.org.springframework.boot.context.properties.bind.MapBinderTests.err.log	
129	core/spring-boot	org.springframework.boot.context.properties.bind.PropertySourcesPlaceholdersResolverTests	craton	on	0	PASS	1.814	5	0	0	0	0	/data/data/cratonvm/apps/spring-boot-suite-runner/.suite/results/craton-fullsuite-azure-20260805-s1/all-jit/logs/core_spring-boot.org.springframework.boot.context.properties.bind.PropertySourcesPlaceholdersResolverTests.out.log	/data/data/cratonvm/apps/spring-boot-suite-runner/.suite/results/craton-fullsuite-azure-20260805-s1/all-jit/logs/core_spring-boot.org.springframework.boot.context.properties.bind.PropertySourcesPlaceholdersResolverTests.err.log	
130	core/spring-boot	org.springframework.boot.context.properties.bind.test.PackagePrivateBeanBindingTests	craton	on	0	PASS	1.608	1	0	0	0	0	/data/data/cratonvm/apps/spring-boot-suite-runner/.suite/results/craton-fullsuite-azure-20260805-s1/all-jit/logs/core_spring-boot.org.springframework.boot.context.properties.bind.test.PackagePrivateBeanBindingTests.out.log	/data/data/cratonvm/apps/spring-boot-suite-runner/.suite/results/craton-fullsuite-azure-20260805-s1/all-jit/logs/core_spring-boot.org.springframework.boot.context.properties.bind.test.PackagePrivateBeanBindingTests.err.log	
131	core/spring-boot	org.springframework.boot.context.properties.bind.validation.BindValidationExceptionTests	craton	on	0	PASS	2.417	2	0	0	0	0	/data/data/cratonvm/apps/spring-boot-suite-runner/.suite/results/craton-fullsuite-azure-20260805-s1/all-jit/logs/core_spring-boot.org.springframework.boot.context.properties.bind.validation.BindValidationExceptionTests.out.log	/data/data/cratonvm/apps/spring-boot-suite-runner/.suite/results/craton-fullsuite-azure-20260805-s1/all-jit/logs/core_spring-boot.org.springframework.boot.context.properties.bind.validation.BindValidationExceptionTests.err.log	
132	core/spring-boot	org.springframework.boot.context.properties.bind.validation.OriginTrackedFieldErrorTests	craton	on	0	PASS	0.808	4	0	0	0	0	/data/data/cratonvm/apps/spring-boot-suite-runner/.suite/results/craton-fullsuite-azure-20260805-s1/all-jit/logs/core_spring-boot.org.springframework.boot.context.properties.bind.validation.OriginTrackedFieldErrorTests.out.log	/data/data/cratonvm/apps/spring-boot-suite-runner/.suite/results/craton-fullsuite-azure-20260805-s1/all-jit/logs/core_spring-boot.org.springframework.boot.context.properties.bind.validation.OriginTrackedFieldErrorTests.err.log	
133	core/spring-boot	org.springframework.boot.context.logging.LoggingApplicationListenerTests	craton	on	0	PASS	69.454	41	0	0	0	0	/data/data/cratonvm/apps/spring-boot-suite-runner/.suite/results/craton-fullsuite-azure-20260805-s1/all-jit/logs/core_spring-boot.org.springframework.boot.context.logging.LoggingApplicationListenerTests.out.log	/data/data/cratonvm/apps/spring-boot-suite-runner/.suite/results/craton-fullsuite-azure-20260805-s1/all-jit/logs/core_spring-boot.org.springframework.boot.context.logging.LoggingApplicationListenerTests.err.log	
134	core/spring-boot	org.springframework.boot.context.properties.bind.validation.ValidationErrorsTests	craton	on	0	PASS	1.011	8	0	0	0	0	/data/data/cratonvm/apps/spring-boot-suite-runner/.suite/results/craton-fullsuite-azure-20260805-s1/all-jit/logs/core_spring-boot.org.springframework.boot.context.properties.bind.validation.ValidationErrorsTests.out.log	/data/data/cratonvm/apps/spring-boot-suite-runner/.suite/results/craton-fullsuite-azure-20260805-s1/all-jit/logs/core_spring-boot.org.springframework.boot.context.properties.bind.validation.ValidationErrorsTests.err.log	
135	core/spring-boot	org.springframework.boot.context.properties.bind.ValueObjectBinderTests	craton	on	0	PASS	3.427	43	0	0	0	0	/data/data/cratonvm/apps/spring-boot-suite-runner/.suite/results/craton-fullsuite-azure-20260805-s1/all-jit/logs/core_spring-boot.org.springframework.boot.context.properties.bind.ValueObjectBinderTests.out.log	/data/data/cratonvm/apps/spring-boot-suite-runner/.suite/results/craton-fullsuite-azure-20260805-s1/all-jit/logs/core_spring-boot.org.springframework.boot.context.properties.bind.ValueObjectBinderTests.err.log	
136	core/spring-boot	org.springframework.boot.context.properties.bind.validation.ValidationBindHandlerTests	craton	on	0	PASS	5.339	16	0	0	0	0	/data/data/cratonvm/apps/spring-boot-suite-runner/.suite/results/craton-fullsuite-azure-20260805-s1/all-jit/logs/core_spring-boot.org.springframework.boot.context.properties.bind.validation.ValidationBindHandlerTests.out.log	/data/data/cratonvm/apps/spring-boot-suite-runner/.suite/results/craton-fullsuite-azure-20260805-s1/all-jit/logs/core_spring-boot.org.springframework.boot.context.properties.bind.validation.ValidationBindHandlerTests.err.log	
137	core/spring-boot	org.springframework.boot.context.properties.ConfigurationPropertiesBeanRegistrarTests	craton	on	0	PASS	1.611	9	0	0	0	0	/data/data/cratonvm/apps/spring-boot-suite-runner/.suite/results/craton-fullsuite-azure-20260805-s1/all-jit/logs/core_spring-boot.org.springframework.boot.context.properties.ConfigurationPropertiesBeanRegistrarTests.out.log	/data/data/cratonvm/apps/spring-boot-suite-runner/.suite/results/craton-fullsuite-azure-20260805-s1/all-jit/logs/core_spring-boot.org.springframework.boot.context.properties.ConfigurationPropertiesBeanRegistrarTests.err.log	
138	core/spring-boot	org.springframework.boot.context.properties.ConfigurationPropertiesBeanFactoryInitializationAotProcessorTests	craton	on	0	PASS	4.286	7	0	0	0	0	/data/data/cratonvm/apps/spring-boot-suite-runner/.suite/results/craton-fullsuite-azure-20260805-s1/all-jit/logs/core_spring-boot.org.springframework.boot.context.properties.ConfigurationPropertiesBeanFactoryInitializat-1f5eeb4000d1.out.log	/data/data/cratonvm/apps/spring-boot-suite-runner/.suite/results/craton-fullsuite-azure-20260805-s1/all-jit/logs/core_spring-boot.org.springframework.boot.context.properties.ConfigurationPropertiesBeanFactoryInitializat-1f5eeb4000d1.err.log	
139	core/spring-boot	org.springframework.boot.context.properties.ConfigurationPropertiesBeanTests	craton	on	0	PASS	5.441	28	0	0	0	0	/data/data/cratonvm/apps/spring-boot-suite-runner/.suite/results/craton-fullsuite-azure-20260805-s1/all-jit/logs/core_spring-boot.org.springframework.boot.context.properties.ConfigurationPropertiesBeanTests.out.log	/data/data/cratonvm/apps/spring-boot-suite-runner/.suite/results/craton-fullsuite-azure-20260805-s1/all-jit/logs/core_spring-boot.org.springframework.boot.context.properties.ConfigurationPropertiesBeanTests.err.log	
140	core/spring-boot	org.springframework.boot.context.properties.ConfigurationPropertiesBindExceptionTests	craton	on	0	PASS	1.810	1	0	0	0	0	/data/data/cratonvm/apps/spring-boot-suite-runner/.suite/results/craton-fullsuite-azure-20260805-s1/all-jit/logs/core_spring-boot.org.springframework.boot.context.properties.ConfigurationPropertiesBindExceptionTests.out.log	/data/data/cratonvm/apps/spring-boot-suite-runner/.suite/results/craton-fullsuite-azure-20260805-s1/all-jit/logs/core_spring-boot.org.springframework.boot.context.properties.ConfigurationPropertiesBindExceptionTests.err.log	
141	core/spring-boot	org.springframework.boot.context.properties.ConfigurationPropertiesBindHandlerAdvisorTests	craton	on	0	PASS	2.414	2	0	0	0	0	/data/data/cratonvm/apps/spring-boot-suite-runner/.suite/results/craton-fullsuite-azure-20260805-s1/all-jit/logs/core_spring-boot.org.springframework.boot.context.properties.ConfigurationPropertiesBindHandlerAdvisorTests.out.log	/data/data/cratonvm/apps/spring-boot-suite-runner/.suite/results/craton-fullsuite-azure-20260805-s1/all-jit/logs/core_spring-boot.org.springframework.boot.context.properties.ConfigurationPropertiesBindHandlerAdvisorTests.err.log	
142	core/spring-boot	org.springframework.boot.context.properties.ConfigurationPropertiesCharSequenceToObjectConverterTests	craton	on	0	PASS	1.410	6	0	0	0	0	/data/data/cratonvm/apps/spring-boot-suite-runner/.suite/results/craton-fullsuite-azure-20260805-s1/all-jit/logs/core_spring-boot.org.springframework.boot.context.properties.ConfigurationPropertiesCharSequenceToObjectConverterTests.out.log	/data/data/cratonvm/apps/spring-boot-suite-runner/.suite/results/craton-fullsuite-azure-20260805-s1/all-jit/logs/core_spring-boot.org.springframework.boot.context.properties.ConfigurationPropertiesCharSequenceToObjectConverterTests.err.log	
143	core/spring-boot	org.springframework.boot.context.properties.ConfigurationPropertiesScanRegistrarTests	craton	on	0	PASS	2.823	5	0	0	0	0	/data/data/cratonvm/apps/spring-boot-suite-runner/.suite/results/craton-fullsuite-azure-20260805-s1/all-jit/logs/core_spring-boot.org.springframework.boot.context.properties.ConfigurationPropertiesScanRegistrarTests.out.log	/data/data/cratonvm/apps/spring-boot-suite-runner/.suite/results/craton-fullsuite-azure-20260805-s1/all-jit/logs/core_spring-boot.org.springframework.boot.context.properties.ConfigurationPropertiesScanRegistrarTests.err.log	
144	core/spring-boot	org.springframework.boot.context.properties.ConfigurationPropertiesScanTests	craton	on	0	PASS	5.839	7	0	0	0	0	/data/data/cratonvm/apps/spring-boot-suite-runner/.suite/results/craton-fullsuite-azure-20260805-s1/all-jit/logs/core_spring-boot.org.springframework.boot.context.properties.ConfigurationPropertiesScanTests.out.log	/data/data/cratonvm/apps/spring-boot-suite-runner/.suite/results/craton-fullsuite-azure-20260805-s1/all-jit/logs/core_spring-boot.org.springframework.boot.context.properties.ConfigurationPropertiesScanTests.err.log	
145	core/spring-boot	org.springframework.boot.context.properties.ConfigurationPropertiesTestBeanTests	craton	on	0	PASS	3.829	1	0	0	0	0	/data/data/cratonvm/apps/spring-boot-suite-runner/.suite/results/craton-fullsuite-azure-20260805-s1/all-jit/logs/core_spring-boot.org.springframework.boot.context.properties.ConfigurationPropertiesTestBeanTests.out.log	/data/data/cratonvm/apps/spring-boot-suite-runner/.suite/results/craton-fullsuite-azure-20260805-s1/all-jit/logs/core_spring-boot.org.springframework.boot.context.properties.ConfigurationPropertiesTestBeanTests.err.log	
146	core/spring-boot	org.springframework.boot.context.properties.ConfigurationPropertiesTests	craton	on	0	PASS	42.478	114	0	0	0	0	/data/data/cratonvm/apps/spring-boot-suite-runner/.suite/results/craton-fullsuite-azure-20260805-s1/all-jit/logs/core_spring-boot.org.springframework.boot.context.properties.ConfigurationPropertiesTests.out.log	/data/data/cratonvm/apps/spring-boot-suite-runner/.suite/results/craton-fullsuite-azure-20260805-s1/all-jit/logs/core_spring-boot.org.springframework.boot.context.properties.ConfigurationPropertiesTests.err.log	
147	core/spring-boot	org.springframework.boot.context.properties.ConversionServiceDeducerTests	craton	on	0	PASS	2.616	6	0	0	0	0	/data/data/cratonvm/apps/spring-boot-suite-runner/.suite/results/craton-fullsuite-azure-20260805-s1/all-jit/logs/core_spring-boot.org.springframework.boot.context.properties.ConversionServiceDeducerTests.out.log	/data/data/cratonvm/apps/spring-boot-suite-runner/.suite/results/craton-fullsuite-azure-20260805-s1/all-jit/logs/core_spring-boot.org.springframework.boot.context.properties.ConversionServiceDeducerTests.err.log	
148	core/spring-boot	org.springframework.boot.context.properties.ConfigurationPropertiesBeanRegistrationAotProcessorTests	craton	on	0	PASS	88.419	9	0	0	0	0	/data/data/cratonvm/apps/spring-boot-suite-runner/.suite/results/craton-fullsuite-azure-20260805-s1/all-jit/logs/core_spring-boot.org.springframework.boot.context.properties.ConfigurationPropertiesBeanRegistrationAotProcessorTests.out.log	/data/data/cratonvm/apps/spring-boot-suite-runner/.suite/results/craton-fullsuite-azure-20260805-s1/all-jit/logs/core_spring-boot.org.springframework.boot.context.properties.ConfigurationPropertiesBeanRegistrationAotProcessorTests.err.log	
149	core/spring-boot	org.springframework.boot.context.properties.IncompatibleConfigurationFailureAnalyzerTests	craton	on	0	PASS	0.604	1	0	0	0	0	/data/data/cratonvm/apps/spring-boot-suite-runner/.suite/results/craton-fullsuite-azure-20260805-s1/all-jit/logs/core_spring-boot.org.springframework.boot.context.properties.IncompatibleConfigurationFailureAnalyzerTests.out.log	/data/data/cratonvm/apps/spring-boot-suite-runner/.suite/results/craton-fullsuite-azure-20260805-s1/all-jit/logs/core_spring-boot.org.springframework.boot.context.properties.IncompatibleConfigurationFailureAnalyzerTests.err.log	
150	core/spring-boot	org.springframework.boot.context.properties.KotlinConfigurationPropertiesBeanRegistrarTests	craton	on	0	PASS	1.611	2	0	0	0	0	/data/data/cratonvm/apps/spring-boot-suite-runner/.suite/results/craton-fullsuite-azure-20260805-s1/all-jit/logs/core_spring-boot.org.springframework.boot.context.properties.KotlinConfigurationPropertiesBeanRegistrarTests.out.log	/data/data/cratonvm/apps/spring-boot-suite-runner/.suite/results/craton-fullsuite-azure-20260805-s1/all-jit/logs/core_spring-boot.org.springframework.boot.context.properties.KotlinConfigurationPropertiesBeanRegistrarTests.err.log	
151	core/spring-boot	org.springframework.boot.context.properties.KotlinConfigurationPropertiesTests	craton	on	0	PASS	4.020	5	0	0	0	0	/data/data/cratonvm/apps/spring-boot-suite-runner/.suite/results/craton-fullsuite-azure-20260805-s1/all-jit/logs/core_spring-boot.org.springframework.boot.context.properties.KotlinConfigurationPropertiesTests.out.log	/data/data/cratonvm/apps/spring-boot-suite-runner/.suite/results/craton-fullsuite-azure-20260805-s1/all-jit/logs/core_spring-boot.org.springframework.boot.context.properties.KotlinConfigurationPropertiesTests.err.log	
152	core/spring-boot	org.springframework.boot.context.properties.NotConstructorBoundInjectionFailureAnalyzerTests	craton	on	0	PASS	1.809	2	0	0	0	0	/data/data/cratonvm/apps/spring-boot-suite-runner/.suite/results/craton-fullsuite-azure-20260805-s1/all-jit/logs/core_spring-boot.org.springframework.boot.context.properties.NotConstructorBoundInjectionFailureAnalyzerTests.out.log	/data/data/cratonvm/apps/spring-boot-suite-runner/.suite/results/craton-fullsuite-azure-20260805-s1/all-jit/logs/core_spring-boot.org.springframework.boot.context.properties.NotConstructorBoundInjectionFailureAnalyzerTests.err.log	
153	core/spring-boot	org.springframework.boot.context.properties.PropertyMapperTests	craton	on	0	PASS	1.410	38	0	0	0	0	/data/data/cratonvm/apps/spring-boot-suite-runner/.suite/results/craton-fullsuite-azure-20260805-s1/all-jit/logs/core_spring-boot.org.springframework.boot.context.properties.PropertyMapperTests.out.log	/data/data/cratonvm/apps/spring-boot-suite-runner/.suite/results/craton-fullsuite-azure-20260805-s1/all-jit/logs/core_spring-boot.org.springframework.boot.context.properties.PropertyMapperTests.err.log	
154	core/spring-boot	org.springframework.boot.context.properties.PropertySourcesDeducerTests	craton	on	0	PASS	5.633	4	0	0	0	0	/data/data/cratonvm/apps/spring-boot-suite-runner/.suite/results/craton-fullsuite-azure-20260805-s1/all-jit/logs/core_spring-boot.org.springframework.boot.context.properties.PropertySourcesDeducerTests.out.log	/data/data/cratonvm/apps/spring-boot-suite-runner/.suite/results/craton-fullsuite-azure-20260805-s1/all-jit/logs/core_spring-boot.org.springframework.boot.context.properties.PropertySourcesDeducerTests.err.log	
155	core/spring-boot	org.springframework.boot.context.properties.source.AbstractPropertyMapperTests	craton	on	0	EMPTY	0.604	0	0	0	0	0	/data/data/cratonvm/apps/spring-boot-suite-runner/.suite/results/craton-fullsuite-azure-20260805-s1/all-jit/logs/core_spring-boot.org.springframework.boot.context.properties.source.AbstractPropertyMapperTests.out.log	/data/data/cratonvm/apps/spring-boot-suite-runner/.suite/results/craton-fullsuite-azure-20260805-s1/all-jit/logs/core_spring-boot.org.springframework.boot.context.properties.source.AbstractPropertyMapperTests.err.log	
156	core/spring-boot	org.springframework.boot.context.properties.source.AliasedConfigurationPropertySourceTests	craton	on	0	PASS	1.411	7	0	0	0	0	/data/data/cratonvm/apps/spring-boot-suite-runner/.suite/results/craton-fullsuite-azure-20260805-s1/all-jit/logs/core_spring-boot.org.springframework.boot.context.properties.source.AliasedConfigurationPropertySourceTests.out.log	/data/data/cratonvm/apps/spring-boot-suite-runner/.suite/results/craton-fullsuite-azure-20260805-s1/all-jit/logs/core_spring-boot.org.springframework.boot.context.properties.source.AliasedConfigurationPropertySourceTests.err.log	
157	core/spring-boot	org.springframework.boot.context.properties.source.AliasedIterableConfigurationPropertySourceTests	craton	on	0	PASS	1.410	8	0	0	0	0	/data/data/cratonvm/apps/spring-boot-suite-runner/.suite/results/craton-fullsuite-azure-20260805-s1/all-jit/logs/core_spring-boot.org.springframework.boot.context.properties.source.AliasedIterableConfigurationPropertySourceTests.out.log	/data/data/cratonvm/apps/spring-boot-suite-runner/.suite/results/craton-fullsuite-azure-20260805-s1/all-jit/logs/core_spring-boot.org.springframework.boot.context.properties.source.AliasedIterableConfigurationPropertySourceTests.err.log	
158	core/spring-boot	org.springframework.boot.context.properties.EnableConfigurationPropertiesRegistrarTests	craton	on	1	FAIL	37.969	6	1	0	0	0	/data/data/cratonvm/apps/spring-boot-suite-runner/.suite/results/craton-fullsuite-azure-20260805-s1/all-jit/logs/core_spring-boot.org.springframework.boot.context.properties.EnableConfigurationPropertiesRegistrarTests.out.log	/data/data/cratonvm/apps/spring-boot-suite-runner/.suite/results/craton-fullsuite-azure-20260805-s1/all-jit/logs/core_spring-boot.org.springframework.boot.context.properties.EnableConfigurationPropertiesRegistrarTests.err.log	    => org.mockito.exceptions.base.MockitoException:  | hotspot-baseline: PASS 0/6
159	core/spring-boot	org.springframework.boot.context.properties.source.CachingConfigurationPropertySourceTests	craton	on	0	PASS	2.839	3	0	0	0	0	/data/data/cratonvm/apps/spring-boot-suite-runner/.suite/results/craton-fullsuite-azure-20260805-s1/all-jit/logs/core_spring-boot.org.springframework.boot.context.properties.source.CachingConfigurationPropertySourceTests.out.log	/data/data/cratonvm/apps/spring-boot-suite-runner/.suite/results/craton-fullsuite-azure-20260805-s1/all-jit/logs/core_spring-boot.org.springframework.boot.context.properties.source.CachingConfigurationPropertySourceTests.err.log	
160	core/spring-boot	org.springframework.boot.context.properties.source.ConfigurationPropertyCachingTests	craton	on	0	PASS	1.420	6	0	0	0	0	/data/data/cratonvm/apps/spring-boot-suite-runner/.suite/results/craton-fullsuite-azure-20260805-s1/all-jit/logs/core_spring-boot.org.springframework.boot.context.properties.source.ConfigurationPropertyCachingTests.out.log	/data/data/cratonvm/apps/spring-boot-suite-runner/.suite/results/craton-fullsuite-azure-20260805-s1/all-jit/logs/core_spring-boot.org.springframework.boot.context.properties.source.ConfigurationPropertyCachingTests.err.log	
161	core/spring-boot	org.springframework.boot.context.properties.source.ConfigurationPropertyNameAliasesTests	craton	on	0	PASS	0.806	10	0	0	0	0	/data/data/cratonvm/apps/spring-boot-suite-runner/.suite/results/craton-fullsuite-azure-20260805-s1/all-jit/logs/core_spring-boot.org.springframework.boot.context.properties.source.ConfigurationPropertyNameAliasesTests.out.log	/data/data/cratonvm/apps/spring-boot-suite-runner/.suite/results/craton-fullsuite-azure-20260805-s1/all-jit/logs/core_spring-boot.org.springframework.boot.context.properties.source.ConfigurationPropertyNameAliasesTests.err.log	
162	core/spring-boot	org.springframework.boot.context.properties.source.ConfigurationPropertySourcesCachingTests	craton	on	0	PASS	3.012	8	0	0	0	0	/data/data/cratonvm/apps/spring-boot-suite-runner/.suite/results/craton-fullsuite-azure-20260805-s1/all-jit/logs/core_spring-boot.org.springframework.boot.context.properties.source.ConfigurationPropertySourcesCachingTests.out.log	/data/data/cratonvm/apps/spring-boot-suite-runner/.suite/results/craton-fullsuite-azure-20260805-s1/all-jit/logs/core_spring-boot.org.springframework.boot.context.properties.source.ConfigurationPropertySourcesCachingTests.err.log	
163	core/spring-boot	org.springframework.boot.context.properties.source.ConfigurationPropertyNameTests	craton	on	0	PASS	3.237	87	0	0	0	0	/data/data/cratonvm/apps/spring-boot-suite-runner/.suite/results/craton-fullsuite-azure-20260805-s1/all-jit/logs/core_spring-boot.org.springframework.boot.context.properties.source.ConfigurationPropertyNameTests.out.log	/data/data/cratonvm/apps/spring-boot-suite-runner/.suite/results/craton-fullsuite-azure-20260805-s1/all-jit/logs/core_spring-boot.org.springframework.boot.context.properties.source.ConfigurationPropertyNameTests.err.log	
164	core/spring-boot	org.springframework.boot.context.properties.source.ConfigurationPropertySourcesPropertyResolverTests	craton	on	0	PASS	1.619	9	0	0	0	0	/data/data/cratonvm/apps/spring-boot-suite-runner/.suite/results/craton-fullsuite-azure-20260805-s1/all-jit/logs/core_spring-boot.org.springframework.boot.context.properties.source.ConfigurationPropertySourcesPropertyResolverTests.out.log	/data/data/cratonvm/apps/spring-boot-suite-runner/.suite/results/craton-fullsuite-azure-20260805-s1/all-jit/logs/core_spring-boot.org.springframework.boot.context.properties.source.ConfigurationPropertySourcesPropertyResolverTests.err.log	
165	core/spring-boot	org.springframework.boot.context.properties.source.ConfigurationPropertySourcesPropertySourceTests	craton	on	0	PASS	1.407	8	0	0	0	0	/data/data/cratonvm/apps/spring-boot-suite-runner/.suite/results/craton-fullsuite-azure-20260805-s1/all-jit/logs/core_spring-boot.org.springframework.boot.context.properties.source.ConfigurationPropertySourcesPropertySourceTests.out.log	/data/data/cratonvm/apps/spring-boot-suite-runner/.suite/results/craton-fullsuite-azure-20260805-s1/all-jit/logs/core_spring-boot.org.springframework.boot.context.properties.source.ConfigurationPropertySourcesPropertySourceTests.err.log	
166	core/spring-boot	org.springframework.boot.context.properties.source.ConfigurationPropertySourceTests	craton	on	0	PASS	2.810	2	0	0	0	0	/data/data/cratonvm/apps/spring-boot-suite-runner/.suite/results/craton-fullsuite-azure-20260805-s1/all-jit/logs/core_spring-boot.org.springframework.boot.context.properties.source.ConfigurationPropertySourceTests.out.log	/data/data/cratonvm/apps/spring-boot-suite-runner/.suite/results/craton-fullsuite-azure-20260805-s1/all-jit/logs/core_spring-boot.org.springframework.boot.context.properties.source.ConfigurationPropertySourceTests.err.log	
167	core/spring-boot	org.springframework.boot.context.properties.source.ConfigurationPropertyStateTests	craton	on	0	PASS	0.603	4	0	0	0	0	/data/data/cratonvm/apps/spring-boot-suite-runner/.suite/results/craton-fullsuite-azure-20260805-s1/all-jit/logs/core_spring-boot.org.springframework.boot.context.properties.source.ConfigurationPropertyStateTests.out.log	/data/data/cratonvm/apps/spring-boot-suite-runner/.suite/results/craton-fullsuite-azure-20260805-s1/all-jit/logs/core_spring-boot.org.springframework.boot.context.properties.source.ConfigurationPropertyStateTests.err.log	
168	core/spring-boot	org.springframework.boot.context.properties.source.ConfigurationPropertyTests	craton	on	0	PASS	2.811	8	0	0	0	0	/data/data/cratonvm/apps/spring-boot-suite-runner/.suite/results/craton-fullsuite-azure-20260805-s1/all-jit/logs/core_spring-boot.org.springframework.boot.context.properties.source.ConfigurationPropertyTests.out.log	/data/data/cratonvm/apps/spring-boot-suite-runner/.suite/results/craton-fullsuite-azure-20260805-s1/all-jit/logs/core_spring-boot.org.springframework.boot.context.properties.source.ConfigurationPropertyTests.err.log	
169	core/spring-boot	org.springframework.boot.context.properties.source.DefaultPropertyMapperTests	craton	on	0	PASS	0.603	2	0	0	0	0	/data/data/cratonvm/apps/spring-boot-suite-runner/.suite/results/craton-fullsuite-azure-20260805-s1/all-jit/logs/core_spring-boot.org.springframework.boot.context.properties.source.DefaultPropertyMapperTests.out.log	/data/data/cratonvm/apps/spring-boot-suite-runner/.suite/results/craton-fullsuite-azure-20260805-s1/all-jit/logs/core_spring-boot.org.springframework.boot.context.properties.source.DefaultPropertyMapperTests.err.log	
170	core/spring-boot	org.springframework.boot.context.properties.source.FilteredConfigurationPropertiesSourceTests	craton	on	0	PASS	0.803	6	0	0	0	0	/data/data/cratonvm/apps/spring-boot-suite-runner/.suite/results/craton-fullsuite-azure-20260805-s1/all-jit/logs/core_spring-boot.org.springframework.boot.context.properties.source.FilteredConfigurationPropertiesSourceTests.out.log	/data/data/cratonvm/apps/spring-boot-suite-runner/.suite/results/craton-fullsuite-azure-20260805-s1/all-jit/logs/core_spring-boot.org.springframework.boot.context.properties.source.FilteredConfigurationPropertiesSourceTests.err.log	
171	core/spring-boot	org.springframework.boot.context.properties.source.FilteredIterableConfigurationPropertiesSourceTests	craton	on	0	PASS	1.406	11	0	0	0	0	/data/data/cratonvm/apps/spring-boot-suite-runner/.suite/results/craton-fullsuite-azure-20260805-s1/all-jit/logs/core_spring-boot.org.springframework.boot.context.properties.source.FilteredIterableConfigurationPropertiesSourceTests.out.log	/data/data/cratonvm/apps/spring-boot-suite-runner/.suite/results/craton-fullsuite-azure-20260805-s1/all-jit/logs/core_spring-boot.org.springframework.boot.context.properties.source.FilteredIterableConfigurationPropertiesSourceTests.err.log	
172	core/spring-boot	org.springframework.boot.context.properties.source.MapConfigurationPropertySourceTests	craton	on	0	PASS	1.004	8	0	0	0	0	/data/data/cratonvm/apps/spring-boot-suite-runner/.suite/results/craton-fullsuite-azure-20260805-s1/all-jit/logs/core_spring-boot.org.springframework.boot.context.properties.source.MapConfigurationPropertySourceTests.out.log	/data/data/cratonvm/apps/spring-boot-suite-runner/.suite/results/craton-fullsuite-azure-20260805-s1/all-jit/logs/core_spring-boot.org.springframework.boot.context.properties.source.MapConfigurationPropertySourceTests.err.log	
173	core/spring-boot	org.springframework.boot.context.properties.source.MutuallyExclusiveConfigurationPropertiesExceptionTests	craton	on	0	PASS	0.603	10	0	0	0	0	/data/data/cratonvm/apps/spring-boot-suite-runner/.suite/results/craton-fullsuite-azure-20260805-s1/all-jit/logs/core_spring-boot.org.springframework.boot.context.properties.source.MutuallyExclusiveConfigurationProperti-63cf505b8aec.out.log	/data/data/cratonvm/apps/spring-boot-suite-runner/.suite/results/craton-fullsuite-azure-20260805-s1/all-jit/logs/core_spring-boot.org.springframework.boot.context.properties.source.MutuallyExclusiveConfigurationProperti-63cf505b8aec.err.log	
174	core/spring-boot	org.springframework.boot.context.properties.source.PrefixedConfigurationPropertySourceTests	craton	on	0	PASS	0.603	6	0	0	0	0	/data/data/cratonvm/apps/spring-boot-suite-runner/.suite/results/craton-fullsuite-azure-20260805-s1/all-jit/logs/core_spring-boot.org.springframework.boot.context.properties.source.PrefixedConfigurationPropertySourceTests.out.log	/data/data/cratonvm/apps/spring-boot-suite-runner/.suite/results/craton-fullsuite-azure-20260805-s1/all-jit/logs/core_spring-boot.org.springframework.boot.context.properties.source.PrefixedConfigurationPropertySourceTests.err.log	
175	core/spring-boot	org.springframework.boot.context.properties.source.PrefixedIterableConfigurationPropertySourceTests	craton	on	0	PASS	0.603	2	0	0	0	0	/data/data/cratonvm/apps/spring-boot-suite-runner/.suite/results/craton-fullsuite-azure-20260805-s1/all-jit/logs/core_spring-boot.org.springframework.boot.context.properties.source.PrefixedIterableConfigurationPropertySourceTests.out.log	/data/data/cratonvm/apps/spring-boot-suite-runner/.suite/results/craton-fullsuite-azure-20260805-s1/all-jit/logs/core_spring-boot.org.springframework.boot.context.properties.source.PrefixedIterableConfigurationPropertySourceTests.err.log	
176	core/spring-boot	org.springframework.boot.context.properties.source.SoftReferenceConfigurationPropertyCacheTests	craton	on	0	PASS	0.803	12	0	0	0	0	/data/data/cratonvm/apps/spring-boot-suite-runner/.suite/results/craton-fullsuite-azure-20260805-s1/all-jit/logs/core_spring-boot.org.springframework.boot.context.properties.source.SoftReferenceConfigurationPropertyCacheTests.out.log	/data/data/cratonvm/apps/spring-boot-suite-runner/.suite/results/craton-fullsuite-azure-20260805-s1/all-jit/logs/core_spring-boot.org.springframework.boot.context.properties.source.SoftReferenceConfigurationPropertyCacheTests.err.log	
177	core/spring-boot	org.springframework.boot.context.properties.source.SpringConfigurationPropertySourcesTests	craton	on	0	PASS	1.207	11	0	0	0	0	/data/data/cratonvm/apps/spring-boot-suite-runner/.suite/results/craton-fullsuite-azure-20260805-s1/all-jit/logs/core_spring-boot.org.springframework.boot.context.properties.source.SpringConfigurationPropertySourcesTests.out.log	/data/data/cratonvm/apps/spring-boot-suite-runner/.suite/results/craton-fullsuite-azure-20260805-s1/all-jit/logs/core_spring-boot.org.springframework.boot.context.properties.source.SpringConfigurationPropertySourcesTests.err.log	
178	core/spring-boot	org.springframework.boot.context.properties.source.SpringConfigurationPropertySourceTests	craton	on	0	PASS	2.212	18	0	0	0	0	/data/data/cratonvm/apps/spring-boot-suite-runner/.suite/results/craton-fullsuite-azure-20260805-s1/all-jit/logs/core_spring-boot.org.springframework.boot.context.properties.source.SpringConfigurationPropertySourceTests.out.log	/data/data/cratonvm/apps/spring-boot-suite-runner/.suite/results/craton-fullsuite-azure-20260805-s1/all-jit/logs/core_spring-boot.org.springframework.boot.context.properties.source.SpringConfigurationPropertySourceTests.err.log	
179	core/spring-boot	org.springframework.boot.context.properties.source.SpringIterableConfigurationPropertySourceTests	craton	on	0	PASS	2.209	15	0	0	0	0	/data/data/cratonvm/apps/spring-boot-suite-runner/.suite/results/craton-fullsuite-azure-20260805-s1/all-jit/logs/core_spring-boot.org.springframework.boot.context.properties.source.SpringIterableConfigurationPropertySourceTests.out.log	/data/data/cratonvm/apps/spring-boot-suite-runner/.suite/results/craton-fullsuite-azure-20260805-s1/all-jit/logs/core_spring-boot.org.springframework.boot.context.properties.source.SpringIterableConfigurationPropertySourceTests.err.log	
180	core/spring-boot	org.springframework.boot.context.properties.source.SystemEnvironmentPropertyMapperTests	craton	on	0	PASS	0.803	7	0	0	0	0	/data/data/cratonvm/apps/spring-boot-suite-runner/.suite/results/craton-fullsuite-azure-20260805-s1/all-jit/logs/core_spring-boot.org.springframework.boot.context.properties.source.SystemEnvironmentPropertyMapperTests.out.log	/data/data/cratonvm/apps/spring-boot-suite-runner/.suite/results/craton-fullsuite-azure-20260805-s1/all-jit/logs/core_spring-boot.org.springframework.boot.context.properties.source.SystemEnvironmentPropertyMapperTests.err.log	
181	core/spring-boot	org.springframework.boot.context.properties.source.UnboundElementsSourceFilterTests	craton	on	0	PASS	2.611	3	0	0	0	0	/data/data/cratonvm/apps/spring-boot-suite-runner/.suite/results/craton-fullsuite-azure-20260805-s1/all-jit/logs/core_spring-boot.org.springframework.boot.context.properties.source.UnboundElementsSourceFilterTests.out.log	/data/data/cratonvm/apps/spring-boot-suite-runner/.suite/results/craton-fullsuite-azure-20260805-s1/all-jit/logs/core_spring-boot.org.springframework.boot.context.properties.source.UnboundElementsSourceFilterTests.err.log	
182	core/spring-boot	org.springframework.boot.context.TypeExcludeFilterTests	craton	on	0	PASS	1.205	1	0	0	0	0	/data/data/cratonvm/apps/spring-boot-suite-runner/.suite/results/craton-fullsuite-azure-20260805-s1/all-jit/logs/core_spring-boot.org.springframework.boot.context.TypeExcludeFilterTests.out.log	/data/data/cratonvm/apps/spring-boot-suite-runner/.suite/results/craton-fullsuite-azure-20260805-s1/all-jit/logs/core_spring-boot.org.springframework.boot.context.TypeExcludeFilterTests.err.log	
183	core/spring-boot	org.springframework.boot.convert.ApplicationConversionServiceTests	craton	on	0	PASS	6.425	18	0	0	0	0	/data/data/cratonvm/apps/spring-boot-suite-runner/.suite/results/craton-fullsuite-azure-20260805-s1/all-jit/logs/core_spring-boot.org.springframework.boot.convert.ApplicationConversionServiceTests.out.log	/data/data/cratonvm/apps/spring-boot-suite-runner/.suite/results/craton-fullsuite-azure-20260805-s1/all-jit/logs/core_spring-boot.org.springframework.boot.convert.ApplicationConversionServiceTests.err.log	
184	core/spring-boot	org.springframework.boot.convert.ArrayToDelimitedStringConverterTests	craton	on	0	PASS	1.407	9	0	0	0	0	/data/data/cratonvm/apps/spring-boot-suite-runner/.suite/results/craton-fullsuite-azure-20260805-s1/all-jit/logs/core_spring-boot.org.springframework.boot.convert.ArrayToDelimitedStringConverterTests.out.log	/data/data/cratonvm/apps/spring-boot-suite-runner/.suite/results/craton-fullsuite-azure-20260805-s1/all-jit/logs/core_spring-boot.org.springframework.boot.convert.ArrayToDelimitedStringConverterTests.err.log	
185	core/spring-boot	org.springframework.boot.convert.CharArrayFormatterTests	craton	on	0	PASS	1.004	4	0	0	0	0	/data/data/cratonvm/apps/spring-boot-suite-runner/.suite/results/craton-fullsuite-azure-20260805-s1/all-jit/logs/core_spring-boot.org.springframework.boot.convert.CharArrayFormatterTests.out.log	/data/data/cratonvm/apps/spring-boot-suite-runner/.suite/results/craton-fullsuite-azure-20260805-s1/all-jit/logs/core_spring-boot.org.springframework.boot.convert.CharArrayFormatterTests.err.log	
186	core/spring-boot	org.springframework.boot.convert.CharSequenceToObjectConverterTests	craton	on	0	PASS	1.005	6	0	0	0	0	/data/data/cratonvm/apps/spring-boot-suite-runner/.suite/results/craton-fullsuite-azure-20260805-s1/all-jit/logs/core_spring-boot.org.springframework.boot.convert.CharSequenceToObjectConverterTests.out.log	/data/data/cratonvm/apps/spring-boot-suite-runner/.suite/results/craton-fullsuite-azure-20260805-s1/all-jit/logs/core_spring-boot.org.springframework.boot.convert.CharSequenceToObjectConverterTests.err.log	
187	core/spring-boot	org.springframework.boot.convert.CollectionToDelimitedStringConverterTests	craton	on	0	PASS	1.004	9	0	0	0	0	/data/data/cratonvm/apps/spring-boot-suite-runner/.suite/results/craton-fullsuite-azure-20260805-s1/all-jit/logs/core_spring-boot.org.springframework.boot.convert.CollectionToDelimitedStringConverterTests.out.log	/data/data/cratonvm/apps/spring-boot-suite-runner/.suite/results/craton-fullsuite-azure-20260805-s1/all-jit/logs/core_spring-boot.org.springframework.boot.convert.CollectionToDelimitedStringConverterTests.err.log	
188	core/spring-boot	org.springframework.boot.convert.ConversionServiceTest	craton	on	0	EMPTY	0.402	0	0	0	0	0	/data/data/cratonvm/apps/spring-boot-suite-runner/.suite/results/craton-fullsuite-azure-20260805-s1/all-jit/logs/core_spring-boot.org.springframework.boot.convert.ConversionServiceTest.out.log	/data/data/cratonvm/apps/spring-boot-suite-runner/.suite/results/craton-fullsuite-azure-20260805-s1/all-jit/logs/core_spring-boot.org.springframework.boot.convert.ConversionServiceTest.err.log	
189	core/spring-boot	org.springframework.boot.convert.DelimitedStringToArrayConverterTests	craton	on	0	PASS	1.406	10	0	0	0	0	/data/data/cratonvm/apps/spring-boot-suite-runner/.suite/results/craton-fullsuite-azure-20260805-s1/all-jit/logs/core_spring-boot.org.springframework.boot.convert.DelimitedStringToArrayConverterTests.out.log	/data/data/cratonvm/apps/spring-boot-suite-runner/.suite/results/craton-fullsuite-azure-20260805-s1/all-jit/logs/core_spring-boot.org.springframework.boot.convert.DelimitedStringToArrayConverterTests.err.log	
190	core/spring-boot	org.springframework.boot.convert.DelimitedStringToCollectionConverterTests	craton	on	0	PASS	1.612	16	0	0	0	0	/data/data/cratonvm/apps/spring-boot-suite-runner/.suite/results/craton-fullsuite-azure-20260805-s1/all-jit/logs/core_spring-boot.org.springframework.boot.convert.DelimitedStringToCollectionConverterTests.out.log	/data/data/cratonvm/apps/spring-boot-suite-runner/.suite/results/craton-fullsuite-azure-20260805-s1/all-jit/logs/core_spring-boot.org.springframework.boot.convert.DelimitedStringToCollectionConverterTests.err.log	
191	core/spring-boot	org.springframework.boot.convert.DurationStyleTests	craton	on	0	PASS	1.210	27	0	0	0	0	/data/data/cratonvm/apps/spring-boot-suite-runner/.suite/results/craton-fullsuite-azure-20260805-s1/all-jit/logs/core_spring-boot.org.springframework.boot.convert.DurationStyleTests.out.log	/data/data/cratonvm/apps/spring-boot-suite-runner/.suite/results/craton-fullsuite-azure-20260805-s1/all-jit/logs/core_spring-boot.org.springframework.boot.convert.DurationStyleTests.err.log	
192	core/spring-boot	org.springframework.boot.convert.DurationToNumberConverterTests	craton	on	0	PASS	3.414	6	0	0	0	0	/data/data/cratonvm/apps/spring-boot-suite-runner/.suite/results/craton-fullsuite-azure-20260805-s1/all-jit/logs/core_spring-boot.org.springframework.boot.convert.DurationToNumberConverterTests.out.log	/data/data/cratonvm/apps/spring-boot-suite-runner/.suite/results/craton-fullsuite-azure-20260805-s1/all-jit/logs/core_spring-boot.org.springframework.boot.convert.DurationToNumberConverterTests.err.log	
193	core/spring-boot	org.springframework.boot.convert.DurationToStringConverterTests	craton	on	0	PASS	3.213	6	0	0	0	0	/data/data/cratonvm/apps/spring-boot-suite-runner/.suite/results/craton-fullsuite-azure-20260805-s1/all-jit/logs/core_spring-boot.org.springframework.boot.convert.DurationToStringConverterTests.out.log	/data/data/cratonvm/apps/spring-boot-suite-runner/.suite/results/craton-fullsuite-azure-20260805-s1/all-jit/logs/core_spring-boot.org.springframework.boot.convert.DurationToStringConverterTests.err.log	
194	core/spring-boot	org.springframework.boot.convert.InetAddressFormatterTests	craton	on	0	PASS	1.205	6	0	0	0	0	/data/data/cratonvm/apps/spring-boot-suite-runner/.suite/results/craton-fullsuite-azure-20260805-s1/all-jit/logs/core_spring-boot.org.springframework.boot.convert.InetAddressFormatterTests.out.log	/data/data/cratonvm/apps/spring-boot-suite-runner/.suite/results/craton-fullsuite-azure-20260805-s1/all-jit/logs/core_spring-boot.org.springframework.boot.convert.InetAddressFormatterTests.err.log	
195	core/spring-boot	org.springframework.boot.convert.InputStreamSourceToByteArrayConverterTests	craton	on	0	PASS	2.610	8	0	0	0	0	/data/data/cratonvm/apps/spring-boot-suite-runner/.suite/results/craton-fullsuite-azure-20260805-s1/all-jit/logs/core_spring-boot.org.springframework.boot.convert.InputStreamSourceToByteArrayConverterTests.out.log	/data/data/cratonvm/apps/spring-boot-suite-runner/.suite/results/craton-fullsuite-azure-20260805-s1/all-jit/logs/core_spring-boot.org.springframework.boot.convert.InputStreamSourceToByteArrayConverterTests.err.log	
196	core/spring-boot	org.springframework.boot.convert.IsoOffsetFormatterTests	craton	on	0	PASS	1.004	4	0	0	0	0	/data/data/cratonvm/apps/spring-boot-suite-runner/.suite/results/craton-fullsuite-azure-20260805-s1/all-jit/logs/core_spring-boot.org.springframework.boot.convert.IsoOffsetFormatterTests.out.log	/data/data/cratonvm/apps/spring-boot-suite-runner/.suite/results/craton-fullsuite-azure-20260805-s1/all-jit/logs/core_spring-boot.org.springframework.boot.convert.IsoOffsetFormatterTests.err.log	
197	core/spring-boot	org.springframework.boot.convert.LenientBooleanToEnumConverterFactoryTests	craton	on	0	PASS	0.808	2	0	0	0	0	/data/data/cratonvm/apps/spring-boot-suite-runner/.suite/results/craton-fullsuite-azure-20260805-s1/all-jit/logs/core_spring-boot.org.springframework.boot.convert.LenientBooleanToEnumConverterFactoryTests.out.log	/data/data/cratonvm/apps/spring-boot-suite-runner/.suite/results/craton-fullsuite-azure-20260805-s1/all-jit/logs/core_spring-boot.org.springframework.boot.convert.LenientBooleanToEnumConverterFactoryTests.err.log	
198	core/spring-boot	org.springframework.boot.convert.LenientStringToEnumConverterFactoryTests	craton	on	0	PASS	1.205	12	0	0	0	0	/data/data/cratonvm/apps/spring-boot-suite-runner/.suite/results/craton-fullsuite-azure-20260805-s1/all-jit/logs/core_spring-boot.org.springframework.boot.convert.LenientStringToEnumConverterFactoryTests.out.log	/data/data/cratonvm/apps/spring-boot-suite-runner/.suite/results/craton-fullsuite-azure-20260805-s1/all-jit/logs/core_spring-boot.org.springframework.boot.convert.LenientStringToEnumConverterFactoryTests.err.log	
199	core/spring-boot	org.springframework.boot.convert.NumberToDataSizeConverterTests	craton	on	0	PASS	3.414	4	0	0	0	0	/data/data/cratonvm/apps/spring-boot-suite-runner/.suite/results/craton-fullsuite-azure-20260805-s1/all-jit/logs/core_spring-boot.org.springframework.boot.convert.NumberToDataSizeConverterTests.out.log	/data/data/cratonvm/apps/spring-boot-suite-runner/.suite/results/craton-fullsuite-azure-20260805-s1/all-jit/logs/core_spring-boot.org.springframework.boot.convert.NumberToDataSizeConverterTests.err.log	
200	core/spring-boot	org.springframework.boot.convert.NumberToDurationConverterTests	craton	on	0	PASS	3.817	4	0	0	0	0	/data/data/cratonvm/apps/spring-boot-suite-runner/.suite/results/craton-fullsuite-azure-20260805-s1/all-jit/logs/core_spring-boot.org.springframework.boot.convert.NumberToDurationConverterTests.out.log	/data/data/cratonvm/apps/spring-boot-suite-runner/.suite/results/craton-fullsuite-azure-20260805-s1/all-jit/logs/core_spring-boot.org.springframework.boot.convert.NumberToDurationConverterTests.err.log	
201	core/spring-boot	org.springframework.boot.convert.NumberToPeriodConverterTests	craton	on	0	PASS	2.811	4	0	0	0	0	/data/data/cratonvm/apps/spring-boot-suite-runner/.suite/results/craton-fullsuite-azure-20260805-s1/all-jit/logs/core_spring-boot.org.springframework.boot.convert.NumberToPeriodConverterTests.out.log	/data/data/cratonvm/apps/spring-boot-suite-runner/.suite/results/craton-fullsuite-azure-20260805-s1/all-jit/logs/core_spring-boot.org.springframework.boot.convert.NumberToPeriodConverterTests.err.log	
202	core/spring-boot	org.springframework.boot.convert.PeriodStyleTests	craton	on	0	PASS	0.804	25	0	0	0	0	/data/data/cratonvm/apps/spring-boot-suite-runner/.suite/results/craton-fullsuite-azure-20260805-s1/all-jit/logs/core_spring-boot.org.springframework.boot.convert.PeriodStyleTests.out.log	/data/data/cratonvm/apps/spring-boot-suite-runner/.suite/results/craton-fullsuite-azure-20260805-s1/all-jit/logs/core_spring-boot.org.springframework.boot.convert.PeriodStyleTests.err.log	
203	core/spring-boot	org.springframework.boot.convert.PeriodToStringConverterTests	craton	on	0	PASS	3.816	12	0	0	0	0	/data/data/cratonvm/apps/spring-boot-suite-runner/.suite/results/craton-fullsuite-azure-20260805-s1/all-jit/logs/core_spring-boot.org.springframework.boot.convert.PeriodToStringConverterTests.out.log	/data/data/cratonvm/apps/spring-boot-suite-runner/.suite/results/craton-fullsuite-azure-20260805-s1/all-jit/logs/core_spring-boot.org.springframework.boot.convert.PeriodToStringConverterTests.err.log	
204	core/spring-boot	org.springframework.boot.convert.StringToDataSizeConverterTests	craton	on	0	PASS	7.063	18	0	0	0	0	/data/data/cratonvm/apps/spring-boot-suite-runner/.suite/results/craton-fullsuite-azure-20260805-s1/all-jit/logs/core_spring-boot.org.springframework.boot.convert.StringToDataSizeConverterTests.out.log	/data/data/cratonvm/apps/spring-boot-suite-runner/.suite/results/craton-fullsuite-azure-20260805-s1/all-jit/logs/core_spring-boot.org.springframework.boot.convert.StringToDataSizeConverterTests.err.log	
205	core/spring-boot	org.springframework.boot.convert.StringToDurationConverterTests	craton	on	0	PASS	6.233	26	0	0	0	0	/data/data/cratonvm/apps/spring-boot-suite-runner/.suite/results/craton-fullsuite-azure-20260805-s1/all-jit/logs/core_spring-boot.org.springframework.boot.convert.StringToDurationConverterTests.out.log	/data/data/cratonvm/apps/spring-boot-suite-runner/.suite/results/craton-fullsuite-azure-20260805-s1/all-jit/logs/core_spring-boot.org.springframework.boot.convert.StringToDurationConverterTests.err.log	
206	core/spring-boot	org.springframework.boot.convert.StringToFileConverterTests	craton	on	0	PASS	2.014	6	0	0	0	0	/data/data/cratonvm/apps/spring-boot-suite-runner/.suite/results/craton-fullsuite-azure-20260805-s1/all-jit/logs/core_spring-boot.org.springframework.boot.convert.StringToFileConverterTests.out.log	/data/data/cratonvm/apps/spring-boot-suite-runner/.suite/results/craton-fullsuite-azure-20260805-s1/all-jit/logs/core_spring-boot.org.springframework.boot.convert.StringToFileConverterTests.err.log	
207	core/spring-boot	org.springframework.boot.convert.StringToPeriodConverterTests	craton	on	0	PASS	5.233	14	0	0	0	0	/data/data/cratonvm/apps/spring-boot-suite-runner/.suite/results/craton-fullsuite-azure-20260805-s1/all-jit/logs/core_spring-boot.org.springframework.boot.convert.StringToPeriodConverterTests.out.log	/data/data/cratonvm/apps/spring-boot-suite-runner/.suite/results/craton-fullsuite-azure-20260805-s1/all-jit/logs/core_spring-boot.org.springframework.boot.convert.StringToPeriodConverterTests.err.log	
208	core/spring-boot	org.springframework.boot.DefaultApplicationArgumentsTests	craton	on	0	PASS	1.606	7	0	0	0	0	/data/data/cratonvm/apps/spring-boot-suite-runner/.suite/results/craton-fullsuite-azure-20260805-s1/all-jit/logs/core_spring-boot.org.springframework.boot.DefaultApplicationArgumentsTests.out.log	/data/data/cratonvm/apps/spring-boot-suite-runner/.suite/results/craton-fullsuite-azure-20260805-s1/all-jit/logs/core_spring-boot.org.springframework.boot.DefaultApplicationArgumentsTests.err.log	
209	core/spring-boot	org.springframework.boot.diagnostics.AbstractFailureAnalyzerTests	craton	on	0	PASS	0.804	7	0	0	0	0	/data/data/cratonvm/apps/spring-boot-suite-runner/.suite/results/craton-fullsuite-azure-20260805-s1/all-jit/logs/core_spring-boot.org.springframework.boot.diagnostics.AbstractFailureAnalyzerTests.out.log	/data/data/cratonvm/apps/spring-boot-suite-runner/.suite/results/craton-fullsuite-azure-20260805-s1/all-jit/logs/core_spring-boot.org.springframework.boot.diagnostics.AbstractFailureAnalyzerTests.err.log	
210	core/spring-boot	org.springframework.boot.diagnostics.analyzer.AotInitializerNotFoundFailureAnalyzerTests	craton	on	0	PASS	0.805	1	0	0	0	0	/data/data/cratonvm/apps/spring-boot-suite-runner/.suite/results/craton-fullsuite-azure-20260805-s1/all-jit/logs/core_spring-boot.org.springframework.boot.diagnostics.analyzer.AotInitializerNotFoundFailureAnalyzerTests.out.log	/data/data/cratonvm/apps/spring-boot-suite-runner/.suite/results/craton-fullsuite-azure-20260805-s1/all-jit/logs/core_spring-boot.org.springframework.boot.diagnostics.analyzer.AotInitializerNotFoundFailureAnalyzerTests.err.log	
211	core/spring-boot	org.springframework.boot.diagnostics.analyzer.BeanCurrentlyInCreationFailureAnalyzerTests	craton	on	0	PASS	2.811	7	0	0	0	0	/data/data/cratonvm/apps/spring-boot-suite-runner/.suite/results/craton-fullsuite-azure-20260805-s1/all-jit/logs/core_spring-boot.org.springframework.boot.diagnostics.analyzer.BeanCurrentlyInCreationFailureAnalyzerTests.out.log	/data/data/cratonvm/apps/spring-boot-suite-runner/.suite/results/craton-fullsuite-azure-20260805-s1/all-jit/logs/core_spring-boot.org.springframework.boot.diagnostics.analyzer.BeanCurrentlyInCreationFailureAnalyzerTests.err.log	
212	core/spring-boot	org.springframework.boot.diagnostics.analyzer.BeanDefinitionOverrideFailureAnalyzerTests	craton	on	0	PASS	1.814	2	0	0	0	0	/data/data/cratonvm/apps/spring-boot-suite-runner/.suite/results/craton-fullsuite-azure-20260805-s1/all-jit/logs/core_spring-boot.org.springframework.boot.diagnostics.analyzer.BeanDefinitionOverrideFailureAnalyzerTests.out.log	/data/data/cratonvm/apps/spring-boot-suite-runner/.suite/results/craton-fullsuite-azure-20260805-s1/all-jit/logs/core_spring-boot.org.springframework.boot.diagnostics.analyzer.BeanDefinitionOverrideFailureAnalyzerTests.err.log	
213	core/spring-boot	org.springframework.boot.diagnostics.analyzer.BeanNotOfRequiredTypeFailureAnalyzerTests	craton	on	0	PASS	2.413	1	0	0	0	0	/data/data/cratonvm/apps/spring-boot-suite-runner/.suite/results/craton-fullsuite-azure-20260805-s1/all-jit/logs/core_spring-boot.org.springframework.boot.diagnostics.analyzer.BeanNotOfRequiredTypeFailureAnalyzerTests.out.log	/data/data/cratonvm/apps/spring-boot-suite-runner/.suite/results/craton-fullsuite-azure-20260805-s1/all-jit/logs/core_spring-boot.org.springframework.boot.diagnostics.analyzer.BeanNotOfRequiredTypeFailureAnalyzerTests.err.log	
214	core/spring-boot	org.springframework.boot.diagnostics.analyzer.BindFailureAnalyzerTests	craton	on	0	PASS	5.025	8	0	0	0	0	/data/data/cratonvm/apps/spring-boot-suite-runner/.suite/results/craton-fullsuite-azure-20260805-s1/all-jit/logs/core_spring-boot.org.springframework.boot.diagnostics.analyzer.BindFailureAnalyzerTests.out.log	/data/data/cratonvm/apps/spring-boot-suite-runner/.suite/results/craton-fullsuite-azure-20260805-s1/all-jit/logs/core_spring-boot.org.springframework.boot.diagnostics.analyzer.BindFailureAnalyzerTests.err.log	
215	core/spring-boot	org.springframework.boot.diagnostics.analyzer.BindValidationFailureAnalyzerTests	craton	on	0	PASS	3.628	4	0	0	0	0	/data/data/cratonvm/apps/spring-boot-suite-runner/.suite/results/craton-fullsuite-azure-20260805-s1/all-jit/logs/core_spring-boot.org.springframework.boot.diagnostics.analyzer.BindValidationFailureAnalyzerTests.out.log	/data/data/cratonvm/apps/spring-boot-suite-runner/.suite/results/craton-fullsuite-azure-20260805-s1/all-jit/logs/core_spring-boot.org.springframework.boot.diagnostics.analyzer.BindValidationFailureAnalyzerTests.err.log	
216	core/spring-boot	org.springframework.boot.diagnostics.analyzer.InvalidConfigurationPropertyNameFailureAnalyzerTests	craton	on	0	PASS	2.008	1	0	0	0	0	/data/data/cratonvm/apps/spring-boot-suite-runner/.suite/results/craton-fullsuite-azure-20260805-s1/all-jit/logs/core_spring-boot.org.springframework.boot.diagnostics.analyzer.InvalidConfigurationPropertyNameFailureAnalyzerTests.out.log	/data/data/cratonvm/apps/spring-boot-suite-runner/.suite/results/craton-fullsuite-azure-20260805-s1/all-jit/logs/core_spring-boot.org.springframework.boot.diagnostics.analyzer.InvalidConfigurationPropertyNameFailureAnalyzerTests.err.log	
217	core/spring-boot	org.springframework.boot.diagnostics.analyzer.InvalidConfigurationPropertyValueFailureAnalyzerTests	craton	on	0	PASS	1.606	6	0	0	0	0	/data/data/cratonvm/apps/spring-boot-suite-runner/.suite/results/craton-fullsuite-azure-20260805-s1/all-jit/logs/core_spring-boot.org.springframework.boot.diagnostics.analyzer.InvalidConfigurationPropertyValueFailureAnalyzerTests.out.log	/data/data/cratonvm/apps/spring-boot-suite-runner/.suite/results/craton-fullsuite-azure-20260805-s1/all-jit/logs/core_spring-boot.org.springframework.boot.diagnostics.analyzer.InvalidConfigurationPropertyValueFailureAnalyzerTests.err.log	
218	core/spring-boot	org.springframework.boot.diagnostics.analyzer.JakartaApiValidationExceptionFailureAnalyzerTests	craton	on	0	PASS	5.424	2	0	0	0	0	/data/data/cratonvm/apps/spring-boot-suite-runner/.suite/results/craton-fullsuite-azure-20260805-s1/all-jit/logs/core_spring-boot.org.springframework.boot.diagnostics.analyzer.JakartaApiValidationExceptionFailureAnalyzerTests.out.log	/data/data/cratonvm/apps/spring-boot-suite-runner/.suite/results/craton-fullsuite-azure-20260805-s1/all-jit/logs/core_spring-boot.org.springframework.boot.diagnostics.analyzer.JakartaApiValidationExceptionFailureAnalyzerTests.err.log	
219	core/spring-boot	org.springframework.boot.diagnostics.analyzer.MissingParameterNamesFailureAnalyzerTests	craton	on	0	PASS	3.419	5	0	0	0	0	/data/data/cratonvm/apps/spring-boot-suite-runner/.suite/results/craton-fullsuite-azure-20260805-s1/all-jit/logs/core_spring-boot.org.springframework.boot.diagnostics.analyzer.MissingParameterNamesFailureAnalyzerTests.out.log	/data/data/cratonvm/apps/spring-boot-suite-runner/.suite/results/craton-fullsuite-azure-20260805-s1/all-jit/logs/core_spring-boot.org.springframework.boot.diagnostics.analyzer.MissingParameterNamesFailureAnalyzerTests.err.log	
220	core/spring-boot	org.springframework.boot.diagnostics.analyzer.MutuallyExclusiveConfigurationPropertiesFailureAnalyzerTests	craton	on	0	PASS	3.215	4	0	0	0	0	/data/data/cratonvm/apps/spring-boot-suite-runner/.suite/results/craton-fullsuite-azure-20260805-s1/all-jit/logs/core_spring-boot.org.springframework.boot.diagnostics.analyzer.MutuallyExclusiveConfigurationPropertiesFai-ca7aa6a306df.out.log	/data/data/cratonvm/apps/spring-boot-suite-runner/.suite/results/craton-fullsuite-azure-20260805-s1/all-jit/logs/core_spring-boot.org.springframework.boot.diagnostics.analyzer.MutuallyExclusiveConfigurationPropertiesFai-ca7aa6a306df.err.log	
221	core/spring-boot	org.springframework.boot.diagnostics.analyzer.NoSuchMethodFailureAnalyzerTests	craton	on	0	PASS	6.243	4	0	0	0	0	/data/data/cratonvm/apps/spring-boot-suite-runner/.suite/results/craton-fullsuite-azure-20260805-s1/all-jit/logs/core_spring-boot.org.springframework.boot.diagnostics.analyzer.NoSuchMethodFailureAnalyzerTests.out.log	/data/data/cratonvm/apps/spring-boot-suite-runner/.suite/results/craton-fullsuite-azure-20260805-s1/all-jit/logs/core_spring-boot.org.springframework.boot.diagnostics.analyzer.NoSuchMethodFailureAnalyzerTests.err.log	
222	core/spring-boot	org.springframework.boot.diagnostics.analyzer.NoUniqueBeanDefinitionFailureAnalyzerTests	craton	on	0	PASS	10.054	8	0	0	0	0	/data/data/cratonvm/apps/spring-boot-suite-runner/.suite/results/craton-fullsuite-azure-20260805-s1/all-jit/logs/core_spring-boot.org.springframework.boot.diagnostics.analyzer.NoUniqueBeanDefinitionFailureAnalyzerTests.out.log	/data/data/cratonvm/apps/spring-boot-suite-runner/.suite/results/craton-fullsuite-azure-20260805-s1/all-jit/logs/core_spring-boot.org.springframework.boot.diagnostics.analyzer.NoUniqueBeanDefinitionFailureAnalyzerTests.err.log	
223	core/spring-boot	org.springframework.boot.diagnostics.analyzer.PatternParseFailureAnalyzerTests	craton	on	0	PASS	0.603	1	0	0	0	0	/data/data/cratonvm/apps/spring-boot-suite-runner/.suite/results/craton-fullsuite-azure-20260805-s1/all-jit/logs/core_spring-boot.org.springframework.boot.diagnostics.analyzer.PatternParseFailureAnalyzerTests.out.log	/data/data/cratonvm/apps/spring-boot-suite-runner/.suite/results/craton-fullsuite-azure-20260805-s1/all-jit/logs/core_spring-boot.org.springframework.boot.diagnostics.analyzer.PatternParseFailureAnalyzerTests.err.log	
224	core/spring-boot	org.springframework.boot.diagnostics.analyzer.UnboundConfigurationPropertyFailureAnalyzerTests	craton	on	0	PASS	2.210	1	0	0	0	0	/data/data/cratonvm/apps/spring-boot-suite-runner/.suite/results/craton-fullsuite-azure-20260805-s1/all-jit/logs/core_spring-boot.org.springframework.boot.diagnostics.analyzer.UnboundConfigurationPropertyFailureAnalyzerTests.out.log	/data/data/cratonvm/apps/spring-boot-suite-runner/.suite/results/craton-fullsuite-azure-20260805-s1/all-jit/logs/core_spring-boot.org.springframework.boot.diagnostics.analyzer.UnboundConfigurationPropertyFailureAnalyzerTests.err.log	
225	core/spring-boot	org.springframework.boot.diagnostics.FailureAnalyzersIntegrationTests	craton	on	0	PASS	4.220	1	0	0	0	0	/data/data/cratonvm/apps/spring-boot-suite-runner/.suite/results/craton-fullsuite-azure-20260805-s1/all-jit/logs/core_spring-boot.org.springframework.boot.diagnostics.FailureAnalyzersIntegrationTests.out.log	/data/data/cratonvm/apps/spring-boot-suite-runner/.suite/results/craton-fullsuite-azure-20260805-s1/all-jit/logs/core_spring-boot.org.springframework.boot.diagnostics.FailureAnalyzersIntegrationTests.err.log	
226	core/spring-boot	org.springframework.boot.diagnostics.FailureAnalyzersTests	craton	on	0	PASS	2.814	8	0	0	0	0	/data/data/cratonvm/apps/spring-boot-suite-runner/.suite/results/craton-fullsuite-azure-20260805-s1/all-jit/logs/core_spring-boot.org.springframework.boot.diagnostics.FailureAnalyzersTests.out.log	/data/data/cratonvm/apps/spring-boot-suite-runner/.suite/results/craton-fullsuite-azure-20260805-s1/all-jit/logs/core_spring-boot.org.springframework.boot.diagnostics.FailureAnalyzersTests.err.log	
227	core/spring-boot	org.springframework.boot.env.ConfigTreePropertySourceTests	craton	on	0	PASS	2.457	23	0	0	0	0	/data/data/cratonvm/apps/spring-boot-suite-runner/.suite/results/craton-fullsuite-azure-20260805-s1/all-jit/logs/core_spring-boot.org.springframework.boot.env.ConfigTreePropertySourceTests.out.log	/data/data/cratonvm/apps/spring-boot-suite-runner/.suite/results/craton-fullsuite-azure-20260805-s1/all-jit/logs/core_spring-boot.org.springframework.boot.env.ConfigTreePropertySourceTests.err.log	
228	core/spring-boot	org.springframework.boot.env.DefaultPropertiesPropertySourceTests	craton	on	0	PASS	3.017	13	0	0	0	0	/data/data/cratonvm/apps/spring-boot-suite-runner/.suite/results/craton-fullsuite-azure-20260805-s1/all-jit/logs/core_spring-boot.org.springframework.boot.env.DefaultPropertiesPropertySourceTests.out.log	/data/data/cratonvm/apps/spring-boot-suite-runner/.suite/results/craton-fullsuite-azure-20260805-s1/all-jit/logs/core_spring-boot.org.springframework.boot.env.DefaultPropertiesPropertySourceTests.err.log	
229	core/spring-boot	org.springframework.boot.env.EnvironmentPostProcessorsFactoryTests	craton	on	0	PASS	1.406	4	0	0	0	0	/data/data/cratonvm/apps/spring-boot-suite-runner/.suite/results/craton-fullsuite-azure-20260805-s1/all-jit/logs/core_spring-boot.org.springframework.boot.env.EnvironmentPostProcessorsFactoryTests.out.log	/data/data/cratonvm/apps/spring-boot-suite-runner/.suite/results/craton-fullsuite-azure-20260805-s1/all-jit/logs/core_spring-boot.org.springframework.boot.env.EnvironmentPostProcessorsFactoryTests.err.log	
230	core/spring-boot	org.springframework.boot.env.NoSnakeYamlPropertySourceLoaderTests	craton	on	0	PASS	1.206	1	0	0	0	0	/data/data/cratonvm/apps/spring-boot-suite-runner/.suite/results/craton-fullsuite-azure-20260805-s1/all-jit/logs/core_spring-boot.org.springframework.boot.env.NoSnakeYamlPropertySourceLoaderTests.out.log	/data/data/cratonvm/apps/spring-boot-suite-runner/.suite/results/craton-fullsuite-azure-20260805-s1/all-jit/logs/core_spring-boot.org.springframework.boot.env.NoSnakeYamlPropertySourceLoaderTests.err.log	
231	core/spring-boot	org.springframework.boot.env.OriginTrackedMapPropertySourceTests	craton	on	0	PASS	2.418	6	0	0	0	0	/data/data/cratonvm/apps/spring-boot-suite-runner/.suite/results/craton-fullsuite-azure-20260805-s1/all-jit/logs/core_spring-boot.org.springframework.boot.env.OriginTrackedMapPropertySourceTests.out.log	/data/data/cratonvm/apps/spring-boot-suite-runner/.suite/results/craton-fullsuite-azure-20260805-s1/all-jit/logs/core_spring-boot.org.springframework.boot.env.OriginTrackedMapPropertySourceTests.err.log	
232	core/spring-boot	org.springframework.boot.env.OriginTrackedPropertiesLoaderTests	craton	on	0	PASS	2.012	40	0	0	0	0	/data/data/cratonvm/apps/spring-boot-suite-runner/.suite/results/craton-fullsuite-azure-20260805-s1/all-jit/logs/core_spring-boot.org.springframework.boot.env.OriginTrackedPropertiesLoaderTests.out.log	/data/data/cratonvm/apps/spring-boot-suite-runner/.suite/results/craton-fullsuite-azure-20260805-s1/all-jit/logs/core_spring-boot.org.springframework.boot.env.OriginTrackedPropertiesLoaderTests.err.log	
233	core/spring-boot	org.springframework.boot.env.OriginTrackedYamlLoaderTests	craton	on	0	PASS	111.200	13	0	0	0	0	/data/data/cratonvm/apps/spring-boot-suite-runner/.suite/results/craton-fullsuite-azure-20260805-s1/all-jit/logs/core_spring-boot.org.springframework.boot.env.OriginTrackedYamlLoaderTests.out.log	/data/data/cratonvm/apps/spring-boot-suite-runner/.suite/results/craton-fullsuite-azure-20260805-s1/all-jit/logs/core_spring-boot.org.springframework.boot.env.OriginTrackedYamlLoaderTests.err.log	
234	core/spring-boot	org.springframework.boot.env.PropertiesPropertySourceLoaderTests	craton	on	0	PASS	1.408	7	0	0	0	0	/data/data/cratonvm/apps/spring-boot-suite-runner/.suite/results/craton-fullsuite-azure-20260805-s1/all-jit/logs/core_spring-boot.org.springframework.boot.env.PropertiesPropertySourceLoaderTests.out.log	/data/data/cratonvm/apps/spring-boot-suite-runner/.suite/results/craton-fullsuite-azure-20260805-s1/all-jit/logs/core_spring-boot.org.springframework.boot.env.PropertiesPropertySourceLoaderTests.err.log	
235	core/spring-boot	org.springframework.boot.env.RandomValuePropertySourceTests	craton	on	0	PASS	2.817	22	0	0	0	0	/data/data/cratonvm/apps/spring-boot-suite-runner/.suite/results/craton-fullsuite-azure-20260805-s1/all-jit/logs/core_spring-boot.org.springframework.boot.env.RandomValuePropertySourceTests.out.log	/data/data/cratonvm/apps/spring-boot-suite-runner/.suite/results/craton-fullsuite-azure-20260805-s1/all-jit/logs/core_spring-boot.org.springframework.boot.env.RandomValuePropertySourceTests.err.log	
236	core/spring-boot	org.springframework.boot.env.YamlPropertySourceLoaderTests	craton	on	0	PASS	1.607	5	0	0	0	0	/data/data/cratonvm/apps/spring-boot-suite-runner/.suite/results/craton-fullsuite-azure-20260805-s1/all-jit/logs/core_spring-boot.org.springframework.boot.env.YamlPropertySourceLoaderTests.out.log	/data/data/cratonvm/apps/spring-boot-suite-runner/.suite/results/craton-fullsuite-azure-20260805-s1/all-jit/logs/core_spring-boot.org.springframework.boot.env.YamlPropertySourceLoaderTests.err.log	
237	core/spring-boot	org.springframework.boot.EnvironmentConverterTests	craton	on	0	PASS	3.017	7	0	0	0	0	/data/data/cratonvm/apps/spring-boot-suite-runner/.suite/results/craton-fullsuite-azure-20260805-s1/all-jit/logs/core_spring-boot.org.springframework.boot.EnvironmentConverterTests.out.log	/data/data/cratonvm/apps/spring-boot-suite-runner/.suite/results/craton-fullsuite-azure-20260805-s1/all-jit/logs/core_spring-boot.org.springframework.boot.EnvironmentConverterTests.err.log	
238	core/spring-boot	org.springframework.boot.ExitCodeGeneratorsTests	craton	on	0	PASS	2.212	7	0	0	0	0	/data/data/cratonvm/apps/spring-boot-suite-runner/.suite/results/craton-fullsuite-azure-20260805-s1/all-jit/logs/core_spring-boot.org.springframework.boot.ExitCodeGeneratorsTests.out.log	/data/data/cratonvm/apps/spring-boot-suite-runner/.suite/results/craton-fullsuite-azure-20260805-s1/all-jit/logs/core_spring-boot.org.springframework.boot.ExitCodeGeneratorsTests.err.log	
239	core/spring-boot	org.springframework.boot.info.BuildPropertiesTests	craton	on	0	PASS	0.805	3	0	0	0	0	/data/data/cratonvm/apps/spring-boot-suite-runner/.suite/results/craton-fullsuite-azure-20260805-s1/all-jit/logs/core_spring-boot.org.springframework.boot.info.BuildPropertiesTests.out.log	/data/data/cratonvm/apps/spring-boot-suite-runner/.suite/results/craton-fullsuite-azure-20260805-s1/all-jit/logs/core_spring-boot.org.springframework.boot.info.BuildPropertiesTests.err.log	
240	core/spring-boot	org.springframework.boot.info.GitPropertiesTests	craton	on	0	PASS	0.804	10	0	0	0	0	/data/data/cratonvm/apps/spring-boot-suite-runner/.suite/results/craton-fullsuite-azure-20260805-s1/all-jit/logs/core_spring-boot.org.springframework.boot.info.GitPropertiesTests.out.log	/data/data/cratonvm/apps/spring-boot-suite-runner/.suite/results/craton-fullsuite-azure-20260805-s1/all-jit/logs/core_spring-boot.org.springframework.boot.info.GitPropertiesTests.err.log	
241	core/spring-boot	org.springframework.boot.info.InfoPropertiesTests	craton	on	0	PASS	1.411	4	0	0	0	0	/data/data/cratonvm/apps/spring-boot-suite-runner/.suite/results/craton-fullsuite-azure-20260805-s1/all-jit/logs/core_spring-boot.org.springframework.boot.info.InfoPropertiesTests.out.log	/data/data/cratonvm/apps/spring-boot-suite-runner/.suite/results/craton-fullsuite-azure-20260805-s1/all-jit/logs/core_spring-boot.org.springframework.boot.info.InfoPropertiesTests.err.log	
242	core/spring-boot	org.springframework.boot.info.JavaInfoTests	craton	on	0	PASS	0.604	1	0	0	0	0	/data/data/cratonvm/apps/spring-boot-suite-runner/.suite/results/craton-fullsuite-azure-20260805-s1/all-jit/logs/core_spring-boot.org.springframework.boot.info.JavaInfoTests.out.log	/data/data/cratonvm/apps/spring-boot-suite-runner/.suite/results/craton-fullsuite-azure-20260805-s1/all-jit/logs/core_spring-boot.org.springframework.boot.info.JavaInfoTests.err.log	
243	core/spring-boot	org.springframework.boot.info.OsInfoTests	craton	on	0	PASS	0.603	1	0	0	0	0	/data/data/cratonvm/apps/spring-boot-suite-runner/.suite/results/craton-fullsuite-azure-20260805-s1/all-jit/logs/core_spring-boot.org.springframework.boot.info.OsInfoTests.out.log	/data/data/cratonvm/apps/spring-boot-suite-runner/.suite/results/craton-fullsuite-azure-20260805-s1/all-jit/logs/core_spring-boot.org.springframework.boot.info.OsInfoTests.err.log	
244	core/spring-boot	org.springframework.boot.info.ProcessInfoTests	craton	on	0	PASS	0.803	3	0	0	1	0	/data/data/cratonvm/apps/spring-boot-suite-runner/.suite/results/craton-fullsuite-azure-20260805-s1/all-jit/logs/core_spring-boot.org.springframework.boot.info.ProcessInfoTests.out.log	/data/data/cratonvm/apps/spring-boot-suite-runner/.suite/results/craton-fullsuite-azure-20260805-s1/all-jit/logs/core_spring-boot.org.springframework.boot.info.ProcessInfoTests.err.log	
245	core/spring-boot	org.springframework.boot.info.SslInfoTests	craton	on	0	PASS	2.008	8	0	0	0	0	/data/data/cratonvm/apps/spring-boot-suite-runner/.suite/results/craton-fullsuite-azure-20260805-s1/all-jit/logs/core_spring-boot.org.springframework.boot.info.SslInfoTests.out.log	/data/data/cratonvm/apps/spring-boot-suite-runner/.suite/results/craton-fullsuite-azure-20260805-s1/all-jit/logs/core_spring-boot.org.springframework.boot.info.SslInfoTests.err.log	
246	core/spring-boot	org.springframework.boot.io.ApplicationResourceLoaderTests	craton	on	0	PASS	2.012	31	0	0	0	0	/data/data/cratonvm/apps/spring-boot-suite-runner/.suite/results/craton-fullsuite-azure-20260805-s1/all-jit/logs/core_spring-boot.org.springframework.boot.io.ApplicationResourceLoaderTests.out.log	/data/data/cratonvm/apps/spring-boot-suite-runner/.suite/results/craton-fullsuite-azure-20260805-s1/all-jit/logs/core_spring-boot.org.springframework.boot.io.ApplicationResourceLoaderTests.err.log	
247	core/spring-boot	org.springframework.boot.context.properties.source.ConfigurationPropertySourcesTests	craton	on	137	CRASH	1016.755	0	0	0	0	0	/data/data/cratonvm/apps/spring-boot-suite-runner/.suite/results/craton-fullsuite-azure-20260805-s1/all-jit/logs/core_spring-boot.org.springframework.boot.context.properties.source.ConfigurationPropertySourcesTests.out.log	/data/data/cratonvm/apps/spring-boot-suite-runner/.suite/results/craton-fullsuite-azure-20260805-s1/all-jit/logs/core_spring-boot.org.springframework.boot.context.properties.source.ConfigurationPropertySourcesTests.err.log	hotspot-baseline: PASS 0/11
