index	module	class	vm	jit	rc	status	seconds	tests	failed	aborted	skipped	containersFailed	stdoutLog	stderrLog	note
1	core/spring-boot-docker-compose	org.springframework.boot.docker.compose.core.DockerComposeOriginTests	craton	on	0	PASS	0.641	3	0	0	0	0	/data/data/cratonvm/apps/spring-boot-suite-runner/.suite/results/craton-fullsuite-azure-20260805-s3/all-jit/logs/core_spring-boot-docker-compose.org.springframework.boot.docker.compose.core.DockerComposeOriginTests.out.log	/data/data/cratonvm/apps/spring-boot-suite-runner/.suite/results/craton-fullsuite-azure-20260805-s3/all-jit/logs/core_spring-boot-docker-compose.org.springframework.boot.docker.compose.core.DockerComposeOriginTests.err.log	
2	core/spring-boot-docker-compose	org.springframework.boot.docker.compose.core.DockerComposeFileTests	craton	on	0	PASS	0.939	13	0	0	0	0	/data/data/cratonvm/apps/spring-boot-suite-runner/.suite/results/craton-fullsuite-azure-20260805-s3/all-jit/logs/core_spring-boot-docker-compose.org.springframework.boot.docker.compose.core.DockerComposeFileTests.out.log	/data/data/cratonvm/apps/spring-boot-suite-runner/.suite/results/craton-fullsuite-azure-20260805-s3/all-jit/logs/core_spring-boot-docker-compose.org.springframework.boot.docker.compose.core.DockerComposeFileTests.err.log	
3	core/spring-boot-docker-compose	org.springframework.boot.docker.compose.core.DockerEnvTests	craton	on	0	PASS	0.625	3	0	0	0	0	/data/data/cratonvm/apps/spring-boot-suite-runner/.suite/results/craton-fullsuite-azure-20260805-s3/all-jit/logs/core_spring-boot-docker-compose.org.springframework.boot.docker.compose.core.DockerEnvTests.out.log	/data/data/cratonvm/apps/spring-boot-suite-runner/.suite/results/craton-fullsuite-azure-20260805-s3/all-jit/logs/core_spring-boot-docker-compose.org.springframework.boot.docker.compose.core.DockerEnvTests.err.log	
4	core/spring-boot-docker-compose	org.springframework.boot.docker.compose.core.DockerHostTests	craton	on	0	PASS	1.060	18	0	0	0	0	/data/data/cratonvm/apps/spring-boot-suite-runner/.suite/results/craton-fullsuite-azure-20260805-s3/all-jit/logs/core_spring-boot-docker-compose.org.springframework.boot.docker.compose.core.DockerHostTests.out.log	/data/data/cratonvm/apps/spring-boot-suite-runner/.suite/results/craton-fullsuite-azure-20260805-s3/all-jit/logs/core_spring-boot-docker-compose.org.springframework.boot.docker.compose.core.DockerHostTests.err.log	
5	core/spring-boot-docker-compose	org.springframework.boot.docker.compose.core.DockerJsonTests	craton	on	0	PASS	1.057	5	0	0	0	0	/data/data/cratonvm/apps/spring-boot-suite-runner/.suite/results/craton-fullsuite-azure-20260805-s3/all-jit/logs/core_spring-boot-docker-compose.org.springframework.boot.docker.compose.core.DockerJsonTests.out.log	/data/data/cratonvm/apps/spring-boot-suite-runner/.suite/results/craton-fullsuite-azure-20260805-s3/all-jit/logs/core_spring-boot-docker-compose.org.springframework.boot.docker.compose.core.DockerJsonTests.err.log	
6	core/spring-boot-docker-compose	org.springframework.boot.docker.compose.core.ImageNameTests	craton	on	0	PASS	1.235	17	0	0	0	0	/data/data/cratonvm/apps/spring-boot-suite-runner/.suite/results/craton-fullsuite-azure-20260805-s3/all-jit/logs/core_spring-boot-docker-compose.org.springframework.boot.docker.compose.core.ImageNameTests.out.log	/data/data/cratonvm/apps/spring-boot-suite-runner/.suite/results/craton-fullsuite-azure-20260805-s3/all-jit/logs/core_spring-boot-docker-compose.org.springframework.boot.docker.compose.core.ImageNameTests.err.log	
7	core/spring-boot-docker-compose	org.springframework.boot.docker.compose.core.ImageReferenceTests	craton	on	0	PASS	1.060	15	0	0	0	0	/data/data/cratonvm/apps/spring-boot-suite-runner/.suite/results/craton-fullsuite-azure-20260805-s3/all-jit/logs/core_spring-boot-docker-compose.org.springframework.boot.docker.compose.core.ImageReferenceTests.out.log	/data/data/cratonvm/apps/spring-boot-suite-runner/.suite/results/craton-fullsuite-azure-20260805-s3/all-jit/logs/core_spring-boot-docker-compose.org.springframework.boot.docker.compose.core.ImageReferenceTests.err.log	
8	core/spring-boot-docker-compose	org.springframework.boot.docker.compose.core.ProcessRunnerTests	craton	on	0	EMPTY	1.053	0	0	0	4	0	/data/data/cratonvm/apps/spring-boot-suite-runner/.suite/results/craton-fullsuite-azure-20260805-s3/all-jit/logs/core_spring-boot-docker-compose.org.springframework.boot.docker.compose.core.ProcessRunnerTests.out.log	/data/data/cratonvm/apps/spring-boot-suite-runner/.suite/results/craton-fullsuite-azure-20260805-s3/all-jit/logs/core_spring-boot-docker-compose.org.springframework.boot.docker.compose.core.ProcessRunnerTests.err.log	
9	core/spring-boot-docker-compose	org.springframework.boot.docker.compose.lifecycle.DockerComposeLifecycleManagerTests	craton	on	0	PASS	8.964	31	0	0	0	0	/data/data/cratonvm/apps/spring-boot-suite-runner/.suite/results/craton-fullsuite-azure-20260805-s3/all-jit/logs/core_spring-boot-docker-compose.org.springframework.boot.docker.compose.lifecycle.DockerComposeLifecycleManagerTests.out.log	/data/data/cratonvm/apps/spring-boot-suite-runner/.suite/results/craton-fullsuite-azure-20260805-s3/all-jit/logs/core_spring-boot-docker-compose.org.springframework.boot.docker.compose.lifecycle.DockerComposeLifecycleManagerTests.err.log	
10	core/spring-boot-docker-compose	org.springframework.boot.docker.compose.lifecycle.DockerComposeListenerTests	craton	on	0	PASS	10.560	1	0	0	0	0	/data/data/cratonvm/apps/spring-boot-suite-runner/.suite/results/craton-fullsuite-azure-20260805-s3/all-jit/logs/core_spring-boot-docker-compose.org.springframework.boot.docker.compose.lifecycle.DockerComposeListenerTests.out.log	/data/data/cratonvm/apps/spring-boot-suite-runner/.suite/results/craton-fullsuite-azure-20260805-s3/all-jit/logs/core_spring-boot-docker-compose.org.springframework.boot.docker.compose.lifecycle.DockerComposeListenerTests.err.log	
11	core/spring-boot-docker-compose	org.springframework.boot.docker.compose.lifecycle.DockerComposePropertiesTests	craton	on	0	PASS	2.655	4	0	0	0	0	/data/data/cratonvm/apps/spring-boot-suite-runner/.suite/results/craton-fullsuite-azure-20260805-s3/all-jit/logs/core_spring-boot-docker-compose.org.springframework.boot.docker.compose.lifecycle.DockerComposePropertiesTests.out.log	/data/data/cratonvm/apps/spring-boot-suite-runner/.suite/results/craton-fullsuite-azure-20260805-s3/all-jit/logs/core_spring-boot-docker-compose.org.springframework.boot.docker.compose.lifecycle.DockerComposePropertiesTests.err.log	
12	core/spring-boot-docker-compose	org.springframework.boot.docker.compose.lifecycle.LifecycleManagementTests	craton	on	0	PASS	0.603	6	0	0	0	0	/data/data/cratonvm/apps/spring-boot-suite-runner/.suite/results/craton-fullsuite-azure-20260805-s3/all-jit/logs/core_spring-boot-docker-compose.org.springframework.boot.docker.compose.lifecycle.LifecycleManagementTests.out.log	/data/data/cratonvm/apps/spring-boot-suite-runner/.suite/results/craton-fullsuite-azure-20260805-s3/all-jit/logs/core_spring-boot-docker-compose.org.springframework.boot.docker.compose.lifecycle.LifecycleManagementTests.err.log	
13	core/spring-boot-docker-compose	org.springframework.boot.docker.compose.lifecycle.ReadinessTimeoutExceptionTests	craton	on	0	PASS	1.815	1	0	0	0	0	/data/data/cratonvm/apps/spring-boot-suite-runner/.suite/results/craton-fullsuite-azure-20260805-s3/all-jit/logs/core_spring-boot-docker-compose.org.springframework.boot.docker.compose.lifecycle.ReadinessTimeoutExceptionTests.out.log	/data/data/cratonvm/apps/spring-boot-suite-runner/.suite/results/craton-fullsuite-azure-20260805-s3/all-jit/logs/core_spring-boot-docker-compose.org.springframework.boot.docker.compose.lifecycle.ReadinessTimeoutExceptionTests.err.log	
14	core/spring-boot-docker-compose	org.springframework.boot.docker.compose.lifecycle.DockerComposeServicesReadyEventTests	craton	on	0	PASS	4.313	2	0	0	0	0	/data/data/cratonvm/apps/spring-boot-suite-runner/.suite/results/craton-fullsuite-azure-20260805-s3/all-jit/logs/core_spring-boot-docker-compose.org.springframework.boot.docker.compose.lifecycle.DockerComposeServicesReadyEventTests.out.log	/data/data/cratonvm/apps/spring-boot-suite-runner/.suite/results/craton-fullsuite-azure-20260805-s3/all-jit/logs/core_spring-boot-docker-compose.org.springframework.boot.docker.compose.lifecycle.DockerComposeServicesReadyEventTests.err.log	
15	core/spring-boot-docker-compose	org.springframework.boot.docker.compose.lifecycle.ServiceNotReadyExceptionTests	craton	on	0	PASS	1.846	1	0	0	0	0	/data/data/cratonvm/apps/spring-boot-suite-runner/.suite/results/craton-fullsuite-azure-20260805-s3/all-jit/logs/core_spring-boot-docker-compose.org.springframework.boot.docker.compose.lifecycle.ServiceNotReadyExceptionTests.out.log	/data/data/cratonvm/apps/spring-boot-suite-runner/.suite/results/craton-fullsuite-azure-20260805-s3/all-jit/logs/core_spring-boot-docker-compose.org.springframework.boot.docker.compose.lifecycle.ServiceNotReadyExceptionTests.err.log	
16	core/spring-boot-docker-compose	org.springframework.boot.docker.compose.lifecycle.StartCommandTests	craton	on	0	PASS	2.414	2	0	0	0	0	/data/data/cratonvm/apps/spring-boot-suite-runner/.suite/results/craton-fullsuite-azure-20260805-s3/all-jit/logs/core_spring-boot-docker-compose.org.springframework.boot.docker.compose.lifecycle.StartCommandTests.out.log	/data/data/cratonvm/apps/spring-boot-suite-runner/.suite/results/craton-fullsuite-azure-20260805-s3/all-jit/logs/core_spring-boot-docker-compose.org.springframework.boot.docker.compose.lifecycle.StartCommandTests.err.log	
17	core/spring-boot-docker-compose	org.springframework.boot.docker.compose.lifecycle.ServiceReadinessChecksTests	craton	on	0	PASS	4.498	4	0	0	0	0	/data/data/cratonvm/apps/spring-boot-suite-runner/.suite/results/craton-fullsuite-azure-20260805-s3/all-jit/logs/core_spring-boot-docker-compose.org.springframework.boot.docker.compose.lifecycle.ServiceReadinessChecksTests.out.log	/data/data/cratonvm/apps/spring-boot-suite-runner/.suite/results/craton-fullsuite-azure-20260805-s3/all-jit/logs/core_spring-boot-docker-compose.org.springframework.boot.docker.compose.lifecycle.ServiceReadinessChecksTests.err.log	
18	core/spring-boot-docker-compose	org.springframework.boot.docker.compose.lifecycle.StopCommandTests	craton	on	0	PASS	2.239	2	0	0	0	0	/data/data/cratonvm/apps/spring-boot-suite-runner/.suite/results/craton-fullsuite-azure-20260805-s3/all-jit/logs/core_spring-boot-docker-compose.org.springframework.boot.docker.compose.lifecycle.StopCommandTests.out.log	/data/data/cratonvm/apps/spring-boot-suite-runner/.suite/results/craton-fullsuite-azure-20260805-s3/all-jit/logs/core_spring-boot-docker-compose.org.springframework.boot.docker.compose.lifecycle.StopCommandTests.err.log	
19	core/spring-boot-docker-compose	org.springframework.boot.docker.compose.lifecycle.TcpConnectServiceReadinessCheckTests	craton	on	0	PASS	2.650	4	0	0	0	0	/data/data/cratonvm/apps/spring-boot-suite-runner/.suite/results/craton-fullsuite-azure-20260805-s3/all-jit/logs/core_spring-boot-docker-compose.org.springframework.boot.docker.compose.lifecycle.TcpConnectServiceReadinessCheckTests.out.log	/data/data/cratonvm/apps/spring-boot-suite-runner/.suite/results/craton-fullsuite-azure-20260805-s3/all-jit/logs/core_spring-boot-docker-compose.org.springframework.boot.docker.compose.lifecycle.TcpConnectServiceReadinessCheckTests.err.log	
20	core/spring-boot-docker-compose	org.springframework.boot.docker.compose.service.connection.ConnectionNamePredicateTests	craton	on	0	PASS	3.090	5	0	0	0	0	/data/data/cratonvm/apps/spring-boot-suite-runner/.suite/results/craton-fullsuite-azure-20260805-s3/all-jit/logs/core_spring-boot-docker-compose.org.springframework.boot.docker.compose.service.connection.ConnectionNamePredicateTests.out.log	/data/data/cratonvm/apps/spring-boot-suite-runner/.suite/results/craton-fullsuite-azure-20260805-s3/all-jit/logs/core_spring-boot-docker-compose.org.springframework.boot.docker.compose.service.connection.ConnectionNamePredicateTests.err.log	
21	core/spring-boot-properties-migrator	org.springframework.boot.context.properties.migrator.PropertiesMigrationReporterTests	craton	on	0	PASS	1.456	15	0	0	0	0	/data/data/cratonvm/apps/spring-boot-suite-runner/.suite/results/craton-fullsuite-azure-20260805-s3/all-jit/logs/core_spring-boot-properties-migrator.org.springframework.boot.context.properties.migrator.PropertiesMigrat-4e9c285b6b1a.out.log	/data/data/cratonvm/apps/spring-boot-suite-runner/.suite/results/craton-fullsuite-azure-20260805-s3/all-jit/logs/core_spring-boot-properties-migrator.org.springframework.boot.context.properties.migrator.PropertiesMigrat-4e9c285b6b1a.err.log	
22	core/spring-boot-properties-migrator	org.springframework.boot.context.properties.migrator.PropertiesMigrationListenerTests	craton	on	0	PASS	2.507	1	0	0	0	0	/data/data/cratonvm/apps/spring-boot-suite-runner/.suite/results/craton-fullsuite-azure-20260805-s3/all-jit/logs/core_spring-boot-properties-migrator.org.springframework.boot.context.properties.migrator.PropertiesMigrat-86f2d209b880.out.log	/data/data/cratonvm/apps/spring-boot-suite-runner/.suite/results/craton-fullsuite-azure-20260805-s3/all-jit/logs/core_spring-boot-properties-migrator.org.springframework.boot.context.properties.migrator.PropertiesMigrat-86f2d209b880.err.log	
23	core/spring-boot-test	org.springframework.boot.test.context.AnnotationsPropertySourceTests	craton	on	0	PASS	1.409	21	0	0	0	0	/data/data/cratonvm/apps/spring-boot-suite-runner/.suite/results/craton-fullsuite-azure-20260805-s3/all-jit/logs/core_spring-boot-test.org.springframework.boot.test.context.AnnotationsPropertySourceTests.out.log	/data/data/cratonvm/apps/spring-boot-suite-runner/.suite/results/craton-fullsuite-azure-20260805-s3/all-jit/logs/core_spring-boot-test.org.springframework.boot.test.context.AnnotationsPropertySourceTests.err.log	
24	core/spring-boot-test	org.springframework.boot.test.context.assertj.ApplicationContextAssertProviderTests	craton	on	0	PASS	4.830	18	0	0	0	0	/data/data/cratonvm/apps/spring-boot-suite-runner/.suite/results/craton-fullsuite-azure-20260805-s3/all-jit/logs/core_spring-boot-test.org.springframework.boot.test.context.assertj.ApplicationContextAssertProviderTests.out.log	/data/data/cratonvm/apps/spring-boot-suite-runner/.suite/results/craton-fullsuite-azure-20260805-s3/all-jit/logs/core_spring-boot-test.org.springframework.boot.test.context.assertj.ApplicationContextAssertProviderTests.err.log	
25	core/spring-boot-test	org.springframework.boot.test.context.AnnotatedClassFinderTests	craton	on	0	PASS	9.520	5	0	0	0	0	/data/data/cratonvm/apps/spring-boot-suite-runner/.suite/results/craton-fullsuite-azure-20260805-s3/all-jit/logs/core_spring-boot-test.org.springframework.boot.test.context.AnnotatedClassFinderTests.out.log	/data/data/cratonvm/apps/spring-boot-suite-runner/.suite/results/craton-fullsuite-azure-20260805-s3/all-jit/logs/core_spring-boot-test.org.springframework.boot.test.context.AnnotatedClassFinderTests.err.log	
26	core/spring-boot-test	org.springframework.boot.test.context.assertj.ApplicationContextAssertTests	craton	on	0	PASS	3.018	50	0	0	0	0	/data/data/cratonvm/apps/spring-boot-suite-runner/.suite/results/craton-fullsuite-azure-20260805-s3/all-jit/logs/core_spring-boot-test.org.springframework.boot.test.context.assertj.ApplicationContextAssertTests.out.log	/data/data/cratonvm/apps/spring-boot-suite-runner/.suite/results/craton-fullsuite-azure-20260805-s3/all-jit/logs/core_spring-boot-test.org.springframework.boot.test.context.assertj.ApplicationContextAssertTests.err.log	
27	core/spring-boot-test	org.springframework.boot.test.context.assertj.AssertableApplicationContextTests	craton	on	0	PASS	6.664	2	0	0	0	0	/data/data/cratonvm/apps/spring-boot-suite-runner/.suite/results/craton-fullsuite-azure-20260805-s3/all-jit/logs/core_spring-boot-test.org.springframework.boot.test.context.assertj.AssertableApplicationContextTests.out.log	/data/data/cratonvm/apps/spring-boot-suite-runner/.suite/results/craton-fullsuite-azure-20260805-s3/all-jit/logs/core_spring-boot-test.org.springframework.boot.test.context.assertj.AssertableApplicationContextTests.err.log	
28	core/spring-boot-test	org.springframework.boot.test.context.assertj.AssertableReactiveWebApplicationContextTests	craton	on	0	PASS	6.868	2	0	0	0	0	/data/data/cratonvm/apps/spring-boot-suite-runner/.suite/results/craton-fullsuite-azure-20260805-s3/all-jit/logs/core_spring-boot-test.org.springframework.boot.test.context.assertj.AssertableReactiveWebApplicationContextTests.out.log	/data/data/cratonvm/apps/spring-boot-suite-runner/.suite/results/craton-fullsuite-azure-20260805-s3/all-jit/logs/core_spring-boot-test.org.springframework.boot.test.context.assertj.AssertableReactiveWebApplicationContextTests.err.log	
29	core/spring-boot-test	org.springframework.boot.test.context.bootstrap.SpringBootTestContextBootstrapperIntegrationTests	craton	on	0	PASS	4.833	3	0	0	0	0	/data/data/cratonvm/apps/spring-boot-suite-runner/.suite/results/craton-fullsuite-azure-20260805-s3/all-jit/logs/core_spring-boot-test.org.springframework.boot.test.context.bootstrap.SpringBootTestContextBootstrapperIntegrationTests.out.log	/data/data/cratonvm/apps/spring-boot-suite-runner/.suite/results/craton-fullsuite-azure-20260805-s3/all-jit/logs/core_spring-boot-test.org.springframework.boot.test.context.bootstrap.SpringBootTestContextBootstrapperIntegrationTests.err.log	
30	core/spring-boot-test	org.springframework.boot.test.context.assertj.AssertableWebApplicationContextTests	craton	on	0	PASS	6.904	2	0	0	0	0	/data/data/cratonvm/apps/spring-boot-suite-runner/.suite/results/craton-fullsuite-azure-20260805-s3/all-jit/logs/core_spring-boot-test.org.springframework.boot.test.context.assertj.AssertableWebApplicationContextTests.out.log	/data/data/cratonvm/apps/spring-boot-suite-runner/.suite/results/craton-fullsuite-azure-20260805-s3/all-jit/logs/core_spring-boot-test.org.springframework.boot.test.context.assertj.AssertableWebApplicationContextTests.err.log	
31	core/spring-boot-test	org.springframework.boot.test.context.bootstrap.SpringBootTestContextBootstrapperTests	craton	on	0	PASS	4.051	7	0	0	0	0	/data/data/cratonvm/apps/spring-boot-suite-runner/.suite/results/craton-fullsuite-azure-20260805-s3/all-jit/logs/core_spring-boot-test.org.springframework.boot.test.context.bootstrap.SpringBootTestContextBootstrapperTests.out.log	/data/data/cratonvm/apps/spring-boot-suite-runner/.suite/results/craton-fullsuite-azure-20260805-s3/all-jit/logs/core_spring-boot-test.org.springframework.boot.test.context.bootstrap.SpringBootTestContextBootstrapperTests.err.log	
32	core/spring-boot-test	org.springframework.boot.test.context.bootstrap.SpringBootTestContextBootstrapperWithContextConfigurationTests	craton	on	0	PASS	4.471	2	0	0	0	0	/data/data/cratonvm/apps/spring-boot-suite-runner/.suite/results/craton-fullsuite-azure-20260805-s3/all-jit/logs/core_spring-boot-test.org.springframework.boot.test.context.bootstrap.SpringBootTestContextBootstrapperWit-097c4c08a3da.out.log	/data/data/cratonvm/apps/spring-boot-suite-runner/.suite/results/craton-fullsuite-azure-20260805-s3/all-jit/logs/core_spring-boot-test.org.springframework.boot.test.context.bootstrap.SpringBootTestContextBootstrapperWit-097c4c08a3da.err.log	
33	core/spring-boot-test	org.springframework.boot.test.context.bootstrap.SpringBootTestContextBootstrapperWithInitializersTests	craton	on	0	PASS	4.647	1	0	0	0	0	/data/data/cratonvm/apps/spring-boot-suite-runner/.suite/results/craton-fullsuite-azure-20260805-s3/all-jit/logs/core_spring-boot-test.org.springframework.boot.test.context.bootstrap.SpringBootTestContextBootstrapperWit-ec1c7b608206.out.log	/data/data/cratonvm/apps/spring-boot-suite-runner/.suite/results/craton-fullsuite-azure-20260805-s3/all-jit/logs/core_spring-boot-test.org.springframework.boot.test.context.bootstrap.SpringBootTestContextBootstrapperWit-ec1c7b608206.err.log	
34	core/spring-boot-test	org.springframework.boot.test.context.ConfigDataApplicationContextInitializerTests	craton	on	0	PASS	3.232	1	0	0	0	0	/data/data/cratonvm/apps/spring-boot-suite-runner/.suite/results/craton-fullsuite-azure-20260805-s3/all-jit/logs/core_spring-boot-test.org.springframework.boot.test.context.ConfigDataApplicationContextInitializerTests.out.log	/data/data/cratonvm/apps/spring-boot-suite-runner/.suite/results/craton-fullsuite-azure-20260805-s3/all-jit/logs/core_spring-boot-test.org.springframework.boot.test.context.ConfigDataApplicationContextInitializerTests.err.log	
35	core/spring-boot-test	org.springframework.boot.test.context.filter.annotation.FilterAnnotationsTests	craton	on	0	PASS	1.018	5	0	0	0	0	/data/data/cratonvm/apps/spring-boot-suite-runner/.suite/results/craton-fullsuite-azure-20260805-s3/all-jit/logs/core_spring-boot-test.org.springframework.boot.test.context.filter.annotation.FilterAnnotationsTests.out.log	/data/data/cratonvm/apps/spring-boot-suite-runner/.suite/results/craton-fullsuite-azure-20260805-s3/all-jit/logs/core_spring-boot-test.org.springframework.boot.test.context.filter.annotation.FilterAnnotationsTests.err.log	
36	core/spring-boot-test	org.springframework.boot.test.context.ConfigDataApplicationContextInitializerWithLegacySwitchTests	craton	on	0	PASS	3.263	1	0	0	0	0	/data/data/cratonvm/apps/spring-boot-suite-runner/.suite/results/craton-fullsuite-azure-20260805-s3/all-jit/logs/core_spring-boot-test.org.springframework.boot.test.context.ConfigDataApplicationContextInitializerWithLeg-ad3a926bdb6c.out.log	/data/data/cratonvm/apps/spring-boot-suite-runner/.suite/results/craton-fullsuite-azure-20260805-s3/all-jit/logs/core_spring-boot-test.org.springframework.boot.test.context.ConfigDataApplicationContextInitializerWithLeg-ad3a926bdb6c.err.log	
37	core/spring-boot-test	org.springframework.boot.test.context.filter.annotation.TypeIncludesTests	craton	on	0	PASS	0.804	1	0	0	0	0	/data/data/cratonvm/apps/spring-boot-suite-runner/.suite/results/craton-fullsuite-azure-20260805-s3/all-jit/logs/core_spring-boot-test.org.springframework.boot.test.context.filter.annotation.TypeIncludesTests.out.log	/data/data/cratonvm/apps/spring-boot-suite-runner/.suite/results/craton-fullsuite-azure-20260805-s3/all-jit/logs/core_spring-boot-test.org.springframework.boot.test.context.filter.annotation.TypeIncludesTests.err.log	
38	core/spring-boot-test	org.springframework.boot.test.context.filter.annotation.TypeExcludeFiltersContextCustomizerFactoryTests	craton	on	0	PASS	3.455	5	0	0	0	0	/data/data/cratonvm/apps/spring-boot-suite-runner/.suite/results/craton-fullsuite-azure-20260805-s3/all-jit/logs/core_spring-boot-test.org.springframework.boot.test.context.filter.annotation.TypeExcludeFiltersContextCus-566a2c14bf0e.out.log	/data/data/cratonvm/apps/spring-boot-suite-runner/.suite/results/craton-fullsuite-azure-20260805-s3/all-jit/logs/core_spring-boot-test.org.springframework.boot.test.context.filter.annotation.TypeExcludeFiltersContextCus-566a2c14bf0e.err.log	
39	core/spring-boot-test	org.springframework.boot.test.context.filter.TestTypeExcludeFilterTests	craton	on	0	PASS	1.009	11	0	0	0	0	/data/data/cratonvm/apps/spring-boot-suite-runner/.suite/results/craton-fullsuite-azure-20260805-s3/all-jit/logs/core_spring-boot-test.org.springframework.boot.test.context.filter.TestTypeExcludeFilterTests.out.log	/data/data/cratonvm/apps/spring-boot-suite-runner/.suite/results/craton-fullsuite-azure-20260805-s3/all-jit/logs/core_spring-boot-test.org.springframework.boot.test.context.filter.TestTypeExcludeFilterTests.err.log	
40	core/spring-boot-test	org.springframework.boot.test.context.FilteredClassLoaderTests	craton	on	0	PASS	0.804	10	0	0	0	0	/data/data/cratonvm/apps/spring-boot-suite-runner/.suite/results/craton-fullsuite-azure-20260805-s3/all-jit/logs/core_spring-boot-test.org.springframework.boot.test.context.FilteredClassLoaderTests.out.log	/data/data/cratonvm/apps/spring-boot-suite-runner/.suite/results/craton-fullsuite-azure-20260805-s3/all-jit/logs/core_spring-boot-test.org.springframework.boot.test.context.FilteredClassLoaderTests.err.log	
41	core/spring-boot-test	org.springframework.boot.test.context.filter.ExcludeFilterApplicationContextInitializerTests	craton	on	0	PASS	3.662	1	0	0	0	0	/data/data/cratonvm/apps/spring-boot-suite-runner/.suite/results/craton-fullsuite-azure-20260805-s3/all-jit/logs/core_spring-boot-test.org.springframework.boot.test.context.filter.ExcludeFilterApplicationContextInitializerTests.out.log	/data/data/cratonvm/apps/spring-boot-suite-runner/.suite/results/craton-fullsuite-azure-20260805-s3/all-jit/logs/core_spring-boot-test.org.springframework.boot.test.context.filter.ExcludeFilterApplicationContextInitializerTests.err.log	
42	core/spring-boot-test	org.springframework.boot.test.context.ImportsContextCustomizerFactoryIntegrationTests	craton	on	0	PASS	2.636	2	0	0	0	0	/data/data/cratonvm/apps/spring-boot-suite-runner/.suite/results/craton-fullsuite-azure-20260805-s3/all-jit/logs/core_spring-boot-test.org.springframework.boot.test.context.ImportsContextCustomizerFactoryIntegrationTests.out.log	/data/data/cratonvm/apps/spring-boot-suite-runner/.suite/results/craton-fullsuite-azure-20260805-s3/all-jit/logs/core_spring-boot-test.org.springframework.boot.test.context.ImportsContextCustomizerFactoryIntegrationTests.err.log	
43	core/spring-boot-test	org.springframework.boot.test.context.ImportsContextCustomizerTests	craton	on	0	PASS	1.006	10	0	0	0	0	/data/data/cratonvm/apps/spring-boot-suite-runner/.suite/results/craton-fullsuite-azure-20260805-s3/all-jit/logs/core_spring-boot-test.org.springframework.boot.test.context.ImportsContextCustomizerTests.out.log	/data/data/cratonvm/apps/spring-boot-suite-runner/.suite/results/craton-fullsuite-azure-20260805-s3/all-jit/logs/core_spring-boot-test.org.springframework.boot.test.context.ImportsContextCustomizerTests.err.log	
44	core/spring-boot-test	org.springframework.boot.test.context.ImportsContextCustomizerFactoryTests	craton	on	0	PASS	3.668	8	0	0	0	0	/data/data/cratonvm/apps/spring-boot-suite-runner/.suite/results/craton-fullsuite-azure-20260805-s3/all-jit/logs/core_spring-boot-test.org.springframework.boot.test.context.ImportsContextCustomizerFactoryTests.out.log	/data/data/cratonvm/apps/spring-boot-suite-runner/.suite/results/craton-fullsuite-azure-20260805-s3/all-jit/logs/core_spring-boot-test.org.springframework.boot.test.context.ImportsContextCustomizerFactoryTests.err.log	
45	core/spring-boot-test	org.springframework.boot.test.context.nestedtests.InheritedNestedTestConfigurationTests	craton	on	0	PASS	5.256	4	0	0	0	0	/data/data/cratonvm/apps/spring-boot-suite-runner/.suite/results/craton-fullsuite-azure-20260805-s3/all-jit/logs/core_spring-boot-test.org.springframework.boot.test.context.nestedtests.InheritedNestedTestConfigurationTests.out.log	/data/data/cratonvm/apps/spring-boot-suite-runner/.suite/results/craton-fullsuite-azure-20260805-s3/all-jit/logs/core_spring-boot-test.org.springframework.boot.test.context.nestedtests.InheritedNestedTestConfigurationTests.err.log	
46	core/spring-boot-test	org.springframework.boot.test.context.PropertyMappingTests	craton	on	0	PASS	2.415	1	0	0	0	0	/data/data/cratonvm/apps/spring-boot-suite-runner/.suite/results/craton-fullsuite-azure-20260805-s3/all-jit/logs/core_spring-boot-test.org.springframework.boot.test.context.PropertyMappingTests.out.log	/data/data/cratonvm/apps/spring-boot-suite-runner/.suite/results/craton-fullsuite-azure-20260805-s3/all-jit/logs/core_spring-boot-test.org.springframework.boot.test.context.PropertyMappingTests.err.log	
47	core/spring-boot-test	org.springframework.boot.test.context.runner.AbstractApplicationContextRunnerTests	craton	on	0	EMPTY	0.606	0	0	0	0	0	/data/data/cratonvm/apps/spring-boot-suite-runner/.suite/results/craton-fullsuite-azure-20260805-s3/all-jit/logs/core_spring-boot-test.org.springframework.boot.test.context.runner.AbstractApplicationContextRunnerTests.out.log	/data/data/cratonvm/apps/spring-boot-suite-runner/.suite/results/craton-fullsuite-azure-20260805-s3/all-jit/logs/core_spring-boot-test.org.springframework.boot.test.context.runner.AbstractApplicationContextRunnerTests.err.log	
48	core/spring-boot-test	org.springframework.boot.test.context.PropertyMappingContextCustomizerFactoryTests	craton	on	0	PASS	10.102	6	0	0	0	0	/data/data/cratonvm/apps/spring-boot-suite-runner/.suite/results/craton-fullsuite-azure-20260805-s3/all-jit/logs/core_spring-boot-test.org.springframework.boot.test.context.PropertyMappingContextCustomizerFactoryTests.out.log	/data/data/cratonvm/apps/spring-boot-suite-runner/.suite/results/craton-fullsuite-azure-20260805-s3/all-jit/logs/core_spring-boot-test.org.springframework.boot.test.context.PropertyMappingContextCustomizerFactoryTests.err.log	
49	core/spring-boot-test	org.springframework.boot.test.context.runner.ApplicationContextRunnerTests	craton	on	0	PASS	4.237	28	0	0	0	0	/data/data/cratonvm/apps/spring-boot-suite-runner/.suite/results/craton-fullsuite-azure-20260805-s3/all-jit/logs/core_spring-boot-test.org.springframework.boot.test.context.runner.ApplicationContextRunnerTests.out.log	/data/data/cratonvm/apps/spring-boot-suite-runner/.suite/results/craton-fullsuite-azure-20260805-s3/all-jit/logs/core_spring-boot-test.org.springframework.boot.test.context.runner.ApplicationContextRunnerTests.err.log	
50	core/spring-boot-test	org.springframework.boot.test.context.runner.ContextConsumerTests	craton	on	0	PASS	3.635	3	0	0	0	0	/data/data/cratonvm/apps/spring-boot-suite-runner/.suite/results/craton-fullsuite-azure-20260805-s3/all-jit/logs/core_spring-boot-test.org.springframework.boot.test.context.runner.ContextConsumerTests.out.log	/data/data/cratonvm/apps/spring-boot-suite-runner/.suite/results/craton-fullsuite-azure-20260805-s3/all-jit/logs/core_spring-boot-test.org.springframework.boot.test.context.runner.ContextConsumerTests.err.log	
51	core/spring-boot-test	org.springframework.boot.test.context.runner.ReactiveWebApplicationContextRunnerTests	craton	on	0	PASS	4.240	28	0	0	0	0	/data/data/cratonvm/apps/spring-boot-suite-runner/.suite/results/craton-fullsuite-azure-20260805-s3/all-jit/logs/core_spring-boot-test.org.springframework.boot.test.context.runner.ReactiveWebApplicationContextRunnerTests.out.log	/data/data/cratonvm/apps/spring-boot-suite-runner/.suite/results/craton-fullsuite-azure-20260805-s3/all-jit/logs/core_spring-boot-test.org.springframework.boot.test.context.runner.ReactiveWebApplicationContextRunnerTests.err.log	
52	core/spring-boot-test	org.springframework.boot.test.context.runner.WebApplicationContextRunnerTests	craton	on	0	PASS	4.243	29	0	0	0	0	/data/data/cratonvm/apps/spring-boot-suite-runner/.suite/results/craton-fullsuite-azure-20260805-s3/all-jit/logs/core_spring-boot-test.org.springframework.boot.test.context.runner.WebApplicationContextRunnerTests.out.log	/data/data/cratonvm/apps/spring-boot-suite-runner/.suite/results/craton-fullsuite-azure-20260805-s3/all-jit/logs/core_spring-boot-test.org.springframework.boot.test.context.runner.WebApplicationContextRunnerTests.err.log	
53	core/spring-boot-test	org.springframework.boot.test.context.SpringBootContextLoaderKotlinTests	craton	on	0	PASS	5.028	1	0	0	0	0	/data/data/cratonvm/apps/spring-boot-suite-runner/.suite/results/craton-fullsuite-azure-20260805-s3/all-jit/logs/core_spring-boot-test.org.springframework.boot.test.context.SpringBootContextLoaderKotlinTests.out.log	/data/data/cratonvm/apps/spring-boot-suite-runner/.suite/results/craton-fullsuite-azure-20260805-s3/all-jit/logs/core_spring-boot-test.org.springframework.boot.test.context.SpringBootContextLoaderKotlinTests.err.log	
54	core/spring-boot-test	org.springframework.boot.test.context.SpringBootContextLoaderMockMvcTests	craton	on	0	PASS	6.042	2	0	0	0	0	/data/data/cratonvm/apps/spring-boot-suite-runner/.suite/results/craton-fullsuite-azure-20260805-s3/all-jit/logs/core_spring-boot-test.org.springframework.boot.test.context.SpringBootContextLoaderMockMvcTests.out.log	/data/data/cratonvm/apps/spring-boot-suite-runner/.suite/results/craton-fullsuite-azure-20260805-s3/all-jit/logs/core_spring-boot-test.org.springframework.boot.test.context.SpringBootContextLoaderMockMvcTests.err.log	
55	core/spring-boot-test	org.springframework.boot.test.context.SpringBootContextLoaderAotTests	craton	on	0	PASS	19.596	1	0	0	0	0	/data/data/cratonvm/apps/spring-boot-suite-runner/.suite/results/craton-fullsuite-azure-20260805-s3/all-jit/logs/core_spring-boot-test.org.springframework.boot.test.context.SpringBootContextLoaderAotTests.out.log	/data/data/cratonvm/apps/spring-boot-suite-runner/.suite/results/craton-fullsuite-azure-20260805-s3/all-jit/logs/core_spring-boot-test.org.springframework.boot.test.context.SpringBootContextLoaderAotTests.err.log	
56	core/spring-boot-test	org.springframework.boot.test.context.SpringBootTestActiveProfileTests	craton	on	0	PASS	4.429	1	0	0	0	0	/data/data/cratonvm/apps/spring-boot-suite-runner/.suite/results/craton-fullsuite-azure-20260805-s3/all-jit/logs/core_spring-boot-test.org.springframework.boot.test.context.SpringBootTestActiveProfileTests.out.log	/data/data/cratonvm/apps/spring-boot-suite-runner/.suite/results/craton-fullsuite-azure-20260805-s3/all-jit/logs/core_spring-boot-test.org.springframework.boot.test.context.SpringBootTestActiveProfileTests.err.log	
57	core/spring-boot-test	org.springframework.boot.test.context.SpringBootTestArgsTests	craton	on	0	PASS	4.432	1	0	0	0	0	/data/data/cratonvm/apps/spring-boot-suite-runner/.suite/results/craton-fullsuite-azure-20260805-s3/all-jit/logs/core_spring-boot-test.org.springframework.boot.test.context.SpringBootTestArgsTests.out.log	/data/data/cratonvm/apps/spring-boot-suite-runner/.suite/results/craton-fullsuite-azure-20260805-s3/all-jit/logs/core_spring-boot-test.org.springframework.boot.test.context.SpringBootTestArgsTests.err.log	
58	core/spring-boot-test	org.springframework.boot.test.context.SpringBootTestContextHierarchyTests	craton	on	0	PASS	5.629	1	0	0	0	0	/data/data/cratonvm/apps/spring-boot-suite-runner/.suite/results/craton-fullsuite-azure-20260805-s3/all-jit/logs/core_spring-boot-test.org.springframework.boot.test.context.SpringBootTestContextHierarchyTests.out.log	/data/data/cratonvm/apps/spring-boot-suite-runner/.suite/results/craton-fullsuite-azure-20260805-s3/all-jit/logs/core_spring-boot-test.org.springframework.boot.test.context.SpringBootTestContextHierarchyTests.err.log	
59	core/spring-boot-test	org.springframework.boot.test.context.SpringBootTestCustomConfigNameTests	craton	on	0	PASS	4.431	1	0	0	0	0	/data/data/cratonvm/apps/spring-boot-suite-runner/.suite/results/craton-fullsuite-azure-20260805-s3/all-jit/logs/core_spring-boot-test.org.springframework.boot.test.context.SpringBootTestCustomConfigNameTests.out.log	/data/data/cratonvm/apps/spring-boot-suite-runner/.suite/results/craton-fullsuite-azure-20260805-s3/all-jit/logs/core_spring-boot-test.org.springframework.boot.test.context.SpringBootTestCustomConfigNameTests.err.log	
60	core/spring-boot-test	org.springframework.boot.test.context.SpringBootTestCustomPortTests	craton	on	0	PASS	4.226	1	0	0	0	0	/data/data/cratonvm/apps/spring-boot-suite-runner/.suite/results/craton-fullsuite-azure-20260805-s3/all-jit/logs/core_spring-boot-test.org.springframework.boot.test.context.SpringBootTestCustomPortTests.out.log	/data/data/cratonvm/apps/spring-boot-suite-runner/.suite/results/craton-fullsuite-azure-20260805-s3/all-jit/logs/core_spring-boot-test.org.springframework.boot.test.context.SpringBootTestCustomPortTests.err.log	
61	core/spring-boot-test	org.springframework.boot.test.context.SpringBootTestDefaultConfigurationTests	craton	on	0	PASS	2.011	1	0	0	0	0	/data/data/cratonvm/apps/spring-boot-suite-runner/.suite/results/craton-fullsuite-azure-20260805-s3/all-jit/logs/core_spring-boot-test.org.springframework.boot.test.context.SpringBootTestDefaultConfigurationTests.out.log	/data/data/cratonvm/apps/spring-boot-suite-runner/.suite/results/craton-fullsuite-azure-20260805-s3/all-jit/logs/core_spring-boot-test.org.springframework.boot.test.context.SpringBootTestDefaultConfigurationTests.err.log	
62	core/spring-boot-test	org.springframework.boot.test.context.SpringBootContextLoaderTests	craton	on	0	PASS	32.534	26	0	0	1	0	/data/data/cratonvm/apps/spring-boot-suite-runner/.suite/results/craton-fullsuite-azure-20260805-s3/all-jit/logs/core_spring-boot-test.org.springframework.boot.test.context.SpringBootContextLoaderTests.out.log	/data/data/cratonvm/apps/spring-boot-suite-runner/.suite/results/craton-fullsuite-azure-20260805-s3/all-jit/logs/core_spring-boot-test.org.springframework.boot.test.context.SpringBootContextLoaderTests.err.log	
63	core/spring-boot-test	org.springframework.boot.test.context.SpringBootTestGroovyConfigurationTests	craton	on	0	PASS	10.483	1	0	0	0	0	/data/data/cratonvm/apps/spring-boot-suite-runner/.suite/results/craton-fullsuite-azure-20260805-s3/all-jit/logs/core_spring-boot-test.org.springframework.boot.test.context.SpringBootTestGroovyConfigurationTests.out.log	/data/data/cratonvm/apps/spring-boot-suite-runner/.suite/results/craton-fullsuite-azure-20260805-s3/all-jit/logs/core_spring-boot-test.org.springframework.boot.test.context.SpringBootTestGroovyConfigurationTests.err.log	
64	core/spring-boot-test	org.springframework.boot.test.context.SpringBootTestGroovyConventionConfigurationTests	craton	on	0	PASS	10.882	1	0	0	0	0	/data/data/cratonvm/apps/spring-boot-suite-runner/.suite/results/craton-fullsuite-azure-20260805-s3/all-jit/logs/core_spring-boot-test.org.springframework.boot.test.context.SpringBootTestGroovyConventionConfigurationTests.out.log	/data/data/cratonvm/apps/spring-boot-suite-runner/.suite/results/craton-fullsuite-azure-20260805-s3/all-jit/logs/core_spring-boot-test.org.springframework.boot.test.context.SpringBootTestGroovyConventionConfigurationTests.err.log	
65	core/spring-boot-test	org.springframework.boot.test.context.SpringBootTestImportTests	craton	on	0	PASS	5.277	3	0	0	0	0	/data/data/cratonvm/apps/spring-boot-suite-runner/.suite/results/craton-fullsuite-azure-20260805-s3/all-jit/logs/core_spring-boot-test.org.springframework.boot.test.context.SpringBootTestImportTests.out.log	/data/data/cratonvm/apps/spring-boot-suite-runner/.suite/results/craton-fullsuite-azure-20260805-s3/all-jit/logs/core_spring-boot-test.org.springframework.boot.test.context.SpringBootTestImportTests.err.log	
66	core/spring-boot-test	org.springframework.boot.test.context.SpringBootTestJmxTests	craton	on	0	PASS	4.670	1	0	0	0	0	/data/data/cratonvm/apps/spring-boot-suite-runner/.suite/results/craton-fullsuite-azure-20260805-s3/all-jit/logs/core_spring-boot-test.org.springframework.boot.test.context.SpringBootTestJmxTests.out.log	/data/data/cratonvm/apps/spring-boot-suite-runner/.suite/results/craton-fullsuite-azure-20260805-s3/all-jit/logs/core_spring-boot-test.org.springframework.boot.test.context.SpringBootTestJmxTests.err.log	
67	core/spring-boot-test	org.springframework.boot.test.context.SpringBootTestUseMainMethodWithPropertiesTests	craton	on	0	PASS	4.831	1	0	0	0	0	/data/data/cratonvm/apps/spring-boot-suite-runner/.suite/results/craton-fullsuite-azure-20260805-s3/all-jit/logs/core_spring-boot-test.org.springframework.boot.test.context.SpringBootTestUseMainMethodWithPropertiesTests.out.log	/data/data/cratonvm/apps/spring-boot-suite-runner/.suite/results/craton-fullsuite-azure-20260805-s3/all-jit/logs/core_spring-boot-test.org.springframework.boot.test.context.SpringBootTestUseMainMethodWithPropertiesTests.err.log	
68	core/spring-boot-test	org.springframework.boot.test.context.SpringBootTestWebEnvironmentMockTests	craton	on	0	PASS	5.840	4	0	0	0	0	/data/data/cratonvm/apps/spring-boot-suite-runner/.suite/results/craton-fullsuite-azure-20260805-s3/all-jit/logs/core_spring-boot-test.org.springframework.boot.test.context.SpringBootTestWebEnvironmentMockTests.out.log	/data/data/cratonvm/apps/spring-boot-suite-runner/.suite/results/craton-fullsuite-azure-20260805-s3/all-jit/logs/core_spring-boot-test.org.springframework.boot.test.context.SpringBootTestWebEnvironmentMockTests.err.log	
69	core/spring-boot-test	org.springframework.boot.test.context.SpringBootTestMixedConfigurationTests	craton	on	0	PASS	11.757	1	0	0	0	0	/data/data/cratonvm/apps/spring-boot-suite-runner/.suite/results/craton-fullsuite-azure-20260805-s3/all-jit/logs/core_spring-boot-test.org.springframework.boot.test.context.SpringBootTestMixedConfigurationTests.out.log	/data/data/cratonvm/apps/spring-boot-suite-runner/.suite/results/craton-fullsuite-azure-20260805-s3/all-jit/logs/core_spring-boot-test.org.springframework.boot.test.context.SpringBootTestMixedConfigurationTests.err.log	
70	core/spring-boot-test	org.springframework.boot.test.context.SpringBootTestWithActiveProfilesAndEnvironmentPropertyTests	craton	on	0	PASS	4.633	1	0	0	0	0	/data/data/cratonvm/apps/spring-boot-suite-runner/.suite/results/craton-fullsuite-azure-20260805-s3/all-jit/logs/core_spring-boot-test.org.springframework.boot.test.context.SpringBootTestWithActiveProfilesAndEnvironmentPropertyTests.out.log	/data/data/cratonvm/apps/spring-boot-suite-runner/.suite/results/craton-fullsuite-azure-20260805-s3/all-jit/logs/core_spring-boot-test.org.springframework.boot.test.context.SpringBootTestWithActiveProfilesAndEnvironmentPropertyTests.err.log	
71	core/spring-boot-test	org.springframework.boot.test.context.SpringBootTestWebEnvironmentMockWithWebAppConfigurationTests	craton	on	0	PASS	5.688	1	0	0	0	0	/data/data/cratonvm/apps/spring-boot-suite-runner/.suite/results/craton-fullsuite-azure-20260805-s3/all-jit/logs/core_spring-boot-test.org.springframework.boot.test.context.SpringBootTestWebEnvironmentMockWithWebAppConf-1672cb6ae44b.out.log	/data/data/cratonvm/apps/spring-boot-suite-runner/.suite/results/craton-fullsuite-azure-20260805-s3/all-jit/logs/core_spring-boot-test.org.springframework.boot.test.context.SpringBootTestWebEnvironmentMockWithWebAppConf-1672cb6ae44b.err.log	
72	core/spring-boot-test	org.springframework.boot.test.context.SpringBootTestWithActiveProfilesAndSystemEnvironmentPropertyTests	craton	on	0	PASS	4.442	1	0	0	0	0	/data/data/cratonvm/apps/spring-boot-suite-runner/.suite/results/craton-fullsuite-azure-20260805-s3/all-jit/logs/core_spring-boot-test.org.springframework.boot.test.context.SpringBootTestWithActiveProfilesAndSystemEnvir-d2d1ad9d3b54.out.log	/data/data/cratonvm/apps/spring-boot-suite-runner/.suite/results/craton-fullsuite-azure-20260805-s3/all-jit/logs/core_spring-boot-test.org.springframework.boot.test.context.SpringBootTestWithActiveProfilesAndSystemEnvir-d2d1ad9d3b54.err.log	
73	core/spring-boot-test	org.springframework.boot.test.context.SpringBootTestWithClassesIntegrationTests	craton	on	0	PASS	4.440	1	0	0	0	0	/data/data/cratonvm/apps/spring-boot-suite-runner/.suite/results/craton-fullsuite-azure-20260805-s3/all-jit/logs/core_spring-boot-test.org.springframework.boot.test.context.SpringBootTestWithClassesIntegrationTests.out.log	/data/data/cratonvm/apps/spring-boot-suite-runner/.suite/results/craton-fullsuite-azure-20260805-s3/all-jit/logs/core_spring-boot-test.org.springframework.boot.test.context.SpringBootTestWithClassesIntegrationTests.err.log	
74	core/spring-boot-test	org.springframework.boot.test.context.SpringBootTestWithCustomEnvironmentTests	craton	on	0	PASS	3.630	1	0	0	0	0	/data/data/cratonvm/apps/spring-boot-suite-runner/.suite/results/craton-fullsuite-azure-20260805-s3/all-jit/logs/core_spring-boot-test.org.springframework.boot.test.context.SpringBootTestWithCustomEnvironmentTests.out.log	/data/data/cratonvm/apps/spring-boot-suite-runner/.suite/results/craton-fullsuite-azure-20260805-s3/all-jit/logs/core_spring-boot-test.org.springframework.boot.test.context.SpringBootTestWithCustomEnvironmentTests.err.log	
75	core/spring-boot-test	org.springframework.boot.test.context.SpringBootTestWithContextConfigurationIntegrationTests	craton	on	0	PASS	4.460	1	0	0	0	0	/data/data/cratonvm/apps/spring-boot-suite-runner/.suite/results/craton-fullsuite-azure-20260805-s3/all-jit/logs/core_spring-boot-test.org.springframework.boot.test.context.SpringBootTestWithContextConfigurationIntegrationTests.out.log	/data/data/cratonvm/apps/spring-boot-suite-runner/.suite/results/craton-fullsuite-azure-20260805-s3/all-jit/logs/core_spring-boot-test.org.springframework.boot.test.context.SpringBootTestWithContextConfigurationIntegrationTests.err.log	
76	core/spring-boot-test	org.springframework.boot.test.context.SpringBootTestWithTestPropertySourceTests	craton	on	0	PASS	5.047	6	0	0	0	0	/data/data/cratonvm/apps/spring-boot-suite-runner/.suite/results/craton-fullsuite-azure-20260805-s3/all-jit/logs/core_spring-boot-test.org.springframework.boot.test.context.SpringBootTestWithTestPropertySourceTests.out.log	/data/data/cratonvm/apps/spring-boot-suite-runner/.suite/results/craton-fullsuite-azure-20260805-s3/all-jit/logs/core_spring-boot-test.org.springframework.boot.test.context.SpringBootTestWithTestPropertySourceTests.err.log	
77	core/spring-boot-test	org.springframework.boot.test.context.SpringBootTestXmlConventionConfigurationTests	craton	on	0	PASS	5.445	1	0	0	0	0	/data/data/cratonvm/apps/spring-boot-suite-runner/.suite/results/craton-fullsuite-azure-20260805-s3/all-jit/logs/core_spring-boot-test.org.springframework.boot.test.context.SpringBootTestXmlConventionConfigurationTests.out.log	/data/data/cratonvm/apps/spring-boot-suite-runner/.suite/results/craton-fullsuite-azure-20260805-s3/all-jit/logs/core_spring-boot-test.org.springframework.boot.test.context.SpringBootTestXmlConventionConfigurationTests.err.log	
78	core/spring-boot-test	org.springframework.boot.test.context.TestConfigurationTests	craton	on	0	PASS	0.806	2	0	0	0	0	/data/data/cratonvm/apps/spring-boot-suite-runner/.suite/results/craton-fullsuite-azure-20260805-s3/all-jit/logs/core_spring-boot-test.org.springframework.boot.test.context.TestConfigurationTests.out.log	/data/data/cratonvm/apps/spring-boot-suite-runner/.suite/results/craton-fullsuite-azure-20260805-s3/all-jit/logs/core_spring-boot-test.org.springframework.boot.test.context.TestConfigurationTests.err.log	
79	core/spring-boot-test	org.springframework.boot.test.http.server.LocalTestWebServerTests	craton	on	0	PASS	1.409	21	0	0	0	0	/data/data/cratonvm/apps/spring-boot-suite-runner/.suite/results/craton-fullsuite-azure-20260805-s3/all-jit/logs/core_spring-boot-test.org.springframework.boot.test.http.server.LocalTestWebServerTests.out.log	/data/data/cratonvm/apps/spring-boot-suite-runner/.suite/results/craton-fullsuite-azure-20260805-s3/all-jit/logs/core_spring-boot-test.org.springframework.boot.test.http.server.LocalTestWebServerTests.err.log	
80	core/spring-boot-test	org.springframework.boot.test.json.AbstractJsonMarshalTesterTests	craton	on	0	EMPTY	0.603	0	0	0	0	0	/data/data/cratonvm/apps/spring-boot-suite-runner/.suite/results/craton-fullsuite-azure-20260805-s3/all-jit/logs/core_spring-boot-test.org.springframework.boot.test.json.AbstractJsonMarshalTesterTests.out.log	/data/data/cratonvm/apps/spring-boot-suite-runner/.suite/results/craton-fullsuite-azure-20260805-s3/all-jit/logs/core_spring-boot-test.org.springframework.boot.test.json.AbstractJsonMarshalTesterTests.err.log	
81	core/spring-boot-test	org.springframework.boot.test.http.client.DisableReactorResourceFactoryGlobalResourcesContextCustomizerFactoryTests	craton	on	0	PASS	2.676	1	0	0	0	0	/data/data/cratonvm/apps/spring-boot-suite-runner/.suite/results/craton-fullsuite-azure-20260805-s3/all-jit/logs/core_spring-boot-test.org.springframework.boot.test.http.client.DisableReactorResourceFactoryGlobalResourc-6f8a1dd46fa3.out.log	/data/data/cratonvm/apps/spring-boot-suite-runner/.suite/results/craton-fullsuite-azure-20260805-s3/all-jit/logs/core_spring-boot-test.org.springframework.boot.test.http.client.DisableReactorResourceFactoryGlobalResourc-6f8a1dd46fa3.err.log	
82	core/spring-boot-test	org.springframework.boot.test.json.BasicJsonTesterTests	craton	on	0	PASS	1.019	8	0	0	0	0	/data/data/cratonvm/apps/spring-boot-suite-runner/.suite/results/craton-fullsuite-azure-20260805-s3/all-jit/logs/core_spring-boot-test.org.springframework.boot.test.json.BasicJsonTesterTests.out.log	/data/data/cratonvm/apps/spring-boot-suite-runner/.suite/results/craton-fullsuite-azure-20260805-s3/all-jit/logs/core_spring-boot-test.org.springframework.boot.test.json.BasicJsonTesterTests.err.log	
83	core/spring-boot-test	org.springframework.boot.test.json.GsonTesterIntegrationTests	craton	on	0	PASS	1.009	4	0	0	0	0	/data/data/cratonvm/apps/spring-boot-suite-runner/.suite/results/craton-fullsuite-azure-20260805-s3/all-jit/logs/core_spring-boot-test.org.springframework.boot.test.json.GsonTesterIntegrationTests.out.log	/data/data/cratonvm/apps/spring-boot-suite-runner/.suite/results/craton-fullsuite-azure-20260805-s3/all-jit/logs/core_spring-boot-test.org.springframework.boot.test.json.GsonTesterIntegrationTests.err.log	
84	core/spring-boot-test	org.springframework.boot.test.json.DuplicateJsonObjectContextCustomizerFactoryTests	craton	on	0	PASS	2.476	1	0	0	0	0	/data/data/cratonvm/apps/spring-boot-suite-runner/.suite/results/craton-fullsuite-azure-20260805-s3/all-jit/logs/core_spring-boot-test.org.springframework.boot.test.json.DuplicateJsonObjectContextCustomizerFactoryTests.out.log	/data/data/cratonvm/apps/spring-boot-suite-runner/.suite/results/craton-fullsuite-azure-20260805-s3/all-jit/logs/core_spring-boot-test.org.springframework.boot.test.json.DuplicateJsonObjectContextCustomizerFactoryTests.err.log	
85	core/spring-boot-test	org.springframework.boot.test.json.GsonTesterTests	craton	on	0	PASS	1.232	19	0	0	0	0	/data/data/cratonvm/apps/spring-boot-suite-runner/.suite/results/craton-fullsuite-azure-20260805-s3/all-jit/logs/core_spring-boot-test.org.springframework.boot.test.json.GsonTesterTests.out.log	/data/data/cratonvm/apps/spring-boot-suite-runner/.suite/results/craton-fullsuite-azure-20260805-s3/all-jit/logs/core_spring-boot-test.org.springframework.boot.test.json.GsonTesterTests.err.log	
86	core/spring-boot-test	org.springframework.boot.test.json.Jackson2TesterTests	craton	on	0	PASS	1.838	19	0	0	0	0	/data/data/cratonvm/apps/spring-boot-suite-runner/.suite/results/craton-fullsuite-azure-20260805-s3/all-jit/logs/core_spring-boot-test.org.springframework.boot.test.json.Jackson2TesterTests.out.log	/data/data/cratonvm/apps/spring-boot-suite-runner/.suite/results/craton-fullsuite-azure-20260805-s3/all-jit/logs/core_spring-boot-test.org.springframework.boot.test.json.Jackson2TesterTests.err.log	
87	core/spring-boot-test	org.springframework.boot.test.json.JacksonTesterIntegrationTests	craton	on	0	PASS	1.613	8	0	0	0	0	/data/data/cratonvm/apps/spring-boot-suite-runner/.suite/results/craton-fullsuite-azure-20260805-s3/all-jit/logs/core_spring-boot-test.org.springframework.boot.test.json.JacksonTesterIntegrationTests.out.log	/data/data/cratonvm/apps/spring-boot-suite-runner/.suite/results/craton-fullsuite-azure-20260805-s3/all-jit/logs/core_spring-boot-test.org.springframework.boot.test.json.JacksonTesterIntegrationTests.err.log	
88	core/spring-boot-test	org.springframework.boot.test.json.JacksonTesterTests	craton	on	0	PASS	1.829	19	0	0	0	0	/data/data/cratonvm/apps/spring-boot-suite-runner/.suite/results/craton-fullsuite-azure-20260805-s3/all-jit/logs/core_spring-boot-test.org.springframework.boot.test.json.JacksonTesterTests.out.log	/data/data/cratonvm/apps/spring-boot-suite-runner/.suite/results/craton-fullsuite-azure-20260805-s3/all-jit/logs/core_spring-boot-test.org.springframework.boot.test.json.JacksonTesterTests.err.log	
89	core/spring-boot-test	org.springframework.boot.test.json.JsonbTesterTests	craton	on	0	PASS	1.821	19	0	0	0	0	/data/data/cratonvm/apps/spring-boot-suite-runner/.suite/results/craton-fullsuite-azure-20260805-s3/all-jit/logs/core_spring-boot-test.org.springframework.boot.test.json.JsonbTesterTests.out.log	/data/data/cratonvm/apps/spring-boot-suite-runner/.suite/results/craton-fullsuite-azure-20260805-s3/all-jit/logs/core_spring-boot-test.org.springframework.boot.test.json.JsonbTesterTests.err.log	
90	core/spring-boot-test	org.springframework.boot.test.json.JsonContentTests	craton	on	0	PASS	0.805	8	0	0	0	0	/data/data/cratonvm/apps/spring-boot-suite-runner/.suite/results/craton-fullsuite-azure-20260805-s3/all-jit/logs/core_spring-boot-test.org.springframework.boot.test.json.JsonContentTests.out.log	/data/data/cratonvm/apps/spring-boot-suite-runner/.suite/results/craton-fullsuite-azure-20260805-s3/all-jit/logs/core_spring-boot-test.org.springframework.boot.test.json.JsonContentTests.err.log	
91	core/spring-boot-test	org.springframework.boot.test.json.ObjectContentAssertTests	craton	on	0	PASS	0.808	6	0	0	0	0	/data/data/cratonvm/apps/spring-boot-suite-runner/.suite/results/craton-fullsuite-azure-20260805-s3/all-jit/logs/core_spring-boot-test.org.springframework.boot.test.json.ObjectContentAssertTests.out.log	/data/data/cratonvm/apps/spring-boot-suite-runner/.suite/results/craton-fullsuite-azure-20260805-s3/all-jit/logs/core_spring-boot-test.org.springframework.boot.test.json.ObjectContentAssertTests.err.log	
92	core/spring-boot-test	org.springframework.boot.test.json.ObjectContentTests	craton	on	0	PASS	0.806	6	0	0	0	0	/data/data/cratonvm/apps/spring-boot-suite-runner/.suite/results/craton-fullsuite-azure-20260805-s3/all-jit/logs/core_spring-boot-test.org.springframework.boot.test.json.ObjectContentTests.out.log	/data/data/cratonvm/apps/spring-boot-suite-runner/.suite/results/craton-fullsuite-azure-20260805-s3/all-jit/logs/core_spring-boot-test.org.springframework.boot.test.json.ObjectContentTests.err.log	
93	core/spring-boot-test	org.springframework.boot.test.mock.web.SpringBootMockServletContextTests	craton	on	0	PASS	5.635	2	0	0	0	0	/data/data/cratonvm/apps/spring-boot-suite-runner/.suite/results/craton-fullsuite-azure-20260805-s3/all-jit/logs/core_spring-boot-test.org.springframework.boot.test.mock.web.SpringBootMockServletContextTests.out.log	/data/data/cratonvm/apps/spring-boot-suite-runner/.suite/results/craton-fullsuite-azure-20260805-s3/all-jit/logs/core_spring-boot-test.org.springframework.boot.test.mock.web.SpringBootMockServletContextTests.err.log	
94	core/spring-boot-test	org.springframework.boot.test.system.OutputCaptureRuleTests	craton	on	0	PASS	0.807	5	0	0	0	0	/data/data/cratonvm/apps/spring-boot-suite-runner/.suite/results/craton-fullsuite-azure-20260805-s3/all-jit/logs/core_spring-boot-test.org.springframework.boot.test.system.OutputCaptureRuleTests.out.log	/data/data/cratonvm/apps/spring-boot-suite-runner/.suite/results/craton-fullsuite-azure-20260805-s3/all-jit/logs/core_spring-boot-test.org.springframework.boot.test.system.OutputCaptureRuleTests.err.log	
95	core/spring-boot-test	org.springframework.boot.test.system.OutputCaptureTests	craton	on	0	PASS	1.216	17	0	0	0	0	/data/data/cratonvm/apps/spring-boot-suite-runner/.suite/results/craton-fullsuite-azure-20260805-s3/all-jit/logs/core_spring-boot-test.org.springframework.boot.test.system.OutputCaptureTests.out.log	/data/data/cratonvm/apps/spring-boot-suite-runner/.suite/results/craton-fullsuite-azure-20260805-s3/all-jit/logs/core_spring-boot-test.org.springframework.boot.test.system.OutputCaptureTests.err.log	
96	core/spring-boot-test	org.springframework.boot.test.json.JsonContentAssertTests	craton	on	0	PASS	11.028	209	0	0	0	0	/data/data/cratonvm/apps/spring-boot-suite-runner/.suite/results/craton-fullsuite-azure-20260805-s3/all-jit/logs/core_spring-boot-test.org.springframework.boot.test.json.JsonContentAssertTests.out.log	/data/data/cratonvm/apps/spring-boot-suite-runner/.suite/results/craton-fullsuite-azure-20260805-s3/all-jit/logs/core_spring-boot-test.org.springframework.boot.test.json.JsonContentAssertTests.err.log	
97	core/spring-boot-test	org.springframework.boot.test.system.OutputExtensionExtendWithTests	craton	on	0	PASS	1.022	3	0	0	0	0	/data/data/cratonvm/apps/spring-boot-suite-runner/.suite/results/craton-fullsuite-azure-20260805-s3/all-jit/logs/core_spring-boot-test.org.springframework.boot.test.system.OutputExtensionExtendWithTests.out.log	/data/data/cratonvm/apps/spring-boot-suite-runner/.suite/results/craton-fullsuite-azure-20260805-s3/all-jit/logs/core_spring-boot-test.org.springframework.boot.test.system.OutputExtensionExtendWithTests.err.log	
98	core/spring-boot-test	org.springframework.boot.test.util.TestPropertyValuesTests	craton	on	0	PASS	1.410	20	0	0	0	0	/data/data/cratonvm/apps/spring-boot-suite-runner/.suite/results/craton-fullsuite-azure-20260805-s3/all-jit/logs/core_spring-boot-test.org.springframework.boot.test.util.TestPropertyValuesTests.out.log	/data/data/cratonvm/apps/spring-boot-suite-runner/.suite/results/craton-fullsuite-azure-20260805-s3/all-jit/logs/core_spring-boot-test.org.springframework.boot.test.util.TestPropertyValuesTests.err.log	
99	core/spring-boot-test	org.springframework.boot.test.util.ApplicationContextTestUtilsTests	craton	on	0	PASS	6.294	3	0	0	0	0	/data/data/cratonvm/apps/spring-boot-suite-runner/.suite/results/craton-fullsuite-azure-20260805-s3/all-jit/logs/core_spring-boot-test.org.springframework.boot.test.util.ApplicationContextTestUtilsTests.out.log	/data/data/cratonvm/apps/spring-boot-suite-runner/.suite/results/craton-fullsuite-azure-20260805-s3/all-jit/logs/core_spring-boot-test.org.springframework.boot.test.util.ApplicationContextTestUtilsTests.err.log	
100	core/spring-boot-test	org.springframework.boot.test.web.htmlunit.UriBuilderFactoryWebClientTests	craton	on	0	PASS	7.057	2	0	0	0	0	/data/data/cratonvm/apps/spring-boot-suite-runner/.suite/results/craton-fullsuite-azure-20260805-s3/all-jit/logs/core_spring-boot-test.org.springframework.boot.test.web.htmlunit.UriBuilderFactoryWebClientTests.out.log	/data/data/cratonvm/apps/spring-boot-suite-runner/.suite/results/craton-fullsuite-azure-20260805-s3/all-jit/logs/core_spring-boot-test.org.springframework.boot.test.web.htmlunit.UriBuilderFactoryWebClientTests.err.log	
101	core/spring-boot-test	org.springframework.boot.test.web.server.LocalManagementPortTests	craton	on	0	PASS	2.818	1	0	0	0	0	/data/data/cratonvm/apps/spring-boot-suite-runner/.suite/results/craton-fullsuite-azure-20260805-s3/all-jit/logs/core_spring-boot-test.org.springframework.boot.test.web.server.LocalManagementPortTests.out.log	/data/data/cratonvm/apps/spring-boot-suite-runner/.suite/results/craton-fullsuite-azure-20260805-s3/all-jit/logs/core_spring-boot-test.org.springframework.boot.test.web.server.LocalManagementPortTests.err.log	
102	core/spring-boot-test	org.springframework.boot.test.web.server.LocalServerPortTests	craton	on	0	PASS	2.619	1	0	0	0	0	/data/data/cratonvm/apps/spring-boot-suite-runner/.suite/results/craton-fullsuite-azure-20260805-s3/all-jit/logs/core_spring-boot-test.org.springframework.boot.test.web.server.LocalServerPortTests.out.log	/data/data/cratonvm/apps/spring-boot-suite-runner/.suite/results/craton-fullsuite-azure-20260805-s3/all-jit/logs/core_spring-boot-test.org.springframework.boot.test.web.server.LocalServerPortTests.err.log	
103	core/spring-boot-test-autoconfigure	org.springframework.boot.test.autoconfigure.ExampleTest	craton	on	0	EMPTY	0.606	0	0	0	0	0	/data/data/cratonvm/apps/spring-boot-suite-runner/.suite/results/craton-fullsuite-azure-20260805-s3/all-jit/logs/core_spring-boot-test-autoconfigure.org.springframework.boot.test.autoconfigure.ExampleTest.out.log	/data/data/cratonvm/apps/spring-boot-suite-runner/.suite/results/craton-fullsuite-azure-20260805-s3/all-jit/logs/core_spring-boot-test-autoconfigure.org.springframework.boot.test.autoconfigure.ExampleTest.err.log	
104	core/spring-boot-test	org.springframework.boot.test.web.htmlunit.UriBuilderFactoryWebConnectionHtmlUnitDriverTests	craton	on	0	PASS	9.162	1	0	0	0	0	/data/data/cratonvm/apps/spring-boot-suite-runner/.suite/results/craton-fullsuite-azure-20260805-s3/all-jit/logs/core_spring-boot-test.org.springframework.boot.test.web.htmlunit.UriBuilderFactoryWebConnectionHtmlUnitDriverTests.out.log	/data/data/cratonvm/apps/spring-boot-suite-runner/.suite/results/craton-fullsuite-azure-20260805-s3/all-jit/logs/core_spring-boot-test.org.springframework.boot.test.web.htmlunit.UriBuilderFactoryWebConnectionHtmlUnitDriverTests.err.log	
105	core/spring-boot-test-autoconfigure	org.springframework.boot.test.autoconfigure.json.JsonTestersAutoConfigurationTests	craton	on	0	PASS	2.423	1	0	0	0	0	/data/data/cratonvm/apps/spring-boot-suite-runner/.suite/results/craton-fullsuite-azure-20260805-s3/all-jit/logs/core_spring-boot-test-autoconfigure.org.springframework.boot.test.autoconfigure.json.JsonTestersAutoConfigurationTests.out.log	/data/data/cratonvm/apps/spring-boot-suite-runner/.suite/results/craton-fullsuite-azure-20260805-s3/all-jit/logs/core_spring-boot-test-autoconfigure.org.springframework.boot.test.autoconfigure.json.JsonTestersAutoConfigurationTests.err.log	
106	core/spring-boot-test-autoconfigure	org.springframework.boot.test.autoconfigure.json.JsonTestIntegrationTests	craton	on	0	PASS	4.424	1	0	0	0	0	/data/data/cratonvm/apps/spring-boot-suite-runner/.suite/results/craton-fullsuite-azure-20260805-s3/all-jit/logs/core_spring-boot-test-autoconfigure.org.springframework.boot.test.autoconfigure.json.JsonTestIntegrationTests.out.log	/data/data/cratonvm/apps/spring-boot-suite-runner/.suite/results/craton-fullsuite-azure-20260805-s3/all-jit/logs/core_spring-boot-test-autoconfigure.org.springframework.boot.test.autoconfigure.json.JsonTestIntegrationTests.err.log	
107	core/spring-boot-test-autoconfigure	org.springframework.boot.test.autoconfigure.ImportsContextCustomizerFactoryWithAutoConfigurationTests	craton	on	0	PASS	9.520	3	0	0	0	0	/data/data/cratonvm/apps/spring-boot-suite-runner/.suite/results/craton-fullsuite-azure-20260805-s3/all-jit/logs/core_spring-boot-test-autoconfigure.org.springframework.boot.test.autoconfigure.ImportsContextCustomizerFa-07c90ddddd30.out.log	/data/data/cratonvm/apps/spring-boot-suite-runner/.suite/results/craton-fullsuite-azure-20260805-s3/all-jit/logs/core_spring-boot-test-autoconfigure.org.springframework.boot.test.autoconfigure.ImportsContextCustomizerFa-07c90ddddd30.err.log	
108	core/spring-boot-test-autoconfigure	org.springframework.boot.test.autoconfigure.json.JsonTestPropertiesIntegrationTests	craton	on	0	PASS	5.468	2	0	0	0	0	/data/data/cratonvm/apps/spring-boot-suite-runner/.suite/results/craton-fullsuite-azure-20260805-s3/all-jit/logs/core_spring-boot-test-autoconfigure.org.springframework.boot.test.autoconfigure.json.JsonTestPropertiesIntegrationTests.out.log	/data/data/cratonvm/apps/spring-boot-suite-runner/.suite/results/craton-fullsuite-azure-20260805-s3/all-jit/logs/core_spring-boot-test-autoconfigure.org.springframework.boot.test.autoconfigure.json.JsonTestPropertiesIntegrationTests.err.log	
109	core/spring-boot-test-autoconfigure	org.springframework.boot.test.autoconfigure.json.JsonTestWithAutoConfigureJsonTestersTests	craton	on	0	PASS	4.259	1	0	0	0	0	/data/data/cratonvm/apps/spring-boot-suite-runner/.suite/results/craton-fullsuite-azure-20260805-s3/all-jit/logs/core_spring-boot-test-autoconfigure.org.springframework.boot.test.autoconfigure.json.JsonTestWithAutoConfi-ac33ee2e6718.out.log	/data/data/cratonvm/apps/spring-boot-suite-runner/.suite/results/craton-fullsuite-azure-20260805-s3/all-jit/logs/core_spring-boot-test-autoconfigure.org.springframework.boot.test.autoconfigure.json.JsonTestWithAutoConfi-ac33ee2e6718.err.log	
110	core/spring-boot-test-autoconfigure	org.springframework.boot.test.autoconfigure.json.SpringBootTestWithAutoConfigureJsonTestersTests	craton	on	0	PASS	6.870	1	0	0	0	0	/data/data/cratonvm/apps/spring-boot-suite-runner/.suite/results/craton-fullsuite-azure-20260805-s3/all-jit/logs/core_spring-boot-test-autoconfigure.org.springframework.boot.test.autoconfigure.json.SpringBootTestWithAut-d5c624e642dc.out.log	/data/data/cratonvm/apps/spring-boot-suite-runner/.suite/results/craton-fullsuite-azure-20260805-s3/all-jit/logs/core_spring-boot-test-autoconfigure.org.springframework.boot.test.autoconfigure.json.SpringBootTestWithAut-d5c624e642dc.err.log	
111	core/spring-boot-test-autoconfigure	org.springframework.boot.test.autoconfigure.OnFailureConditionReportContextCustomizerFactoryTests	craton	on	0	PASS	6.471	3	0	0	0	0	/data/data/cratonvm/apps/spring-boot-suite-runner/.suite/results/craton-fullsuite-azure-20260805-s3/all-jit/logs/core_spring-boot-test-autoconfigure.org.springframework.boot.test.autoconfigure.OnFailureConditionReportCo-98fa9a272e77.out.log	/data/data/cratonvm/apps/spring-boot-suite-runner/.suite/results/craton-fullsuite-azure-20260805-s3/all-jit/logs/core_spring-boot-test-autoconfigure.org.springframework.boot.test.autoconfigure.OnFailureConditionReportCo-98fa9a272e77.err.log	
112	core/spring-boot-test-autoconfigure	org.springframework.boot.test.autoconfigure.override.OverrideAutoConfigurationEnabledFalseIntegrationTests	craton	on	0	PASS	4.056	1	0	0	0	0	/data/data/cratonvm/apps/spring-boot-suite-runner/.suite/results/craton-fullsuite-azure-20260805-s3/all-jit/logs/core_spring-boot-test-autoconfigure.org.springframework.boot.test.autoconfigure.override.OverrideAutoConfi-3ecefd3a6b19.out.log	/data/data/cratonvm/apps/spring-boot-suite-runner/.suite/results/craton-fullsuite-azure-20260805-s3/all-jit/logs/core_spring-boot-test-autoconfigure.org.springframework.boot.test.autoconfigure.override.OverrideAutoConfi-3ecefd3a6b19.err.log	
113	core/spring-boot-test-autoconfigure	org.springframework.boot.test.autoconfigure.OverrideAutoConfigurationContextCustomizerFactoryTests	craton	on	0	PASS	0.805	4	0	0	0	0	/data/data/cratonvm/apps/spring-boot-suite-runner/.suite/results/craton-fullsuite-azure-20260805-s3/all-jit/logs/core_spring-boot-test-autoconfigure.org.springframework.boot.test.autoconfigure.OverrideAutoConfigurationC-70b2b386675a.out.log	/data/data/cratonvm/apps/spring-boot-suite-runner/.suite/results/craton-fullsuite-azure-20260805-s3/all-jit/logs/core_spring-boot-test-autoconfigure.org.springframework.boot.test.autoconfigure.OverrideAutoConfigurationC-70b2b386675a.err.log	
114	core/spring-boot-testcontainers	org.springframework.boot.testcontainers.lifecycle.DockerEnvironmentNotFoundFailureAnalyzerTests	craton	on	0	PASS	0.805	3	0	0	0	0	/data/data/cratonvm/apps/spring-boot-suite-runner/.suite/results/craton-fullsuite-azure-20260805-s3/all-jit/logs/core_spring-boot-testcontainers.org.springframework.boot.testcontainers.lifecycle.DockerEnvironmentNotFoun-e2aecbb23e77.out.log	/data/data/cratonvm/apps/spring-boot-suite-runner/.suite/results/craton-fullsuite-azure-20260805-s3/all-jit/logs/core_spring-boot-testcontainers.org.springframework.boot.testcontainers.lifecycle.DockerEnvironmentNotFoun-e2aecbb23e77.err.log	
115	core/spring-boot-test-autoconfigure	org.springframework.boot.test.autoconfigure.override.OverrideAutoConfigurationEnabledTrueIntegrationTests	craton	on	0	PASS	6.327	1	0	0	0	0	/data/data/cratonvm/apps/spring-boot-suite-runner/.suite/results/craton-fullsuite-azure-20260805-s3/all-jit/logs/core_spring-boot-test-autoconfigure.org.springframework.boot.test.autoconfigure.override.OverrideAutoConfi-71a54b15c958.out.log	/data/data/cratonvm/apps/spring-boot-suite-runner/.suite/results/craton-fullsuite-azure-20260805-s3/all-jit/logs/core_spring-boot-test-autoconfigure.org.springframework.boot.test.autoconfigure.override.OverrideAutoConfi-71a54b15c958.err.log	
116	core/spring-boot-testcontainers	org.springframework.boot.testcontainers.lifecycle.TestcontainersStartupTests	craton	on	0	PASS	1.410	9	0	0	0	0	/data/data/cratonvm/apps/spring-boot-suite-runner/.suite/results/craton-fullsuite-azure-20260805-s3/all-jit/logs/core_spring-boot-testcontainers.org.springframework.boot.testcontainers.lifecycle.TestcontainersStartupTests.out.log	/data/data/cratonvm/apps/spring-boot-suite-runner/.suite/results/craton-fullsuite-azure-20260805-s3/all-jit/logs/core_spring-boot-testcontainers.org.springframework.boot.testcontainers.lifecycle.TestcontainersStartupTests.err.log	
117	core/spring-boot-testcontainers	org.springframework.boot.testcontainers.lifecycle.TestcontainersLifecycleApplicationContextInitializerTests	craton	on	1	FAIL	12.129	10	1	0	0	0	/data/data/cratonvm/apps/spring-boot-suite-runner/.suite/results/craton-fullsuite-azure-20260805-s3/all-jit/logs/core_spring-boot-testcontainers.org.springframework.boot.testcontainers.lifecycle.TestcontainersLifecycleA-e98cc55a434b.out.log	/data/data/cratonvm/apps/spring-boot-suite-runner/.suite/results/craton-fullsuite-azure-20260805-s3/all-jit/logs/core_spring-boot-testcontainers.org.springframework.boot.testcontainers.lifecycle.TestcontainersLifecycleA-e98cc55a434b.err.log	  JUnit Jupiter:TestcontainersLifecycleApplicationContextInitializerTests:dealsWithBeanCurrentlyInCreationException() | hotspot-baseline: PASS 0/10
118	core/spring-boot-testcontainers	org.springframework.boot.testcontainers.service.connection.ConnectionDetailsRegistrarTests	craton	on	0	PASS	12.925	4	0	0	0	0	/data/data/cratonvm/apps/spring-boot-suite-runner/.suite/results/craton-fullsuite-azure-20260805-s3/all-jit/logs/core_spring-boot-testcontainers.org.springframework.boot.testcontainers.service.connection.ConnectionDetai-165a087a7ac3.out.log	/data/data/cratonvm/apps/spring-boot-suite-runner/.suite/results/craton-fullsuite-azure-20260805-s3/all-jit/logs/core_spring-boot-testcontainers.org.springframework.boot.testcontainers.service.connection.ConnectionDetai-165a087a7ac3.err.log	
119	core/spring-boot-testcontainers	org.springframework.boot.testcontainers.service.connection.ContainerConnectionDetailsFactoryTests	craton	on	0	PASS	12.914	11	0	0	0	0	/data/data/cratonvm/apps/spring-boot-suite-runner/.suite/results/craton-fullsuite-azure-20260805-s3/all-jit/logs/core_spring-boot-testcontainers.org.springframework.boot.testcontainers.service.connection.ContainerConnec-5b0474fed9ac.out.log	/data/data/cratonvm/apps/spring-boot-suite-runner/.suite/results/craton-fullsuite-azure-20260805-s3/all-jit/logs/core_spring-boot-testcontainers.org.springframework.boot.testcontainers.service.connection.ContainerConnec-5b0474fed9ac.err.log	
120	core/spring-boot-testcontainers	org.springframework.boot.testcontainers.service.connection.FieldOriginTests	craton	on	0	PASS	0.606	3	0	0	0	0	/data/data/cratonvm/apps/spring-boot-suite-runner/.suite/results/craton-fullsuite-azure-20260805-s3/all-jit/logs/core_spring-boot-testcontainers.org.springframework.boot.testcontainers.service.connection.FieldOriginTests.out.log	/data/data/cratonvm/apps/spring-boot-suite-runner/.suite/results/craton-fullsuite-azure-20260805-s3/all-jit/logs/core_spring-boot-testcontainers.org.springframework.boot.testcontainers.service.connection.FieldOriginTests.err.log	
121	core/spring-boot-testcontainers	org.springframework.boot.testcontainers.service.connection.ContainerConnectionSourceTests	craton	on	0	PASS	12.718	14	0	0	0	0	/data/data/cratonvm/apps/spring-boot-suite-runner/.suite/results/craton-fullsuite-azure-20260805-s3/all-jit/logs/core_spring-boot-testcontainers.org.springframework.boot.testcontainers.service.connection.ContainerConnec-88b0b17af8ff.out.log	/data/data/cratonvm/apps/spring-boot-suite-runner/.suite/results/craton-fullsuite-azure-20260805-s3/all-jit/logs/core_spring-boot-testcontainers.org.springframework.boot.testcontainers.service.connection.ContainerConnec-88b0b17af8ff.err.log	
122	core/spring-boot-testcontainers	org.springframework.boot.testcontainers.service.connection.ServiceConnectionContextCustomizerFactoryTests	craton	on	0	PASS	3.624	12	0	0	0	0	/data/data/cratonvm/apps/spring-boot-suite-runner/.suite/results/craton-fullsuite-azure-20260805-s3/all-jit/logs/core_spring-boot-testcontainers.org.springframework.boot.testcontainers.service.connection.ServiceConnecti-92d61fdd94a7.out.log	/data/data/cratonvm/apps/spring-boot-suite-runner/.suite/results/craton-fullsuite-azure-20260805-s3/all-jit/logs/core_spring-boot-testcontainers.org.springframework.boot.testcontainers.service.connection.ServiceConnecti-92d61fdd94a7.err.log	
123	core/spring-boot-testcontainers	org.springframework.boot.testcontainers.service.connection.ServiceConnectionAutoConfigurationRegistrarTests	craton	on	0	PASS	12.540	1	0	0	0	0	/data/data/cratonvm/apps/spring-boot-suite-runner/.suite/results/craton-fullsuite-azure-20260805-s3/all-jit/logs/core_spring-boot-testcontainers.org.springframework.boot.testcontainers.service.connection.ServiceConnecti-2c4fcd728338.out.log	/data/data/cratonvm/apps/spring-boot-suite-runner/.suite/results/craton-fullsuite-azure-20260805-s3/all-jit/logs/core_spring-boot-testcontainers.org.springframework.boot.testcontainers.service.connection.ServiceConnecti-2c4fcd728338.err.log	
124	loader/spring-boot-jarmode-tools	org.springframework.boot.jarmode.tools.AbstractJarModeTests	craton	on	0	EMPTY	0.403	0	0	0	0	0	/data/data/cratonvm/apps/spring-boot-suite-runner/.suite/results/craton-fullsuite-azure-20260805-s3/all-jit/logs/loader_spring-boot-jarmode-tools.org.springframework.boot.jarmode.tools.AbstractJarModeTests.out.log	/data/data/cratonvm/apps/spring-boot-suite-runner/.suite/results/craton-fullsuite-azure-20260805-s3/all-jit/logs/loader_spring-boot-jarmode-tools.org.springframework.boot.jarmode.tools.AbstractJarModeTests.err.log	
125	loader/spring-boot-jarmode-tools	org.springframework.boot.jarmode.tools.CommandTests	craton	on	0	PASS	1.008	15	0	0	0	0	/data/data/cratonvm/apps/spring-boot-suite-runner/.suite/results/craton-fullsuite-azure-20260805-s3/all-jit/logs/loader_spring-boot-jarmode-tools.org.springframework.boot.jarmode.tools.CommandTests.out.log	/data/data/cratonvm/apps/spring-boot-suite-runner/.suite/results/craton-fullsuite-azure-20260805-s3/all-jit/logs/loader_spring-boot-jarmode-tools.org.springframework.boot.jarmode.tools.CommandTests.err.log	
126	loader/spring-boot-jarmode-tools	org.springframework.boot.jarmode.tools.ContextTests	craton	on	0	PASS	0.804	8	0	0	0	0	/data/data/cratonvm/apps/spring-boot-suite-runner/.suite/results/craton-fullsuite-azure-20260805-s3/all-jit/logs/loader_spring-boot-jarmode-tools.org.springframework.boot.jarmode.tools.ContextTests.out.log	/data/data/cratonvm/apps/spring-boot-suite-runner/.suite/results/craton-fullsuite-azure-20260805-s3/all-jit/logs/loader_spring-boot-jarmode-tools.org.springframework.boot.jarmode.tools.ContextTests.err.log	
127	loader/spring-boot-jarmode-tools	org.springframework.boot.jarmode.tools.ExtractCommandTests	craton	on	0	PASS	1.815	22	0	0	0	0	/data/data/cratonvm/apps/spring-boot-suite-runner/.suite/results/craton-fullsuite-azure-20260805-s3/all-jit/logs/loader_spring-boot-jarmode-tools.org.springframework.boot.jarmode.tools.ExtractCommandTests.out.log	/data/data/cratonvm/apps/spring-boot-suite-runner/.suite/results/craton-fullsuite-azure-20260805-s3/all-jit/logs/loader_spring-boot-jarmode-tools.org.springframework.boot.jarmode.tools.ExtractCommandTests.err.log	
128	loader/spring-boot-jarmode-tools	org.springframework.boot.jarmode.tools.ExtractLayersCommandTests	craton	on	0	PASS	2.217	6	0	0	0	0	/data/data/cratonvm/apps/spring-boot-suite-runner/.suite/results/craton-fullsuite-azure-20260805-s3/all-jit/logs/loader_spring-boot-jarmode-tools.org.springframework.boot.jarmode.tools.ExtractLayersCommandTests.out.log	/data/data/cratonvm/apps/spring-boot-suite-runner/.suite/results/craton-fullsuite-azure-20260805-s3/all-jit/logs/loader_spring-boot-jarmode-tools.org.springframework.boot.jarmode.tools.ExtractLayersCommandTests.err.log	
129	loader/spring-boot-jarmode-tools	org.springframework.boot.jarmode.tools.HelpCommandTests	craton	on	0	PASS	1.812	2	0	0	0	0	/data/data/cratonvm/apps/spring-boot-suite-runner/.suite/results/craton-fullsuite-azure-20260805-s3/all-jit/logs/loader_spring-boot-jarmode-tools.org.springframework.boot.jarmode.tools.HelpCommandTests.out.log	/data/data/cratonvm/apps/spring-boot-suite-runner/.suite/results/craton-fullsuite-azure-20260805-s3/all-jit/logs/loader_spring-boot-jarmode-tools.org.springframework.boot.jarmode.tools.HelpCommandTests.err.log	
130	loader/spring-boot-jarmode-tools	org.springframework.boot.jarmode.tools.IndexedJarStructureTests	craton	on	0	PASS	0.809	6	0	0	0	0	/data/data/cratonvm/apps/spring-boot-suite-runner/.suite/results/craton-fullsuite-azure-20260805-s3/all-jit/logs/loader_spring-boot-jarmode-tools.org.springframework.boot.jarmode.tools.IndexedJarStructureTests.out.log	/data/data/cratonvm/apps/spring-boot-suite-runner/.suite/results/craton-fullsuite-azure-20260805-s3/all-jit/logs/loader_spring-boot-jarmode-tools.org.springframework.boot.jarmode.tools.IndexedJarStructureTests.err.log	
131	core/spring-boot-testcontainers	org.springframework.boot.testcontainers.service.connection.ServiceConnectionContextCustomizerTests	craton	on	1	FAIL	16.469	2	1	0	0	0	/data/data/cratonvm/apps/spring-boot-suite-runner/.suite/results/craton-fullsuite-azure-20260805-s3/all-jit/logs/core_spring-boot-testcontainers.org.springframework.boot.testcontainers.service.connection.ServiceConnecti-9bba1e8ad7e8.out.log	/data/data/cratonvm/apps/spring-boot-suite-runner/.suite/results/craton-fullsuite-azure-20260805-s3/all-jit/logs/core_spring-boot-testcontainers.org.springframework.boot.testcontainers.service.connection.ServiceConnecti-9bba1e8ad7e8.err.log	    => org.mockito.exceptions.base.MockitoException:  | hotspot-baseline: PASS 0/2
132	loader/spring-boot-jarmode-tools	org.springframework.boot.jarmode.tools.ListCommandTests	craton	on	0	PASS	1.813	1	0	0	0	0	/data/data/cratonvm/apps/spring-boot-suite-runner/.suite/results/craton-fullsuite-azure-20260805-s3/all-jit/logs/loader_spring-boot-jarmode-tools.org.springframework.boot.jarmode.tools.ListCommandTests.out.log	/data/data/cratonvm/apps/spring-boot-suite-runner/.suite/results/craton-fullsuite-azure-20260805-s3/all-jit/logs/loader_spring-boot-jarmode-tools.org.springframework.boot.jarmode.tools.ListCommandTests.err.log	
133	loader/spring-boot-jarmode-tools	org.springframework.boot.jarmode.tools.IndexedLayersTests	craton	on	0	PASS	3.058	8	0	0	0	0	/data/data/cratonvm/apps/spring-boot-suite-runner/.suite/results/craton-fullsuite-azure-20260805-s3/all-jit/logs/loader_spring-boot-jarmode-tools.org.springframework.boot.jarmode.tools.IndexedLayersTests.out.log	/data/data/cratonvm/apps/spring-boot-suite-runner/.suite/results/craton-fullsuite-azure-20260805-s3/all-jit/logs/loader_spring-boot-jarmode-tools.org.springframework.boot.jarmode.tools.IndexedLayersTests.err.log	
134	loader/spring-boot-jarmode-tools	org.springframework.boot.jarmode.tools.ListLayersCommandTests	craton	on	0	PASS	0.625	2	0	0	0	0	/data/data/cratonvm/apps/spring-boot-suite-runner/.suite/results/craton-fullsuite-azure-20260805-s3/all-jit/logs/loader_spring-boot-jarmode-tools.org.springframework.boot.jarmode.tools.ListLayersCommandTests.out.log	/data/data/cratonvm/apps/spring-boot-suite-runner/.suite/results/craton-fullsuite-azure-20260805-s3/all-jit/logs/loader_spring-boot-jarmode-tools.org.springframework.boot.jarmode.tools.ListLayersCommandTests.err.log	
135	loader/spring-boot-jarmode-tools	org.springframework.boot.jarmode.tools.ToolsJarModeTests	craton	on	0	PASS	0.830	9	0	0	0	0	/data/data/cratonvm/apps/spring-boot-suite-runner/.suite/results/craton-fullsuite-azure-20260805-s3/all-jit/logs/loader_spring-boot-jarmode-tools.org.springframework.boot.jarmode.tools.ToolsJarModeTests.out.log	/data/data/cratonvm/apps/spring-boot-suite-runner/.suite/results/craton-fullsuite-azure-20260805-s3/all-jit/logs/loader_spring-boot-jarmode-tools.org.springframework.boot.jarmode.tools.ToolsJarModeTests.err.log	
136	loader/spring-boot-loader	org.springframework.boot.loader.jar.ManifestInfoTests	craton	on	0	PASS	0.821	4	0	0	0	0	/data/data/cratonvm/apps/spring-boot-suite-runner/.suite/results/craton-fullsuite-azure-20260805-s3/all-jit/logs/loader_spring-boot-loader.org.springframework.boot.loader.jar.ManifestInfoTests.out.log	/data/data/cratonvm/apps/spring-boot-suite-runner/.suite/results/craton-fullsuite-azure-20260805-s3/all-jit/logs/loader_spring-boot-loader.org.springframework.boot.loader.jar.ManifestInfoTests.err.log	
137	loader/spring-boot-loader	org.springframework.boot.loader.jar.MetaInfVersionsInfoTests	craton	on	0	PASS	2.444	4	0	0	0	0	/data/data/cratonvm/apps/spring-boot-suite-runner/.suite/results/craton-fullsuite-azure-20260805-s3/all-jit/logs/loader_spring-boot-loader.org.springframework.boot.loader.jar.MetaInfVersionsInfoTests.out.log	/data/data/cratonvm/apps/spring-boot-suite-runner/.suite/results/craton-fullsuite-azure-20260805-s3/all-jit/logs/loader_spring-boot-loader.org.springframework.boot.loader.jar.MetaInfVersionsInfoTests.err.log	
138	loader/spring-boot-loader	org.springframework.boot.loader.jar.SecurityInfoTests	craton	on	0	PASS	9.669	3	0	0	0	0	/data/data/cratonvm/apps/spring-boot-suite-runner/.suite/results/craton-fullsuite-azure-20260805-s3/all-jit/logs/loader_spring-boot-loader.org.springframework.boot.loader.jar.SecurityInfoTests.out.log	/data/data/cratonvm/apps/spring-boot-suite-runner/.suite/results/craton-fullsuite-azure-20260805-s3/all-jit/logs/loader_spring-boot-loader.org.springframework.boot.loader.jar.SecurityInfoTests.err.log	
139	loader/spring-boot-loader	org.springframework.boot.loader.launch.AbstractLauncherTests	craton	on	0	EMPTY	0.409	0	0	0	0	0	/data/data/cratonvm/apps/spring-boot-suite-runner/.suite/results/craton-fullsuite-azure-20260805-s3/all-jit/logs/loader_spring-boot-loader.org.springframework.boot.loader.launch.AbstractLauncherTests.out.log	/data/data/cratonvm/apps/spring-boot-suite-runner/.suite/results/craton-fullsuite-azure-20260805-s3/all-jit/logs/loader_spring-boot-loader.org.springframework.boot.loader.launch.AbstractLauncherTests.err.log	
140	loader/spring-boot-loader	org.springframework.boot.loader.launch.ArchiveTests	craton	on	0	PASS	3.633	8	0	0	0	0	/data/data/cratonvm/apps/spring-boot-suite-runner/.suite/results/craton-fullsuite-azure-20260805-s3/all-jit/logs/loader_spring-boot-loader.org.springframework.boot.loader.launch.ArchiveTests.out.log	/data/data/cratonvm/apps/spring-boot-suite-runner/.suite/results/craton-fullsuite-azure-20260805-s3/all-jit/logs/loader_spring-boot-loader.org.springframework.boot.loader.launch.ArchiveTests.err.log	
141	loader/spring-boot-loader	org.springframework.boot.loader.launch.ClassPathIndexFileTests	craton	on	0	PASS	0.606	5	0	0	0	0	/data/data/cratonvm/apps/spring-boot-suite-runner/.suite/results/craton-fullsuite-azure-20260805-s3/all-jit/logs/loader_spring-boot-loader.org.springframework.boot.loader.launch.ClassPathIndexFileTests.out.log	/data/data/cratonvm/apps/spring-boot-suite-runner/.suite/results/craton-fullsuite-azure-20260805-s3/all-jit/logs/loader_spring-boot-loader.org.springframework.boot.loader.launch.ClassPathIndexFileTests.err.log	
142	loader/spring-boot-loader	org.springframework.boot.loader.launch.ExplodedArchiveTests	craton	on	0	PASS	1.007	7	0	0	0	0	/data/data/cratonvm/apps/spring-boot-suite-runner/.suite/results/craton-fullsuite-azure-20260805-s3/all-jit/logs/loader_spring-boot-loader.org.springframework.boot.loader.launch.ExplodedArchiveTests.out.log	/data/data/cratonvm/apps/spring-boot-suite-runner/.suite/results/craton-fullsuite-azure-20260805-s3/all-jit/logs/loader_spring-boot-loader.org.springframework.boot.loader.launch.ExplodedArchiveTests.err.log	
143	loader/spring-boot-loader	org.springframework.boot.loader.jar.NestedJarFileTests	craton	on	0	PASS	19.268	34	0	0	0	0	/data/data/cratonvm/apps/spring-boot-suite-runner/.suite/results/craton-fullsuite-azure-20260805-s3/all-jit/logs/loader_spring-boot-loader.org.springframework.boot.loader.jar.NestedJarFileTests.out.log	/data/data/cratonvm/apps/spring-boot-suite-runner/.suite/results/craton-fullsuite-azure-20260805-s3/all-jit/logs/loader_spring-boot-loader.org.springframework.boot.loader.jar.NestedJarFileTests.err.log	
144	loader/spring-boot-loader	org.springframework.boot.loader.launch.JarLauncherTests	craton	on	0	PASS	2.613	5	0	0	0	0	/data/data/cratonvm/apps/spring-boot-suite-runner/.suite/results/craton-fullsuite-azure-20260805-s3/all-jit/logs/loader_spring-boot-loader.org.springframework.boot.loader.launch.JarLauncherTests.out.log	/data/data/cratonvm/apps/spring-boot-suite-runner/.suite/results/craton-fullsuite-azure-20260805-s3/all-jit/logs/loader_spring-boot-loader.org.springframework.boot.loader.launch.JarLauncherTests.err.log	
145	loader/spring-boot-loader	org.springframework.boot.loader.launch.LaunchedClassLoaderTests	craton	on	0	PASS	0.606	1	0	0	0	0	/data/data/cratonvm/apps/spring-boot-suite-runner/.suite/results/craton-fullsuite-azure-20260805-s3/all-jit/logs/loader_spring-boot-loader.org.springframework.boot.loader.launch.LaunchedClassLoaderTests.out.log	/data/data/cratonvm/apps/spring-boot-suite-runner/.suite/results/craton-fullsuite-azure-20260805-s3/all-jit/logs/loader_spring-boot-loader.org.springframework.boot.loader.launch.LaunchedClassLoaderTests.err.log	
146	loader/spring-boot-loader	org.springframework.boot.loader.launch.LauncherTests	craton	on	0	PASS	1.012	9	0	0	0	0	/data/data/cratonvm/apps/spring-boot-suite-runner/.suite/results/craton-fullsuite-azure-20260805-s3/all-jit/logs/loader_spring-boot-loader.org.springframework.boot.loader.launch.LauncherTests.out.log	/data/data/cratonvm/apps/spring-boot-suite-runner/.suite/results/craton-fullsuite-azure-20260805-s3/all-jit/logs/loader_spring-boot-loader.org.springframework.boot.loader.launch.LauncherTests.err.log	
147	loader/spring-boot-loader	org.springframework.boot.loader.launch.PropertiesLauncherTests	craton	on	0	PASS	3.222	32	0	0	0	0	/data/data/cratonvm/apps/spring-boot-suite-runner/.suite/results/craton-fullsuite-azure-20260805-s3/all-jit/logs/loader_spring-boot-loader.org.springframework.boot.loader.launch.PropertiesLauncherTests.out.log	/data/data/cratonvm/apps/spring-boot-suite-runner/.suite/results/craton-fullsuite-azure-20260805-s3/all-jit/logs/loader_spring-boot-loader.org.springframework.boot.loader.launch.PropertiesLauncherTests.err.log	
148	loader/spring-boot-loader	org.springframework.boot.loader.launch.WarLauncherTests	craton	on	0	PASS	0.805	4	0	0	0	0	/data/data/cratonvm/apps/spring-boot-suite-runner/.suite/results/craton-fullsuite-azure-20260805-s3/all-jit/logs/loader_spring-boot-loader.org.springframework.boot.loader.launch.WarLauncherTests.out.log	/data/data/cratonvm/apps/spring-boot-suite-runner/.suite/results/craton-fullsuite-azure-20260805-s3/all-jit/logs/loader_spring-boot-loader.org.springframework.boot.loader.launch.WarLauncherTests.err.log	
149	loader/spring-boot-loader	org.springframework.boot.loader.net.protocol.jar.CanonicalizerTests	craton	on	0	PASS	0.603	5	0	0	0	0	/data/data/cratonvm/apps/spring-boot-suite-runner/.suite/results/craton-fullsuite-azure-20260805-s3/all-jit/logs/loader_spring-boot-loader.org.springframework.boot.loader.net.protocol.jar.CanonicalizerTests.out.log	/data/data/cratonvm/apps/spring-boot-suite-runner/.suite/results/craton-fullsuite-azure-20260805-s3/all-jit/logs/loader_spring-boot-loader.org.springframework.boot.loader.net.protocol.jar.CanonicalizerTests.err.log	
150	loader/spring-boot-loader	org.springframework.boot.loader.net.protocol.jar.HandlerTests	craton	on	0	PASS	1.008	22	0	0	0	0	/data/data/cratonvm/apps/spring-boot-suite-runner/.suite/results/craton-fullsuite-azure-20260805-s3/all-jit/logs/loader_spring-boot-loader.org.springframework.boot.loader.net.protocol.jar.HandlerTests.out.log	/data/data/cratonvm/apps/spring-boot-suite-runner/.suite/results/craton-fullsuite-azure-20260805-s3/all-jit/logs/loader_spring-boot-loader.org.springframework.boot.loader.net.protocol.jar.HandlerTests.err.log	
151	loader/spring-boot-loader	org.springframework.boot.loader.net.protocol.jar.JarFileUrlKeyTests	craton	on	0	PASS	0.809	8	0	0	0	0	/data/data/cratonvm/apps/spring-boot-suite-runner/.suite/results/craton-fullsuite-azure-20260805-s3/all-jit/logs/loader_spring-boot-loader.org.springframework.boot.loader.net.protocol.jar.JarFileUrlKeyTests.out.log	/data/data/cratonvm/apps/spring-boot-suite-runner/.suite/results/craton-fullsuite-azure-20260805-s3/all-jit/logs/loader_spring-boot-loader.org.springframework.boot.loader.net.protocol.jar.JarFileUrlKeyTests.err.log	
152	loader/spring-boot-loader	org.springframework.boot.loader.net.protocol.jar.JarUrlClassLoaderTests	craton	on	0	PASS	0.806	7	0	0	0	0	/data/data/cratonvm/apps/spring-boot-suite-runner/.suite/results/craton-fullsuite-azure-20260805-s3/all-jit/logs/loader_spring-boot-loader.org.springframework.boot.loader.net.protocol.jar.JarUrlClassLoaderTests.out.log	/data/data/cratonvm/apps/spring-boot-suite-runner/.suite/results/craton-fullsuite-azure-20260805-s3/all-jit/logs/loader_spring-boot-loader.org.springframework.boot.loader.net.protocol.jar.JarUrlClassLoaderTests.err.log	
153	loader/spring-boot-loader	org.springframework.boot.loader.launch.JarFileArchiveTests	craton	on	0	PASS	22.180	10	0	0	0	0	/data/data/cratonvm/apps/spring-boot-suite-runner/.suite/results/craton-fullsuite-azure-20260805-s3/all-jit/logs/loader_spring-boot-loader.org.springframework.boot.loader.launch.JarFileArchiveTests.out.log	/data/data/cratonvm/apps/spring-boot-suite-runner/.suite/results/craton-fullsuite-azure-20260805-s3/all-jit/logs/loader_spring-boot-loader.org.springframework.boot.loader.launch.JarFileArchiveTests.err.log	
154	loader/spring-boot-loader	org.springframework.boot.loader.net.protocol.jar.JarUrlTests	craton	on	0	PASS	0.807	7	0	0	0	0	/data/data/cratonvm/apps/spring-boot-suite-runner/.suite/results/craton-fullsuite-azure-20260805-s3/all-jit/logs/loader_spring-boot-loader.org.springframework.boot.loader.net.protocol.jar.JarUrlTests.out.log	/data/data/cratonvm/apps/spring-boot-suite-runner/.suite/results/craton-fullsuite-azure-20260805-s3/all-jit/logs/loader_spring-boot-loader.org.springframework.boot.loader.net.protocol.jar.JarUrlTests.err.log	
155	loader/spring-boot-loader	org.springframework.boot.loader.net.protocol.jar.LazyDelegatingInputStreamTests	craton	on	0	PASS	3.225	12	0	0	0	0	/data/data/cratonvm/apps/spring-boot-suite-runner/.suite/results/craton-fullsuite-azure-20260805-s3/all-jit/logs/loader_spring-boot-loader.org.springframework.boot.loader.net.protocol.jar.LazyDelegatingInputStreamTests.out.log	/data/data/cratonvm/apps/spring-boot-suite-runner/.suite/results/craton-fullsuite-azure-20260805-s3/all-jit/logs/loader_spring-boot-loader.org.springframework.boot.loader.net.protocol.jar.LazyDelegatingInputStreamTests.err.log	
156	loader/spring-boot-loader	org.springframework.boot.loader.net.protocol.jar.OptimizationsTests	craton	on	0	PASS	1.009	5	0	0	0	0	/data/data/cratonvm/apps/spring-boot-suite-runner/.suite/results/craton-fullsuite-azure-20260805-s3/all-jit/logs/loader_spring-boot-loader.org.springframework.boot.loader.net.protocol.jar.OptimizationsTests.out.log	/data/data/cratonvm/apps/spring-boot-suite-runner/.suite/results/craton-fullsuite-azure-20260805-s3/all-jit/logs/loader_spring-boot-loader.org.springframework.boot.loader.net.protocol.jar.OptimizationsTests.err.log	
157	loader/spring-boot-loader	org.springframework.boot.loader.net.protocol.jar.JarUrlConnectionTests	craton	on	1	FAIL	14.430	47	2	0	0	0	/data/data/cratonvm/apps/spring-boot-suite-runner/.suite/results/craton-fullsuite-azure-20260805-s3/all-jit/logs/loader_spring-boot-loader.org.springframework.boot.loader.net.protocol.jar.JarUrlConnectionTests.out.log	/data/data/cratonvm/apps/spring-boot-suite-runner/.suite/results/craton-fullsuite-azure-20260805-s3/all-jit/logs/loader_spring-boot-loader.org.springframework.boot.loader.net.protocol.jar.JarUrlConnectionTests.err.log	    => org.mockito.exceptions.base.MockitoException:  | hotspot-baseline: PASS 0/47
158	loader/spring-boot-loader	org.springframework.boot.loader.net.protocol.jar.UrlJarFileFactoryTests	craton	on	0	PASS	2.823	4	0	0	0	0	/data/data/cratonvm/apps/spring-boot-suite-runner/.suite/results/craton-fullsuite-azure-20260805-s3/all-jit/logs/loader_spring-boot-loader.org.springframework.boot.loader.net.protocol.jar.UrlJarFileFactoryTests.out.log	/data/data/cratonvm/apps/spring-boot-suite-runner/.suite/results/craton-fullsuite-azure-20260805-s3/all-jit/logs/loader_spring-boot-loader.org.springframework.boot.loader.net.protocol.jar.UrlJarFileFactoryTests.err.log	
159	loader/spring-boot-loader	org.springframework.boot.loader.net.protocol.jar.UrlJarEntryTests	craton	on	0	PASS	8.340	3	0	0	0	0	/data/data/cratonvm/apps/spring-boot-suite-runner/.suite/results/craton-fullsuite-azure-20260805-s3/all-jit/logs/loader_spring-boot-loader.org.springframework.boot.loader.net.protocol.jar.UrlJarEntryTests.out.log	/data/data/cratonvm/apps/spring-boot-suite-runner/.suite/results/craton-fullsuite-azure-20260805-s3/all-jit/logs/loader_spring-boot-loader.org.springframework.boot.loader.net.protocol.jar.UrlJarEntryTests.err.log	
160	loader/spring-boot-loader	org.springframework.boot.loader.net.protocol.jar.UrlJarFileTests	craton	on	0	PASS	2.422	4	0	0	0	0	/data/data/cratonvm/apps/spring-boot-suite-runner/.suite/results/craton-fullsuite-azure-20260805-s3/all-jit/logs/loader_spring-boot-loader.org.springframework.boot.loader.net.protocol.jar.UrlJarFileTests.out.log	/data/data/cratonvm/apps/spring-boot-suite-runner/.suite/results/craton-fullsuite-azure-20260805-s3/all-jit/logs/loader_spring-boot-loader.org.springframework.boot.loader.net.protocol.jar.UrlJarFileTests.err.log	
161	loader/spring-boot-loader	org.springframework.boot.loader.net.protocol.jar.UrlJarFilesTests	craton	on	0	PASS	8.128	11	0	0	0	0	/data/data/cratonvm/apps/spring-boot-suite-runner/.suite/results/craton-fullsuite-azure-20260805-s3/all-jit/logs/loader_spring-boot-loader.org.springframework.boot.loader.net.protocol.jar.UrlJarFilesTests.out.log	/data/data/cratonvm/apps/spring-boot-suite-runner/.suite/results/craton-fullsuite-azure-20260805-s3/all-jit/logs/loader_spring-boot-loader.org.springframework.boot.loader.net.protocol.jar.UrlJarFilesTests.err.log	
162	loader/spring-boot-loader	org.springframework.boot.loader.net.protocol.jar.UrlJarManifestTests	craton	on	0	PASS	1.826	5	0	0	0	0	/data/data/cratonvm/apps/spring-boot-suite-runner/.suite/results/craton-fullsuite-azure-20260805-s3/all-jit/logs/loader_spring-boot-loader.org.springframework.boot.loader.net.protocol.jar.UrlJarManifestTests.out.log	/data/data/cratonvm/apps/spring-boot-suite-runner/.suite/results/craton-fullsuite-azure-20260805-s3/all-jit/logs/loader_spring-boot-loader.org.springframework.boot.loader.net.protocol.jar.UrlJarManifestTests.err.log	
163	loader/spring-boot-loader	org.springframework.boot.loader.net.protocol.jar.UrlNestedJarFileTests	craton	on	0	PASS	2.042	4	0	0	0	0	/data/data/cratonvm/apps/spring-boot-suite-runner/.suite/results/craton-fullsuite-azure-20260805-s3/all-jit/logs/loader_spring-boot-loader.org.springframework.boot.loader.net.protocol.jar.UrlNestedJarFileTests.out.log	/data/data/cratonvm/apps/spring-boot-suite-runner/.suite/results/craton-fullsuite-azure-20260805-s3/all-jit/logs/loader_spring-boot-loader.org.springframework.boot.loader.net.protocol.jar.UrlNestedJarFileTests.err.log	
164	loader/spring-boot-loader	org.springframework.boot.loader.net.protocol.nested.HandlerTests	craton	on	0	PASS	1.432	5	0	0	0	0	/data/data/cratonvm/apps/spring-boot-suite-runner/.suite/results/craton-fullsuite-azure-20260805-s3/all-jit/logs/loader_spring-boot-loader.org.springframework.boot.loader.net.protocol.nested.HandlerTests.out.log	/data/data/cratonvm/apps/spring-boot-suite-runner/.suite/results/craton-fullsuite-azure-20260805-s3/all-jit/logs/loader_spring-boot-loader.org.springframework.boot.loader.net.protocol.nested.HandlerTests.err.log	
165	loader/spring-boot-loader	org.springframework.boot.loader.net.protocol.nested.NestedLocationTests	craton	on	0	PASS	1.234	11	0	0	2	0	/data/data/cratonvm/apps/spring-boot-suite-runner/.suite/results/craton-fullsuite-azure-20260805-s3/all-jit/logs/loader_spring-boot-loader.org.springframework.boot.loader.net.protocol.nested.NestedLocationTests.out.log	/data/data/cratonvm/apps/spring-boot-suite-runner/.suite/results/craton-fullsuite-azure-20260805-s3/all-jit/logs/loader_spring-boot-loader.org.springframework.boot.loader.net.protocol.nested.NestedLocationTests.err.log	
166	loader/spring-boot-loader	org.springframework.boot.loader.net.util.UrlDecoderTests	craton	on	0	PASS	0.808	4	0	0	0	0	/data/data/cratonvm/apps/spring-boot-suite-runner/.suite/results/craton-fullsuite-azure-20260805-s3/all-jit/logs/loader_spring-boot-loader.org.springframework.boot.loader.net.util.UrlDecoderTests.out.log	/data/data/cratonvm/apps/spring-boot-suite-runner/.suite/results/craton-fullsuite-azure-20260805-s3/all-jit/logs/loader_spring-boot-loader.org.springframework.boot.loader.net.util.UrlDecoderTests.err.log	
167	loader/spring-boot-loader	org.springframework.boot.loader.nio.file.NestedByteChannelTests	craton	on	0	PASS	3.223	15	0	0	0	0	/data/data/cratonvm/apps/spring-boot-suite-runner/.suite/results/craton-fullsuite-azure-20260805-s3/all-jit/logs/loader_spring-boot-loader.org.springframework.boot.loader.nio.file.NestedByteChannelTests.out.log	/data/data/cratonvm/apps/spring-boot-suite-runner/.suite/results/craton-fullsuite-azure-20260805-s3/all-jit/logs/loader_spring-boot-loader.org.springframework.boot.loader.nio.file.NestedByteChannelTests.err.log	
168	loader/spring-boot-loader	org.springframework.boot.loader.net.protocol.nested.NestedUrlConnectionTests	craton	on	0	PASS	7.320	11	0	0	0	0	/data/data/cratonvm/apps/spring-boot-suite-runner/.suite/results/craton-fullsuite-azure-20260805-s3/all-jit/logs/loader_spring-boot-loader.org.springframework.boot.loader.net.protocol.nested.NestedUrlConnectionTests.out.log	/data/data/cratonvm/apps/spring-boot-suite-runner/.suite/results/craton-fullsuite-azure-20260805-s3/all-jit/logs/loader_spring-boot-loader.org.springframework.boot.loader.net.protocol.nested.NestedUrlConnectionTests.err.log	
169	loader/spring-boot-loader	org.springframework.boot.loader.nio.file.NestedFileStoreTests	craton	on	0	PASS	3.234	10	0	0	0	0	/data/data/cratonvm/apps/spring-boot-suite-runner/.suite/results/craton-fullsuite-azure-20260805-s3/all-jit/logs/loader_spring-boot-loader.org.springframework.boot.loader.nio.file.NestedFileStoreTests.out.log	/data/data/cratonvm/apps/spring-boot-suite-runner/.suite/results/craton-fullsuite-azure-20260805-s3/all-jit/logs/loader_spring-boot-loader.org.springframework.boot.loader.nio.file.NestedFileStoreTests.err.log	
170	loader/spring-boot-loader	org.springframework.boot.loader.nio.file.NestedFileSystemTests	craton	on	0	PASS	1.207	22	0	0	0	0	/data/data/cratonvm/apps/spring-boot-suite-runner/.suite/results/craton-fullsuite-azure-20260805-s3/all-jit/logs/loader_spring-boot-loader.org.springframework.boot.loader.nio.file.NestedFileSystemTests.out.log	/data/data/cratonvm/apps/spring-boot-suite-runner/.suite/results/craton-fullsuite-azure-20260805-s3/all-jit/logs/loader_spring-boot-loader.org.springframework.boot.loader.nio.file.NestedFileSystemTests.err.log	
171	loader/spring-boot-loader	org.springframework.boot.loader.nio.file.NestedFileSystemZipFileSystemIntegrationTests	craton	on	0	PASS	0.806	4	0	0	0	0	/data/data/cratonvm/apps/spring-boot-suite-runner/.suite/results/craton-fullsuite-azure-20260805-s3/all-jit/logs/loader_spring-boot-loader.org.springframework.boot.loader.nio.file.NestedFileSystemZipFileSystemIntegrationTests.out.log	/data/data/cratonvm/apps/spring-boot-suite-runner/.suite/results/craton-fullsuite-azure-20260805-s3/all-jit/logs/loader_spring-boot-loader.org.springframework.boot.loader.nio.file.NestedFileSystemZipFileSystemIntegrationTests.err.log	
172	loader/spring-boot-loader	org.springframework.boot.loader.nio.file.NestedPathTests	craton	on	0	PASS	2.821	31	0	0	0	0	/data/data/cratonvm/apps/spring-boot-suite-runner/.suite/results/craton-fullsuite-azure-20260805-s3/all-jit/logs/loader_spring-boot-loader.org.springframework.boot.loader.nio.file.NestedPathTests.out.log	/data/data/cratonvm/apps/spring-boot-suite-runner/.suite/results/craton-fullsuite-azure-20260805-s3/all-jit/logs/loader_spring-boot-loader.org.springframework.boot.loader.nio.file.NestedPathTests.err.log	
173	loader/spring-boot-loader	org.springframework.boot.loader.nio.file.UriPathEncoderTests	craton	on	0	PASS	0.608	2	0	0	0	0	/data/data/cratonvm/apps/spring-boot-suite-runner/.suite/results/craton-fullsuite-azure-20260805-s3/all-jit/logs/loader_spring-boot-loader.org.springframework.boot.loader.nio.file.UriPathEncoderTests.out.log	/data/data/cratonvm/apps/spring-boot-suite-runner/.suite/results/craton-fullsuite-azure-20260805-s3/all-jit/logs/loader_spring-boot-loader.org.springframework.boot.loader.nio.file.UriPathEncoderTests.err.log	
174	loader/spring-boot-loader	org.springframework.boot.loader.zip.ByteArrayDataBlockTests	craton	on	0	PASS	0.809	5	0	0	0	0	/data/data/cratonvm/apps/spring-boot-suite-runner/.suite/results/craton-fullsuite-azure-20260805-s3/all-jit/logs/loader_spring-boot-loader.org.springframework.boot.loader.zip.ByteArrayDataBlockTests.out.log	/data/data/cratonvm/apps/spring-boot-suite-runner/.suite/results/craton-fullsuite-azure-20260805-s3/all-jit/logs/loader_spring-boot-loader.org.springframework.boot.loader.zip.ByteArrayDataBlockTests.err.log	
175	loader/spring-boot-loader	org.springframework.boot.loader.nio.file.NestedFileSystemProviderTests	craton	on	0	PASS	7.596	25	0	0	0	0	/data/data/cratonvm/apps/spring-boot-suite-runner/.suite/results/craton-fullsuite-azure-20260805-s3/all-jit/logs/loader_spring-boot-loader.org.springframework.boot.loader.nio.file.NestedFileSystemProviderTests.out.log	/data/data/cratonvm/apps/spring-boot-suite-runner/.suite/results/craton-fullsuite-azure-20260805-s3/all-jit/logs/loader_spring-boot-loader.org.springframework.boot.loader.nio.file.NestedFileSystemProviderTests.err.log	
176	loader/spring-boot-loader	org.springframework.boot.loader.zip.DataBlockTests	craton	on	0	PASS	1.811	3	0	0	0	0	/data/data/cratonvm/apps/spring-boot-suite-runner/.suite/results/craton-fullsuite-azure-20260805-s3/all-jit/logs/loader_spring-boot-loader.org.springframework.boot.loader.zip.DataBlockTests.out.log	/data/data/cratonvm/apps/spring-boot-suite-runner/.suite/results/craton-fullsuite-azure-20260805-s3/all-jit/logs/loader_spring-boot-loader.org.springframework.boot.loader.zip.DataBlockTests.err.log	
177	loader/spring-boot-loader	org.springframework.boot.loader.zip.DataBlockInputStreamTests	craton	on	0	PASS	2.470	12	0	0	0	0	/data/data/cratonvm/apps/spring-boot-suite-runner/.suite/results/craton-fullsuite-azure-20260805-s3/all-jit/logs/loader_spring-boot-loader.org.springframework.boot.loader.zip.DataBlockInputStreamTests.out.log	/data/data/cratonvm/apps/spring-boot-suite-runner/.suite/results/craton-fullsuite-azure-20260805-s3/all-jit/logs/loader_spring-boot-loader.org.springframework.boot.loader.zip.DataBlockInputStreamTests.err.log	
178	loader/spring-boot-loader	org.springframework.boot.loader.zip.VirtualDataBlockTests	craton	on	0	PASS	0.605	5	0	0	0	0	/data/data/cratonvm/apps/spring-boot-suite-runner/.suite/results/craton-fullsuite-azure-20260805-s3/all-jit/logs/loader_spring-boot-loader.org.springframework.boot.loader.zip.VirtualDataBlockTests.out.log	/data/data/cratonvm/apps/spring-boot-suite-runner/.suite/results/craton-fullsuite-azure-20260805-s3/all-jit/logs/loader_spring-boot-loader.org.springframework.boot.loader.zip.VirtualDataBlockTests.err.log	
179	loader/spring-boot-loader	org.springframework.boot.loader.zip.FileDataBlockTests	craton	on	0	PASS	1.046	13	0	0	0	0	/data/data/cratonvm/apps/spring-boot-suite-runner/.suite/results/craton-fullsuite-azure-20260805-s3/all-jit/logs/loader_spring-boot-loader.org.springframework.boot.loader.zip.FileDataBlockTests.out.log	/data/data/cratonvm/apps/spring-boot-suite-runner/.suite/results/craton-fullsuite-azure-20260805-s3/all-jit/logs/loader_spring-boot-loader.org.springframework.boot.loader.zip.FileDataBlockTests.err.log	
180	loader/spring-boot-loader	org.springframework.boot.loader.zip.VirtualZipDataBlockTests	craton	on	0	PASS	0.630	2	0	0	0	0	/data/data/cratonvm/apps/spring-boot-suite-runner/.suite/results/craton-fullsuite-azure-20260805-s3/all-jit/logs/loader_spring-boot-loader.org.springframework.boot.loader.zip.VirtualZipDataBlockTests.out.log	/data/data/cratonvm/apps/spring-boot-suite-runner/.suite/results/craton-fullsuite-azure-20260805-s3/all-jit/logs/loader_spring-boot-loader.org.springframework.boot.loader.zip.VirtualZipDataBlockTests.err.log	
181	loader/spring-boot-loader	org.springframework.boot.loader.zip.VirtualZipPerformanceTests	craton	on	0	EMPTY	0.628	0	0	0	1	0	/data/data/cratonvm/apps/spring-boot-suite-runner/.suite/results/craton-fullsuite-azure-20260805-s3/all-jit/logs/loader_spring-boot-loader.org.springframework.boot.loader.zip.VirtualZipPerformanceTests.out.log	/data/data/cratonvm/apps/spring-boot-suite-runner/.suite/results/craton-fullsuite-azure-20260805-s3/all-jit/logs/loader_spring-boot-loader.org.springframework.boot.loader.zip.VirtualZipPerformanceTests.err.log	
182	loader/spring-boot-loader	org.springframework.boot.loader.zip.Zip64EndOfCentralDirectoryLocatorTests	craton	on	0	PASS	0.623	2	0	0	0	0	/data/data/cratonvm/apps/spring-boot-suite-runner/.suite/results/craton-fullsuite-azure-20260805-s3/all-jit/logs/loader_spring-boot-loader.org.springframework.boot.loader.zip.Zip64EndOfCentralDirectoryLocatorTests.out.log	/data/data/cratonvm/apps/spring-boot-suite-runner/.suite/results/craton-fullsuite-azure-20260805-s3/all-jit/logs/loader_spring-boot-loader.org.springframework.boot.loader.zip.Zip64EndOfCentralDirectoryLocatorTests.err.log	
183	loader/spring-boot-loader	org.springframework.boot.loader.zip.Zip64EndOfCentralDirectoryRecordTests	craton	on	0	PASS	0.634	2	0	0	0	0	/data/data/cratonvm/apps/spring-boot-suite-runner/.suite/results/craton-fullsuite-azure-20260805-s3/all-jit/logs/loader_spring-boot-loader.org.springframework.boot.loader.zip.Zip64EndOfCentralDirectoryRecordTests.out.log	/data/data/cratonvm/apps/spring-boot-suite-runner/.suite/results/craton-fullsuite-azure-20260805-s3/all-jit/logs/loader_spring-boot-loader.org.springframework.boot.loader.zip.Zip64EndOfCentralDirectoryRecordTests.err.log	
184	loader/spring-boot-loader	org.springframework.boot.loader.zip.ZipCentralDirectoryFileHeaderRecordTests	craton	on	0	PASS	0.831	7	0	0	0	0	/data/data/cratonvm/apps/spring-boot-suite-runner/.suite/results/craton-fullsuite-azure-20260805-s3/all-jit/logs/loader_spring-boot-loader.org.springframework.boot.loader.zip.ZipCentralDirectoryFileHeaderRecordTests.out.log	/data/data/cratonvm/apps/spring-boot-suite-runner/.suite/results/craton-fullsuite-azure-20260805-s3/all-jit/logs/loader_spring-boot-loader.org.springframework.boot.loader.zip.ZipCentralDirectoryFileHeaderRecordTests.err.log	
185	loader/spring-boot-loader	org.springframework.boot.loader.zip.ZipDataDescriptorRecordTests	craton	on	0	PASS	0.806	8	0	0	0	0	/data/data/cratonvm/apps/spring-boot-suite-runner/.suite/results/craton-fullsuite-azure-20260805-s3/all-jit/logs/loader_spring-boot-loader.org.springframework.boot.loader.zip.ZipDataDescriptorRecordTests.out.log	/data/data/cratonvm/apps/spring-boot-suite-runner/.suite/results/craton-fullsuite-azure-20260805-s3/all-jit/logs/loader_spring-boot-loader.org.springframework.boot.loader.zip.ZipDataDescriptorRecordTests.err.log	
186	loader/spring-boot-loader	org.springframework.boot.loader.zip.ZipEndOfCentralDirectoryRecordTests	craton	on	0	PASS	0.806	5	0	0	0	0	/data/data/cratonvm/apps/spring-boot-suite-runner/.suite/results/craton-fullsuite-azure-20260805-s3/all-jit/logs/loader_spring-boot-loader.org.springframework.boot.loader.zip.ZipEndOfCentralDirectoryRecordTests.out.log	/data/data/cratonvm/apps/spring-boot-suite-runner/.suite/results/craton-fullsuite-azure-20260805-s3/all-jit/logs/loader_spring-boot-loader.org.springframework.boot.loader.zip.ZipEndOfCentralDirectoryRecordTests.err.log	
187	loader/spring-boot-loader	org.springframework.boot.loader.zip.ZipLocalFileHeaderRecordTests	craton	on	0	PASS	0.806	6	0	0	0	0	/data/data/cratonvm/apps/spring-boot-suite-runner/.suite/results/craton-fullsuite-azure-20260805-s3/all-jit/logs/loader_spring-boot-loader.org.springframework.boot.loader.zip.ZipLocalFileHeaderRecordTests.out.log	/data/data/cratonvm/apps/spring-boot-suite-runner/.suite/results/craton-fullsuite-azure-20260805-s3/all-jit/logs/loader_spring-boot-loader.org.springframework.boot.loader.zip.ZipLocalFileHeaderRecordTests.err.log	
188	loader/spring-boot-loader	org.springframework.boot.loader.zip.ZipStringTests	craton	on	0	PASS	1.411	34	0	0	0	0	/data/data/cratonvm/apps/spring-boot-suite-runner/.suite/results/craton-fullsuite-azure-20260805-s3/all-jit/logs/loader_spring-boot-loader.org.springframework.boot.loader.zip.ZipStringTests.out.log	/data/data/cratonvm/apps/spring-boot-suite-runner/.suite/results/craton-fullsuite-azure-20260805-s3/all-jit/logs/loader_spring-boot-loader.org.springframework.boot.loader.zip.ZipStringTests.err.log	
189	loader/spring-boot-loader-tools	org.springframework.boot.loader.tools.AbstractPackagerTests	craton	on	0	EMPTY	0.402	0	0	0	0	0	/data/data/cratonvm/apps/spring-boot-suite-runner/.suite/results/craton-fullsuite-azure-20260805-s3/all-jit/logs/loader_spring-boot-loader-tools.org.springframework.boot.loader.tools.AbstractPackagerTests.out.log	/data/data/cratonvm/apps/spring-boot-suite-runner/.suite/results/craton-fullsuite-azure-20260805-s3/all-jit/logs/loader_spring-boot-loader-tools.org.springframework.boot.loader.tools.AbstractPackagerTests.err.log	
190	loader/spring-boot-loader-tools	org.springframework.boot.loader.tools.DefaultTimeZoneOffsetTests	craton	on	0	PASS	11.439	2	0	0	0	0	/data/data/cratonvm/apps/spring-boot-suite-runner/.suite/results/craton-fullsuite-azure-20260805-s3/all-jit/logs/loader_spring-boot-loader-tools.org.springframework.boot.loader.tools.DefaultTimeZoneOffsetTests.out.log	/data/data/cratonvm/apps/spring-boot-suite-runner/.suite/results/craton-fullsuite-azure-20260805-s3/all-jit/logs/loader_spring-boot-loader-tools.org.springframework.boot.loader.tools.DefaultTimeZoneOffsetTests.err.log	
191	loader/spring-boot-loader-tools	org.springframework.boot.loader.tools.FileUtilsTests	craton	on	0	PASS	3.615	6	0	0	0	0	/data/data/cratonvm/apps/spring-boot-suite-runner/.suite/results/craton-fullsuite-azure-20260805-s3/all-jit/logs/loader_spring-boot-loader-tools.org.springframework.boot.loader.tools.FileUtilsTests.out.log	/data/data/cratonvm/apps/spring-boot-suite-runner/.suite/results/craton-fullsuite-azure-20260805-s3/all-jit/logs/loader_spring-boot-loader-tools.org.springframework.boot.loader.tools.FileUtilsTests.err.log	
192	loader/spring-boot-loader-tools	org.springframework.boot.loader.tools.ImagePackagerTests	craton	on	0	PASS	48.036	37	0	0	0	0	/data/data/cratonvm/apps/spring-boot-suite-runner/.suite/results/craton-fullsuite-azure-20260805-s3/all-jit/logs/loader_spring-boot-loader-tools.org.springframework.boot.loader.tools.ImagePackagerTests.out.log	/data/data/cratonvm/apps/spring-boot-suite-runner/.suite/results/craton-fullsuite-azure-20260805-s3/all-jit/logs/loader_spring-boot-loader-tools.org.springframework.boot.loader.tools.ImagePackagerTests.err.log	
193	loader/spring-boot-loader-tools	org.springframework.boot.loader.tools.ImplicitLayerResolverTests	craton	on	0	PASS	3.622	7	0	0	0	0	/data/data/cratonvm/apps/spring-boot-suite-runner/.suite/results/craton-fullsuite-azure-20260805-s3/all-jit/logs/loader_spring-boot-loader-tools.org.springframework.boot.loader.tools.ImplicitLayerResolverTests.out.log	/data/data/cratonvm/apps/spring-boot-suite-runner/.suite/results/craton-fullsuite-azure-20260805-s3/all-jit/logs/loader_spring-boot-loader-tools.org.springframework.boot.loader.tools.ImplicitLayerResolverTests.err.log	
194	loader/spring-boot-loader-tools	org.springframework.boot.loader.tools.layer.ApplicationContentFilterTests	craton	on	0	PASS	1.005	4	0	0	0	0	/data/data/cratonvm/apps/spring-boot-suite-runner/.suite/results/craton-fullsuite-azure-20260805-s3/all-jit/logs/loader_spring-boot-loader-tools.org.springframework.boot.loader.tools.layer.ApplicationContentFilterTests.out.log	/data/data/cratonvm/apps/spring-boot-suite-runner/.suite/results/craton-fullsuite-azure-20260805-s3/all-jit/logs/loader_spring-boot-loader-tools.org.springframework.boot.loader.tools.layer.ApplicationContentFilterTests.err.log	
195	loader/spring-boot-loader-tools	org.springframework.boot.loader.tools.layer.IncludeExcludeContentSelectorTests	craton	on	0	PASS	0.603	10	0	0	0	0	/data/data/cratonvm/apps/spring-boot-suite-runner/.suite/results/craton-fullsuite-azure-20260805-s3/all-jit/logs/loader_spring-boot-loader-tools.org.springframework.boot.loader.tools.layer.IncludeExcludeContentSelectorTests.out.log	/data/data/cratonvm/apps/spring-boot-suite-runner/.suite/results/craton-fullsuite-azure-20260805-s3/all-jit/logs/loader_spring-boot-loader-tools.org.springframework.boot.loader.tools.layer.IncludeExcludeContentSelectorTests.err.log	
196	loader/spring-boot-loader-tools	org.springframework.boot.loader.tools.layer.LibraryContentFilterTests	craton	on	0	PASS	3.220	10	0	0	0	0	/data/data/cratonvm/apps/spring-boot-suite-runner/.suite/results/craton-fullsuite-azure-20260805-s3/all-jit/logs/loader_spring-boot-loader-tools.org.springframework.boot.loader.tools.layer.LibraryContentFilterTests.out.log	/data/data/cratonvm/apps/spring-boot-suite-runner/.suite/results/craton-fullsuite-azure-20260805-s3/all-jit/logs/loader_spring-boot-loader-tools.org.springframework.boot.loader.tools.layer.LibraryContentFilterTests.err.log	
197	loader/spring-boot-loader-tools	org.springframework.boot.loader.tools.LayersIndexTests	craton	on	0	PASS	0.805	6	0	0	0	0	/data/data/cratonvm/apps/spring-boot-suite-runner/.suite/results/craton-fullsuite-azure-20260805-s3/all-jit/logs/loader_spring-boot-loader-tools.org.springframework.boot.loader.tools.LayersIndexTests.out.log	/data/data/cratonvm/apps/spring-boot-suite-runner/.suite/results/craton-fullsuite-azure-20260805-s3/all-jit/logs/loader_spring-boot-loader-tools.org.springframework.boot.loader.tools.LayersIndexTests.err.log	
198	loader/spring-boot-loader-tools	org.springframework.boot.loader.tools.LayerTests	craton	on	0	PASS	0.603	6	0	0	0	0	/data/data/cratonvm/apps/spring-boot-suite-runner/.suite/results/craton-fullsuite-azure-20260805-s3/all-jit/logs/loader_spring-boot-loader-tools.org.springframework.boot.loader.tools.LayerTests.out.log	/data/data/cratonvm/apps/spring-boot-suite-runner/.suite/results/craton-fullsuite-azure-20260805-s3/all-jit/logs/loader_spring-boot-loader-tools.org.springframework.boot.loader.tools.LayerTests.err.log	
199	loader/spring-boot-loader-tools	org.springframework.boot.loader.tools.LayoutsTests	craton	on	0	PASS	0.603	5	0	0	0	0	/data/data/cratonvm/apps/spring-boot-suite-runner/.suite/results/craton-fullsuite-azure-20260805-s3/all-jit/logs/loader_spring-boot-loader-tools.org.springframework.boot.loader.tools.LayoutsTests.out.log	/data/data/cratonvm/apps/spring-boot-suite-runner/.suite/results/craton-fullsuite-azure-20260805-s3/all-jit/logs/loader_spring-boot-loader-tools.org.springframework.boot.loader.tools.LayoutsTests.err.log	
200	loader/spring-boot-loader-tools	org.springframework.boot.loader.tools.LibraryCoordinatesTests	craton	on	0	PASS	1.815	4	0	0	0	0	/data/data/cratonvm/apps/spring-boot-suite-runner/.suite/results/craton-fullsuite-azure-20260805-s3/all-jit/logs/loader_spring-boot-loader-tools.org.springframework.boot.loader.tools.LibraryCoordinatesTests.out.log	/data/data/cratonvm/apps/spring-boot-suite-runner/.suite/results/craton-fullsuite-azure-20260805-s3/all-jit/logs/loader_spring-boot-loader-tools.org.springframework.boot.loader.tools.LibraryCoordinatesTests.err.log	
201	loader/spring-boot-loader-tools	org.springframework.boot.loader.tools.MainClassFinderTests	craton	on	0	PASS	1.813	17	0	0	0	0	/data/data/cratonvm/apps/spring-boot-suite-runner/.suite/results/craton-fullsuite-azure-20260805-s3/all-jit/logs/loader_spring-boot-loader-tools.org.springframework.boot.loader.tools.MainClassFinderTests.out.log	/data/data/cratonvm/apps/spring-boot-suite-runner/.suite/results/craton-fullsuite-azure-20260805-s3/all-jit/logs/loader_spring-boot-loader-tools.org.springframework.boot.loader.tools.MainClassFinderTests.err.log	
202	loader/spring-boot-loader-tools	org.springframework.boot.loader.tools.NativeImageArgFileTests	craton	on	0	PASS	0.605	2	0	0	0	0	/data/data/cratonvm/apps/spring-boot-suite-runner/.suite/results/craton-fullsuite-azure-20260805-s3/all-jit/logs/loader_spring-boot-loader-tools.org.springframework.boot.loader.tools.NativeImageArgFileTests.out.log	/data/data/cratonvm/apps/spring-boot-suite-runner/.suite/results/craton-fullsuite-azure-20260805-s3/all-jit/logs/loader_spring-boot-loader-tools.org.springframework.boot.loader.tools.NativeImageArgFileTests.err.log	
203	loader/spring-boot-loader-tools	org.springframework.boot.loader.tools.ReachabilityMetadataPropertiesTests	craton	on	0	PASS	0.604	2	0	0	0	0	/data/data/cratonvm/apps/spring-boot-suite-runner/.suite/results/craton-fullsuite-azure-20260805-s3/all-jit/logs/loader_spring-boot-loader-tools.org.springframework.boot.loader.tools.ReachabilityMetadataPropertiesTests.out.log	/data/data/cratonvm/apps/spring-boot-suite-runner/.suite/results/craton-fullsuite-azure-20260805-s3/all-jit/logs/loader_spring-boot-loader-tools.org.springframework.boot.loader.tools.ReachabilityMetadataPropertiesTests.err.log	
204	loader/spring-boot-loader-tools	org.springframework.boot.loader.tools.RepackagerTests	craton	on	0	PASS	37.041	52	0	0	0	0	/data/data/cratonvm/apps/spring-boot-suite-runner/.suite/results/craton-fullsuite-azure-20260805-s3/all-jit/logs/loader_spring-boot-loader-tools.org.springframework.boot.loader.tools.RepackagerTests.out.log	/data/data/cratonvm/apps/spring-boot-suite-runner/.suite/results/craton-fullsuite-azure-20260805-s3/all-jit/logs/loader_spring-boot-loader-tools.org.springframework.boot.loader.tools.RepackagerTests.err.log	
205	loader/spring-boot-loader-tools	org.springframework.boot.loader.tools.SizeCalculatingEntryWriterTests	craton	on	0	PASS	0.804	2	0	0	0	0	/data/data/cratonvm/apps/spring-boot-suite-runner/.suite/results/craton-fullsuite-azure-20260805-s3/all-jit/logs/loader_spring-boot-loader-tools.org.springframework.boot.loader.tools.SizeCalculatingEntryWriterTests.out.log	/data/data/cratonvm/apps/spring-boot-suite-runner/.suite/results/craton-fullsuite-azure-20260805-s3/all-jit/logs/loader_spring-boot-loader-tools.org.springframework.boot.loader.tools.SizeCalculatingEntryWriterTests.err.log	
206	loader/spring-boot-loader-tools	org.springframework.boot.loader.tools.ZipHeaderPeekInputStreamTests	craton	on	0	PASS	1.011	9	0	0	0	0	/data/data/cratonvm/apps/spring-boot-suite-runner/.suite/results/craton-fullsuite-azure-20260805-s3/all-jit/logs/loader_spring-boot-loader-tools.org.springframework.boot.loader.tools.ZipHeaderPeekInputStreamTests.out.log	/data/data/cratonvm/apps/spring-boot-suite-runner/.suite/results/craton-fullsuite-azure-20260805-s3/all-jit/logs/loader_spring-boot-loader-tools.org.springframework.boot.loader.tools.ZipHeaderPeekInputStreamTests.err.log	
207	module/spring-boot-activemq	org.springframework.boot.activemq.autoconfigure.ActiveMQAutoConfigurationTests	craton	on	0	PASS	23.764	13	0	0	0	0	/data/data/cratonvm/apps/spring-boot-suite-runner/.suite/results/craton-fullsuite-azure-20260805-s3/all-jit/logs/module_spring-boot-activemq.org.springframework.boot.activemq.autoconfigure.ActiveMQAutoConfigurationTests.out.log	/data/data/cratonvm/apps/spring-boot-suite-runner/.suite/results/craton-fullsuite-azure-20260805-s3/all-jit/logs/module_spring-boot-activemq.org.springframework.boot.activemq.autoconfigure.ActiveMQAutoConfigurationTests.err.log	
208	module/spring-boot-activemq	org.springframework.boot.activemq.autoconfigure.ActiveMQPropertiesTests	craton	on	0	PASS	2.014	6	0	0	0	0	/data/data/cratonvm/apps/spring-boot-suite-runner/.suite/results/craton-fullsuite-azure-20260805-s3/all-jit/logs/module_spring-boot-activemq.org.springframework.boot.activemq.autoconfigure.ActiveMQPropertiesTests.out.log	/data/data/cratonvm/apps/spring-boot-suite-runner/.suite/results/craton-fullsuite-azure-20260805-s3/all-jit/logs/module_spring-boot-activemq.org.springframework.boot.activemq.autoconfigure.ActiveMQPropertiesTests.err.log	
209	module/spring-boot-activemq	org.springframework.boot.activemq.docker.compose.ActiveMQClassicEnvironmentTests	craton	on	0	PASS	0.605	4	0	0	0	0	/data/data/cratonvm/apps/spring-boot-suite-runner/.suite/results/craton-fullsuite-azure-20260805-s3/all-jit/logs/module_spring-boot-activemq.org.springframework.boot.activemq.docker.compose.ActiveMQClassicEnvironmentTests.out.log	/data/data/cratonvm/apps/spring-boot-suite-runner/.suite/results/craton-fullsuite-azure-20260805-s3/all-jit/logs/module_spring-boot-activemq.org.springframework.boot.activemq.docker.compose.ActiveMQClassicEnvironmentTests.err.log	
210	module/spring-boot-activemq	org.springframework.boot.activemq.docker.compose.ActiveMQEnvironmentTests	craton	on	0	PASS	0.605	4	0	0	0	0	/data/data/cratonvm/apps/spring-boot-suite-runner/.suite/results/craton-fullsuite-azure-20260805-s3/all-jit/logs/module_spring-boot-activemq.org.springframework.boot.activemq.docker.compose.ActiveMQEnvironmentTests.out.log	/data/data/cratonvm/apps/spring-boot-suite-runner/.suite/results/craton-fullsuite-azure-20260805-s3/all-jit/logs/module_spring-boot-activemq.org.springframework.boot.activemq.docker.compose.ActiveMQEnvironmentTests.err.log	
211	module/spring-boot-actuator	org.springframework.boot.actuate.audit.AuditEventsEndpointTests	craton	on	0	PASS	1.811	3	0	0	0	0	/data/data/cratonvm/apps/spring-boot-suite-runner/.suite/results/craton-fullsuite-azure-20260805-s3/all-jit/logs/module_spring-boot-actuator.org.springframework.boot.actuate.audit.AuditEventsEndpointTests.out.log	/data/data/cratonvm/apps/spring-boot-suite-runner/.suite/results/craton-fullsuite-azure-20260805-s3/all-jit/logs/module_spring-boot-actuator.org.springframework.boot.actuate.audit.AuditEventsEndpointTests.err.log	
212	module/spring-boot-actuator	org.springframework.boot.actuate.audit.AuditEventTests	craton	on	0	PASS	1.006	6	0	0	0	0	/data/data/cratonvm/apps/spring-boot-suite-runner/.suite/results/craton-fullsuite-azure-20260805-s3/all-jit/logs/module_spring-boot-actuator.org.springframework.boot.actuate.audit.AuditEventTests.out.log	/data/data/cratonvm/apps/spring-boot-suite-runner/.suite/results/craton-fullsuite-azure-20260805-s3/all-jit/logs/module_spring-boot-actuator.org.springframework.boot.actuate.audit.AuditEventTests.err.log	
213	module/spring-boot-actuator	org.springframework.boot.actuate.audit.InMemoryAuditEventRepositoryTests	craton	on	0	PASS	0.809	6	0	0	0	0	/data/data/cratonvm/apps/spring-boot-suite-runner/.suite/results/craton-fullsuite-azure-20260805-s3/all-jit/logs/module_spring-boot-actuator.org.springframework.boot.actuate.audit.InMemoryAuditEventRepositoryTests.out.log	/data/data/cratonvm/apps/spring-boot-suite-runner/.suite/results/craton-fullsuite-azure-20260805-s3/all-jit/logs/module_spring-boot-actuator.org.springframework.boot.actuate.audit.InMemoryAuditEventRepositoryTests.err.log	
214	module/spring-boot-actuator	org.springframework.boot.actuate.audit.listener.AuditListenerTests	craton	on	0	PASS	1.816	1	0	0	0	0	/data/data/cratonvm/apps/spring-boot-suite-runner/.suite/results/craton-fullsuite-azure-20260805-s3/all-jit/logs/module_spring-boot-actuator.org.springframework.boot.actuate.audit.listener.AuditListenerTests.out.log	/data/data/cratonvm/apps/spring-boot-suite-runner/.suite/results/craton-fullsuite-azure-20260805-s3/all-jit/logs/module_spring-boot-actuator.org.springframework.boot.actuate.audit.listener.AuditListenerTests.err.log	
215	module/spring-boot-actuator	org.springframework.boot.actuate.beans.BeansEndpointTests	craton	on	0	PASS	1.613	4	0	0	0	0	/data/data/cratonvm/apps/spring-boot-suite-runner/.suite/results/craton-fullsuite-azure-20260805-s3/all-jit/logs/module_spring-boot-actuator.org.springframework.boot.actuate.beans.BeansEndpointTests.out.log	/data/data/cratonvm/apps/spring-boot-suite-runner/.suite/results/craton-fullsuite-azure-20260805-s3/all-jit/logs/module_spring-boot-actuator.org.springframework.boot.actuate.beans.BeansEndpointTests.err.log	
216	module/spring-boot-actuator	org.springframework.boot.actuate.context.properties.ConfigurationPropertiesReportEndpointFilteringTests	craton	on	0	PASS	3.620	5	0	0	0	0	/data/data/cratonvm/apps/spring-boot-suite-runner/.suite/results/craton-fullsuite-azure-20260805-s3/all-jit/logs/module_spring-boot-actuator.org.springframework.boot.actuate.context.properties.ConfigurationPropertiesRep-daa9f107ce30.out.log	/data/data/cratonvm/apps/spring-boot-suite-runner/.suite/results/craton-fullsuite-azure-20260805-s3/all-jit/logs/module_spring-boot-actuator.org.springframework.boot.actuate.context.properties.ConfigurationPropertiesRep-daa9f107ce30.err.log	
217	module/spring-boot-actuator	org.springframework.boot.actuate.context.properties.ConfigurationPropertiesReportEndpointMethodAnnotationsTests	craton	on	0	PASS	2.015	2	0	0	0	0	/data/data/cratonvm/apps/spring-boot-suite-runner/.suite/results/craton-fullsuite-azure-20260805-s3/all-jit/logs/module_spring-boot-actuator.org.springframework.boot.actuate.context.properties.ConfigurationPropertiesRep-fed617051b29.out.log	/data/data/cratonvm/apps/spring-boot-suite-runner/.suite/results/craton-fullsuite-azure-20260805-s3/all-jit/logs/module_spring-boot-actuator.org.springframework.boot.actuate.context.properties.ConfigurationPropertiesRep-fed617051b29.err.log	
218	module/spring-boot-actuator	org.springframework.boot.actuate.context.properties.ConfigurationPropertiesReportEndpointParentTests	craton	on	0	PASS	2.618	2	0	0	0	0	/data/data/cratonvm/apps/spring-boot-suite-runner/.suite/results/craton-fullsuite-azure-20260805-s3/all-jit/logs/module_spring-boot-actuator.org.springframework.boot.actuate.context.properties.ConfigurationPropertiesRep-4baf90280080.out.log	/data/data/cratonvm/apps/spring-boot-suite-runner/.suite/results/craton-fullsuite-azure-20260805-s3/all-jit/logs/module_spring-boot-actuator.org.springframework.boot.actuate.context.properties.ConfigurationPropertiesRep-4baf90280080.err.log	
219	module/spring-boot-actuator	org.springframework.boot.actuate.context.properties.ConfigurationPropertiesReportEndpointProxyTests	craton	on	0	PASS	5.446	2	0	0	0	0	/data/data/cratonvm/apps/spring-boot-suite-runner/.suite/results/craton-fullsuite-azure-20260805-s3/all-jit/logs/module_spring-boot-actuator.org.springframework.boot.actuate.context.properties.ConfigurationPropertiesRep-917a3d29882a.out.log	/data/data/cratonvm/apps/spring-boot-suite-runner/.suite/results/craton-fullsuite-azure-20260805-s3/all-jit/logs/module_spring-boot-actuator.org.springframework.boot.actuate.context.properties.ConfigurationPropertiesRep-917a3d29882a.err.log	
220	module/spring-boot-actuator	org.springframework.boot.actuate.context.properties.ConfigurationPropertiesReportEndpointSerializationTests	craton	on	0	PASS	8.261	15	0	0	0	0	/data/data/cratonvm/apps/spring-boot-suite-runner/.suite/results/craton-fullsuite-azure-20260805-s3/all-jit/logs/module_spring-boot-actuator.org.springframework.boot.actuate.context.properties.ConfigurationPropertiesRep-f819d00d97e6.out.log	/data/data/cratonvm/apps/spring-boot-suite-runner/.suite/results/craton-fullsuite-azure-20260805-s3/all-jit/logs/module_spring-boot-actuator.org.springframework.boot.actuate.context.properties.ConfigurationPropertiesRep-f819d00d97e6.err.log	
221	module/spring-boot-actuator	org.springframework.boot.actuate.context.properties.ConfigurationPropertiesReportEndpointTests	craton	on	0	PASS	10.279	23	0	0	0	0	/data/data/cratonvm/apps/spring-boot-suite-runner/.suite/results/craton-fullsuite-azure-20260805-s3/all-jit/logs/module_spring-boot-actuator.org.springframework.boot.actuate.context.properties.ConfigurationPropertiesRep-c136f7555ba1.out.log	/data/data/cratonvm/apps/spring-boot-suite-runner/.suite/results/craton-fullsuite-azure-20260805-s3/all-jit/logs/module_spring-boot-actuator.org.springframework.boot.actuate.context.properties.ConfigurationPropertiesRep-c136f7555ba1.err.log	
222	module/spring-boot-actuator	org.springframework.boot.actuate.context.properties.ConfigurationPropertiesReportEndpointWebExtensionTests	craton	on	0	PASS	3.425	4	0	0	0	0	/data/data/cratonvm/apps/spring-boot-suite-runner/.suite/results/craton-fullsuite-azure-20260805-s3/all-jit/logs/module_spring-boot-actuator.org.springframework.boot.actuate.context.properties.ConfigurationPropertiesRep-9692b3bac234.out.log	/data/data/cratonvm/apps/spring-boot-suite-runner/.suite/results/craton-fullsuite-azure-20260805-s3/all-jit/logs/module_spring-boot-actuator.org.springframework.boot.actuate.context.properties.ConfigurationPropertiesRep-9692b3bac234.err.log	
223	module/spring-boot-actuator	org.springframework.boot.actuate.context.ShutdownEndpointTests	craton	on	0	PASS	9.266	3	0	0	0	0	/data/data/cratonvm/apps/spring-boot-suite-runner/.suite/results/craton-fullsuite-azure-20260805-s3/all-jit/logs/module_spring-boot-actuator.org.springframework.boot.actuate.context.ShutdownEndpointTests.out.log	/data/data/cratonvm/apps/spring-boot-suite-runner/.suite/results/craton-fullsuite-azure-20260805-s3/all-jit/logs/module_spring-boot-actuator.org.springframework.boot.actuate.context.ShutdownEndpointTests.err.log	
224	module/spring-boot-actuator	org.springframework.boot.actuate.endpoint.AccessTests	craton	on	0	PASS	0.805	3	0	0	0	0	/data/data/cratonvm/apps/spring-boot-suite-runner/.suite/results/craton-fullsuite-azure-20260805-s3/all-jit/logs/module_spring-boot-actuator.org.springframework.boot.actuate.endpoint.AccessTests.out.log	/data/data/cratonvm/apps/spring-boot-suite-runner/.suite/results/craton-fullsuite-azure-20260805-s3/all-jit/logs/module_spring-boot-actuator.org.springframework.boot.actuate.endpoint.AccessTests.err.log	
225	module/spring-boot-actuator	org.springframework.boot.actuate.endpoint.annotation.DiscoveredOperationMethodTests	craton	on	0	PASS	0.804	3	0	0	0	0	/data/data/cratonvm/apps/spring-boot-suite-runner/.suite/results/craton-fullsuite-azure-20260805-s3/all-jit/logs/module_spring-boot-actuator.org.springframework.boot.actuate.endpoint.annotation.DiscoveredOperationMethodTests.out.log	/data/data/cratonvm/apps/spring-boot-suite-runner/.suite/results/craton-fullsuite-azure-20260805-s3/all-jit/logs/module_spring-boot-actuator.org.springframework.boot.actuate.endpoint.annotation.DiscoveredOperationMethodTests.err.log	
226	module/spring-boot-actuator	org.springframework.boot.actuate.endpoint.annotation.DiscoveredOperationsFactoryTests	craton	on	0	PASS	2.216	8	0	0	0	0	/data/data/cratonvm/apps/spring-boot-suite-runner/.suite/results/craton-fullsuite-azure-20260805-s3/all-jit/logs/module_spring-boot-actuator.org.springframework.boot.actuate.endpoint.annotation.DiscoveredOperationsFactoryTests.out.log	/data/data/cratonvm/apps/spring-boot-suite-runner/.suite/results/craton-fullsuite-azure-20260805-s3/all-jit/logs/module_spring-boot-actuator.org.springframework.boot.actuate.endpoint.annotation.DiscoveredOperationsFactoryTests.err.log	
227	module/spring-boot-actuator	org.springframework.boot.actuate.endpoint.annotation.DiscovererEndpointFilterTests	craton	on	0	PASS	2.015	3	0	0	0	0	/data/data/cratonvm/apps/spring-boot-suite-runner/.suite/results/craton-fullsuite-azure-20260805-s3/all-jit/logs/module_spring-boot-actuator.org.springframework.boot.actuate.endpoint.annotation.DiscovererEndpointFilterTests.out.log	/data/data/cratonvm/apps/spring-boot-suite-runner/.suite/results/craton-fullsuite-azure-20260805-s3/all-jit/logs/module_spring-boot-actuator.org.springframework.boot.actuate.endpoint.annotation.DiscovererEndpointFilterTests.err.log	
228	module/spring-boot-actuator	org.springframework.boot.actuate.endpoint.annotation.EndpointDiscovererTests	craton	on	0	PASS	8.873	20	0	0	0	0	/data/data/cratonvm/apps/spring-boot-suite-runner/.suite/results/craton-fullsuite-azure-20260805-s3/all-jit/logs/module_spring-boot-actuator.org.springframework.boot.actuate.endpoint.annotation.EndpointDiscovererTests.out.log	/data/data/cratonvm/apps/spring-boot-suite-runner/.suite/results/craton-fullsuite-azure-20260805-s3/all-jit/logs/module_spring-boot-actuator.org.springframework.boot.actuate.endpoint.annotation.EndpointDiscovererTests.err.log	
229	module/spring-boot-actuator	org.springframework.boot.actuate.endpoint.annotation.OperationReflectiveProcessorTests	craton	on	0	PASS	0.811	5	0	0	0	0	/data/data/cratonvm/apps/spring-boot-suite-runner/.suite/results/craton-fullsuite-azure-20260805-s3/all-jit/logs/module_spring-boot-actuator.org.springframework.boot.actuate.endpoint.annotation.OperationReflectiveProcessorTests.out.log	/data/data/cratonvm/apps/spring-boot-suite-runner/.suite/results/craton-fullsuite-azure-20260805-s3/all-jit/logs/module_spring-boot-actuator.org.springframework.boot.actuate.endpoint.annotation.OperationReflectiveProcessorTests.err.log	
230	module/spring-boot-actuator	org.springframework.boot.actuate.endpoint.EndpointIdTests	craton	on	0	PASS	1.413	17	0	0	0	0	/data/data/cratonvm/apps/spring-boot-suite-runner/.suite/results/craton-fullsuite-azure-20260805-s3/all-jit/logs/module_spring-boot-actuator.org.springframework.boot.actuate.endpoint.EndpointIdTests.out.log	/data/data/cratonvm/apps/spring-boot-suite-runner/.suite/results/craton-fullsuite-azure-20260805-s3/all-jit/logs/module_spring-boot-actuator.org.springframework.boot.actuate.endpoint.EndpointIdTests.err.log	
231	module/spring-boot-actuator	org.springframework.boot.actuate.endpoint.InvocationContextTests	craton	on	0	PASS	1.815	5	0	0	0	0	/data/data/cratonvm/apps/spring-boot-suite-runner/.suite/results/craton-fullsuite-azure-20260805-s3/all-jit/logs/module_spring-boot-actuator.org.springframework.boot.actuate.endpoint.InvocationContextTests.out.log	/data/data/cratonvm/apps/spring-boot-suite-runner/.suite/results/craton-fullsuite-azure-20260805-s3/all-jit/logs/module_spring-boot-actuator.org.springframework.boot.actuate.endpoint.InvocationContextTests.err.log	
232	module/spring-boot-actuator	org.springframework.boot.actuate.endpoint.invoke.convert.ConversionServiceParameterValueMapperTests	craton	on	0	PASS	5.032	4	0	0	0	0	/data/data/cratonvm/apps/spring-boot-suite-runner/.suite/results/craton-fullsuite-azure-20260805-s3/all-jit/logs/module_spring-boot-actuator.org.springframework.boot.actuate.endpoint.invoke.convert.ConversionServicePara-a6034c913463.out.log	/data/data/cratonvm/apps/spring-boot-suite-runner/.suite/results/craton-fullsuite-azure-20260805-s3/all-jit/logs/module_spring-boot-actuator.org.springframework.boot.actuate.endpoint.invoke.convert.ConversionServicePara-a6034c913463.err.log	
233	module/spring-boot-actuator	org.springframework.boot.actuate.endpoint.invoke.convert.IsoOffsetDateTimeConverterTests	craton	on	0	PASS	0.805	2	0	0	0	0	/data/data/cratonvm/apps/spring-boot-suite-runner/.suite/results/craton-fullsuite-azure-20260805-s3/all-jit/logs/module_spring-boot-actuator.org.springframework.boot.actuate.endpoint.invoke.convert.IsoOffsetDateTimeConverterTests.out.log	/data/data/cratonvm/apps/spring-boot-suite-runner/.suite/results/craton-fullsuite-azure-20260805-s3/all-jit/logs/module_spring-boot-actuator.org.springframework.boot.actuate.endpoint.invoke.convert.IsoOffsetDateTimeConverterTests.err.log	
234	module/spring-boot-actuator	org.springframework.boot.actuate.endpoint.invoke.reflect.OperationMethodParametersTests	craton	on	0	PASS	2.012	8	0	0	0	0	/data/data/cratonvm/apps/spring-boot-suite-runner/.suite/results/craton-fullsuite-azure-20260805-s3/all-jit/logs/module_spring-boot-actuator.org.springframework.boot.actuate.endpoint.invoke.reflect.OperationMethodParametersTests.out.log	/data/data/cratonvm/apps/spring-boot-suite-runner/.suite/results/craton-fullsuite-azure-20260805-s3/all-jit/logs/module_spring-boot-actuator.org.springframework.boot.actuate.endpoint.invoke.reflect.OperationMethodParametersTests.err.log	
235	module/spring-boot-actuator	org.springframework.boot.actuate.endpoint.invoke.reflect.OperationMethodParameterTests	craton	on	0	PASS	0.806	6	0	0	0	0	/data/data/cratonvm/apps/spring-boot-suite-runner/.suite/results/craton-fullsuite-azure-20260805-s3/all-jit/logs/module_spring-boot-actuator.org.springframework.boot.actuate.endpoint.invoke.reflect.OperationMethodParameterTests.out.log	/data/data/cratonvm/apps/spring-boot-suite-runner/.suite/results/craton-fullsuite-azure-20260805-s3/all-jit/logs/module_spring-boot-actuator.org.springframework.boot.actuate.endpoint.invoke.reflect.OperationMethodParameterTests.err.log	
236	module/spring-boot-actuator	org.springframework.boot.actuate.endpoint.invoke.reflect.OperationMethodTests	craton	on	0	PASS	0.812	5	0	0	0	0	/data/data/cratonvm/apps/spring-boot-suite-runner/.suite/results/craton-fullsuite-azure-20260805-s3/all-jit/logs/module_spring-boot-actuator.org.springframework.boot.actuate.endpoint.invoke.reflect.OperationMethodTests.out.log	/data/data/cratonvm/apps/spring-boot-suite-runner/.suite/results/craton-fullsuite-azure-20260805-s3/all-jit/logs/module_spring-boot-actuator.org.springframework.boot.actuate.endpoint.invoke.reflect.OperationMethodTests.err.log	
237	module/spring-boot-actuator	org.springframework.boot.actuate.endpoint.invoke.reflect.ReflectiveOperationInvokerTests	craton	on	0	PASS	1.812	7	0	0	0	0	/data/data/cratonvm/apps/spring-boot-suite-runner/.suite/results/craton-fullsuite-azure-20260805-s3/all-jit/logs/module_spring-boot-actuator.org.springframework.boot.actuate.endpoint.invoke.reflect.ReflectiveOperationInvokerTests.out.log	/data/data/cratonvm/apps/spring-boot-suite-runner/.suite/results/craton-fullsuite-azure-20260805-s3/all-jit/logs/module_spring-boot-actuator.org.springframework.boot.actuate.endpoint.invoke.reflect.ReflectiveOperationInvokerTests.err.log	
238	module/spring-boot-actuator	org.springframework.boot.actuate.endpoint.invoker.cache.CachingOperationInvokerAdvisorTests	craton	on	0	PASS	3.028	10	0	0	0	0	/data/data/cratonvm/apps/spring-boot-suite-runner/.suite/results/craton-fullsuite-azure-20260805-s3/all-jit/logs/module_spring-boot-actuator.org.springframework.boot.actuate.endpoint.invoker.cache.CachingOperationInvokerAdvisorTests.out.log	/data/data/cratonvm/apps/spring-boot-suite-runner/.suite/results/craton-fullsuite-azure-20260805-s3/all-jit/logs/module_spring-boot-actuator.org.springframework.boot.actuate.endpoint.invoker.cache.CachingOperationInvokerAdvisorTests.err.log	
239	module/spring-boot-actuator	org.springframework.boot.actuate.endpoint.invoker.cache.CachingOperationInvokerTests	craton	on	0	PASS	11.693	13	0	0	0	0	/data/data/cratonvm/apps/spring-boot-suite-runner/.suite/results/craton-fullsuite-azure-20260805-s3/all-jit/logs/module_spring-boot-actuator.org.springframework.boot.actuate.endpoint.invoker.cache.CachingOperationInvokerTests.out.log	/data/data/cratonvm/apps/spring-boot-suite-runner/.suite/results/craton-fullsuite-azure-20260805-s3/all-jit/logs/module_spring-boot-actuator.org.springframework.boot.actuate.endpoint.invoker.cache.CachingOperationInvokerTests.err.log	
240	module/spring-boot-actuator	org.springframework.boot.actuate.endpoint.jmx.annotation.DiscoveredJmxOperationTests	craton	on	0	PASS	2.012	8	0	0	0	0	/data/data/cratonvm/apps/spring-boot-suite-runner/.suite/results/craton-fullsuite-azure-20260805-s3/all-jit/logs/module_spring-boot-actuator.org.springframework.boot.actuate.endpoint.jmx.annotation.DiscoveredJmxOperationTests.out.log	/data/data/cratonvm/apps/spring-boot-suite-runner/.suite/results/craton-fullsuite-azure-20260805-s3/all-jit/logs/module_spring-boot-actuator.org.springframework.boot.actuate.endpoint.jmx.annotation.DiscoveredJmxOperationTests.err.log	
241	module/spring-boot-actuator	org.springframework.boot.actuate.endpoint.jmx.annotation.JmxEndpointDiscovererTests	craton	on	0	PASS	3.620	14	0	0	0	0	/data/data/cratonvm/apps/spring-boot-suite-runner/.suite/results/craton-fullsuite-azure-20260805-s3/all-jit/logs/module_spring-boot-actuator.org.springframework.boot.actuate.endpoint.jmx.annotation.JmxEndpointDiscovererTests.out.log	/data/data/cratonvm/apps/spring-boot-suite-runner/.suite/results/craton-fullsuite-azure-20260805-s3/all-jit/logs/module_spring-boot-actuator.org.springframework.boot.actuate.endpoint.jmx.annotation.JmxEndpointDiscovererTests.err.log	
242	module/spring-boot-actuator	org.springframework.boot.actuate.endpoint.jmx.EndpointMBeanTests	craton	on	0	PASS	3.424	16	0	0	0	0	/data/data/cratonvm/apps/spring-boot-suite-runner/.suite/results/craton-fullsuite-azure-20260805-s3/all-jit/logs/module_spring-boot-actuator.org.springframework.boot.actuate.endpoint.jmx.EndpointMBeanTests.out.log	/data/data/cratonvm/apps/spring-boot-suite-runner/.suite/results/craton-fullsuite-azure-20260805-s3/all-jit/logs/module_spring-boot-actuator.org.springframework.boot.actuate.endpoint.jmx.EndpointMBeanTests.err.log	
243	module/spring-boot-actuator	org.springframework.boot.actuate.endpoint.jmx.JacksonJmxOperationResponseMapperTests	craton	on	0	PASS	9.871	11	0	0	0	0	/data/data/cratonvm/apps/spring-boot-suite-runner/.suite/results/craton-fullsuite-azure-20260805-s3/all-jit/logs/module_spring-boot-actuator.org.springframework.boot.actuate.endpoint.jmx.JacksonJmxOperationResponseMapperTests.out.log	/data/data/cratonvm/apps/spring-boot-suite-runner/.suite/results/craton-fullsuite-azure-20260805-s3/all-jit/logs/module_spring-boot-actuator.org.springframework.boot.actuate.endpoint.jmx.JacksonJmxOperationResponseMapperTests.err.log	
244	module/spring-boot-actuator	org.springframework.boot.actuate.endpoint.jmx.JmxEndpointExporterTests	craton	on	0	PASS	5.237	12	0	0	0	0	/data/data/cratonvm/apps/spring-boot-suite-runner/.suite/results/craton-fullsuite-azure-20260805-s3/all-jit/logs/module_spring-boot-actuator.org.springframework.boot.actuate.endpoint.jmx.JmxEndpointExporterTests.out.log	/data/data/cratonvm/apps/spring-boot-suite-runner/.suite/results/craton-fullsuite-azure-20260805-s3/all-jit/logs/module_spring-boot-actuator.org.springframework.boot.actuate.endpoint.jmx.JmxEndpointExporterTests.err.log	
245	module/spring-boot-actuator	org.springframework.boot.actuate.endpoint.jmx.MBeanInfoFactoryTests	craton	on	0	PASS	2.214	6	0	0	0	0	/data/data/cratonvm/apps/spring-boot-suite-runner/.suite/results/craton-fullsuite-azure-20260805-s3/all-jit/logs/module_spring-boot-actuator.org.springframework.boot.actuate.endpoint.jmx.MBeanInfoFactoryTests.out.log	/data/data/cratonvm/apps/spring-boot-suite-runner/.suite/results/craton-fullsuite-azure-20260805-s3/all-jit/logs/module_spring-boot-actuator.org.springframework.boot.actuate.endpoint.jmx.MBeanInfoFactoryTests.err.log	
246	module/spring-boot-actuator	org.springframework.boot.actuate.endpoint.OperationFilterTests	craton	on	0	PASS	2.219	5	0	0	0	0	/data/data/cratonvm/apps/spring-boot-suite-runner/.suite/results/craton-fullsuite-azure-20260805-s3/all-jit/logs/module_spring-boot-actuator.org.springframework.boot.actuate.endpoint.OperationFilterTests.out.log	/data/data/cratonvm/apps/spring-boot-suite-runner/.suite/results/craton-fullsuite-azure-20260805-s3/all-jit/logs/module_spring-boot-actuator.org.springframework.boot.actuate.endpoint.OperationFilterTests.err.log	
247	loader/spring-boot-loader	org.springframework.boot.loader.zip.ZipContentTests	craton	on	TIMEOUT	HANG	300.049	0	0	0	0	0	/data/data/cratonvm/apps/spring-boot-suite-runner/.suite/results/craton-fullsuite-azure-20260805-s3/all-jit/logs/loader_spring-boot-loader.org.springframework.boot.loader.zip.ZipContentTests.out.log	/data/data/cratonvm/apps/spring-boot-suite-runner/.suite/results/craton-fullsuite-azure-20260805-s3/all-jit/logs/loader_spring-boot-loader.org.springframework.boot.loader.zip.ZipContentTests.err.log	hotspot-baseline: PASS 0/29
