org.springframework.boot.ApplicationEnvironmentTests	PASS
org.springframework.boot.ApplicationInfoPropertySourceTests	PASS
org.springframework.boot.ApplicationPropertiesTests	PASS
org.springframework.boot.BannerTests	PASS
org.springframework.boot.BeanDefinitionLoaderTests	PASS
org.springframework.boot.DefaultApplicationArgumentsTests	PASS
org.springframework.boot.EnvironmentConverterTests	PASS
org.springframework.boot.ExitCodeGeneratorsTests	PASS
org.springframework.boot.LazyInitializationBeanFactoryPostProcessorTests	PASS
org.springframework.boot.LazyInitializationExcludeFilterTests	PASS
org.springframework.boot.OverrideSourcesTests	PASS
org.springframework.boot.ResourceBannerTests	PASS
org.springframework.boot.SimpleMainTests	PASS
org.springframework.boot.SpringApplicationAotProcessorTests	PASS
org.springframework.boot.SpringApplicationBannerPrinterTests	PASS
org.springframework.boot.SpringApplicationExtensionsTests	PASS
org.springframework.boot.SpringApplicationNoWebTests	PASS
org.springframework.boot.SpringApplicationShutdownHookTests	PASS
org.springframework.boot.SpringApplicationTests	PASS
org.springframework.boot.SpringBootConfigurationTests	PASS
org.springframework.boot.SpringBootExceptionHandlerTests	PASS
org.springframework.boot.SpringBootVersionTests	PASS
org.springframework.boot.StartupInfoLoggerTests	PASS
org.springframework.boot.activemq.autoconfigure.ActiveMQAutoConfigurationTests	PASS
org.springframework.boot.activemq.autoconfigure.ActiveMQPropertiesTests	PASS
org.springframework.boot.activemq.docker.compose.ActiveMQClassicEnvironmentTests	PASS
org.springframework.boot.activemq.docker.compose.ActiveMQEnvironmentTests	PASS
org.springframework.boot.actuate.audit.AuditEventTests	PASS
org.springframework.boot.actuate.audit.AuditEventsEndpointTests	PASS
org.springframework.boot.actuate.audit.InMemoryAuditEventRepositoryTests	PASS
org.springframework.boot.actuate.audit.listener.AuditListenerTests	PASS
org.springframework.boot.actuate.autoconfigure.audit.AuditAutoConfigurationTests	PASS
org.springframework.boot.actuate.autoconfigure.audit.AuditEventsEndpointAutoConfigurationTests	PASS
org.springframework.boot.actuate.autoconfigure.beans.BeansEndpointAutoConfigurationTests	PASS
org.springframework.boot.actuate.autoconfigure.condition.ConditionsReportEndpointAutoConfigurationTests	PASS
org.springframework.boot.actuate.autoconfigure.condition.ConditionsReportEndpointTests	PASS
org.springframework.boot.actuate.autoconfigure.context.ShutdownEndpointAutoConfigurationTests	PASS
org.springframework.boot.actuate.autoconfigure.context.properties.ConfigurationPropertiesReportEndpointAutoConfigurationTests	PASS
org.springframework.boot.actuate.autoconfigure.endpoint.EndpointAutoConfigurationTests	PASS
org.springframework.boot.actuate.autoconfigure.endpoint.EndpointIdTimeToLivePropertyFunctionTests	PASS
org.springframework.boot.actuate.autoconfigure.endpoint.PropertiesEndpointAccessResolverTests	PASS
org.springframework.boot.actuate.autoconfigure.endpoint.condition.ConditionalOnAvailableEndpointTests	PASS
org.springframework.boot.actuate.autoconfigure.endpoint.expose.IncludeExcludeEndpointFilterTests	PASS
org.springframework.boot.actuate.autoconfigure.endpoint.jackson.Jackson2EndpointAutoConfigurationTests	PASS
org.springframework.boot.actuate.autoconfigure.endpoint.jackson.JacksonEndpointAutoConfigurationTests	PASS
org.springframework.boot.actuate.autoconfigure.endpoint.jmx.DefaultEndpointObjectNameFactoryTests	PASS
org.springframework.boot.actuate.autoconfigure.endpoint.jmx.JmxEndpointAutoConfigurationTests	PASS
org.springframework.boot.actuate.autoconfigure.endpoint.web.MappingWebEndpointPathMapperTests	PASS
org.springframework.boot.actuate.autoconfigure.endpoint.web.WebEndpointAutoConfigurationTests	PASS
org.springframework.boot.actuate.autoconfigure.endpoint.web.WebEndpointPropertiesTests	PASS
org.springframework.boot.actuate.autoconfigure.env.EnvironmentEndpointAutoConfigurationTests	PASS
org.springframework.boot.actuate.autoconfigure.info.InfoContributorAutoConfigurationTests	PASS
org.springframework.boot.actuate.autoconfigure.info.InfoEndpointAutoConfigurationTests	PASS
org.springframework.boot.actuate.autoconfigure.logging.LogFileWebEndpointAutoConfigurationTests	PASS
org.springframework.boot.actuate.autoconfigure.logging.LoggersEndpointAutoConfigurationTests	PASS
org.springframework.boot.actuate.autoconfigure.management.HeapDumpWebEndpointAutoConfigurationTests	PASS
org.springframework.boot.actuate.autoconfigure.management.ThreadDumpEndpointAutoConfigurationTests	PASS
org.springframework.boot.actuate.autoconfigure.sbom.SbomEndpointAutoConfigurationTests	PASS
org.springframework.boot.actuate.autoconfigure.scheduling.ScheduledTasksEndpointAutoConfigurationTests	PASS
org.springframework.boot.actuate.autoconfigure.startup.StartupEndpointAutoConfigurationTests	PASS
org.springframework.boot.actuate.autoconfigure.web.ManagementContextConfigurationTests	PASS
org.springframework.boot.actuate.autoconfigure.web.exchanges.HttpExchangesEndpointAutoConfigurationTests	PASS
org.springframework.boot.actuate.autoconfigure.web.mappings.MappingsEndpointAutoConfigurationTests	PASS
org.springframework.boot.actuate.autoconfigure.web.server.ChildManagementContextInitializerAotTests	PASS
org.springframework.boot.actuate.autoconfigure.web.server.ManagementContextConfigurationImportSelectorTests	PASS
org.springframework.boot.actuate.autoconfigure.web.server.ManagementServerPropertiesTests	PASS
org.springframework.boot.actuate.beans.BeansEndpointTests	PASS
org.springframework.boot.actuate.context.ShutdownEndpointTests	PASS
org.springframework.boot.actuate.context.properties.ConfigurationPropertiesReportEndpointFilteringTests	PASS
org.springframework.boot.actuate.context.properties.ConfigurationPropertiesReportEndpointMethodAnnotationsTests	PASS
org.springframework.boot.actuate.context.properties.ConfigurationPropertiesReportEndpointParentTests	PASS
org.springframework.boot.actuate.context.properties.ConfigurationPropertiesReportEndpointProxyTests	PASS
org.springframework.boot.actuate.context.properties.ConfigurationPropertiesReportEndpointSerializationTests	PASS
org.springframework.boot.actuate.context.properties.ConfigurationPropertiesReportEndpointTests	PASS
org.springframework.boot.actuate.context.properties.ConfigurationPropertiesReportEndpointWebExtensionTests	PASS
org.springframework.boot.actuate.endpoint.AccessTests	PASS
org.springframework.boot.actuate.endpoint.EndpointIdTests	PASS
org.springframework.boot.actuate.endpoint.InvocationContextTests	PASS
org.springframework.boot.actuate.endpoint.OperationFilterTests	PASS
org.springframework.boot.actuate.endpoint.OperationResponseBodyTests	PASS
org.springframework.boot.actuate.endpoint.ProducibleOperationArgumentResolverTests	PASS
org.springframework.boot.actuate.endpoint.SanitizableDataTests	PASS
org.springframework.boot.actuate.endpoint.SanitizerTests	PASS
org.springframework.boot.actuate.endpoint.SanitizingFunctionTests	PASS
org.springframework.boot.actuate.endpoint.ShowTests	PASS
org.springframework.boot.actuate.endpoint.annotation.DiscoveredOperationMethodTests	PASS
org.springframework.boot.actuate.endpoint.annotation.DiscoveredOperationsFactoryTests	PASS
org.springframework.boot.actuate.endpoint.annotation.DiscovererEndpointFilterTests	PASS
org.springframework.boot.actuate.endpoint.annotation.EndpointDiscovererTests	PASS
org.springframework.boot.actuate.endpoint.annotation.OperationReflectiveProcessorTests	PASS
org.springframework.boot.actuate.endpoint.invoke.convert.ConversionServiceParameterValueMapperTests	PASS
org.springframework.boot.actuate.endpoint.invoke.convert.IsoOffsetDateTimeConverterTests	PASS
org.springframework.boot.actuate.endpoint.invoke.reflect.OperationMethodParameterTests	PASS
org.springframework.boot.actuate.endpoint.invoke.reflect.OperationMethodParametersTests	PASS
org.springframework.boot.actuate.endpoint.invoke.reflect.OperationMethodTests	PASS
org.springframework.boot.actuate.endpoint.invoke.reflect.ReflectiveOperationInvokerTests	PASS
org.springframework.boot.actuate.endpoint.invoker.cache.CachingOperationInvokerAdvisorTests	PASS
org.springframework.boot.actuate.endpoint.invoker.cache.CachingOperationInvokerTests	PASS
org.springframework.boot.actuate.endpoint.jmx.EndpointMBeanTests	PASS
org.springframework.boot.actuate.endpoint.jmx.JacksonJmxOperationResponseMapperTests	PASS
org.springframework.boot.actuate.endpoint.jmx.JmxEndpointExporterTests	PASS
org.springframework.boot.actuate.endpoint.jmx.MBeanInfoFactoryTests	PASS
org.springframework.boot.actuate.endpoint.jmx.annotation.DiscoveredJmxOperationTests	PASS
org.springframework.boot.actuate.endpoint.jmx.annotation.JmxEndpointDiscovererTests	PASS
org.springframework.boot.actuate.endpoint.web.EndpointLinksResolverTests	PASS
org.springframework.boot.actuate.endpoint.web.EndpointMappingTests	PASS
org.springframework.boot.actuate.endpoint.web.EndpointMediaTypesTests	PASS
org.springframework.boot.actuate.endpoint.web.EndpointServletTests	PASS
org.springframework.boot.actuate.endpoint.web.LinkTests	PASS
org.springframework.boot.actuate.endpoint.web.PathMappedEndpointsTests	PASS
org.springframework.boot.actuate.endpoint.web.ServletEndpointRegistrarTests	PASS
org.springframework.boot.actuate.endpoint.web.WebEndpointResponseTests	PASS
org.springframework.boot.actuate.endpoint.web.WebOperationRequestPredicateTests	PASS
org.springframework.boot.actuate.endpoint.web.WebServerNamespaceTests	PASS
org.springframework.boot.actuate.endpoint.web.annotation.ControllerEndpointDiscovererTests	PASS
org.springframework.boot.actuate.endpoint.web.annotation.RequestPredicateFactoryTests	PASS
org.springframework.boot.actuate.endpoint.web.annotation.ServletEndpointDiscovererTests	PASS
org.springframework.boot.actuate.endpoint.web.annotation.WebEndpointDiscovererTests	PASS
org.springframework.boot.actuate.env.EnvironmentEndpointTests	PASS
org.springframework.boot.actuate.env.EnvironmentEndpointWebExtensionTests	PASS
org.springframework.boot.actuate.info.BuildInfoContributorTests	PASS
org.springframework.boot.actuate.info.EnvironmentInfoContributorTests	PASS
org.springframework.boot.actuate.info.GitInfoContributorTests	PASS
org.springframework.boot.actuate.info.InfoEndpointTests	PASS
org.springframework.boot.actuate.info.InfoTests	PASS
org.springframework.boot.actuate.info.JavaInfoContributorTests	PASS
org.springframework.boot.actuate.info.OsInfoContributorTests	PASS
org.springframework.boot.actuate.info.ProcessInfoContributorTests	PASS
org.springframework.boot.actuate.info.SimpleInfoContributorTests	PASS
org.springframework.boot.actuate.info.SslInfoContributorTests	PASS
org.springframework.boot.actuate.logging.LogFileWebEndpointTests	PASS
org.springframework.boot.actuate.logging.LoggersEndpointTests	PASS
org.springframework.boot.actuate.management.HeapDumpWebEndpointTests	PASS
org.springframework.boot.actuate.management.ThreadDumpEndpointTests	PASS
org.springframework.boot.actuate.sbom.SbomEndpointTests	PASS
org.springframework.boot.actuate.sbom.SbomEndpointWebExtensionTests	PASS
org.springframework.boot.actuate.scheduling.ScheduledTasksEndpointTests	PASS
org.springframework.boot.actuate.security.AuthenticationAuditListenerTests	PASS
org.springframework.boot.actuate.security.AuthorizationAuditListenerTests	PASS
org.springframework.boot.actuate.startup.StartupEndpointTests	PASS
org.springframework.boot.actuate.web.exchanges.HttpExchangeTests	PASS
org.springframework.boot.actuate.web.exchanges.HttpExchangesEndpointTests	PASS
org.springframework.boot.actuate.web.exchanges.InMemoryHttpExchangeRepositoryTests	PASS
org.springframework.boot.actuate.web.mappings.MappingsEndpointTests	PASS
org.springframework.boot.admin.SpringApplicationAdminMXBeanRegistrarTests	PASS
org.springframework.boot.amqp.autoconfigure.PropertiesRabbitConnectionDetailsTests	PASS
org.springframework.boot.amqp.autoconfigure.RabbitAutoConfigurationTests	PASS
org.springframework.boot.amqp.autoconfigure.RabbitPropertiesTests	PASS
org.springframework.boot.amqp.autoconfigure.RabbitStreamConfigurationTests	PASS
org.springframework.boot.amqp.autoconfigure.health.RabbitHealthContributorAutoConfigurationTests	PASS
org.springframework.boot.amqp.autoconfigure.metrics.RabbitMetricsAutoConfigurationMeterBinderCycleIntegrationTests	PASS
org.springframework.boot.amqp.autoconfigure.metrics.RabbitMetricsAutoConfigurationTests	PASS
org.springframework.boot.amqp.docker.compose.RabbitEnvironmentTests	PASS
org.springframework.boot.amqp.health.RabbitHealthIndicatorTests	PASS
org.springframework.boot.amqp.metrics.RabbitMetricsTests	PASS
org.springframework.boot.ansi.Ansi8BitColorTests	PASS
org.springframework.boot.ansi.AnsiOutputTests	PASS
org.springframework.boot.ansi.AnsiPropertySourceTests	PASS
org.springframework.boot.artemis.autoconfigure.ArtemisAutoConfigurationTests	EMPTY
org.springframework.boot.artemis.autoconfigure.ArtemisEmbeddedConfigurationFactoryTests	PASS
org.springframework.boot.artemis.docker.compose.ArtemisEnvironmentTests	PASS
org.springframework.boot.autoconfigure.AbstractDependsOnBeanFactoryPostProcessorTests	PASS
org.springframework.boot.autoconfigure.AutoConfigurationExcludeFilterTests	PASS
org.springframework.boot.autoconfigure.AutoConfigurationImportSelectorIntegrationTests	PASS
org.springframework.boot.autoconfigure.AutoConfigurationImportSelectorTests	PASS
org.springframework.boot.autoconfigure.AutoConfigurationMetadataLoaderTests	PASS
org.springframework.boot.autoconfigure.AutoConfigurationPackagesTests	PASS
org.springframework.boot.autoconfigure.AutoConfigurationReplacementsTests	PASS
org.springframework.boot.autoconfigure.AutoConfigurationSorterTests	PASS
org.springframework.boot.autoconfigure.AutoConfigurationsTests	PASS
org.springframework.boot.autoconfigure.ImportAutoConfigurationImportSelectorTests	PASS
org.springframework.boot.autoconfigure.ImportAutoConfigurationTests	PASS
org.springframework.boot.autoconfigure.SharedMetadataReaderFactoryContextInitializerTests	PASS
org.springframework.boot.autoconfigure.SpringBootApplicationTests	PASS
org.springframework.boot.autoconfigure.admin.SpringApplicationAdminJmxAutoConfigurationTests	PASS
org.springframework.boot.autoconfigure.aop.AopAutoConfigurationTests	PASS
org.springframework.boot.autoconfigure.aop.NonAspectJAopAutoConfigurationTests	PASS
org.springframework.boot.autoconfigure.availability.ApplicationAvailabilityAutoConfigurationTests	PASS
org.springframework.boot.autoconfigure.condition.AbstractNestedConditionTests	PASS
org.springframework.boot.autoconfigure.condition.AllNestedConditionsTests	PASS
org.springframework.boot.autoconfigure.condition.AnyNestedConditionTests	PASS
org.springframework.boot.autoconfigure.condition.ConditionEvaluationReportAutoConfigurationImportListenerTests	PASS
org.springframework.boot.autoconfigure.condition.ConditionEvaluationReportTests	PASS
org.springframework.boot.autoconfigure.condition.ConditionMessageTests	PASS
org.springframework.boot.autoconfigure.condition.ConditionalOnBeanTests	PASS
org.springframework.boot.autoconfigure.condition.ConditionalOnBooleanPropertyTests	PASS
org.springframework.boot.autoconfigure.condition.ConditionalOnCheckpointRestoreTests	FAIL
org.springframework.boot.autoconfigure.condition.ConditionalOnClassTests	PASS
org.springframework.boot.autoconfigure.condition.ConditionalOnCloudPlatformTests	PASS
org.springframework.boot.autoconfigure.condition.ConditionalOnExpressionTests	PASS
org.springframework.boot.autoconfigure.condition.ConditionalOnJavaTests	PASS
org.springframework.boot.autoconfigure.condition.ConditionalOnJndiTests	PASS
org.springframework.boot.autoconfigure.condition.ConditionalOnMissingBeanTests	PASS
org.springframework.boot.autoconfigure.condition.ConditionalOnMissingBeanWithFilteredClasspathTests	PASS
org.springframework.boot.autoconfigure.condition.ConditionalOnMissingClassTests	PASS
org.springframework.boot.autoconfigure.condition.ConditionalOnMissingFilterBeanTests	PASS
org.springframework.boot.autoconfigure.condition.ConditionalOnNotWarDeploymentTests	PASS
org.springframework.boot.autoconfigure.condition.ConditionalOnNotWebApplicationTests	PASS
org.springframework.boot.autoconfigure.condition.ConditionalOnPropertyTests	PASS
org.springframework.boot.autoconfigure.condition.ConditionalOnResourceTests	PASS
org.springframework.boot.autoconfigure.condition.ConditionalOnSingleCandidateTests	PASS
org.springframework.boot.autoconfigure.condition.ConditionalOnThreadingTests	PASS
org.springframework.boot.autoconfigure.condition.ConditionalOnWarDeploymentTests	PASS
org.springframework.boot.autoconfigure.condition.ConditionalOnWebApplicationTests	PASS
org.springframework.boot.autoconfigure.condition.NoneNestedConditionsTests	PASS
org.springframework.boot.autoconfigure.condition.OnBeanConditionTypeDeductionFailureTests	PASS
org.springframework.boot.autoconfigure.condition.OnClassConditionAutoConfigurationImportFilterTests	PASS
org.springframework.boot.autoconfigure.condition.OnPropertyListConditionTests	PASS
org.springframework.boot.autoconfigure.condition.ResourceConditionTests	PASS
org.springframework.boot.autoconfigure.condition.SpringBootConditionTests	PASS
org.springframework.boot.autoconfigure.container.ContainerImageMetadataTests	PASS
org.springframework.boot.autoconfigure.context.ConfigurationPropertiesAutoConfigurationTests	PASS
org.springframework.boot.autoconfigure.context.LifecycleAutoConfigurationTests	PASS
org.springframework.boot.autoconfigure.context.MessageSourceAutoConfigurationTests	PASS
org.springframework.boot.autoconfigure.context.PropertyPlaceholderAutoConfigurationTests	PASS
org.springframework.boot.autoconfigure.data.ConditionalOnRepositoryTypeTests	PASS
org.springframework.boot.autoconfigure.diagnostics.analyzer.NoSuchBeanDefinitionFailureAnalyzerTests	PASS
org.springframework.boot.autoconfigure.info.ProjectInfoAutoConfigurationTests	PASS
org.springframework.boot.autoconfigure.jmx.JmxAutoConfigurationTests	PASS
org.springframework.boot.autoconfigure.jmx.ParentAwareNamingStrategyTests	PASS
org.springframework.boot.autoconfigure.logging.ConditionEvaluationReportLoggerTests	PASS
org.springframework.boot.autoconfigure.logging.ConditionEvaluationReportLoggingListenerTests	PASS
org.springframework.boot.autoconfigure.logging.ConditionEvaluationReportLoggingProcessorTests	PASS
org.springframework.boot.autoconfigure.service.connection.ConnectionDetailsFactoriesTests	PASS
org.springframework.boot.autoconfigure.ssl.BundleContentNotWatchableFailureAnalyzerTests	PASS
org.springframework.boot.autoconfigure.ssl.BundleContentPropertyTests	PASS
org.springframework.boot.autoconfigure.ssl.CertificateMatcherTests	PASS
org.springframework.boot.autoconfigure.ssl.CertificateMatchingTest	EMPTY
org.springframework.boot.autoconfigure.ssl.FileWatcherTests	PASS
org.springframework.boot.autoconfigure.ssl.PropertiesSslBundleTests	PASS
org.springframework.boot.autoconfigure.ssl.SslAutoConfigurationTests	PASS
org.springframework.boot.autoconfigure.ssl.SslPropertiesBundleRegistrarTests	PASS
org.springframework.boot.autoconfigure.task.ScheduledBeanLazyInitializationExcludeFilterTests	PASS
org.springframework.boot.autoconfigure.task.TaskExecutionAutoConfigurationTests	PASS
org.springframework.boot.autoconfigure.task.TaskSchedulingAutoConfigurationTests	PASS
org.springframework.boot.autoconfigure.template.TemplateAvailabilityProvidersTests	PASS
org.springframework.boot.autoconfigure.template.TemplateRuntimeHintsTests	PASS
org.springframework.boot.autoconfigure.web.ConditionalOnEnabledResourceChainTests	PASS
org.springframework.boot.autoconfigure.web.WebPropertiesResourcesBindingTests	PASS
org.springframework.boot.autoconfigure.web.WebPropertiesResourcesTests	PASS
org.springframework.boot.autoconfigure.web.WebResourcesRuntimeHintsTests	PASS
org.springframework.boot.autoconfigure.web.format.WebConversionServiceTests	PASS
org.springframework.boot.autoconfigureprocessor.AutoConfigureAnnotationProcessorTests	PASS
org.springframework.boot.availability.ApplicationAvailabilityBeanTests	PASS
org.springframework.boot.availability.AvailabilityChangeEventTests	PASS
org.springframework.boot.batch.autoconfigure.BatchAutoConfigurationTests	PASS
org.springframework.boot.batch.autoconfigure.BatchJobLauncherAutoConfigurationTests	PASS
org.springframework.boot.batch.autoconfigure.JobExecutionExitCodeGeneratorTests	PASS
org.springframework.boot.batch.autoconfigure.JobLauncherApplicationRunnerTests	PASS
org.springframework.boot.batch.autoconfigure.observation.BatchObservationAutoConfigurationTests	PASS
org.springframework.boot.batch.jdbc.autoconfigure.BatchDataSourceScriptDatabaseInitializerTests	PASS
org.springframework.boot.batch.jdbc.autoconfigure.BatchJdbcAutoConfigurationTests	PASS
org.springframework.boot.batch.jdbc.autoconfigure.BatchJdbcAutoConfigurationWithoutJpaTests	PASS
org.springframework.boot.batch.jdbc.autoconfigure.BatchJdbcPropertiesTests	PASS
org.springframework.boot.batch.mongodb.autoconfigure.BatchDataMongoAutoConfigurationTests	PASS
org.springframework.boot.batch.mongodb.autoconfigure.BatchMongoSchemaInitializerTests	PASS
org.springframework.boot.bootstrap.DefaultBootstrapContextTests	PASS
org.springframework.boot.builder.SpringApplicationBuilderTests	PASS
org.springframework.boot.cache.actuate.endpoint.CachesEndpointTests	PASS
org.springframework.boot.cache.actuate.endpoint.CachesEndpointWebIntegrationTests	PASS
org.springframework.boot.cache.autoconfigure.AbstractCacheAutoConfigurationTests	EMPTY
org.springframework.boot.cache.autoconfigure.CacheAutoConfigurationTests	PASS
org.springframework.boot.cache.autoconfigure.CacheManagerCustomizersTests	PASS
org.springframework.boot.cache.autoconfigure.CachesEndpointAutoConfigurationTests	PASS
org.springframework.boot.cache.autoconfigure.EhCache3CacheAutoConfigurationTests	PASS
org.springframework.boot.cache.autoconfigure.metrics.CacheMetricsAutoConfigurationTests	PASS
org.springframework.boot.cache.metrics.Cache2kCacheMeterBinderProviderTests	PASS
org.springframework.boot.cache.metrics.CacheMetricsRegistrarTests	PASS
org.springframework.boot.cache.metrics.CaffeineCacheMeterBinderProviderTests	PASS
org.springframework.boot.cache.metrics.HazelcastCacheMeterBinderProviderTests	PASS
org.springframework.boot.cache.metrics.JCacheCacheMeterBinderProviderTests	PASS
org.springframework.boot.cache.metrics.RedisCacheMeterBinderProviderTests	PASS
org.springframework.boot.cache.test.autoconfigure.AutoConfigureCacheIntegrationTests	PASS
org.springframework.boot.cache.test.autoconfigure.AutoConfigureCacheWithExistingCacheManagerIntegrationTests	PASS
org.springframework.boot.cassandra.autoconfigure.CassandraAutoConfigurationTests	PASS
org.springframework.boot.cassandra.autoconfigure.CassandraPropertiesTests	PASS
org.springframework.boot.cassandra.autoconfigure.health.CassandraHealthContributorAutoConfigurationTests	PASS
org.springframework.boot.cassandra.autoconfigure.health.CassandraReactiveHealthContributorAutoConfigurationTests	PASS
org.springframework.boot.cassandra.docker.compose.CassandraEnvironmentTests	PASS
org.springframework.boot.cassandra.health.CassandraDriverHealthIndicatorTests	PASS
org.springframework.boot.cassandra.health.CassandraDriverReactiveHealthIndicatorTests	PASS
org.springframework.boot.cli.command.CommandRunnerIntegrationTests	PASS
org.springframework.boot.cli.command.CommandRunnerTests	PASS
org.springframework.boot.cli.command.OptionParsingCommandTests	PASS
org.springframework.boot.cli.command.encodepassword.EncodePasswordCommandTests	PASS
org.springframework.boot.cli.command.init.AbstractHttpClientMockTests	EMPTY
org.springframework.boot.cli.command.init.InitCommandTests	PASS
org.springframework.boot.cli.command.init.InitializrServiceMetadataTests	PASS
org.springframework.boot.cli.command.init.InitializrServiceTests	PASS
org.springframework.boot.cli.command.init.ProjectGenerationRequestTests	PASS
org.springframework.boot.cli.command.init.ServiceCapabilitiesReportGeneratorTests	PASS
org.springframework.boot.cli.command.shell.EscapeAwareWhiteSpaceArgumentDelimiterTests	PASS
org.springframework.boot.cloud.CloudFoundryVcapEnvironmentPostProcessorTests	PASS
org.springframework.boot.cloud.CloudPlatformTests	PASS
org.springframework.boot.cloudfoundry.autoconfigure.actuate.endpoint.AccessLevelTests	PASS
org.springframework.boot.cloudfoundry.autoconfigure.actuate.endpoint.CloudFoundryAuthorizationExceptionTests	PASS
org.springframework.boot.cloudfoundry.autoconfigure.actuate.endpoint.CloudFoundryConditionalOnAvailableEndpointTests	PASS
org.springframework.boot.cloudfoundry.autoconfigure.actuate.endpoint.CloudFoundryEndpointFilterTests	PASS
org.springframework.boot.cloudfoundry.autoconfigure.actuate.endpoint.CloudFoundryWebEndpointDiscovererTests	PASS
org.springframework.boot.cloudfoundry.autoconfigure.actuate.endpoint.TokenTests	PASS
org.springframework.boot.cloudfoundry.autoconfigure.actuate.endpoint.reactive.CloudFoundryReactiveActuatorAutoConfigurationTests	PASS
org.springframework.boot.cloudfoundry.autoconfigure.actuate.endpoint.reactive.CloudFoundryReactiveHealthEndpointWebExtensionTests	PASS
org.springframework.boot.cloudfoundry.autoconfigure.actuate.endpoint.reactive.CloudFoundryWebFluxEndpointHandlerMappingTests	PASS
org.springframework.boot.cloudfoundry.autoconfigure.actuate.endpoint.reactive.CloudFoundryWebFluxEndpointIntegrationTests	PASS
org.springframework.boot.cloudfoundry.autoconfigure.actuate.endpoint.reactive.SecurityInterceptorTests	PASS
org.springframework.boot.cloudfoundry.autoconfigure.actuate.endpoint.reactive.SecurityServiceTests	PASS
org.springframework.boot.cloudfoundry.autoconfigure.actuate.endpoint.reactive.TokenValidatorTests	PASS
org.springframework.boot.cloudfoundry.autoconfigure.actuate.endpoint.servlet.CloudFoundryActuatorAutoConfigurationTests	PASS
org.springframework.boot.cloudfoundry.autoconfigure.actuate.endpoint.servlet.CloudFoundryHealthEndpointWebExtensionTests	PASS
org.springframework.boot.cloudfoundry.autoconfigure.actuate.endpoint.servlet.CloudFoundryInfoEndpointWebExtensionTests	PASS
org.springframework.boot.cloudfoundry.autoconfigure.actuate.endpoint.servlet.CloudFoundryMvcWebEndpointIntegrationTests	PASS
org.springframework.boot.cloudfoundry.autoconfigure.actuate.endpoint.servlet.CloudFoundryWebEndpointServletHandlerMappingTests	PASS
org.springframework.boot.cloudfoundry.autoconfigure.actuate.endpoint.servlet.SecurityInterceptorTests	PASS
org.springframework.boot.cloudfoundry.autoconfigure.actuate.endpoint.servlet.SecurityServiceTests	PASS
org.springframework.boot.cloudfoundry.autoconfigure.actuate.endpoint.servlet.SkipSslVerificationHttpRequestFactoryTests	PASS
org.springframework.boot.cloudfoundry.autoconfigure.actuate.endpoint.servlet.TokenValidatorTests	PASS
org.springframework.boot.configurationmetadata.AbstractConfigurationMetadataTests	EMPTY
org.springframework.boot.configurationmetadata.ConfigurationMetadataRepositoryJsonBuilderTests	PASS
org.springframework.boot.configurationmetadata.JsonReaderTests	PASS
org.springframework.boot.configurationmetadata.SentenceExtractorTests	PASS
org.springframework.boot.configurationmetadata.changelog.ChangelogGeneratorTests	PASS
org.springframework.boot.configurationmetadata.changelog.ChangelogTests	PASS
org.springframework.boot.configurationmetadata.changelog.ChangelogWriterTests	FAIL
org.springframework.boot.configurationmetadata.changelog.DifferenceTests	PASS
org.springframework.boot.configurationprocessor.AbstractMetadataGenerationTests	EMPTY
org.springframework.boot.configurationprocessor.ConfigurationMetadataAnnotationProcessorTests	PASS
org.springframework.boot.configurationprocessor.ConstructorParameterPropertyDescriptorTests	PASS
org.springframework.boot.configurationprocessor.DeducedImmutablePropertiesMetadataGenerationTests	PASS
org.springframework.boot.configurationprocessor.EndpointMetadataGenerationTests	PASS
org.springframework.boot.configurationprocessor.GenericsMetadataGenerationTests	PASS
org.springframework.boot.configurationprocessor.ImmutablePropertiesMetadataGenerationTests	PASS
org.springframework.boot.configurationprocessor.IncrementalBuildMetadataGenerationTests	PASS
org.springframework.boot.configurationprocessor.InheritanceMetadataGenerationTests	PASS
org.springframework.boot.configurationprocessor.JavaBeanPropertyDescriptorTests	PASS
org.springframework.boot.configurationprocessor.LombokMetadataGenerationTests	PASS
org.springframework.boot.configurationprocessor.LombokPropertyDescriptorTests	PASS
org.springframework.boot.configurationprocessor.MergeMetadataGenerationTests	PASS
org.springframework.boot.configurationprocessor.MetadataCollectorTests	PASS
org.springframework.boot.configurationprocessor.MetadataStoreTests	PASS
org.springframework.boot.configurationprocessor.MethodBasedMetadataGenerationTests	PASS
org.springframework.boot.configurationprocessor.NameAnnotationPropertiesTests	PASS
org.springframework.boot.configurationprocessor.PropertyDescriptorResolverTests	PASS
org.springframework.boot.configurationprocessor.PropertyDescriptorTests	EMPTY
org.springframework.boot.configurationprocessor.TypeUtilsTests	PASS
org.springframework.boot.configurationprocessor.fieldvalues.AbstractFieldValuesProcessorTests	EMPTY
org.springframework.boot.configurationprocessor.fieldvalues.javac.JavaCompilerFieldValuesProcessorTests	PASS
org.springframework.boot.configurationprocessor.metadata.ItemHintTests	PASS
org.springframework.boot.configurationprocessor.metadata.ItemMetadataTests	PASS
org.springframework.boot.configurationprocessor.metadata.JsonMarshallerTests	PASS
org.springframework.boot.configurationprocessor.support.ConventionUtilsTests	PASS
org.springframework.boot.context.ApplicationPidFileWriterTests	PASS
org.springframework.boot.context.ConfigurationWarningsApplicationContextInitializerTests	PASS
org.springframework.boot.context.ContextIdApplicationContextInitializerTests	PASS
org.springframework.boot.context.FileEncodingApplicationListenerTests	PASS
org.springframework.boot.context.TypeExcludeFilterTests	PASS
org.springframework.boot.context.annotation.ConfigurationsTests	PASS
org.springframework.boot.context.annotation.ImportCandidatesTests	PASS
org.springframework.boot.context.annotation.UserConfigurationsTests	PASS
org.springframework.boot.context.config.ConfigDataActivationContextTests	PASS
org.springframework.boot.context.config.ConfigDataEnvironmentContributorPlaceholdersResolverTests	PASS
org.springframework.boot.context.config.ConfigDataEnvironmentContributorTests	PASS
org.springframework.boot.context.config.ConfigDataEnvironmentContributorsTests	PASS
org.springframework.boot.context.config.ConfigDataEnvironmentPostProcessorBootstrapContextIntegrationTests	PASS
org.springframework.boot.context.config.ConfigDataEnvironmentPostProcessorImportCombinedWithProfileSpecificIntegrationTests	PASS
org.springframework.boot.context.config.ConfigDataEnvironmentPostProcessorIntegrationTests	PASS
org.springframework.boot.context.config.ConfigDataEnvironmentPostProcessorTests	PASS
org.springframework.boot.context.config.ConfigDataEnvironmentTests	PASS
org.springframework.boot.context.config.ConfigDataImporterTests	PASS
org.springframework.boot.context.config.ConfigDataLoaderTests	PASS
org.springframework.boot.context.config.ConfigDataLoadersTests	PASS
org.springframework.boot.context.config.ConfigDataLocationBindHandlerTests	PASS
org.springframework.boot.context.config.ConfigDataLocationNotFoundExceptionTests	PASS
org.springframework.boot.context.config.ConfigDataLocationResolverTests	PASS
org.springframework.boot.context.config.ConfigDataLocationResolversTests	PASS
org.springframework.boot.context.config.ConfigDataLocationRuntimeHintsTests	PASS
org.springframework.boot.context.config.ConfigDataLocationTests	PASS
org.springframework.boot.context.config.ConfigDataNotFoundFailureAnalyzerTests	PASS
org.springframework.boot.context.config.ConfigDataPropertiesRuntimeHintsTests	PASS
org.springframework.boot.context.config.ConfigDataPropertiesTests	PASS
org.springframework.boot.context.config.ConfigDataResourceNotFoundExceptionTests	PASS
org.springframework.boot.context.config.ConfigDataTests	PASS
org.springframework.boot.context.config.ConfigTreeConfigDataLoaderTests	PASS
org.springframework.boot.context.config.ConfigTreeConfigDataLocationResolverTests	PASS
org.springframework.boot.context.config.ConfigTreeConfigDataResourceTests	PASS
org.springframework.boot.context.config.FileHintTests	PASS
org.springframework.boot.context.config.InactiveConfigDataAccessExceptionTests	PASS
org.springframework.boot.context.config.InvalidConfigDataPropertyExceptionTests	PASS
org.springframework.boot.context.config.LocationResourceLoaderTests	PASS
org.springframework.boot.context.config.ProfilesTests	PASS
org.springframework.boot.context.config.ProfilesValidatorTests	PASS
org.springframework.boot.context.config.StandardConfigDataLoaderTests	PASS
org.springframework.boot.context.config.StandardConfigDataLocationResolverTests	PASS
org.springframework.boot.context.config.StandardConfigDataResourceTests	PASS
org.springframework.boot.context.config.SystemEnvironmentConfigDataLoaderTests	PASS
org.springframework.boot.context.config.SystemEnvironmentConfigDataLocationResolverTests	PASS
org.springframework.boot.context.config.SystemEnvironmentConfigDataResourceTests	PASS
org.springframework.boot.context.config.UnsupportedConfigDataLocationExceptionTests	PASS
org.springframework.boot.context.event.EventPublishingRunListenerTests	PASS
org.springframework.boot.context.logging.LoggingApplicationListenerIntegrationTests	PASS
org.springframework.boot.context.logging.LoggingApplicationListenerTests	PASS
org.springframework.boot.context.metrics.buffering.BufferingApplicationStartupTests	PASS
org.springframework.boot.context.properties.ConfigurationPropertiesBeanFactoryInitializationAotProcessorTests	PASS
org.springframework.boot.context.properties.ConfigurationPropertiesBeanRegistrarTests	PASS
org.springframework.boot.context.properties.ConfigurationPropertiesBeanRegistrationAotProcessorTests	PASS
org.springframework.boot.context.properties.ConfigurationPropertiesBeanTests	PASS
org.springframework.boot.context.properties.ConfigurationPropertiesBindExceptionTests	PASS
org.springframework.boot.context.properties.ConfigurationPropertiesBindHandlerAdvisorTests	PASS
org.springframework.boot.context.properties.ConfigurationPropertiesCharSequenceToObjectConverterTests	PASS
org.springframework.boot.context.properties.ConfigurationPropertiesScanRegistrarTests	PASS
org.springframework.boot.context.properties.ConfigurationPropertiesScanTests	PASS
org.springframework.boot.context.properties.ConfigurationPropertiesTestBeanTests	PASS
org.springframework.boot.context.properties.ConfigurationPropertiesTests	PASS
org.springframework.boot.context.properties.ConversionServiceDeducerTests	PASS
org.springframework.boot.context.properties.EnableConfigurationPropertiesRegistrarTests	PASS
org.springframework.boot.context.properties.IncompatibleConfigurationFailureAnalyzerTests	PASS
org.springframework.boot.context.properties.KotlinConfigurationPropertiesBeanRegistrarTests	PASS
org.springframework.boot.context.properties.KotlinConfigurationPropertiesTests	PASS
org.springframework.boot.context.properties.NotConstructorBoundInjectionFailureAnalyzerTests	PASS
org.springframework.boot.context.properties.PropertyMapperTests	PASS
org.springframework.boot.context.properties.PropertySourcesDeducerTests	PASS
org.springframework.boot.context.properties.bind.ArrayBinderTests	PASS
org.springframework.boot.context.properties.bind.BackCompatibilityBinderIntegrationTests	PASS
org.springframework.boot.context.properties.bind.BindConverterTests	PASS
org.springframework.boot.context.properties.bind.BindResultTests	PASS
org.springframework.boot.context.properties.bind.BindableRuntimeHintsRegistrarTests	PASS
org.springframework.boot.context.properties.bind.BindableTests	PASS
org.springframework.boot.context.properties.bind.BinderTests	PASS
org.springframework.boot.context.properties.bind.BoundPropertiesTrackingBindHandlerTests	PASS
org.springframework.boot.context.properties.bind.CollectionBinderTests	PASS
org.springframework.boot.context.properties.bind.DataObjectPropertyNameTests	PASS
org.springframework.boot.context.properties.bind.DefaultBindConstructorProviderTests	PASS
org.springframework.boot.context.properties.bind.JavaBeanBinderTests	PASS
org.springframework.boot.context.properties.bind.KotlinBindableRuntimeHintsRegistrarTests	PASS
org.springframework.boot.context.properties.bind.KotlinConstructorParametersBinderTests	PASS
org.springframework.boot.context.properties.bind.KotlinDefaultBindConstructorProviderTests	PASS
org.springframework.boot.context.properties.bind.MapBinderTests	PASS
org.springframework.boot.context.properties.bind.PropertySourcesPlaceholdersResolverTests	PASS
org.springframework.boot.context.properties.bind.ValueObjectBinderTests	PASS
org.springframework.boot.context.properties.bind.handler.IgnoreErrorsBindHandlerTests	PASS
org.springframework.boot.context.properties.bind.handler.IgnoreTopLevelConverterNotFoundBindHandlerTests	PASS
org.springframework.boot.context.properties.bind.handler.NoUnboundElementsBindHandlerTests	PASS
org.springframework.boot.context.properties.bind.test.PackagePrivateBeanBindingTests	PASS
org.springframework.boot.context.properties.bind.validation.BindValidationExceptionTests	PASS
org.springframework.boot.context.properties.bind.validation.OriginTrackedFieldErrorTests	PASS
org.springframework.boot.context.properties.bind.validation.ValidationBindHandlerTests	PASS
org.springframework.boot.context.properties.bind.validation.ValidationErrorsTests	PASS
org.springframework.boot.context.properties.migrator.PropertiesMigrationListenerTests	PASS
org.springframework.boot.context.properties.migrator.PropertiesMigrationReporterTests	PASS
org.springframework.boot.context.properties.source.AbstractPropertyMapperTests	EMPTY
org.springframework.boot.context.properties.source.AliasedConfigurationPropertySourceTests	PASS
org.springframework.boot.context.properties.source.AliasedIterableConfigurationPropertySourceTests	PASS
org.springframework.boot.context.properties.source.CachingConfigurationPropertySourceTests	PASS
org.springframework.boot.context.properties.source.ConfigurationPropertyCachingTests	PASS
org.springframework.boot.context.properties.source.ConfigurationPropertyNameAliasesTests	PASS
org.springframework.boot.context.properties.source.ConfigurationPropertyNameTests	PASS
org.springframework.boot.context.properties.source.ConfigurationPropertySourceTests	PASS
org.springframework.boot.context.properties.source.ConfigurationPropertySourcesCachingTests	PASS
org.springframework.boot.context.properties.source.ConfigurationPropertySourcesPropertyResolverTests	PASS
org.springframework.boot.context.properties.source.ConfigurationPropertySourcesPropertySourceTests	PASS
org.springframework.boot.context.properties.source.ConfigurationPropertySourcesTests	PASS
org.springframework.boot.context.properties.source.ConfigurationPropertyStateTests	PASS
org.springframework.boot.context.properties.source.ConfigurationPropertyTests	PASS
org.springframework.boot.context.properties.source.DefaultPropertyMapperTests	PASS
org.springframework.boot.context.properties.source.FilteredConfigurationPropertiesSourceTests	PASS
org.springframework.boot.context.properties.source.FilteredIterableConfigurationPropertiesSourceTests	PASS
org.springframework.boot.context.properties.source.MapConfigurationPropertySourceTests	PASS
org.springframework.boot.context.properties.source.MutuallyExclusiveConfigurationPropertiesExceptionTests	PASS
org.springframework.boot.context.properties.source.PrefixedConfigurationPropertySourceTests	PASS
org.springframework.boot.context.properties.source.PrefixedIterableConfigurationPropertySourceTests	PASS
org.springframework.boot.context.properties.source.SoftReferenceConfigurationPropertyCacheTests	PASS
org.springframework.boot.context.properties.source.SpringConfigurationPropertySourceTests	PASS
org.springframework.boot.context.properties.source.SpringConfigurationPropertySourcesTests	PASS
org.springframework.boot.context.properties.source.SpringIterableConfigurationPropertySourceTests	PASS
org.springframework.boot.context.properties.source.SystemEnvironmentPropertyMapperTests	PASS
org.springframework.boot.context.properties.source.UnboundElementsSourceFilterTests	PASS
org.springframework.boot.convert.ApplicationConversionServiceTests	PASS
org.springframework.boot.convert.ArrayToDelimitedStringConverterTests	PASS
org.springframework.boot.convert.CharArrayFormatterTests	PASS
org.springframework.boot.convert.CharSequenceToObjectConverterTests	PASS
org.springframework.boot.convert.CollectionToDelimitedStringConverterTests	PASS
org.springframework.boot.convert.ConversionServiceTest	EMPTY
org.springframework.boot.convert.DelimitedStringToArrayConverterTests	PASS
org.springframework.boot.convert.DelimitedStringToCollectionConverterTests	PASS
org.springframework.boot.convert.DurationStyleTests	PASS
org.springframework.boot.convert.DurationToNumberConverterTests	PASS
org.springframework.boot.convert.DurationToStringConverterTests	PASS
org.springframework.boot.convert.InetAddressFormatterTests	PASS
org.springframework.boot.convert.InputStreamSourceToByteArrayConverterTests	PASS
org.springframework.boot.convert.IsoOffsetFormatterTests	PASS
org.springframework.boot.convert.LenientBooleanToEnumConverterFactoryTests	PASS
org.springframework.boot.convert.LenientStringToEnumConverterFactoryTests	PASS
org.springframework.boot.convert.NumberToDataSizeConverterTests	PASS
org.springframework.boot.convert.NumberToDurationConverterTests	PASS
org.springframework.boot.convert.NumberToPeriodConverterTests	PASS
org.springframework.boot.convert.PeriodStyleTests	PASS
org.springframework.boot.convert.PeriodToStringConverterTests	PASS
org.springframework.boot.convert.StringToDataSizeConverterTests	PASS
org.springframework.boot.convert.StringToDurationConverterTests	PASS
org.springframework.boot.convert.StringToFileConverterTests	PASS
org.springframework.boot.convert.StringToPeriodConverterTests	PASS
org.springframework.boot.couchbase.autoconfigure.CouchbaseAutoConfigurationTests	PASS
org.springframework.boot.couchbase.autoconfigure.CouchbasePropertiesTests	PASS
org.springframework.boot.couchbase.autoconfigure.health.CouchbaseHealthContributorAutoConfigurationTests	PASS
org.springframework.boot.couchbase.autoconfigure.health.CouchbaseReactiveHealthContributorAutoConfigurationTests	PASS
org.springframework.boot.couchbase.health.CouchbaseHealthIndicatorTests	PASS
org.springframework.boot.couchbase.health.CouchbaseReactiveHealthIndicatorTests	PASS
org.springframework.boot.data.autoconfigure.metrics.DataRepositoryMetricsAutoConfigurationIntegrationTests	PASS
org.springframework.boot.data.autoconfigure.metrics.DataRepositoryMetricsAutoConfigurationTests	PASS
org.springframework.boot.data.autoconfigure.metrics.MetricsRepositoryMethodInvocationListenerBeanPostProcessorTests	PASS
org.springframework.boot.data.autoconfigure.web.DataWebAutoConfigurationTests	PASS
org.springframework.boot.data.autoconfigure.web.DataWebWebMvcTestIntegrationTests	PASS
org.springframework.boot.data.cassandra.autoconfigure.DataCassandraAutoConfigurationTests	PASS
org.springframework.boot.data.cassandra.autoconfigure.DataCassandraReactiveAutoConfigurationTests	PASS
org.springframework.boot.data.cassandra.autoconfigure.DataCassandraReactiveRepositoriesAutoConfigurationTests	PASS
org.springframework.boot.data.cassandra.autoconfigure.DataCassandraRepositoriesAutoConfigurationTests	PASS
org.springframework.boot.data.cassandra.test.autoconfigure.DataCassandraTestPropertiesIntegrationTests	PASS
org.springframework.boot.data.couchbase.autoconfigure.DataCouchbaseAutoConfigurationTests	PASS
org.springframework.boot.data.couchbase.autoconfigure.DataCouchbasePropertiesTests	PASS
org.springframework.boot.data.couchbase.autoconfigure.DataCouchbaseReactiveAndImperativeRepositoriesAutoConfigurationTests	PASS
org.springframework.boot.data.couchbase.autoconfigure.DataCouchbaseReactiveAutoConfigurationTests	PASS
org.springframework.boot.data.couchbase.autoconfigure.DataCouchbaseReactiveRepositoriesAutoConfigurationTests	PASS
org.springframework.boot.data.couchbase.autoconfigure.DataCouchbaseRepositoriesAutoConfigurationTests	PASS
org.springframework.boot.data.couchbase.test.autoconfigure.DataCouchbaseTestPropertiesIntegrationTests	PASS
org.springframework.boot.data.elasticsearch.autoconfigure.DataElasticsearchAutoConfigurationTests	PASS
org.springframework.boot.data.elasticsearch.autoconfigure.health.DataElasticsearchReactiveHealthContributorAutoConfigurationTests	PASS
org.springframework.boot.data.elasticsearch.health.DataElasticsearchReactiveHealthIndicatorTests	PASS
org.springframework.boot.data.jdbc.autoconfigure.DataJdbcRepositoriesAutoConfigurationTests	PASS
org.springframework.boot.data.jdbc.test.autoconfigure.DataJdbcTestIntegrationTests	PASS
org.springframework.boot.data.jdbc.test.autoconfigure.DataJdbcTestPropertiesIntegrationTests	PASS
org.springframework.boot.data.jdbc.test.autoconfigure.DataJdbcTypeExcludeFilterTests	PASS
org.springframework.boot.data.jpa.autoconfigure.AbstractDataJpaRepositoriesAutoConfigurationTests	EMPTY
org.springframework.boot.data.jpa.autoconfigure.DataJpaRepositoriesAutoConfigurationTests	PASS
org.springframework.boot.data.jpa.autoconfigure.DataJpaRepositoriesWithEnversRevisionAutoConfigurationTests	PASS
org.springframework.boot.data.jpa.autoconfigure.DataJpaRepositoriesWithSpringDataWebAutoConfigurationTests	PASS
org.springframework.boot.data.jpa.test.autoconfigure.DataJpaTestAttributesIntegrationTests	PASS
org.springframework.boot.data.jpa.test.autoconfigure.DataJpaTestIntegrationTests	PASS
org.springframework.boot.data.jpa.test.autoconfigure.DataJpaTestPropertiesIntegrationTests	PASS
org.springframework.boot.data.jpa.test.autoconfigure.DataJpaTestSchemaCredentialsIntegrationTests	PASS
org.springframework.boot.data.ldap.autoconfigure.DataLdapRepositoriesAutoConfigurationTests	PASS
org.springframework.boot.data.ldap.test.autoconfigure.DataLdapTestIntegrationTests	PASS
org.springframework.boot.data.ldap.test.autoconfigure.DataLdapTestPropertiesIntegrationTests	PASS
org.springframework.boot.data.ldap.test.autoconfigure.DataLdapTestWithIncludeFilterIntegrationTests	PASS
org.springframework.boot.data.metrics.DefaultRepositoryTagsProviderTests	PASS
org.springframework.boot.data.metrics.MetricsRepositoryMethodInvocationListenerTests	PASS
org.springframework.boot.data.metrics.TimedAnnotationsTests	PASS
org.springframework.boot.data.mongodb.autoconfigure.DataMongoAutoConfigurationTests	PASS
org.springframework.boot.data.mongodb.autoconfigure.DataMongoPropertiesTests	PASS
org.springframework.boot.data.mongodb.autoconfigure.DataMongoReactiveAndBlockingRepositoriesAutoConfigurationTests	PASS
org.springframework.boot.data.mongodb.autoconfigure.DataMongoReactiveAutoConfigurationTests	PASS
org.springframework.boot.data.mongodb.autoconfigure.DataMongoReactiveRepositoriesAutoConfigurationTests	PASS
org.springframework.boot.data.mongodb.autoconfigure.DataMongoRepositoriesAutoConfigurationTests	PASS
org.springframework.boot.data.mongodb.test.autoconfigure.DataMongoTestPropertiesIntegrationTests	PASS
org.springframework.boot.data.neo4j.autoconfigure.DataNeo4jAutoConfigurationTests	PASS
org.springframework.boot.data.neo4j.autoconfigure.DataNeo4jReactiveAutoConfigurationTests	PASS
org.springframework.boot.data.neo4j.autoconfigure.DataNeo4jReactiveRepositoriesAutoConfigurationTests	PASS
org.springframework.boot.data.neo4j.autoconfigure.DataNeo4jRepositoriesAutoConfigurationTests	PASS
org.springframework.boot.data.r2dbc.autoconfigure.DataR2dbcAutoConfigurationTests	PASS
org.springframework.boot.data.r2dbc.autoconfigure.DataR2dbcRepositoriesAutoConfigurationTests	PASS
org.springframework.boot.data.r2dbc.test.autoconfigure.DataR2dbcTestIntegrationTests	PASS
org.springframework.boot.data.r2dbc.test.autoconfigure.DataR2dbcTestPropertiesIntegrationTests	PASS
org.springframework.boot.data.redis.autoconfigure.DataRedisAnnotationDrivenConfigurationTests	PASS
org.springframework.boot.data.redis.autoconfigure.DataRedisAutoConfigurationJedisTests	PASS
org.springframework.boot.data.redis.autoconfigure.DataRedisAutoConfigurationLettuceWithoutCommonsPool2Tests	PASS
org.springframework.boot.data.redis.autoconfigure.DataRedisAutoConfigurationTests	PASS
org.springframework.boot.data.redis.autoconfigure.DataRedisReactiveAutoConfigurationTests	PASS
org.springframework.boot.data.redis.autoconfigure.PropertiesRedisConnectionDetailsTests	PASS
org.springframework.boot.data.redis.autoconfigure.RedisPropertiesTests	PASS
org.springframework.boot.data.redis.autoconfigure.RedisUrlSyntaxFailureAnalyzerTests	PASS
org.springframework.boot.data.redis.autoconfigure.health.DataRedisHealthContributorAutoConfigurationTests	PASS
org.springframework.boot.data.redis.autoconfigure.health.DataRedisReactiveHealthContributorAutoConfigurationTests	PASS
org.springframework.boot.data.redis.autoconfigure.observation.LettuceObservationAutoConfigurationTests	PASS
org.springframework.boot.data.redis.health.DataRedisReactiveHealthIndicatorTests	PASS
org.springframework.boot.data.redis.health.RedisHealthIndicatorTests	PASS
org.springframework.boot.data.rest.autoconfigure.DataRestAutoConfigurationTests	PASS
org.springframework.boot.devtools.RemoteUrlPropertyExtractorTests	PASS
org.springframework.boot.devtools.autoconfigure.AbstractDevToolsDataSourceAutoConfigurationTests	EMPTY
org.springframework.boot.devtools.autoconfigure.DevToolsEmbeddedDataSourceAutoConfigurationTests	PASS
org.springframework.boot.devtools.autoconfigure.DevToolsPooledDataSourceAutoConfigurationTests	PASS
org.springframework.boot.devtools.autoconfigure.DevToolsPropertiesTests	PASS
org.springframework.boot.devtools.autoconfigure.DevToolsR2dbcAutoConfigurationTests	PASS
org.springframework.boot.devtools.autoconfigure.LocalDevToolsAutoConfigurationTests	PASS
org.springframework.boot.devtools.autoconfigure.OnEnabledDevToolsConditionTests	PASS
org.springframework.boot.devtools.autoconfigure.OptionalLiveReloadServerTests	PASS
org.springframework.boot.devtools.autoconfigure.RemoteDevToolsAutoConfigurationTests	PASS
org.springframework.boot.devtools.autoconfigure.TriggerFileFilterTests	PASS
org.springframework.boot.devtools.classpath.ClassPathChangedEventTests	PASS
org.springframework.boot.devtools.classpath.ClassPathFileChangeListenerTests	PASS
org.springframework.boot.devtools.classpath.ClassPathFileSystemWatcherTests	PASS
org.springframework.boot.devtools.classpath.PatternClassPathRestartStrategyTests	PASS
org.springframework.boot.devtools.env.DevToolPropertiesIntegrationTests	PASS
org.springframework.boot.devtools.env.DevToolsHomePropertiesPostProcessorTests	PASS
org.springframework.boot.devtools.filewatch.ChangedFileTests	PASS
org.springframework.boot.devtools.filewatch.DirectorySnapshotTests	PASS
org.springframework.boot.devtools.filewatch.FileSnapshotTests	PASS
org.springframework.boot.devtools.filewatch.FileSystemWatcherTests	PASS
org.springframework.boot.devtools.livereload.ConnectionInputStreamTests	PASS
org.springframework.boot.devtools.livereload.ConnectionOutputStreamTests	PASS
org.springframework.boot.devtools.livereload.FrameTests	PASS
org.springframework.boot.devtools.livereload.LiveReloadServerTests	PASS
org.springframework.boot.devtools.remote.client.ClassPathChangeUploaderTests	PASS
org.springframework.boot.devtools.remote.client.DelayedLiveReloadTriggerTests	PASS
org.springframework.boot.devtools.remote.client.HttpHeaderInterceptorTests	PASS
org.springframework.boot.devtools.remote.client.RemoteClientConfigurationTests	PASS
org.springframework.boot.devtools.remote.server.DispatcherFilterTests	PASS
org.springframework.boot.devtools.remote.server.DispatcherTests	PASS
org.springframework.boot.devtools.remote.server.HttpHeaderAccessManagerTests	PASS
org.springframework.boot.devtools.remote.server.HttpStatusHandlerTests	PASS
org.springframework.boot.devtools.remote.server.UrlHandlerMapperTests	PASS
org.springframework.boot.devtools.restart.ChangeableUrlsTests	PASS
org.springframework.boot.devtools.restart.ClassLoaderFilesResourcePatternResolverTests	PASS
org.springframework.boot.devtools.restart.DefaultRestartInitializerTests	PASS
org.springframework.boot.devtools.restart.MainMethodTests	PASS
org.springframework.boot.devtools.restart.OnInitializedRestarterConditionTests	PASS
org.springframework.boot.devtools.restart.RestartApplicationListenerTests	PASS
org.springframework.boot.devtools.restart.RestartScopeInitializerTests	PASS
org.springframework.boot.devtools.restart.RestarterTests	PASS
org.springframework.boot.devtools.restart.SilentExitExceptionHandlerTests	PASS
org.springframework.boot.devtools.restart.classloader.ClassLoaderFileTests	PASS
org.springframework.boot.devtools.restart.classloader.ClassLoaderFilesTests	PASS
org.springframework.boot.devtools.restart.classloader.RestartClassLoaderTests	PASS
org.springframework.boot.devtools.restart.server.DefaultSourceDirectoryUrlFilterTests	PASS
org.springframework.boot.devtools.restart.server.HttpRestartServerHandlerTests	PASS
org.springframework.boot.devtools.restart.server.HttpRestartServerTests	PASS
org.springframework.boot.devtools.restart.server.RestartServerTests	PASS
org.springframework.boot.devtools.settings.DevToolsSettingsTests	PASS
org.springframework.boot.diagnostics.AbstractFailureAnalyzerTests	PASS
org.springframework.boot.diagnostics.FailureAnalyzersIntegrationTests	PASS
org.springframework.boot.diagnostics.FailureAnalyzersTests	PASS
org.springframework.boot.diagnostics.analyzer.AotInitializerNotFoundFailureAnalyzerTests	PASS
org.springframework.boot.diagnostics.analyzer.BeanCurrentlyInCreationFailureAnalyzerTests	PASS
org.springframework.boot.diagnostics.analyzer.BeanDefinitionOverrideFailureAnalyzerTests	PASS
org.springframework.boot.diagnostics.analyzer.BeanNotOfRequiredTypeFailureAnalyzerTests	PASS
org.springframework.boot.diagnostics.analyzer.BindFailureAnalyzerTests	PASS
org.springframework.boot.diagnostics.analyzer.BindValidationFailureAnalyzerTests	PASS
org.springframework.boot.diagnostics.analyzer.InvalidConfigurationPropertyNameFailureAnalyzerTests	PASS
org.springframework.boot.diagnostics.analyzer.InvalidConfigurationPropertyValueFailureAnalyzerTests	PASS
org.springframework.boot.diagnostics.analyzer.JakartaApiValidationExceptionFailureAnalyzerTests	PASS
org.springframework.boot.diagnostics.analyzer.MissingParameterNamesFailureAnalyzerTests	PASS
org.springframework.boot.diagnostics.analyzer.MutuallyExclusiveConfigurationPropertiesFailureAnalyzerTests	PASS
org.springframework.boot.diagnostics.analyzer.NoSuchMethodFailureAnalyzerTests	FAIL
org.springframework.boot.diagnostics.analyzer.NoUniqueBeanDefinitionFailureAnalyzerTests	PASS
org.springframework.boot.diagnostics.analyzer.PatternParseFailureAnalyzerTests	PASS
org.springframework.boot.diagnostics.analyzer.UnboundConfigurationPropertyFailureAnalyzerTests	PASS
org.springframework.boot.docker.compose.core.DefaultConnectionPortsTests	PASS
org.springframework.boot.docker.compose.core.DefaultDockerComposeTests	PASS
org.springframework.boot.docker.compose.core.DefaultRunningServiceTests	PASS
org.springframework.boot.docker.compose.core.DockerCliCommandTests	PASS
org.springframework.boot.docker.compose.core.DockerCliComposeConfigResponseTests	PASS
org.springframework.boot.docker.compose.core.DockerCliComposePsResponseTests	PASS
org.springframework.boot.docker.compose.core.DockerCliComposeVersionResponseTests	PASS
org.springframework.boot.docker.compose.core.DockerCliContextResponseTests	PASS
org.springframework.boot.docker.compose.core.DockerCliInspectResponseTests	PASS
org.springframework.boot.docker.compose.core.DockerComposeFileTests	PASS
org.springframework.boot.docker.compose.core.DockerComposeOriginTests	PASS
org.springframework.boot.docker.compose.core.DockerEnvTests	PASS
org.springframework.boot.docker.compose.core.DockerHostTests	PASS
org.springframework.boot.docker.compose.core.DockerJsonTests	PASS
org.springframework.boot.docker.compose.core.ImageNameTests	PASS
org.springframework.boot.docker.compose.core.ImageReferenceTests	PASS
org.springframework.boot.docker.compose.core.ProcessRunnerTests	EMPTY
org.springframework.boot.docker.compose.lifecycle.DockerComposeLifecycleManagerTests	PASS
org.springframework.boot.docker.compose.lifecycle.DockerComposeListenerTests	PASS
org.springframework.boot.docker.compose.lifecycle.DockerComposePropertiesTests	PASS
org.springframework.boot.docker.compose.lifecycle.DockerComposeServicesReadyEventTests	PASS
org.springframework.boot.docker.compose.lifecycle.LifecycleManagementTests	PASS
org.springframework.boot.docker.compose.lifecycle.ReadinessTimeoutExceptionTests	PASS
org.springframework.boot.docker.compose.lifecycle.ServiceNotReadyExceptionTests	PASS
org.springframework.boot.docker.compose.lifecycle.ServiceReadinessChecksTests	PASS
org.springframework.boot.docker.compose.lifecycle.StartCommandTests	PASS
org.springframework.boot.docker.compose.lifecycle.StopCommandTests	PASS
org.springframework.boot.docker.compose.lifecycle.TcpConnectServiceReadinessCheckTests	PASS
org.springframework.boot.docker.compose.service.connection.ConnectionNamePredicateTests	PASS
org.springframework.boot.elasticsearch.autoconfigure.ElasticsearchClientAutoConfigurationTests	PASS
org.springframework.boot.elasticsearch.autoconfigure.ElasticsearchRestClientAutoConfigurationTests	PASS
org.springframework.boot.elasticsearch.autoconfigure.health.ElasticsearchRestHealthContributorAutoConfigurationTests	PASS
org.springframework.boot.elasticsearch.docker.compose.ElasticsearchEnvironmentTests	PASS
org.springframework.boot.elasticsearch.health.ElasticsearchRestClientHealthIndicatorTests	PASS
org.springframework.boot.env.ConfigTreePropertySourceTests	PASS
org.springframework.boot.env.DefaultPropertiesPropertySourceTests	PASS
org.springframework.boot.env.EnvironmentPostProcessorsFactoryTests	PASS
org.springframework.boot.env.NoSnakeYamlPropertySourceLoaderTests	PASS
org.springframework.boot.env.OriginTrackedMapPropertySourceTests	PASS
org.springframework.boot.env.OriginTrackedPropertiesLoaderTests	PASS
org.springframework.boot.env.OriginTrackedYamlLoaderTests	PASS
org.springframework.boot.env.PropertiesPropertySourceLoaderTests	PASS
org.springframework.boot.env.RandomValuePropertySourceTests	PASS
org.springframework.boot.env.YamlPropertySourceLoaderTests	PASS
org.springframework.boot.flyway.actuate.endpoint.FlywayEndpointTests	PASS
org.springframework.boot.flyway.autoconfigure.Flyway110AutoConfigurationTests	FAIL
org.springframework.boot.flyway.autoconfigure.FlywayAutoConfigurationTests	PASS
org.springframework.boot.flyway.autoconfigure.FlywayAutoConfigureDataSourceInitializationTests	PASS
org.springframework.boot.flyway.autoconfigure.FlywayEndpointAutoConfigurationTests	PASS
org.springframework.boot.flyway.autoconfigure.FlywayPropertiesTests	PASS
org.springframework.boot.flyway.autoconfigure.NativeImageResourceProviderCustomizerTests	PASS
org.springframework.boot.flyway.autoconfigure.ResourceProviderCustomizerBeanRegistrationAotProcessorTests	PASS
org.springframework.boot.freemarker.autoconfigure.FreeMarkerAutoConfigurationReactiveIntegrationTests	PASS
org.springframework.boot.freemarker.autoconfigure.FreeMarkerAutoConfigurationServletIntegrationTests	PASS
org.springframework.boot.freemarker.autoconfigure.FreeMarkerAutoConfigurationTests	PASS
org.springframework.boot.freemarker.autoconfigure.FreeMarkerPropertiesTests	PASS
org.springframework.boot.freemarker.autoconfigure.FreeMarkerTemplateAvailabilityProviderTests	PASS
org.springframework.boot.freemarker.autoconfigure.FreeMarkerWebFluxTestIntegrationTests	PASS
org.springframework.boot.freemarker.autoconfigure.FreeMarkerWebMvcTestIntegrationTests	PASS
org.springframework.boot.graphql.autoconfigure.DefaultGraphQlSchemaConditionTests	PASS
org.springframework.boot.graphql.autoconfigure.GraphQlAutoConfigurationTests	PASS
org.springframework.boot.graphql.autoconfigure.data.GraphQlQueryByExampleAutoConfigurationTests	EMPTY
org.springframework.boot.graphql.autoconfigure.data.GraphQlQuerydslAutoConfigurationTests	PASS
org.springframework.boot.graphql.autoconfigure.data.GraphQlReactiveQueryByExampleAutoConfigurationTests	PASS
org.springframework.boot.graphql.autoconfigure.data.GraphQlReactiveQuerydslAutoConfigurationTests	PASS
org.springframework.boot.graphql.autoconfigure.observation.GraphQlObservationAutoConfigurationTests	PASS
org.springframework.boot.graphql.autoconfigure.reactive.GraphQlWebFluxAutoConfigurationTests	PASS
org.springframework.boot.graphql.autoconfigure.rsocket.GraphQlRSocketAutoConfigurationTests	PASS
org.springframework.boot.graphql.autoconfigure.rsocket.RSocketGraphQlClientAutoConfigurationTests	PASS
org.springframework.boot.graphql.autoconfigure.security.GraphQlWebFluxSecurityAutoConfigurationTests	PASS
org.springframework.boot.graphql.autoconfigure.security.GraphQlWebMvcSecurityAutoConfigurationTests	PASS
org.springframework.boot.graphql.autoconfigure.servlet.GraphQlWebMvcAutoConfigurationTests	PASS
org.springframework.boot.graphql.test.autoconfigure.GraphQlTestIntegrationTests	PASS
org.springframework.boot.graphql.test.autoconfigure.GraphQlTestPropertiesIntegrationTests	PASS
org.springframework.boot.graphql.test.autoconfigure.GraphQlTypeExcludeFilterTests	PASS
org.springframework.boot.graphql.test.autoconfigure.tester.GraphQlTesterAutoConfigurationTests	PASS
org.springframework.boot.graphql.test.autoconfigure.tester.HttpGraphQlTesterAutoConfigurationTests	PASS
org.springframework.boot.groovy.template.autoconfigure.GroovyTemplateAutoConfigurationTests	PASS
org.springframework.boot.groovy.template.autoconfigure.GroovyTemplateAvailabilityProviderTests	PASS
org.springframework.boot.groovy.template.autoconfigure.GroovyTemplatePropertiesTests	PASS
org.springframework.boot.groovy.template.autoconfigure.GroovyTemplateWebMvcTestIntegrationTests	PASS
org.springframework.boot.grpc.client.autoconfigure.CompositeChannelFactoryAutoConfigurationTests	PASS
org.springframework.boot.grpc.client.autoconfigure.GrpcChannelBuilderCustomizersTests	PASS
org.springframework.boot.grpc.client.autoconfigure.GrpcClientAutoConfigurationTests	PASS
org.springframework.boot.grpc.client.autoconfigure.GrpcClientObservationAutoConfigurationTests	PASS
org.springframework.boot.grpc.client.autoconfigure.GrpcClientPropertiesTests	PASS
org.springframework.boot.grpc.client.autoconfigure.GrpcCodecConfigurationTests	PASS
org.springframework.boot.grpc.client.autoconfigure.PropertiesChannelCredentialsProviderTests	PASS
org.springframework.boot.grpc.client.autoconfigure.PropertiesGrpcChannelBuilderCustomizerTests	PASS
org.springframework.boot.grpc.client.autoconfigure.PropertiesVirtualTargetsTests	PASS
org.springframework.boot.grpc.client.autoconfigure.ServiceConfigTests	PASS
org.springframework.boot.grpc.server.GrpcServletRegistrationTests	PASS
org.springframework.boot.grpc.server.autoconfigure.GrpcServerAutoConfigurationTests	PASS
org.springframework.boot.grpc.server.autoconfigure.GrpcServerBuilderCustomizersTests	PASS
org.springframework.boot.grpc.server.autoconfigure.GrpcServerCodecConfigurationTests	PASS
org.springframework.boot.grpc.server.autoconfigure.GrpcServerObservationAutoConfigurationTests	PASS
org.springframework.boot.grpc.server.autoconfigure.GrpcServerPropertiesTests	PASS
org.springframework.boot.grpc.server.autoconfigure.GrpcServerServicesAutoConfigurationTests	PASS
org.springframework.boot.grpc.server.autoconfigure.NettyAddressTests	PASS
org.springframework.boot.grpc.server.autoconfigure.PropertiesServerBuilderCustomizerTests	PASS
org.springframework.boot.grpc.server.autoconfigure.ServerCredentialsTests	PASS
org.springframework.boot.grpc.server.autoconfigure.health.AutoConfiguredHealthCheckedGrpcComponentTests	PASS
org.springframework.boot.grpc.server.autoconfigure.health.AutoConfiguredHealthCheckedGrpcComponentsTests	PASS
org.springframework.boot.grpc.server.autoconfigure.health.GrpcServerHealthAutoConfigurationTests	PASS
org.springframework.boot.grpc.server.autoconfigure.health.GrpcServerHealthSchedulerTests	PASS
org.springframework.boot.grpc.server.autoconfigure.security.GrpcDisableCsrfHttpConfigurerTests	PASS
org.springframework.boot.grpc.server.autoconfigure.security.GrpcServerOAuth2ResourceServerAutoConfigurationTests	PASS
org.springframework.boot.grpc.server.autoconfigure.security.GrpcServerSecurityAutoConfigurationTests	PASS
org.springframework.boot.grpc.server.autoconfigure.security.web.reactive.GrpcRequestTests	PASS
org.springframework.boot.grpc.server.autoconfigure.security.web.servlet.GrpcRequestTests	PASS
org.springframework.boot.grpc.server.health.GrpcServerHealthTests	PASS
org.springframework.boot.grpc.server.health.StatusAggregatorTests	PASS
org.springframework.boot.grpc.server.health.StatusMapperTests	PASS
org.springframework.boot.grpc.test.autoconfigure.AutoConfigureTestGrpcTransportOverrideTests	PASS
org.springframework.boot.grpc.test.autoconfigure.AutoConfigureTestGrpcTransportTests	PASS
org.springframework.boot.grpc.test.autoconfigure.GrpcPortInfoApplicationContextInitializerTests	PASS
org.springframework.boot.grpc.test.autoconfigure.TestGrpcChannelFactoryTests	PASS
org.springframework.boot.grpc.test.autoconfigure.TestGrpcServerFactoryTests	PASS
org.springframework.boot.grpc.test.autoconfigure.TestGrpcTransportAutoConfigurationTests	PASS
org.springframework.boot.gson.autoconfigure.Gson210AutoConfigurationTests	FAIL
org.springframework.boot.gson.autoconfigure.GsonAutoConfigurationTests	PASS
org.springframework.boot.gson.autoconfigure.GsonPropertiesTests	PASS
org.springframework.boot.gson.autoconfigure.GsonTesterAutoConfigurationTests	PASS
org.springframework.boot.gson.autoconfigure.jsontest.GsonAutoConfigureJsonIntegrationTests	PASS
org.springframework.boot.gson.autoconfigure.jsontest.JsonTestIntegrationTests	PASS
org.springframework.boot.gson.autoconfigure.jsontest.JsonTestWithAutoConfigureJsonTestersTests	PASS
org.springframework.boot.gson.autoconfigure.jsontest.SpringBootTestWithAutoConfigureJsonTestersTests	PASS
org.springframework.boot.h2console.autoconfigure.H2ConsoleAutoConfigurationTests	PASS
org.springframework.boot.h2console.autoconfigure.H2ConsolePropertiesTests	PASS
org.springframework.boot.hateoas.autoconfigure.HypermediaAutoConfigurationTests	PASS
org.springframework.boot.hateoas.autoconfigure.HypermediaAutoConfigurationWithoutJacksonTests	PASS
org.springframework.boot.hateoas.autoconfigure.HypermediaWebMvcTestIntegrationTests	PASS
org.springframework.boot.hazelcast.autoconfigure.HazelcastAutoConfigurationClientTests	PASS
org.springframework.boot.hazelcast.autoconfigure.HazelcastAutoConfigurationServerTests	PASS
org.springframework.boot.hazelcast.autoconfigure.HazelcastAutoConfigurationTests	PASS
org.springframework.boot.hazelcast.autoconfigure.HazelcastClientConfigAvailableConditionTests	PASS
org.springframework.boot.hazelcast.autoconfigure.HazelcastJpaDependencyAutoConfigurationTests	PASS
org.springframework.boot.hazelcast.autoconfigure.health.HazelcastHealthContributorAutoConfigurationIntegrationTests	PASS
org.springframework.boot.hazelcast.autoconfigure.health.HazelcastHealthContributorAutoConfigurationTests	PASS
org.springframework.boot.hazelcast.docker.compose.HazelcastEnvironmentTests	PASS
org.springframework.boot.hazelcast.health.HazelcastHealthIndicatorTests	PASS
org.springframework.boot.hazelcast.testcontainers.HazelcastContainerConnectionDetailsFactoryTests	PASS
org.springframework.boot.health.actuate.endpoint.AdditionalHealthEndpointPathTests	PASS
org.springframework.boot.health.actuate.endpoint.CompositeHealthDescriptorTests	PASS
org.springframework.boot.health.actuate.endpoint.HealthEndpointGroupsTests	PASS
org.springframework.boot.health.actuate.endpoint.HealthEndpointSupportTests	EMPTY
org.springframework.boot.health.actuate.endpoint.HealthEndpointTests	PASS
org.springframework.boot.health.actuate.endpoint.HealthEndpointWebExtensionRuntimeHintsTests	PASS
org.springframework.boot.health.actuate.endpoint.HealthEndpointWebExtensionTests	PASS
org.springframework.boot.health.actuate.endpoint.HttpCodeStatusMapperTests	PASS
org.springframework.boot.health.actuate.endpoint.IndicatedHealthDescriptorTests	PASS
org.springframework.boot.health.actuate.endpoint.ReactiveHealthEndpointWebExtensionTests	PASS
org.springframework.boot.health.actuate.endpoint.ReactiveHealthIndicatorImplementationTests	PASS
org.springframework.boot.health.actuate.endpoint.SimpleHttpCodeStatusMapperTests	PASS
org.springframework.boot.health.actuate.endpoint.SimpleStatusAggregatorTests	PASS
org.springframework.boot.health.actuate.endpoint.StatusAggregatorTests	PASS
org.springframework.boot.health.actuate.endpoint.SystemHealthDescriptorTests	PASS
org.springframework.boot.health.application.AvailabilityStateHealthIndicatorTests	PASS
org.springframework.boot.health.application.DiskSpaceHealthIndicatorTests	FAIL
org.springframework.boot.health.application.LivenessStateHealthIndicatorTests	PASS
org.springframework.boot.health.application.ReadinessStateHealthIndicatorTests	PASS
org.springframework.boot.health.application.SslHealthIndicatorTests	PASS
org.springframework.boot.health.autoconfigure.actuate.endpoint.AutoConfiguredHealthEndpointGroupTests	PASS
org.springframework.boot.health.autoconfigure.actuate.endpoint.AutoConfiguredHealthEndpointGroupsTests	PASS
org.springframework.boot.health.autoconfigure.actuate.endpoint.AvailabilityProbesAutoConfigurationTests	PASS
org.springframework.boot.health.autoconfigure.actuate.endpoint.AvailabilityProbesHealthEndpointGroupTests	PASS
org.springframework.boot.health.autoconfigure.actuate.endpoint.AvailabilityProbesHealthEndpointGroupsPostProcessorTests	PASS
org.springframework.boot.health.autoconfigure.actuate.endpoint.AvailabilityProbesHealthEndpointGroupsTests	PASS
org.springframework.boot.health.autoconfigure.actuate.endpoint.DelegatingAvailabilityProbesHealthEndpointGroupTests	PASS
org.springframework.boot.health.autoconfigure.actuate.endpoint.HealthEndpointAutoConfigurationTests	PASS
org.springframework.boot.health.autoconfigure.application.AvailabilityHealthContributorAutoConfigurationTests	PASS
org.springframework.boot.health.autoconfigure.application.DiskSpaceHealthContributorAutoConfigurationTests	PASS
org.springframework.boot.health.autoconfigure.application.SslHealthContributorAutoConfigurationTests	PASS
org.springframework.boot.health.autoconfigure.contributor.AbstractCompositeHealthContributorConfigurationTests	EMPTY
org.springframework.boot.health.autoconfigure.contributor.CompositeHealthContributorConfigurationTests	PASS
org.springframework.boot.health.autoconfigure.contributor.CompositeReactiveHealthContributorConfigurationTests	PASS
org.springframework.boot.health.autoconfigure.contributor.ConditionalOnEnabledHealthIndicatorTests	PASS
org.springframework.boot.health.autoconfigure.contributor.HealthContributorAutoConfigurationTests	PASS
org.springframework.boot.health.autoconfigure.contributor.HealthContributorMembershipTests	PASS
org.springframework.boot.health.autoconfigure.contributor.HealthContributorMembershipValidatorTests	PASS
org.springframework.boot.health.autoconfigure.registry.HealthContributorNameGeneratorTests	PASS
org.springframework.boot.health.autoconfigure.registry.HealthContributorRegistryAutoConfigurationTests	PASS
org.springframework.boot.health.contributor.AbstractHealthIndicatorTests	PASS
org.springframework.boot.health.contributor.AbstractReactiveHealthIndicatorTests	PASS
org.springframework.boot.health.contributor.CompositeHealthContributorAdapterTests	PASS
org.springframework.boot.health.contributor.CompositeHealthContributorTests	PASS
org.springframework.boot.health.contributor.CompositeHealthContributorsTests	PASS
org.springframework.boot.health.contributor.CompositeReactiveHealthContributorAdapterTests	PASS
org.springframework.boot.health.contributor.CompositeReactiveHealthContributorTests	PASS
org.springframework.boot.health.contributor.CompositeReactiveHealthContributorsTests	PASS
org.springframework.boot.health.contributor.HealthContributorsAdapterTests	PASS
org.springframework.boot.health.contributor.HealthContributorsTests	PASS
org.springframework.boot.health.contributor.HealthIndicatorAdapterTests	PASS
org.springframework.boot.health.contributor.HealthIndicatorTests	PASS
org.springframework.boot.health.contributor.HealthTests	PASS
org.springframework.boot.health.contributor.MapCompositeHealthContributorTests	PASS
org.springframework.boot.health.contributor.MapCompositeReactiveHealthContributorTests	PASS
org.springframework.boot.health.contributor.MapCompositeTests	EMPTY
org.springframework.boot.health.contributor.PingHealthIndicatorTests	PASS
org.springframework.boot.health.contributor.ReactiveHealthContributorTests	PASS
org.springframework.boot.health.contributor.ReactiveHealthContributorsAdapterTests	PASS
org.springframework.boot.health.contributor.ReactiveHealthContributorsTests	PASS
org.springframework.boot.health.contributor.ReactiveHealthIndicatorAdapterTests	PASS
org.springframework.boot.health.contributor.ReactiveHealthIndicatorTests	PASS
org.springframework.boot.health.contributor.StatusTests	PASS
org.springframework.boot.health.registry.AbstractHealthContributorRegistryTests	EMPTY
org.springframework.boot.health.registry.DefaultHealthContributorRegistryTests	PASS
org.springframework.boot.health.registry.DefaultReactiveHealthContributorRegistryTests	PASS
org.springframework.boot.hibernate.autoconfigure.CustomHibernateJpaAutoConfigurationTests	PASS
org.springframework.boot.hibernate.autoconfigure.Hibernate2ndLevelCacheIntegrationTests	PASS
org.springframework.boot.hibernate.autoconfigure.HibernateDefaultDdlAutoProviderTests	PASS
org.springframework.boot.hibernate.autoconfigure.HibernateJpaAutoConfigurationTests	PASS
org.springframework.boot.hibernate.autoconfigure.HibernatePropertiesTests	PASS
org.springframework.boot.hibernate.autoconfigure.metrics.HibernateMetricsAutoConfigurationTests	PASS
org.springframework.boot.http.client.AbstractClientHttpRequestFactoryBuilderTests	EMPTY
org.springframework.boot.http.client.ClientHttpRequestFactoryBuilderTests	PASS
org.springframework.boot.http.client.ClientHttpRequestFactoryRuntimeHintsTests	PASS
org.springframework.boot.http.client.FilteredAddressesTests	PASS
org.springframework.boot.http.client.FilteredHostExceptionTests	PASS
org.springframework.boot.http.client.HttpClientSettingsTests	PASS
org.springframework.boot.http.client.HttpComponentsClientHttpRequestFactoryBuilderTests	PASS
org.springframework.boot.http.client.HttpComponentsFilteredDnsResolverTests	PASS
org.springframework.boot.http.client.InetAddressFilterTests	PASS
org.springframework.boot.http.client.IpAddressTests	PASS
org.springframework.boot.http.client.JdkClientHttpRequestFactoryBuilderTests	HANG
org.springframework.boot.http.client.JdkFilteredProxySelectorTests	PASS
org.springframework.boot.http.client.JettyClientHttpRequestFactoryBuilderTests	PASS
org.springframework.boot.http.client.JettyFilteredSocketAddressResolverTests	PASS
org.springframework.boot.http.client.ReactorClientHttpRequestFactoryBuilderTests	PASS
org.springframework.boot.http.client.ReactorFilteredResolvedAddressSelectorTests	PASS
org.springframework.boot.http.client.ReflectiveComponentsClientHttpRequestFactoryBuilderTests	PASS
org.springframework.boot.http.client.SimpleClientHttpRequestFactoryBuilderTests	PASS
org.springframework.boot.http.client.autoconfigure.HttpClientAutoConfigurationTests	PASS
org.springframework.boot.http.client.autoconfigure.HttpClientSettingsPropertyMapperTests	PASS
org.springframework.boot.http.client.autoconfigure.PropertiesApiVersionInserterTests	PASS
org.springframework.boot.http.client.autoconfigure.imperative.ImperativeHttpClientAutoConfigurationTests	PASS
org.springframework.boot.http.client.autoconfigure.imperative.ImperativeHttpClientsPropertiesTests	PASS
org.springframework.boot.http.client.autoconfigure.metrics.HttpClientMetricsAutoConfigurationTests	PASS
org.springframework.boot.http.client.autoconfigure.reactive.ReactiveHttpClientAutoConfigurationTests	PASS
org.springframework.boot.http.client.autoconfigure.reactive.ReactiveHttpClientsPropertiesTests	PASS
org.springframework.boot.http.client.autoconfigure.service.HttpServiceClientPropertiesTests	PASS
org.springframework.boot.http.client.reactive.AbstractClientHttpConnectorBuilderTests	EMPTY
org.springframework.boot.http.client.reactive.HttpComponentsClientHttpConnectorBuilderTests	PASS
org.springframework.boot.http.client.reactive.JdkClientHttpConnectorBuilderTests	FAIL
org.springframework.boot.http.client.reactive.JettyClientHttpConnectorBuilderTests	PASS
org.springframework.boot.http.client.reactive.ReactorClientHttpConnectorBuilderTests	PASS
org.springframework.boot.http.codec.autoconfigure.CodecsAutoConfigurationTests	PASS
org.springframework.boot.http.converter.autoconfigure.HttpMessageConvertersAutoConfigurationTests	PASS
org.springframework.boot.http.converter.autoconfigure.HttpMessageConvertersAutoConfigurationWithoutJacksonTests	PASS
org.springframework.boot.http.converter.autoconfigure.HttpMessageConvertersTests	PASS
org.springframework.boot.info.BuildPropertiesTests	PASS
org.springframework.boot.info.GitPropertiesTests	PASS
org.springframework.boot.info.InfoPropertiesTests	PASS
org.springframework.boot.info.JavaInfoTests	PASS
org.springframework.boot.info.OsInfoTests	PASS
org.springframework.boot.info.ProcessInfoTests	PASS
org.springframework.boot.info.SslInfoTests	PASS
org.springframework.boot.integration.actuate.endpoint.IntegrationGraphEndpointTests	PASS
org.springframework.boot.integration.actuate.endpoint.IntegrationGraphEndpointWebIntegrationTests	PASS
org.springframework.boot.integration.autoconfigure.IntegrationAutoConfigurationTests	PASS
org.springframework.boot.integration.autoconfigure.IntegrationDataSourceScriptDatabaseInitializerTests	PASS
org.springframework.boot.integration.autoconfigure.IntegrationGraphEndpointAutoConfigurationTests	PASS
org.springframework.boot.integration.autoconfigure.IntegrationPropertiesEnvironmentPostProcessorTests	PASS
org.springframework.boot.integration.autoconfigure.metrics.IntegrationMetricsAutoConfigurationTests	PASS
org.springframework.boot.io.ApplicationResourceLoaderTests	PASS
org.springframework.boot.io.Base64ProtocolResolverTests	PASS
org.springframework.boot.io.ProtocolResolverApplicationContextInitializerIntegrationTests	PASS
org.springframework.boot.io.ProtocolResolverApplicationContextInitializerTests	PASS
org.springframework.boot.jackson.JacksonComponentModuleTests	PASS
org.springframework.boot.jackson.JacksonMixinModuleEntriesBeanRegistrationAotProcessorTests	PASS
org.springframework.boot.jackson.JacksonMixinModuleTests	PASS
org.springframework.boot.jackson.ObjectValueDeserializerTests	PASS
org.springframework.boot.jackson.ObjectValueSerializerTests	PASS
org.springframework.boot.jackson.autoconfigure.JacksonAutoConfigurationTests	HANG
org.springframework.boot.jackson.autoconfigure.JacksonTesterAutoConfigurationTests	PASS
org.springframework.boot.jackson.autoconfigure.SpringBeanHandlerInstantiatorTests	PASS
org.springframework.boot.jackson.autoconfigure.jsontest.JacksonAutoConfigureJsonIntegrationTests	PASS
org.springframework.boot.jackson.autoconfigure.jsontest.JsonTestIntegrationTests	PASS
org.springframework.boot.jackson.autoconfigure.jsontest.JsonTestWithAutoConfigureJsonTestersTests	PASS
org.springframework.boot.jackson.autoconfigure.jsontest.SpringBootTestWithAutoConfigureJsonTestersTests	PASS
org.springframework.boot.jackson2.AutoConfigureJsonTests	PASS
org.springframework.boot.jackson2.JsonComponentModuleTests	PASS
org.springframework.boot.jackson2.JsonMixinModuleEntriesBeanRegistrationAotProcessorTests	PASS
org.springframework.boot.jackson2.JsonMixinModuleTests	PASS
org.springframework.boot.jackson2.JsonObjectDeserializerTests	PASS
org.springframework.boot.jackson2.JsonObjectSerializerTests	PASS
org.springframework.boot.jackson2.autoconfigure.Jackson2AutoConfigurationTests	PASS
org.springframework.boot.jarmode.tools.AbstractJarModeTests	EMPTY
org.springframework.boot.jarmode.tools.CommandTests	PASS
org.springframework.boot.jarmode.tools.ContextTests	PASS
org.springframework.boot.jarmode.tools.ExtractCommandTests	FAIL
org.springframework.boot.jarmode.tools.ExtractLayersCommandTests	FAIL
org.springframework.boot.jarmode.tools.HelpCommandTests	FAIL
org.springframework.boot.jarmode.tools.IndexedJarStructureTests	PASS
org.springframework.boot.jarmode.tools.IndexedLayersTests	PASS
org.springframework.boot.jarmode.tools.ListCommandTests	FAIL
org.springframework.boot.jarmode.tools.ListLayersCommandTests	FAIL
org.springframework.boot.jarmode.tools.ToolsJarModeTests	FAIL
org.springframework.boot.jdbc.DataSourceBuilderNoHikariTests	PASS
org.springframework.boot.jdbc.DataSourceBuilderRuntimeHintsTests	PASS
org.springframework.boot.jdbc.DataSourceBuilderTests	PASS
org.springframework.boot.jdbc.DataSourceUnwrapperNoSpringJdbcTests	PASS
org.springframework.boot.jdbc.DataSourceUnwrapperTests	PASS
org.springframework.boot.jdbc.DatabaseDriverClassNameTests	PASS
org.springframework.boot.jdbc.DatabaseDriverTests	PASS
org.springframework.boot.jdbc.EmbeddedDatabaseConnectionTests	PASS
org.springframework.boot.jdbc.HikariCheckpointRestoreLifecycleTests	PASS
org.springframework.boot.jdbc.autoconfigure.DataSourceAutoConfigurationTests	PASS
org.springframework.boot.jdbc.autoconfigure.DataSourceAutoConfigurationWithoutSpringJdbcTests	PASS
org.springframework.boot.jdbc.autoconfigure.DataSourceBeanCreationFailureAnalyzerTests	PASS
org.springframework.boot.jdbc.autoconfigure.DataSourceInitializationAutoConfigurationTests	PASS
org.springframework.boot.jdbc.autoconfigure.DataSourceJmxConfigurationTests	PASS
org.springframework.boot.jdbc.autoconfigure.DataSourceJsonSerializationTests	PASS
org.springframework.boot.jdbc.autoconfigure.DataSourcePropertiesTests	PASS
org.springframework.boot.jdbc.autoconfigure.DataSourceTransactionManagerAutoConfigurationTests	PASS
org.springframework.boot.jdbc.autoconfigure.Dbcp2JdbcConnectionDetailsBeanPostProcessorTests	PASS
org.springframework.boot.jdbc.autoconfigure.EmbeddedDataSourceConfigurationTests	PASS
org.springframework.boot.jdbc.autoconfigure.HikariDataSourceConfigurationTests	FAIL
org.springframework.boot.jdbc.autoconfigure.HikariDataSourcePoolMetadataRuntimeHintsTests	PASS
org.springframework.boot.jdbc.autoconfigure.HikariDriverConfigurationFailureAnalyzerTests	PASS
org.springframework.boot.jdbc.autoconfigure.HikariJdbcConnectionDetailsBeanPostProcessorTests	PASS
org.springframework.boot.jdbc.autoconfigure.JdbcClientAutoConfigurationTests	PASS
org.springframework.boot.jdbc.autoconfigure.JdbcTemplateAutoConfigurationTests	PASS
org.springframework.boot.jdbc.autoconfigure.JndiDataSourceAutoConfigurationTests	PASS
org.springframework.boot.jdbc.autoconfigure.LazyConnectionDataSourceConfigurationTests	PASS
org.springframework.boot.jdbc.autoconfigure.OracleUcpDataSourceConfigurationTests	PASS
org.springframework.boot.jdbc.autoconfigure.OracleUcpJdbcConnectionDetailsBeanPostProcessorTests	PASS
org.springframework.boot.jdbc.autoconfigure.TomcatDataSourceConfigurationTests	PASS
org.springframework.boot.jdbc.autoconfigure.TomcatJdbcConnectionDetailsBeanPostProcessorTests	PASS
org.springframework.boot.jdbc.autoconfigure.XADataSourceAutoConfigurationTests	PASS
org.springframework.boot.jdbc.autoconfigure.health.DataSourceHealthContributorAutoConfigurationTests	PASS
org.springframework.boot.jdbc.autoconfigure.metrics.DataSourcePoolMetricsAutoConfigurationTests	PASS
org.springframework.boot.jdbc.docker.compose.ClickHouseEnvironmentTests	PASS
org.springframework.boot.jdbc.docker.compose.JdbcUrlBuilderTests	PASS
org.springframework.boot.jdbc.docker.compose.MariaDbEnvironmentTests	PASS
org.springframework.boot.jdbc.docker.compose.MySqlEnvironmentTests	PASS
org.springframework.boot.jdbc.docker.compose.OracleEnvironmentTests	PASS
org.springframework.boot.jdbc.docker.compose.PostgresEnvironmentTests	PASS
org.springframework.boot.jdbc.docker.compose.PostgresJdbcDockerComposeConnectionDetailsFactoryConnectionDetailsTests	PASS
org.springframework.boot.jdbc.docker.compose.SqlServerEnvironmentTests	PASS
org.springframework.boot.jdbc.health.DataSourceHealthIndicatorTests	PASS
org.springframework.boot.jdbc.init.DataSourceScriptDatabaseInitializerTests	PASS
org.springframework.boot.jdbc.init.PlatformPlaceholderDatabaseDriverResolverTests	PASS
org.springframework.boot.jdbc.metadata.AbstractDataSourcePoolMetadataTests	EMPTY
org.springframework.boot.jdbc.metadata.CommonsDbcp2DataSourcePoolMetadataTests	PASS
org.springframework.boot.jdbc.metadata.CompositeDataSourcePoolMetadataProviderTests	PASS
org.springframework.boot.jdbc.metadata.HikariDataSourcePoolMetadataTests	PASS
org.springframework.boot.jdbc.metadata.OracleUcpDataSourcePoolMetadataTests	PASS
org.springframework.boot.jdbc.metadata.TomcatDataSourcePoolMetadataTests	PASS
org.springframework.boot.jdbc.metrics.DataSourcePoolMetricsTests	PASS
org.springframework.boot.jdbc.test.autoconfigure.AutoConfigureTestDatabaseWithMultipleDatasourcesIntegrationTests	PASS
org.springframework.boot.jdbc.test.autoconfigure.AutoConfigureTestDatabaseWithNoDatabaseIntegrationTests	PASS
org.springframework.boot.jdbc.test.autoconfigure.JdbcTestIntegrationTests	PASS
org.springframework.boot.jdbc.test.autoconfigure.JdbcTestPropertiesIntegrationTests	PASS
org.springframework.boot.jdbc.test.autoconfigure.JdbcTestWithAutoConfigureTestDatabaseReplaceAutoConfiguredIntegrationTests	PASS
org.springframework.boot.jdbc.test.autoconfigure.JdbcTestWithAutoConfigureTestDatabaseReplaceAutoConfiguredWithoutOverrideIntegrationTests	PASS
org.springframework.boot.jdbc.test.autoconfigure.JdbcTestWithAutoConfigureTestDatabaseReplaceExplicitIntegrationTests	PASS
org.springframework.boot.jdbc.test.autoconfigure.JdbcTestWithAutoConfigureTestDatabaseReplaceNoneIntegrationTests	PASS
org.springframework.boot.jdbc.test.autoconfigure.JdbcTestWithAutoConfigureTestDatabaseReplacePropertyAnyIntegrationTests	PASS
org.springframework.boot.jdbc.test.autoconfigure.JdbcTestWithAutoConfigureTestDatabaseReplacePropertyAutoConfiguredIntegrationTests	PASS
org.springframework.boot.jdbc.test.autoconfigure.JdbcTestWithAutoConfigureTestDatabaseReplacePropertyNoneIntegrationTests	PASS
org.springframework.boot.jdbc.test.autoconfigure.JdbcTestWithIncludeFilterIntegrationTests	PASS
org.springframework.boot.jdbc.test.autoconfigure.TestDatabaseAutoConfigurationNoEmbeddedTests	PASS
org.springframework.boot.jdbc.test.autoconfigure.TestDatabaseAutoConfigurationTests	PASS
org.springframework.boot.jersey.autoconfigure.JerseyApplicationPathTests	PASS
org.springframework.boot.jersey.autoconfigure.JerseyAutoConfigurationCustomApplicationTests	PASS
org.springframework.boot.jersey.autoconfigure.JerseyAutoConfigurationCustomFilterContextPathTests	PASS
org.springframework.boot.jersey.autoconfigure.JerseyAutoConfigurationCustomFilterPathTests	PASS
org.springframework.boot.jersey.autoconfigure.JerseyAutoConfigurationCustomLoadOnStartupTests	PASS
org.springframework.boot.jersey.autoconfigure.JerseyAutoConfigurationCustomObjectMapperProviderTests	PASS
org.springframework.boot.jersey.autoconfigure.JerseyAutoConfigurationCustomServletContextPathTests	PASS
org.springframework.boot.jersey.autoconfigure.JerseyAutoConfigurationCustomServletPathTests	PASS
org.springframework.boot.jersey.autoconfigure.JerseyAutoConfigurationDefaultFilterPathTests	PASS
org.springframework.boot.jersey.autoconfigure.JerseyAutoConfigurationDefaultServletPathTests	PASS
org.springframework.boot.jersey.autoconfigure.JerseyAutoConfigurationObjectMapperProviderTests	PASS
org.springframework.boot.jersey.autoconfigure.JerseyAutoConfigurationServletContainerTests	PASS
org.springframework.boot.jersey.autoconfigure.JerseyAutoConfigurationTests	PASS
org.springframework.boot.jersey.autoconfigure.JerseyAutoConfigurationWithoutApplicationPathTests	PASS
org.springframework.boot.jersey.autoconfigure.actuate.endpoint.web.HealthEndpointJerseyExtensionAutoConfigurationTests	PASS
org.springframework.boot.jersey.autoconfigure.actuate.endpoint.web.JerseyEndpointAccessIntegrationTests	PASS
org.springframework.boot.jersey.autoconfigure.actuate.endpoint.web.JerseyEndpointIntegrationTests	PASS
org.springframework.boot.jersey.autoconfigure.actuate.web.JerseyChildManagementContextConfigurationTests	PASS
org.springframework.boot.jersey.autoconfigure.actuate.web.JerseyEndpointManagementContextConfigurationTests	PASS
org.springframework.boot.jersey.autoconfigure.actuate.web.JerseyHealthEndpointAdditionalPathIntegrationTests	PASS
org.springframework.boot.jersey.autoconfigure.actuate.web.JerseySameManagementContextConfigurationTests	PASS
org.springframework.boot.jersey.autoconfigure.actuate.web.JerseyWebEndpointIntegrationTests	PASS
org.springframework.boot.jersey.autoconfigure.actuate.web.JerseyWebEndpointManagementContextConfigurationTests	PASS
org.springframework.boot.jersey.autoconfigure.metrics.JerseyServerMetricsAutoConfigurationTests	PASS
org.springframework.boot.jetty.SslServerCustomizerTests	CRASH
org.springframework.boot.jetty.autoconfigure.AutoConfigureWebServerJettyReactiveTests	PASS
org.springframework.boot.jetty.autoconfigure.AutoConfigureWebServerJettyServletTests	PASS
org.springframework.boot.jetty.autoconfigure.JettyServerPropertiesTests	PASS
org.springframework.boot.jetty.autoconfigure.JettyVirtualThreadsWebServerFactoryCustomizerTests	PASS
org.springframework.boot.jetty.autoconfigure.JettyWebServerFactoryCustomizerTests	PASS
org.springframework.boot.jetty.autoconfigure.actuate.web.server.JettyManagementServerPropertiesTests	PASS
org.springframework.boot.jetty.autoconfigure.metrics.JettyMetricsAutoConfigurationTests	PASS
org.springframework.boot.jetty.autoconfigure.reactive.JettyReactiveWebServerAutoConfigurationTests	PASS
org.springframework.boot.jetty.autoconfigure.servlet.JettyServletWebServerAutoConfigurationTests	PASS
org.springframework.boot.jetty.autoconfigure.servlet.JettyServletWebServerServletContextListenerTests	PASS
org.springframework.boot.jetty.reactive.JettyReactiveWebServerFactoryTests	PASS
org.springframework.boot.jetty.servlet.JettyServletWebServerFactoryTests	HANG
org.springframework.boot.jetty.servlet.JettyServletWebServerMvcIntegrationTests	PASS
org.springframework.boot.jetty.servlet.LoaderHidingResourceTests	PASS
org.springframework.boot.jms.ConnectionFactoryUnwrapperTests	PASS
org.springframework.boot.jms.autoconfigure.AcknowledgeModeTests	PASS
org.springframework.boot.jms.autoconfigure.JmsAutoConfigurationTests	PASS
org.springframework.boot.jms.autoconfigure.JmsPropertiesTests	PASS
org.springframework.boot.jms.autoconfigure.JndiConnectionFactoryAutoConfigurationTests	PASS
org.springframework.boot.jms.autoconfigure.health.JmsHealthContributorAutoConfigurationTests	PASS
org.springframework.boot.jms.health.JmsHealthIndicatorTests	PASS
org.springframework.boot.jooq.autoconfigure.DefaultExceptionTranslatorExecuteListenerTests	PASS
org.springframework.boot.jooq.autoconfigure.JooqAutoConfigurationTests	HANG
org.springframework.boot.jooq.autoconfigure.JooqFlywayDatabaseInitializationTests	HANG
org.springframework.boot.jooq.autoconfigure.JooqPropertiesTests	PASS
org.springframework.boot.jooq.autoconfigure.NoDslContextBeanFailureAnalyzerTests	PASS
org.springframework.boot.jooq.autoconfigure.SqlDialectLookupTests	PASS
org.springframework.boot.jooq.test.autoconfigure.JooqTestIntegrationTests	PASS
org.springframework.boot.jooq.test.autoconfigure.JooqTestPropertiesIntegrationTests	PASS
org.springframework.boot.jooq.test.autoconfigure.JooqTestWithAutoConfigureTestDatabaseIntegrationTests	PASS
org.springframework.boot.jpa.EntityManagerFactoryBuilderTests	PASS
org.springframework.boot.jpa.autoconfigure.BootstrapExecutorRequiredFailureAnalyzerTests	PASS
org.springframework.boot.jpa.test.autoconfigure.TestEntityManagerExtensionsTests	PASS
org.springframework.boot.jpa.test.autoconfigure.TestEntityManagerTests	PASS
org.springframework.boot.json.AbstractJsonParserTests	EMPTY
org.springframework.boot.json.AppendableByteArrayTests	PASS
org.springframework.boot.json.BasicJsonParserTests	PASS
org.springframework.boot.json.GsonJsonParserTests	PASS
org.springframework.boot.json.JacksonJsonParserTests	PASS
org.springframework.boot.json.JsonValueWriterTests	PASS
org.springframework.boot.json.JsonWriterTests	PASS
org.springframework.boot.json.WritableJsonTests	PASS
org.springframework.boot.jsonb.autoconfigure.JsonbAutoConfigurationTests	PASS
org.springframework.boot.jsonb.autoconfigure.JsonbAutoConfigurationWithNoProviderTests	PASS
org.springframework.boot.jsonb.autoconfigure.JsonbTesterAutoConfigurationTests	PASS
org.springframework.boot.jsonb.autoconfigure.jsontest.JsonTestIntegrationTests	PASS
org.springframework.boot.jsonb.autoconfigure.jsontest.JsonTestWithAutoConfigureJsonTestersTests	PASS
org.springframework.boot.jsonb.autoconfigure.jsontest.JsonbAutoConfigureJsonIntegrationTests	PASS
org.springframework.boot.jsonb.autoconfigure.jsontest.SpringBootTestWithAutoConfigureJsonTestersTests	PASS
org.springframework.boot.kafka.autoconfigure.ConcurrentKafkaListenerContainerFactoryConfigurerTests	PASS
org.springframework.boot.kafka.autoconfigure.KafkaAutoConfigurationIntegrationTests	HANG
org.springframework.boot.kafka.autoconfigure.KafkaAutoConfigurationTests	PASS
org.springframework.boot.kafka.autoconfigure.KafkaPropertiesTests	PASS
org.springframework.boot.kafka.autoconfigure.metrics.KafkaMetricsAutoConfigurationTests	PASS
org.springframework.boot.kotlinx.serialization.json.autoconfigure.KotlinxSerializationJsonAutoConfigurationTests	PASS
org.springframework.boot.kotlinx.serialization.json.autoconfigure.KotlinxSerializationJsonPropertiesTests	PASS
org.springframework.boot.ldap.autoconfigure.LdapAutoConfigurationTests	PASS
org.springframework.boot.ldap.autoconfigure.LdapPropertiesTests	PASS
org.springframework.boot.ldap.autoconfigure.embedded.EmbeddedLdapAutoConfigurationTests	PASS
org.springframework.boot.ldap.autoconfigure.health.LdapHealthContributorAutoConfigurationTests	PASS
org.springframework.boot.ldap.health.LdapHealthIndicatorTests	PASS
org.springframework.boot.liquibase.LiquibaseChangelogMissingFailureAnalyzerTests	PASS
org.springframework.boot.liquibase.actuate.endpoint.LiquibaseEndpointTests	PASS
org.springframework.boot.liquibase.autoconfigure.Liquibase423AutoConfigurationTests	FAIL
org.springframework.boot.liquibase.autoconfigure.LiquibaseAutoConfigurationTests	PASS
org.springframework.boot.liquibase.autoconfigure.LiquibaseAutoConfigureDataSourceInitializationTests	PASS
org.springframework.boot.liquibase.autoconfigure.LiquibaseEndpointAutoConfigurationTests	PASS
org.springframework.boot.liquibase.autoconfigure.LiquibasePropertiesTests	PASS
org.springframework.boot.loader.jar.ManifestInfoTests	PASS
org.springframework.boot.loader.jar.MetaInfVersionsInfoTests	PASS
org.springframework.boot.loader.jar.NestedJarFileTests	PASS
org.springframework.boot.loader.jar.SecurityInfoTests	PASS
org.springframework.boot.loader.launch.AbstractLauncherTests	EMPTY
org.springframework.boot.loader.launch.ArchiveTests	PASS
org.springframework.boot.loader.launch.ClassPathIndexFileTests	PASS
org.springframework.boot.loader.launch.ExplodedArchiveTests	PASS
org.springframework.boot.loader.launch.JarFileArchiveTests	PASS
org.springframework.boot.loader.launch.JarLauncherTests	PASS
org.springframework.boot.loader.launch.LaunchedClassLoaderTests	PASS
org.springframework.boot.loader.launch.LauncherTests	PASS
org.springframework.boot.loader.launch.PropertiesLauncherTests	PASS
org.springframework.boot.loader.launch.WarLauncherTests	PASS
org.springframework.boot.loader.net.protocol.jar.CanonicalizerTests	PASS
org.springframework.boot.loader.net.protocol.jar.HandlerTests	PASS
org.springframework.boot.loader.net.protocol.jar.JarFileUrlKeyTests	PASS
org.springframework.boot.loader.net.protocol.jar.JarUrlClassLoaderTests	PASS
org.springframework.boot.loader.net.protocol.jar.JarUrlConnectionTests	PASS
org.springframework.boot.loader.net.protocol.jar.JarUrlTests	PASS
org.springframework.boot.loader.net.protocol.jar.LazyDelegatingInputStreamTests	PASS
org.springframework.boot.loader.net.protocol.jar.OptimizationsTests	PASS
org.springframework.boot.loader.net.protocol.jar.UrlJarEntryTests	PASS
org.springframework.boot.loader.net.protocol.jar.UrlJarFileFactoryTests	PASS
org.springframework.boot.loader.net.protocol.jar.UrlJarFileTests	PASS
org.springframework.boot.loader.net.protocol.jar.UrlJarFilesTests	PASS
org.springframework.boot.loader.net.protocol.jar.UrlJarManifestTests	PASS
org.springframework.boot.loader.net.protocol.jar.UrlNestedJarFileTests	PASS
org.springframework.boot.loader.net.protocol.nested.HandlerTests	PASS
org.springframework.boot.loader.net.protocol.nested.NestedLocationTests	PASS
org.springframework.boot.loader.net.protocol.nested.NestedUrlConnectionTests	PASS
org.springframework.boot.loader.net.util.UrlDecoderTests	PASS
org.springframework.boot.loader.nio.file.NestedByteChannelTests	PASS
org.springframework.boot.loader.nio.file.NestedFileStoreTests	PASS
org.springframework.boot.loader.nio.file.NestedFileSystemProviderTests	PASS
org.springframework.boot.loader.nio.file.NestedFileSystemTests	PASS
org.springframework.boot.loader.nio.file.NestedFileSystemZipFileSystemIntegrationTests	PASS
org.springframework.boot.loader.nio.file.NestedPathTests	PASS
org.springframework.boot.loader.nio.file.UriPathEncoderTests	PASS
org.springframework.boot.loader.tools.AbstractPackagerTests	EMPTY
org.springframework.boot.loader.tools.DefaultTimeZoneOffsetTests	PASS
org.springframework.boot.loader.tools.FileUtilsTests	PASS
org.springframework.boot.loader.tools.ImagePackagerTests	PASS
org.springframework.boot.loader.tools.ImplicitLayerResolverTests	PASS
org.springframework.boot.loader.tools.LayerTests	PASS
org.springframework.boot.loader.tools.LayersIndexTests	PASS
org.springframework.boot.loader.tools.LayoutsTests	PASS
org.springframework.boot.loader.tools.LibraryCoordinatesTests	PASS
org.springframework.boot.loader.tools.MainClassFinderTests	PASS
org.springframework.boot.loader.tools.NativeImageArgFileTests	PASS
org.springframework.boot.loader.tools.ReachabilityMetadataPropertiesTests	PASS
org.springframework.boot.loader.tools.RepackagerTests	PASS
org.springframework.boot.loader.tools.SizeCalculatingEntryWriterTests	PASS
org.springframework.boot.loader.tools.ZipHeaderPeekInputStreamTests	PASS
org.springframework.boot.loader.tools.layer.ApplicationContentFilterTests	PASS
org.springframework.boot.loader.tools.layer.IncludeExcludeContentSelectorTests	PASS
org.springframework.boot.loader.tools.layer.LibraryContentFilterTests	PASS
org.springframework.boot.loader.zip.ByteArrayDataBlockTests	PASS
org.springframework.boot.loader.zip.DataBlockInputStreamTests	PASS
org.springframework.boot.loader.zip.DataBlockTests	PASS
org.springframework.boot.loader.zip.FileDataBlockTests	PASS
org.springframework.boot.loader.zip.VirtualDataBlockTests	PASS
org.springframework.boot.loader.zip.VirtualZipDataBlockTests	PASS
org.springframework.boot.loader.zip.VirtualZipPerformanceTests	EMPTY
org.springframework.boot.loader.zip.Zip64EndOfCentralDirectoryLocatorTests	PASS
org.springframework.boot.loader.zip.Zip64EndOfCentralDirectoryRecordTests	PASS
org.springframework.boot.loader.zip.ZipCentralDirectoryFileHeaderRecordTests	PASS
org.springframework.boot.loader.zip.ZipContentTests	FAIL
org.springframework.boot.loader.zip.ZipDataDescriptorRecordTests	PASS
org.springframework.boot.loader.zip.ZipEndOfCentralDirectoryRecordTests	PASS
org.springframework.boot.loader.zip.ZipLocalFileHeaderRecordTests	PASS
org.springframework.boot.loader.zip.ZipStringTests	PASS
org.springframework.boot.logging.AbstractLoggingSystemTests	EMPTY
org.springframework.boot.logging.CorrelationIdFormatterTests	PASS
org.springframework.boot.logging.DeferredLogFactoryTests	PASS
org.springframework.boot.logging.DeferredLogTests	PASS
org.springframework.boot.logging.DeferredLogsTests	PASS
org.springframework.boot.logging.DelegatingLoggingSystemFactoryTests	PASS
org.springframework.boot.logging.LogFileTests	PASS
org.springframework.boot.logging.LogLevelTests	PASS
org.springframework.boot.logging.LogbackAndLog4J2ExcludedLoggingSystemTests	PASS
org.springframework.boot.logging.LoggerConfigurationComparatorTests	PASS
org.springframework.boot.logging.LoggerConfigurationTests	PASS
org.springframework.boot.logging.LoggerGroupsTests	PASS
org.springframework.boot.logging.LoggingSystemPropertiesTests	PASS
org.springframework.boot.logging.LoggingSystemTests	PASS
org.springframework.boot.logging.StandardStackTracePrinterTests	PASS
org.springframework.boot.logging.java.JavaLoggingSystemTests	PASS
org.springframework.boot.logging.log4j2.AbstractStructuredLoggingTests	EMPTY
org.springframework.boot.logging.log4j2.ColorConverterTests	PASS
org.springframework.boot.logging.log4j2.CorrelationIdConverterTests	PASS
org.springframework.boot.logging.log4j2.ElasticCommonSchemaStructuredLogFormatterTests	PASS
org.springframework.boot.logging.log4j2.EnclosedInSquareBracketsConverterTests	PASS
org.springframework.boot.logging.log4j2.ExtendedWhitespaceThrowablePatternConverterTests	PASS
org.springframework.boot.logging.log4j2.ExtractorTests	PASS
org.springframework.boot.logging.log4j2.GraylogExtendedLogFormatStructuredLogFormatterTests	PASS
org.springframework.boot.logging.log4j2.Log4J2LoggingSystemTests	PASS
org.springframework.boot.logging.log4j2.Log4J2RuntimeHintsTests	PASS
org.springframework.boot.logging.log4j2.Log4j2FileXmlTests	PASS
org.springframework.boot.logging.log4j2.Log4j2LoggingSystemPropertiesTests	PASS
org.springframework.boot.logging.log4j2.Log4j2XmlTests	PASS
org.springframework.boot.logging.log4j2.LogstashStructuredLogFormatterTests	PASS
org.springframework.boot.logging.log4j2.SpringBootPropertySourceTests	PASS
org.springframework.boot.logging.log4j2.SpringEnvironmentLookupTests	PASS
org.springframework.boot.logging.log4j2.SpringEnvironmentPropertySourceTests	PASS
org.springframework.boot.logging.log4j2.SpringProfileArbiterTests	PASS
org.springframework.boot.logging.log4j2.StructuredLogLayoutTests	PASS
org.springframework.boot.logging.log4j2.WhitespaceThrowablePatternConverterTests	PASS
org.springframework.boot.logging.logback.AbstractStructuredLoggingTests	EMPTY
org.springframework.boot.logging.logback.ColorConverterTests	PASS
org.springframework.boot.logging.logback.CorrelationIdConverterTests	PASS
org.springframework.boot.logging.logback.DefaultLogbackConfigurationTests	PASS
org.springframework.boot.logging.logback.ElasticCommonSchemaStructuredLogFormatterTests	PASS
org.springframework.boot.logging.logback.EnclosedInSquareBracketsConverterTests	PASS
org.springframework.boot.logging.logback.ExtendedWhitespaceThrowableProxyConverterTests	PASS
org.springframework.boot.logging.logback.ExtractorTests	PASS
org.springframework.boot.logging.logback.GraylogExtendedLogFormatStructuredLogFormatterTests	PASS
org.springframework.boot.logging.logback.LogbackConfigurationAotContributionTests	PASS
org.springframework.boot.logging.logback.LogbackConfigurationTests	PASS
org.springframework.boot.logging.logback.LogbackLoggingSystemParallelInitializationTests	PASS
org.springframework.boot.logging.logback.LogbackLoggingSystemPropertiesTests	PASS
org.springframework.boot.logging.logback.LogbackLoggingSystemTests	PASS
org.springframework.boot.logging.logback.LogbackRuntimeHintsTests	PASS
org.springframework.boot.logging.logback.LogstashStructuredLogFormatterTests	PASS
org.springframework.boot.logging.logback.RootLogLevelConfiguratorTests	PASS
org.springframework.boot.logging.logback.SpringBootJoranConfiguratorTests	PASS
org.springframework.boot.logging.logback.SpringProfileModelHandlerTests	PASS
org.springframework.boot.logging.logback.StructuredLogEncoderTests	PASS
org.springframework.boot.logging.logback.SystemStatusListenerTests	PASS
org.springframework.boot.logging.logback.WhitespaceThrowableProxyConverterTests	PASS
org.springframework.boot.logging.structured.CommonStructuredLogFormatTests	PASS
org.springframework.boot.logging.structured.ContextPairsTests	PASS
org.springframework.boot.logging.structured.ElasticCommonSchemaPropertiesTests	PASS
org.springframework.boot.logging.structured.GraylogExtendedLogFormatPropertiesTests	PASS
org.springframework.boot.logging.structured.StructuredLogFormatterFactoryTests	PASS
org.springframework.boot.logging.structured.StructuredLoggingJsonPropertiesBeanFactoryInitializationAotProcessorTests	PASS
org.springframework.boot.logging.structured.StructuredLoggingJsonPropertiesJsonMembersCustomizerTests	PASS
org.springframework.boot.logging.structured.StructuredLoggingJsonPropertiesTests	PASS
org.springframework.boot.mail.autoconfigure.MailHealthContributorAutoConfigurationTests	PASS
org.springframework.boot.mail.autoconfigure.MailSenderAutoConfigurationTests	PASS
org.springframework.boot.mail.autoconfigure.NoSuchMailSenderBeanFailureAnalyzerTests	PASS
org.springframework.boot.mail.health.MailHealthIndicatorTests	PASS
org.springframework.boot.micrometer.metrics.MaximumAllowableTagsMeterFilterTests	PASS
org.springframework.boot.micrometer.metrics.ValidationFailureAnalyzerTests	PASS
org.springframework.boot.micrometer.metrics.actuate.endpoint.MetricsEndpointTests	PASS
org.springframework.boot.micrometer.metrics.autoconfigure.CompositeMeterRegistryAutoConfigurationTests	PASS
org.springframework.boot.micrometer.metrics.autoconfigure.MeterRegistryCustomizerTests	PASS
org.springframework.boot.micrometer.metrics.autoconfigure.MeterRegistryPostProcessorTests	PASS
org.springframework.boot.micrometer.metrics.autoconfigure.MeterValueTests	PASS
org.springframework.boot.micrometer.metrics.autoconfigure.MetricsAspectsAutoConfigurationTests	PASS
org.springframework.boot.micrometer.metrics.autoconfigure.MetricsAutoConfigurationIntegrationTests	PASS
org.springframework.boot.micrometer.metrics.autoconfigure.MetricsAutoConfigurationMeterRegistryPostProcessorIntegrationTests	PASS
org.springframework.boot.micrometer.metrics.autoconfigure.MetricsAutoConfigurationTests	PASS
org.springframework.boot.micrometer.metrics.autoconfigure.PropertiesMeterFilterTests	PASS
org.springframework.boot.micrometer.metrics.autoconfigure.ServiceLevelObjectiveBoundaryTests	PASS
org.springframework.boot.micrometer.metrics.autoconfigure.export.ConditionalOnEnabledMetricsExportAutoConfigurationTests	PASS
org.springframework.boot.micrometer.metrics.autoconfigure.export.appoptics.AppOpticsMetricsExportAutoConfigurationTests	PASS
org.springframework.boot.micrometer.metrics.autoconfigure.export.appoptics.AppOpticsPropertiesConfigAdapterTests	PASS
org.springframework.boot.micrometer.metrics.autoconfigure.export.appoptics.AppOpticsPropertiesTests	PASS
org.springframework.boot.micrometer.metrics.autoconfigure.export.atlas.AtlasMetricsExportAutoConfigurationTests	PASS
org.springframework.boot.micrometer.metrics.autoconfigure.export.atlas.AtlasPropertiesConfigAdapterTests	PASS
org.springframework.boot.micrometer.metrics.autoconfigure.export.atlas.AtlasPropertiesTests	PASS
org.springframework.boot.micrometer.metrics.autoconfigure.export.datadog.DatadogMetricsExportAutoConfigurationTests	PASS
org.springframework.boot.micrometer.metrics.autoconfigure.export.datadog.DatadogPropertiesConfigAdapterTests	PASS
org.springframework.boot.micrometer.metrics.autoconfigure.export.datadog.DatadogPropertiesTests	PASS
org.springframework.boot.micrometer.metrics.autoconfigure.export.dynatrace.DynatraceMetricsExportAutoConfigurationTests	PASS
org.springframework.boot.micrometer.metrics.autoconfigure.export.dynatrace.DynatracePropertiesConfigAdapterTests	PASS
org.springframework.boot.micrometer.metrics.autoconfigure.export.dynatrace.DynatracePropertiesTests	PASS
org.springframework.boot.micrometer.metrics.autoconfigure.export.elastic.ElasticMetricsExportAutoConfigurationTests	PASS
org.springframework.boot.micrometer.metrics.autoconfigure.export.elastic.ElasticPropertiesConfigAdapterTests	PASS
org.springframework.boot.micrometer.metrics.autoconfigure.export.elastic.ElasticPropertiesTests	PASS
org.springframework.boot.micrometer.metrics.autoconfigure.export.ganglia.GangliaMetricsExportAutoConfigurationTests	PASS
org.springframework.boot.micrometer.metrics.autoconfigure.export.ganglia.GangliaPropertiesConfigAdapterTests	PASS
org.springframework.boot.micrometer.metrics.autoconfigure.export.ganglia.GangliaPropertiesTests	PASS
org.springframework.boot.micrometer.metrics.autoconfigure.export.graphite.GraphiteMetricsExportAutoConfigurationTests	PASS
org.springframework.boot.micrometer.metrics.autoconfigure.export.graphite.GraphitePropertiesConfigAdapterTests	PASS
org.springframework.boot.micrometer.metrics.autoconfigure.export.graphite.GraphitePropertiesTests	PASS
org.springframework.boot.micrometer.metrics.autoconfigure.export.humio.HumioMetricsExportAutoConfigurationTests	PASS
org.springframework.boot.micrometer.metrics.autoconfigure.export.humio.HumioPropertiesConfigAdapterTests	PASS
org.springframework.boot.micrometer.metrics.autoconfigure.export.humio.HumioPropertiesTests	PASS
org.springframework.boot.micrometer.metrics.autoconfigure.export.influx.InfluxMetricsExportAutoConfigurationTests	PASS
org.springframework.boot.micrometer.metrics.autoconfigure.export.influx.InfluxPropertiesConfigAdapterTests	PASS
org.springframework.boot.micrometer.metrics.autoconfigure.export.influx.InfluxPropertiesTests	PASS
org.springframework.boot.micrometer.metrics.autoconfigure.export.jmx.JmxMetricsExportAutoConfigurationTests	PASS
org.springframework.boot.micrometer.metrics.autoconfigure.export.jmx.JmxPropertiesConfigAdapterTests	PASS
org.springframework.boot.micrometer.metrics.autoconfigure.export.jmx.JmxPropertiesTests	PASS
org.springframework.boot.micrometer.metrics.autoconfigure.export.kairos.KairosMetricsExportAutoConfigurationTests	PASS
org.springframework.boot.micrometer.metrics.autoconfigure.export.kairos.KairosPropertiesConfigAdapterTests	PASS
org.springframework.boot.micrometer.metrics.autoconfigure.export.kairos.KairosPropertiesTests	PASS
org.springframework.boot.micrometer.metrics.autoconfigure.export.newrelic.NewRelicMetricsExportAutoConfigurationTests	PASS
org.springframework.boot.micrometer.metrics.autoconfigure.export.newrelic.NewRelicPropertiesConfigAdapterTests	PASS
org.springframework.boot.micrometer.metrics.autoconfigure.export.newrelic.NewRelicPropertiesTests	PASS
org.springframework.boot.micrometer.metrics.autoconfigure.export.otlp.JdkClientHttpSenderTests	PASS
org.springframework.boot.micrometer.metrics.autoconfigure.export.otlp.OtlpMetricsExportAutoConfigurationTests	PASS
org.springframework.boot.micrometer.metrics.autoconfigure.export.otlp.OtlpMetricsPropertiesConfigAdapterTests	PASS
org.springframework.boot.micrometer.metrics.autoconfigure.export.otlp.OtlpMetricsPropertiesTests	PASS
org.springframework.boot.micrometer.metrics.autoconfigure.export.prometheus.PrometheusMetricsExportAutoConfigurationTests	PASS
org.springframework.boot.micrometer.metrics.autoconfigure.export.prometheus.PrometheusPropertiesConfigAdapterTests	PASS
org.springframework.boot.micrometer.metrics.autoconfigure.export.prometheus.PrometheusPropertiesTests	PASS
org.springframework.boot.micrometer.metrics.autoconfigure.export.properties.PushRegistryPropertiesTests	EMPTY
org.springframework.boot.micrometer.metrics.autoconfigure.export.properties.StepRegistryPropertiesConfigAdapterTests	EMPTY
org.springframework.boot.micrometer.metrics.autoconfigure.export.properties.StepRegistryPropertiesTests	EMPTY
org.springframework.boot.micrometer.metrics.autoconfigure.export.simple.SimpleMetricsExportAutoConfigurationTests	PASS
org.springframework.boot.micrometer.metrics.autoconfigure.export.simple.SimplePropertiesConfigAdapterTests	PASS
org.springframework.boot.micrometer.metrics.autoconfigure.export.simple.SimplePropertiesTests	PASS
org.springframework.boot.micrometer.metrics.autoconfigure.export.stackdriver.StackdriverMetricsExportAutoConfigurationTests	PASS
org.springframework.boot.micrometer.metrics.autoconfigure.export.stackdriver.StackdriverPropertiesConfigAdapterTests	PASS
org.springframework.boot.micrometer.metrics.autoconfigure.export.stackdriver.StackdriverPropertiesTests	PASS
org.springframework.boot.micrometer.metrics.autoconfigure.export.statsd.StatsdMetricsExportAutoConfigurationTests	PASS
org.springframework.boot.micrometer.metrics.autoconfigure.export.statsd.StatsdPropertiesConfigAdapterTests	PASS
org.springframework.boot.micrometer.metrics.autoconfigure.export.statsd.StatsdPropertiesTests	PASS
org.springframework.boot.micrometer.metrics.autoconfigure.jvm.JvmMetricsAutoConfigurationTests	PASS
org.springframework.boot.micrometer.metrics.autoconfigure.logging.log4j2.Log4J2MetricsWithLog4jLoggerContextAutoConfigurationTests	PASS
org.springframework.boot.micrometer.metrics.autoconfigure.logging.log4j2.Log4J2MetricsWithSlf4jLoggerContextAutoConfigurationTests	PASS
org.springframework.boot.micrometer.metrics.autoconfigure.logging.logback.LogbackMetricsAutoConfigurationTests	PASS
org.springframework.boot.micrometer.metrics.autoconfigure.logging.logback.LogbackMetricsAutoConfigurationWithLog4j2AndLogbackTests	PASS
org.springframework.boot.micrometer.metrics.autoconfigure.ssl.SslMeterBinderTests	PASS
org.springframework.boot.micrometer.metrics.autoconfigure.ssl.SslMetricsAutoConfigurationTests	PASS
org.springframework.boot.micrometer.metrics.autoconfigure.startup.StartupTimeMetricsListenerAutoConfigurationTests	PASS
org.springframework.boot.micrometer.metrics.autoconfigure.system.SystemMetricsAutoConfigurationTests	PASS
org.springframework.boot.micrometer.metrics.autoconfigure.task.TaskExecutorMetricsAutoConfigurationTests	PASS
org.springframework.boot.micrometer.metrics.export.prometheus.PrometheusPushGatewayManagerTests	PASS
org.springframework.boot.micrometer.metrics.startup.StartupTimeMetricsListenerTests	PASS
org.springframework.boot.micrometer.metrics.system.DiskSpaceMetricsBinderTests	PASS
org.springframework.boot.micrometer.metrics.test.autoconfigure.AutoConfigureMetricsMissingIntegrationTests	PASS
org.springframework.boot.micrometer.metrics.test.autoconfigure.AutoConfigureMetricsPresentIntegrationTests	PASS
org.springframework.boot.micrometer.metrics.test.autoconfigure.AutoConfigureMetricsSlicedIntegrationTests	EMPTY
org.springframework.boot.micrometer.metrics.test.autoconfigure.MetricsContextCustomizerFactoryTests	PASS
org.springframework.boot.micrometer.observation.autoconfigure.ObservationAutoConfigurationTests	PASS
org.springframework.boot.micrometer.observation.autoconfigure.ObservationHandlerGroupTests	PASS
org.springframework.boot.micrometer.observation.autoconfigure.ObservationHandlerGroupsTests	PASS
org.springframework.boot.micrometer.observation.autoconfigure.ObservationRegistryConfigurerIntegrationTests	PASS
org.springframework.boot.micrometer.observation.autoconfigure.PropertiesObservationFilterPredicateTests	PASS
org.springframework.boot.micrometer.observation.autoconfigure.ScheduledTasksObservationAutoConfigurationTests	PASS
org.springframework.boot.micrometer.observation.autoconfigure.SpelValueExpressionResolverTests	PASS
org.springframework.boot.micrometer.tracing.autoconfigure.LogCorrelationEnvironmentPostProcessorTests	PASS
org.springframework.boot.micrometer.tracing.autoconfigure.MicrometerTracingAutoConfigurationTests	PASS
org.springframework.boot.micrometer.tracing.autoconfigure.NoopTracerAutoConfigurationTests	PASS
org.springframework.boot.micrometer.tracing.autoconfigure.OnEnabledTracingExportConditionTests	PASS
org.springframework.boot.micrometer.tracing.autoconfigure.TracingAndMeterObservationHandlerGroupTests	PASS
org.springframework.boot.micrometer.tracing.autoconfigure.otlp.LazyTracingExemplarContextProviderTests	PASS
org.springframework.boot.micrometer.tracing.autoconfigure.otlp.OtlpExemplarsAutoConfigurationTests	PASS
org.springframework.boot.micrometer.tracing.autoconfigure.prometheus.LazyTracingSpanContextTests	PASS
org.springframework.boot.micrometer.tracing.autoconfigure.prometheus.PrometheusExemplarsAutoConfigurationTests	PASS
org.springframework.boot.micrometer.tracing.brave.autoconfigure.BraveAutoConfigurationTests	PASS
org.springframework.boot.micrometer.tracing.brave.autoconfigure.BraveBaggagePropagationIntegrationTests	PASS
org.springframework.boot.micrometer.tracing.brave.autoconfigure.CompositePropagationFactoryTests	PASS
org.springframework.boot.micrometer.tracing.brave.autoconfigure.LocalBaggageFieldsTests	PASS
org.springframework.boot.micrometer.tracing.brave.autoconfigure.OtlpExemplarsAutoConfigurationTests	PASS
org.springframework.boot.micrometer.tracing.brave.autoconfigure.PrometheusExemplarsAutoConfigurationTests	PASS
org.springframework.boot.micrometer.tracing.brave.autoconfigure.zipkin.ZipkinWithBraveTracingAutoConfigurationTests	PASS
org.springframework.boot.micrometer.tracing.opentelemetry.autoconfigure.CompositeTextMapPropagatorTests	PASS
org.springframework.boot.micrometer.tracing.opentelemetry.autoconfigure.OpenTelemetryBaggagePropagationIntegrationTests	PASS
org.springframework.boot.micrometer.tracing.opentelemetry.autoconfigure.OpenTelemetryEventPublishingContextWrapperBeansTestExecutionListenerIntegrationTests	PASS
org.springframework.boot.micrometer.tracing.opentelemetry.autoconfigure.OpenTelemetryTracingAutoConfigurationTests	PASS
org.springframework.boot.micrometer.tracing.opentelemetry.autoconfigure.OpenTelemetryTracingPropertiesTests	PASS
org.springframework.boot.micrometer.tracing.opentelemetry.autoconfigure.SpanExportersTests	PASS
org.springframework.boot.micrometer.tracing.opentelemetry.autoconfigure.SpanProcessorsTests	PASS
org.springframework.boot.micrometer.tracing.opentelemetry.autoconfigure.otlp.OtlpTracingAutoConfigurationIntegrationTests	PASS
org.springframework.boot.micrometer.tracing.opentelemetry.autoconfigure.otlp.OtlpTracingAutoConfigurationTests	PASS
org.springframework.boot.micrometer.tracing.opentelemetry.autoconfigure.zipkin.ZipkinWithOpenTelemetryTracingAutoConfigurationTests	PASS
org.springframework.boot.micrometer.tracing.test.autoconfigure.AutoConfigureTracingMissingIntegrationTests	PASS
org.springframework.boot.micrometer.tracing.test.autoconfigure.AutoConfigureTracingPresentIntegrationTests	PASS
org.springframework.boot.micrometer.tracing.test.autoconfigure.AutoConfigureTracingSlicedIntegrationTests	EMPTY
org.springframework.boot.micrometer.tracing.test.autoconfigure.TracingContextCustomizerFactoryTests	PASS
org.springframework.boot.mongodb.autoconfigure.MongoAutoConfigurationTests	PASS
org.springframework.boot.mongodb.autoconfigure.MongoClientFactorySupportTests	EMPTY
org.springframework.boot.mongodb.autoconfigure.MongoClientFactoryTests	PASS
org.springframework.boot.mongodb.autoconfigure.MongoPropertiesTests	PASS
org.springframework.boot.mongodb.autoconfigure.MongoReactiveAutoConfigurationTests	FAIL
org.springframework.boot.mongodb.autoconfigure.PropertiesMongoConnectionDetailsTests	PASS
org.springframework.boot.mongodb.autoconfigure.ReactiveMongoClientFactoryTests	PASS
org.springframework.boot.mongodb.autoconfigure.health.MongoHealthContributorAutoConfigurationTests	PASS
org.springframework.boot.mongodb.autoconfigure.health.MongoReactiveHealthContributorAutoConfigurationTests	PASS
org.springframework.boot.mongodb.autoconfigure.metrics.MongoMetricsAutoConfigurationTests	PASS
org.springframework.boot.mongodb.docker.compose.MongoEnvironmentTests	PASS
org.springframework.boot.mongodb.health.MongoHealthIndicatorTests	PASS
org.springframework.boot.mongodb.health.MongoReactiveHealthIndicatorTests	PASS
org.springframework.boot.mongodb.testcontainers.AbstractMongoContainerConnectionDetailsFactoryTests	PASS
org.springframework.boot.mustache.autoconfigure.MustacheAutoConfigurationReactiveIntegrationTests	PASS
org.springframework.boot.mustache.autoconfigure.MustacheAutoConfigurationServletIntegrationTests	PASS
org.springframework.boot.mustache.autoconfigure.MustacheAutoConfigurationTests	PASS
org.springframework.boot.mustache.autoconfigure.MustacheAutoConfigurationWithoutWebMvcTests	PASS
org.springframework.boot.mustache.autoconfigure.MustacheStandaloneIntegrationTests	PASS
org.springframework.boot.mustache.autoconfigure.MustacheWebFluxTestIntegrationTests	PASS
org.springframework.boot.mustache.autoconfigure.MustacheWebMvcTestIntegrationTests	PASS
org.springframework.boot.mustache.reactive.view.MustacheViewResolverTests	PASS
org.springframework.boot.mustache.reactive.view.MustacheViewTests	PASS
org.springframework.boot.mustache.servlet.view.MustacheViewResolverTests	PASS
org.springframework.boot.mustache.servlet.view.MustacheViewTests	PASS
org.springframework.boot.neo4j.autoconfigure.Neo4jAutoConfigurationTests	PASS
org.springframework.boot.neo4j.autoconfigure.Neo4jPropertiesTests	PASS
org.springframework.boot.neo4j.autoconfigure.health.Neo4jHealthContributorAutoConfigurationTests	PASS
org.springframework.boot.neo4j.autoconfigure.observation.Neo4jObservationAutoConfigurationTests	PASS
org.springframework.boot.neo4j.docker.compose.Neo4jEnvironmentTests	PASS
org.springframework.boot.neo4j.health.Neo4jHealthIndicatorTests	PASS
org.springframework.boot.neo4j.health.Neo4jReactiveHealthIndicatorTests	PASS
org.springframework.boot.neo4j.testcontainers.Neo4jContainerConnectionDetailsFactoryTests	PASS
org.springframework.boot.netty.autoconfigure.NettyAutoConfigurationTests	PASS
org.springframework.boot.netty.autoconfigure.NettyPropertiesTests	PASS
org.springframework.boot.opentelemetry.autoconfigure.OpenTelemetryEnvironmentVariableEnvironmentPostProcessorTests	PASS
org.springframework.boot.opentelemetry.autoconfigure.OpenTelemetryEnvironmentVariablesTests	PASS
org.springframework.boot.opentelemetry.autoconfigure.OpenTelemetryPropertiesTests	PASS
org.springframework.boot.opentelemetry.autoconfigure.OpenTelemetryResourceAttributesTests	PASS
org.springframework.boot.opentelemetry.autoconfigure.OpenTelemetrySdkAutoConfigurationTests	PASS
org.springframework.boot.opentelemetry.autoconfigure.W3CHeaderParserTests	PASS
org.springframework.boot.opentelemetry.autoconfigure.logging.OnEnabledLoggingExportConditionTests	PASS
org.springframework.boot.opentelemetry.autoconfigure.logging.OpenTelemetryLoggingAutoConfigurationTests	PASS
org.springframework.boot.opentelemetry.autoconfigure.logging.OpenTelemetryLoggingPropertiesTests	PASS
org.springframework.boot.opentelemetry.autoconfigure.logging.otlp.OtlpLoggingAutoConfigurationIntegrationTests	PASS
org.springframework.boot.opentelemetry.autoconfigure.logging.otlp.OtlpLoggingAutoConfigurationTests	PASS
org.springframework.boot.origin.JarUriTests	PASS
org.springframework.boot.origin.OriginLookupTests	PASS
org.springframework.boot.origin.OriginTests	PASS
org.springframework.boot.origin.OriginTrackedResourceTests	PASS
org.springframework.boot.origin.OriginTrackedValueTests	PASS
org.springframework.boot.origin.PropertySourceOriginTests	PASS
org.springframework.boot.origin.SystemEnvironmentOriginTests	PASS
org.springframework.boot.origin.TextResourceOriginTests	PASS
org.springframework.boot.persistence.autoconfigure.EntityScanPackagesTests	PASS
org.springframework.boot.persistence.autoconfigure.EntityScannerTests	PASS
org.springframework.boot.persistence.autoconfigure.PersistenceExceptionTranslationAutoConfigurationTests	PASS
org.springframework.boot.pulsar.autoconfigure.DeadLetterPolicyMapperTests	PASS
org.springframework.boot.pulsar.autoconfigure.PropertiesPulsarConnectionDetailsTests	PASS
org.springframework.boot.pulsar.autoconfigure.PulsarAutoConfigurationTests	PASS
org.springframework.boot.pulsar.autoconfigure.PulsarContainerFactoryCustomizersTests	PASS
org.springframework.boot.pulsar.autoconfigure.PulsarPropertiesMapperTests	PASS
org.springframework.boot.pulsar.autoconfigure.PulsarPropertiesTests	PASS
org.springframework.boot.quartz.actuate.endpoint.QuartzEndpointTests	PASS
org.springframework.boot.quartz.actuate.endpoint.QuartzEndpointWebExtensionTests	PASS
org.springframework.boot.quartz.actuate.endpoint.QuartzEndpointWebIntegrationTests	FAIL
org.springframework.boot.quartz.autoconfigure.QuartzAutoConfigurationTests	PASS
org.springframework.boot.quartz.autoconfigure.QuartzDataSourceScriptDatabaseInitializerTests	PASS
org.springframework.boot.quartz.autoconfigure.QuartzEndpointAutoConfigurationTests	PASS
org.springframework.boot.r2dbc.ConnectionFactoryBuilderTests	PASS
org.springframework.boot.r2dbc.EmbeddedDatabaseConnectionTests	PASS
org.springframework.boot.r2dbc.autoconfigure.ConnectionFactoryBeanCreationFailureAnalyzerTests	PASS
org.springframework.boot.r2dbc.autoconfigure.MissingR2dbcPoolDependencyFailureAnalyzerTests	PASS
org.springframework.boot.r2dbc.autoconfigure.MultipleConnectionPoolConfigurationsFailureAnalyzerTests	PASS
org.springframework.boot.r2dbc.autoconfigure.NoConnectionFactoryBeanFailureAnalyzerTests	PASS
org.springframework.boot.r2dbc.autoconfigure.R2dbcAutoConfigurationTests	PASS
org.springframework.boot.r2dbc.autoconfigure.R2dbcAutoConfigurationWithoutConnectionPoolTests	PASS
org.springframework.boot.r2dbc.autoconfigure.R2dbcInitializationAutoConfigurationTests	PASS
org.springframework.boot.r2dbc.autoconfigure.R2dbcProxyAutoConfigurationTests	PASS
org.springframework.boot.r2dbc.autoconfigure.R2dbcTransactionManagerAutoConfigurationTests	PASS
org.springframework.boot.r2dbc.autoconfigure.health.ConnectionFactoryHealthContributorAutoConfigurationTests	PASS
org.springframework.boot.r2dbc.autoconfigure.metrics.ConnectionPoolMetricsAutoConfigurationTests	PASS
org.springframework.boot.r2dbc.autoconfigure.observation.R2dbcObservationAutoConfigurationTests	PASS
org.springframework.boot.r2dbc.docker.compose.ClickHouseEnvironmentTests	PASS
org.springframework.boot.r2dbc.docker.compose.ConnectionFactoryOptionsBuilderTests	PASS
org.springframework.boot.r2dbc.docker.compose.MariaDbEnvironmentTests	PASS
org.springframework.boot.r2dbc.docker.compose.MySqlEnvironmentTests	PASS
org.springframework.boot.r2dbc.docker.compose.OracleEnvironmentTests	PASS
org.springframework.boot.r2dbc.docker.compose.PostgresEnvironmentTests	PASS
org.springframework.boot.r2dbc.docker.compose.PostgresR2dbcDockerComposeConnectionDetailsFactoryConnectionDetailsTests	PASS
org.springframework.boot.r2dbc.docker.compose.SqlServerEnvironmentTests	PASS
org.springframework.boot.r2dbc.health.ConnectionFactoryHealthIndicatorTests	PASS
org.springframework.boot.r2dbc.init.R2dbcScriptDatabaseInitializerTests	PASS
org.springframework.boot.r2dbc.metrics.ConnectionPoolMetricsTests	PASS
org.springframework.boot.r2dbc.testcontainers.ClickHouseR2dbcContainerConnectionDetailsFactoryTests	PASS
org.springframework.boot.r2dbc.testcontainers.MariaDbR2dbcContainerConnectionDetailsFactoryTests	PASS
org.springframework.boot.r2dbc.testcontainers.MySqlR2dbcContainerConnectionDetailsFactoryTests	PASS
org.springframework.boot.r2dbc.testcontainers.OracleFreeR2dbcContainerConnectionDetailsFactoryTests	PASS
org.springframework.boot.r2dbc.testcontainers.OracleXeR2dbcContainerConnectionDetailsFactoryTests	PASS
org.springframework.boot.r2dbc.testcontainers.PostgresR2dbcContainerConnectionDetailsFactoryTests	PASS
org.springframework.boot.r2dbc.testcontainers.SqlServerR2dbcContainerConnectionDetailsFactoryTests	PASS
org.springframework.boot.reactor.ReactorEnvironmentPostProcessorTests	EMPTY
org.springframework.boot.reactor.autoconfigure.ReactorAutoConfigurationTests	PASS
org.springframework.boot.reactor.netty.NettyReactiveWebServerFactoryTests	PASS
org.springframework.boot.reactor.netty.autoconfigure.AutoConfigureWebServerReactorNettyTests	PASS
org.springframework.boot.reactor.netty.autoconfigure.NettyReactiveWebServerAutoConfigurationTests	PASS
org.springframework.boot.reactor.netty.autoconfigure.NettyReactiveWebServerFactoryCustomizerTests	PASS
org.springframework.boot.reactor.netty.autoconfigure.NettyServerPropertiesTests	PASS
org.springframework.boot.restclient.RestClientWithRestTemplateBuilderTests	PASS
org.springframework.boot.restclient.RestClientWithRestTemplateTests	PASS
org.springframework.boot.restclient.RestTemplateBuilderClientHttpRequestInitializerTests	PASS
org.springframework.boot.restclient.RestTemplateBuilderTests	PASS
org.springframework.boot.restclient.RootUriBuilderFactoryTests	PASS
org.springframework.boot.restclient.RootUriTemplateHandlerTests	PASS
org.springframework.boot.restclient.autoconfigure.AutoConfiguredRestClientSslTests	PASS
org.springframework.boot.restclient.autoconfigure.HttpMessageConvertersRestClientCustomizerTests	PASS
org.springframework.boot.restclient.autoconfigure.RestClientAutoConfigurationTests	PASS
org.springframework.boot.restclient.autoconfigure.RestClientObservationAutoConfigurationTests	PASS
org.springframework.boot.restclient.autoconfigure.RestClientObservationAutoConfigurationWithoutMetricsTests	PASS
org.springframework.boot.restclient.autoconfigure.RestTemplateAutoConfigurationTests	PASS
org.springframework.boot.restclient.autoconfigure.RestTemplateObservationAutoConfigurationTests	PASS
org.springframework.boot.restclient.autoconfigure.RestTemplateObservationAutoConfigurationWithoutMetricsTests	PASS
org.springframework.boot.restclient.autoconfigure.service.HttpServiceClientAutoConfigurationTests	PASS
org.springframework.boot.restclient.observation.ObservationRestClientCustomizerTests	PASS
org.springframework.boot.restclient.observation.ObservationRestTemplateCustomizerTests	PASS
org.springframework.boot.restclient.test.MockServerRestClientCustomizerTests	PASS
org.springframework.boot.restclient.test.MockServerRestTemplateCustomizerTests	PASS
org.springframework.boot.restclient.test.RootUriRequestExpectationManagerTests	PASS
org.springframework.boot.restclient.test.autoconfigure.AutoConfigureMockRestServiceServerEnabledFalseIntegrationTests	PASS
org.springframework.boot.restclient.test.autoconfigure.AutoConfigureMockRestServiceServerWithRestClientIntegrationTests	PASS
org.springframework.boot.restclient.test.autoconfigure.AutoConfigureMockRestServiceServerWithRestTemplateRootUriIntegrationTests	PASS
org.springframework.boot.restclient.test.autoconfigure.MockRestServiceServerAutoConfigurationTests	PASS
org.springframework.boot.restclient.test.autoconfigure.RestClientTestNoComponentIntegrationTests	PASS
org.springframework.boot.restclient.test.autoconfigure.RestClientTestPropertiesIntegrationTests	PASS
org.springframework.boot.restclient.test.autoconfigure.RestClientTestRestClientIntegrationTests	PASS
org.springframework.boot.restclient.test.autoconfigure.RestClientTestRestClientTwoComponentsIntegrationTests	PASS
org.springframework.boot.restclient.test.autoconfigure.RestClientTestRestTemplateAndRestClientTogetherIntegrationTests	PASS
org.springframework.boot.restclient.test.autoconfigure.RestClientTestRestTemplateIntegrationTests	PASS
org.springframework.boot.restclient.test.autoconfigure.RestClientTestRestTemplateTwoComponentsIntegrationTests	PASS
org.springframework.boot.restclient.test.autoconfigure.RestClientTestWithConfigurationPropertiesIntegrationTests	PASS
org.springframework.boot.restclient.test.autoconfigure.RestClientTestWithRestClientComponentIntegrationTests	PASS
org.springframework.boot.restclient.test.autoconfigure.RestClientTestWithRestTemplateComponentIntegrationTests	PASS
org.springframework.boot.restclient.test.autoconfigure.RestClientTestWithoutJacksonIntegrationTests	PASS
org.springframework.boot.restdocs.test.autoconfigure.MockMvcRestDocsAutoConfigurationAdvancedConfigurationIntegrationTests	PASS
org.springframework.boot.restdocs.test.autoconfigure.MockMvcRestDocsAutoConfigurationIntegrationTests	PASS
org.springframework.boot.restdocs.test.autoconfigure.WebTestClientRestDocsAutoConfigurationAdvancedConfigurationIntegrationTests	PASS
org.springframework.boot.restdocs.test.autoconfigure.WebTestClientRestDocsAutoConfigurationIntegrationTests	PASS
org.springframework.boot.resttestclient.TestRestTemplateTests	PASS
org.springframework.boot.resttestclient.autoconfigure.RestTestClientTestAutoConfigurationTests	PASS
org.springframework.boot.resttestclient.autoconfigure.TestRestTemplateTestAutoConfigurationTests	PASS
org.springframework.boot.retry.RetryPolicySettingsTests	PASS
org.springframework.boot.rsocket.autoconfigure.RSocketMessagingAutoConfigurationTests	PASS
org.springframework.boot.rsocket.autoconfigure.RSocketPropertiesTests	PASS
org.springframework.boot.rsocket.autoconfigure.RSocketRequesterAutoConfigurationTests	PASS
org.springframework.boot.rsocket.autoconfigure.RSocketServerAutoConfigurationTests	PASS
org.springframework.boot.rsocket.autoconfigure.RSocketStrategiesAutoConfigurationTests	PASS
org.springframework.boot.rsocket.autoconfigure.RSocketWebSocketNettyRouteProviderTests	PASS
org.springframework.boot.rsocket.context.RSocketPortInfoApplicationContextInitializerTests	PASS
org.springframework.boot.rsocket.netty.NettyRSocketServerFactoryTests	PASS
org.springframework.boot.security.autoconfigure.ReactiveUserDetailsServiceAutoConfigurationTests	PASS
org.springframework.boot.security.autoconfigure.SecurityAutoConfigurationTests	PASS
org.springframework.boot.security.autoconfigure.SecurityPropertiesTests	PASS
org.springframework.boot.security.autoconfigure.UserDetailsServiceAutoConfigurationTests	PASS
org.springframework.boot.security.autoconfigure.actuate.web.reactive.EndpointRequestIntegrationTests	PASS
org.springframework.boot.security.autoconfigure.actuate.web.reactive.EndpointRequestTests	PASS
org.springframework.boot.security.autoconfigure.actuate.web.reactive.ReactiveManagementWebSecurityAutoConfigurationTests	PASS
org.springframework.boot.security.autoconfigure.actuate.web.servlet.AbstractEndpointRequestIntegrationTests	EMPTY
org.springframework.boot.security.autoconfigure.actuate.web.servlet.EndpointRequestTests	PASS
org.springframework.boot.security.autoconfigure.actuate.web.servlet.JerseyEndpointRequestIntegrationTests	PASS
org.springframework.boot.security.autoconfigure.actuate.web.servlet.ManagementWebSecurityAutoConfigurationTests	PASS
org.springframework.boot.security.autoconfigure.actuate.web.servlet.MvcEndpointRequestIntegrationTests	PASS
org.springframework.boot.security.autoconfigure.actuate.web.servlet.SecurityRequestMatchersManagementContextConfigurationTests	PASS
org.springframework.boot.security.autoconfigure.jpa.JpaUserDetailsTests	PASS
org.springframework.boot.security.autoconfigure.rsocket.RSocketSecurityAutoConfigurationTests	PASS
org.springframework.boot.security.autoconfigure.web.reactive.PathRequestTests	PASS
org.springframework.boot.security.autoconfigure.web.reactive.ReactiveWebSecurityAutoConfigurationTests	PASS
org.springframework.boot.security.autoconfigure.web.reactive.StaticResourceRequestTests	PASS
org.springframework.boot.security.autoconfigure.web.servlet.PathRequestTests	PASS
org.springframework.boot.security.autoconfigure.web.servlet.SecurityFilterAutoConfigurationEarlyInitializationTests	PASS
org.springframework.boot.security.autoconfigure.web.servlet.SecurityFilterAutoConfigurationTests	PASS
org.springframework.boot.security.autoconfigure.web.servlet.SecurityFilterPropertiesTests	PASS
org.springframework.boot.security.autoconfigure.web.servlet.ServletWebSecurityAutoConfigurationTests	PASS
org.springframework.boot.security.autoconfigure.web.servlet.StaticResourceRequestTests	PASS
org.springframework.boot.security.oauth2.client.autoconfigure.OAuth2ClientAutoConfigurationTests	PASS
org.springframework.boot.security.oauth2.client.autoconfigure.OAuth2ClientPropertiesMapperTests	PASS
org.springframework.boot.security.oauth2.client.autoconfigure.OAuth2ClientPropertiesTests	PASS
org.springframework.boot.security.oauth2.client.autoconfigure.OAuth2ClientWebMvcTestIntegrationTests	PASS
org.springframework.boot.security.oauth2.client.autoconfigure.reactive.ReactiveOAuth2ClientAutoConfigurationTests	PASS
org.springframework.boot.security.oauth2.client.autoconfigure.reactive.ReactiveOAuth2ClientWebFluxTestIntegrationTests	PASS
org.springframework.boot.security.oauth2.client.autoconfigure.reactive.ReactiveOAuth2ClientWebSecurityAutoConfigurationTests	PASS
org.springframework.boot.security.oauth2.client.autoconfigure.servlet.OAuth2ClientWebSecurityAutoConfigurationTests	PASS
org.springframework.boot.security.oauth2.client.autoconfigure.servlet.webmvc.OAuth2ClientWebMvcTestIntegrationTests	PASS
org.springframework.boot.security.oauth2.server.authorization.autoconfigure.servlet.OAuth2AuthorizationServerAutoConfigurationTests	PASS
org.springframework.boot.security.oauth2.server.authorization.autoconfigure.servlet.OAuth2AuthorizationServerJwtAutoConfigurationTests	PASS
org.springframework.boot.security.oauth2.server.authorization.autoconfigure.servlet.OAuth2AuthorizationServerPropertiesMapperTests	PASS
org.springframework.boot.security.oauth2.server.authorization.autoconfigure.servlet.OAuth2AuthorizationServerPropertiesTests	PASS
org.springframework.boot.security.oauth2.server.authorization.autoconfigure.servlet.OAuth2AuthorizationServerWebSecurityConfigurationTests	PASS
org.springframework.boot.security.oauth2.server.resource.autoconfigure.OAuth2ResourceServerAutoConfigurationTests	PASS
org.springframework.boot.security.oauth2.server.resource.autoconfigure.reactive.ReactiveOAuth2ResourceServerAutoConfigurationTests	PASS
org.springframework.boot.security.oauth2.server.resource.autoconfigure.web.OAuth2ResourceServerWebSecurityAutoConfigurationMvcIntegrationTests	PASS
org.springframework.boot.security.oauth2.server.resource.autoconfigure.web.OAuth2ResourceServerWebSecurityAutoConfigurationTests	PASS
org.springframework.boot.security.oauth2.server.resource.autoconfigure.web.reactive.ReactiveOAuth2ResourceServerWebSecurityAutoConfigurationTests	PASS
org.springframework.boot.security.oauth2.server.resource.autoconfigure.web.reactive.ReactiveOAuth2ResourceServerWebSecurityAutoConfigurationWebFluxIntegrationTests	PASS
org.springframework.boot.security.saml2.autoconfigure.Saml2RelyingPartyAutoConfigurationTests	PASS
org.springframework.boot.security.saml2.autoconfigure.Saml2RelyingPartyPropertiesTests	PASS
org.springframework.boot.security.saml2.autoconfigure.webmvc.Saml2RelyingPartyWebMvcTestIntegrationTests	PASS
org.springframework.boot.security.test.autoconfigure.webflux.WebTestClientSecurityIntegrationTests	PASS
org.springframework.boot.security.test.autoconfigure.webmvc.AutoConfigureMockMvcSecurityFilterOrderingIntegrationTests	PASS
org.springframework.boot.security.test.autoconfigure.webmvc.MockMvcSecurityIntegrationTests	PASS
org.springframework.boot.security.test.autoconfigure.webmvc.SecurityWebMvcTestIntegrationTests	PASS
org.springframework.boot.security.web.reactive.ApplicationContextServerWebExchangeMatcherTests	PASS
org.springframework.boot.security.web.servlet.ApplicationContextRequestMatcherTests	PASS
org.springframework.boot.sendgrid.autoconfigure.SendGridAutoConfigurationTests	PASS
org.springframework.boot.servlet.MultipartConfigFactoryTests	PASS
org.springframework.boot.servlet.actuate.web.exchanges.HttpExchangesFilterTests	PASS
org.springframework.boot.servlet.actuate.web.exchanges.RecordableServletHttpRequestTests	PASS
org.springframework.boot.servlet.actuate.web.mappings.FiltersMappingDescriptionProviderTests	PASS
org.springframework.boot.servlet.actuate.web.mappings.ServletsMappingDescriptionProviderTests	PASS
org.springframework.boot.servlet.autoconfigure.HttpEncodingAutoConfigurationTests	PASS
org.springframework.boot.servlet.autoconfigure.MultipartAutoConfigurationTests	PASS
org.springframework.boot.servlet.autoconfigure.actuate.web.ServletManagementChildContextConfigurationTests	PASS
org.springframework.boot.servlet.autoconfigure.actuate.web.ServletManagementContextAutoConfigurationIntegrationTests	PASS
org.springframework.boot.servlet.autoconfigure.actuate.web.exchanges.ServletHttpExchangesAutoConfigurationTests	PASS
org.springframework.boot.servlet.autoconfigure.actuate.web.mappings.ServletMappingsAutoConfigurationTests	PASS
org.springframework.boot.servlet.filter.OrderedFilterOrderingTests	PASS
org.springframework.boot.session.actuate.endpoint.ReactiveSessionsEndpointTests	PASS
org.springframework.boot.session.actuate.endpoint.ReactiveSessionsEndpointWebIntegrationTests	PASS
org.springframework.boot.session.actuate.endpoint.SessionsEndpointTests	PASS
org.springframework.boot.session.actuate.endpoint.SessionsEndpointWebIntegrationTests	PASS
org.springframework.boot.session.autoconfigure.SessionAutoConfigurationEarlyInitializationIntegrationTests	PASS
org.springframework.boot.session.autoconfigure.SessionAutoConfigurationTests	PASS
org.springframework.boot.session.autoconfigure.SessionAutoConfigurationWithoutSecurityTests	PASS
org.springframework.boot.session.autoconfigure.SessionPropertiesTests	PASS
org.springframework.boot.session.autoconfigure.SessionsEndpointAutoConfigurationTests	PASS
org.springframework.boot.session.jdbc.autoconfigure.JdbcSessionAutoConfigurationTests	PASS
org.springframework.boot.session.jdbc.autoconfigure.JdbcSessionDataSourceScriptDatabaseInitializerTests	PASS
org.springframework.boot.sql.autoconfigure.init.OnDatabaseInitializationConditionTests	PASS
org.springframework.boot.sql.autoconfigure.init.SqlInitializationScriptsRuntimeHintsTests	PASS
org.springframework.boot.sql.init.dependency.DatabaseInitializationDependencyConfigurerTests	PASS
org.springframework.boot.ssl.AliasKeyManagerFactoryTests	PASS
org.springframework.boot.ssl.DefaultSslBundleRegistryTests	PASS
org.springframework.boot.ssl.DefaultSslManagerBundleTests	PASS
org.springframework.boot.ssl.FixedTrustManagerFactoryTests	PASS
org.springframework.boot.ssl.NoSuchSslBundleExceptionTests	PASS
org.springframework.boot.ssl.SslBundleKeyTests	PASS
org.springframework.boot.ssl.SslBundleTests	PASS
org.springframework.boot.ssl.SslManagerBundleTests	PASS
org.springframework.boot.ssl.SslOptionsTests	PASS
org.springframework.boot.ssl.SslStoreBundleTests	PASS
org.springframework.boot.ssl.jks.JksSslStoreBundleTests	PASS
org.springframework.boot.ssl.pem.LoadedPemSslStoreTests	PASS
org.springframework.boot.ssl.pem.PemCertificateParserTests	PASS
org.springframework.boot.ssl.pem.PemContentTests	PASS
org.springframework.boot.ssl.pem.PemPrivateKeyParserTests	PASS
org.springframework.boot.ssl.pem.PemSslStoreBundleTests	PASS
org.springframework.boot.ssl.pem.PemSslStoreTests	PASS
org.springframework.boot.support.AnsiOutputApplicationListenerTests	PASS
org.springframework.boot.support.EnvironmentPostProcessorApplicationListenerTests	PASS
org.springframework.boot.support.RandomValuePropertySourceEnvironmentPostProcessorTests	PASS
org.springframework.boot.support.ReflectionEnvironmentPostProcessorsFactoryTests	PASS
org.springframework.boot.support.SpringApplicationJsonEnvironmentPostProcessorTests	PASS
org.springframework.boot.support.SystemEnvironmentPropertySourceEnvironmentPostProcessorTests	PASS
org.springframework.boot.system.ApplicationHomeTests	PASS
org.springframework.boot.system.ApplicationPidTests	FAIL
org.springframework.boot.system.ApplicationTempTests	PASS
org.springframework.boot.system.JavaVersionTests	PASS
org.springframework.boot.task.SimpleAsyncTaskExecutorBuilderTests	PASS
org.springframework.boot.task.SimpleAsyncTaskSchedulerBuilderTests	PASS
org.springframework.boot.task.ThreadPoolTaskExecutorBuilderTests	PASS
org.springframework.boot.task.ThreadPoolTaskSchedulerBuilderTests	PASS
org.springframework.boot.test.autoconfigure.ExampleTest	EMPTY
org.springframework.boot.test.autoconfigure.ImportsContextCustomizerFactoryWithAutoConfigurationTests	PASS
org.springframework.boot.test.autoconfigure.OnFailureConditionReportContextCustomizerFactoryTests	PASS
org.springframework.boot.test.autoconfigure.OverrideAutoConfigurationContextCustomizerFactoryTests	PASS
org.springframework.boot.test.autoconfigure.json.JsonTestIntegrationTests	PASS
org.springframework.boot.test.autoconfigure.json.JsonTestPropertiesIntegrationTests	PASS
org.springframework.boot.test.autoconfigure.json.JsonTestWithAutoConfigureJsonTestersTests	PASS
org.springframework.boot.test.autoconfigure.json.JsonTestersAutoConfigurationTests	PASS
org.springframework.boot.test.autoconfigure.json.SpringBootTestWithAutoConfigureJsonTestersTests	PASS
org.springframework.boot.test.autoconfigure.override.OverrideAutoConfigurationEnabledFalseIntegrationTests	PASS
org.springframework.boot.test.autoconfigure.override.OverrideAutoConfigurationEnabledTrueIntegrationTests	PASS
org.springframework.boot.test.context.AnnotatedClassFinderTests	PASS
org.springframework.boot.test.context.AnnotationsPropertySourceTests	PASS
org.springframework.boot.test.context.ConfigDataApplicationContextInitializerTests	PASS
org.springframework.boot.test.context.ConfigDataApplicationContextInitializerWithLegacySwitchTests	PASS
org.springframework.boot.test.context.FilteredClassLoaderTests	PASS
org.springframework.boot.test.context.ImportsContextCustomizerFactoryIntegrationTests	PASS
org.springframework.boot.test.context.ImportsContextCustomizerFactoryTests	PASS
org.springframework.boot.test.context.ImportsContextCustomizerTests	PASS
org.springframework.boot.test.context.PropertyMappingContextCustomizerFactoryTests	PASS
org.springframework.boot.test.context.PropertyMappingTests	PASS
org.springframework.boot.test.context.SpringBootContextLoaderAotTests	PASS
org.springframework.boot.test.context.SpringBootContextLoaderKotlinTests	PASS
org.springframework.boot.test.context.SpringBootContextLoaderMockMvcTests	PASS
org.springframework.boot.test.context.SpringBootContextLoaderTests	PASS
org.springframework.boot.test.context.SpringBootTestActiveProfileTests	PASS
org.springframework.boot.test.context.SpringBootTestArgsTests	PASS
org.springframework.boot.test.context.SpringBootTestContextHierarchyTests	PASS
org.springframework.boot.test.context.SpringBootTestCustomConfigNameTests	PASS
org.springframework.boot.test.context.SpringBootTestCustomPortTests	PASS
org.springframework.boot.test.context.SpringBootTestDefaultConfigurationTests	PASS
org.springframework.boot.test.context.SpringBootTestGroovyConfigurationTests	PASS
org.springframework.boot.test.context.SpringBootTestGroovyConventionConfigurationTests	PASS
org.springframework.boot.test.context.SpringBootTestImportTests	PASS
org.springframework.boot.test.context.SpringBootTestJmxTests	PASS
org.springframework.boot.test.context.SpringBootTestMixedConfigurationTests	PASS
org.springframework.boot.test.context.SpringBootTestUseMainMethodWithPropertiesTests	PASS
org.springframework.boot.test.context.SpringBootTestWebEnvironmentMockTests	PASS
org.springframework.boot.test.context.SpringBootTestWebEnvironmentMockWithWebAppConfigurationTests	PASS
org.springframework.boot.test.context.SpringBootTestWithActiveProfilesAndEnvironmentPropertyTests	PASS
org.springframework.boot.test.context.SpringBootTestWithActiveProfilesAndSystemEnvironmentPropertyTests	PASS
org.springframework.boot.test.context.SpringBootTestWithClassesIntegrationTests	PASS
org.springframework.boot.test.context.SpringBootTestWithContextConfigurationIntegrationTests	PASS
org.springframework.boot.test.context.SpringBootTestWithCustomEnvironmentTests	PASS
org.springframework.boot.test.context.SpringBootTestWithTestPropertySourceTests	PASS
org.springframework.boot.test.context.SpringBootTestXmlConventionConfigurationTests	PASS
org.springframework.boot.test.context.TestConfigurationTests	PASS
org.springframework.boot.test.context.assertj.ApplicationContextAssertProviderTests	PASS
org.springframework.boot.test.context.assertj.ApplicationContextAssertTests	PASS
org.springframework.boot.test.context.assertj.AssertableApplicationContextTests	PASS
org.springframework.boot.test.context.assertj.AssertableReactiveWebApplicationContextTests	PASS
org.springframework.boot.test.context.assertj.AssertableWebApplicationContextTests	PASS
org.springframework.boot.test.context.bootstrap.SpringBootTestContextBootstrapperIntegrationTests	PASS
org.springframework.boot.test.context.bootstrap.SpringBootTestContextBootstrapperTests	PASS
org.springframework.boot.test.context.bootstrap.SpringBootTestContextBootstrapperWithContextConfigurationTests	PASS
org.springframework.boot.test.context.bootstrap.SpringBootTestContextBootstrapperWithInitializersTests	PASS
org.springframework.boot.test.context.filter.ExcludeFilterApplicationContextInitializerTests	PASS
org.springframework.boot.test.context.filter.TestTypeExcludeFilterTests	PASS
org.springframework.boot.test.context.filter.annotation.FilterAnnotationsTests	PASS
org.springframework.boot.test.context.filter.annotation.TypeExcludeFiltersContextCustomizerFactoryTests	PASS
org.springframework.boot.test.context.filter.annotation.TypeIncludesTests	PASS
org.springframework.boot.test.context.nestedtests.InheritedNestedTestConfigurationTests	PASS
org.springframework.boot.test.context.runner.AbstractApplicationContextRunnerTests	EMPTY
org.springframework.boot.test.context.runner.ApplicationContextRunnerTests	PASS
org.springframework.boot.test.context.runner.ContextConsumerTests	PASS
org.springframework.boot.test.context.runner.ReactiveWebApplicationContextRunnerTests	PASS
org.springframework.boot.test.context.runner.WebApplicationContextRunnerTests	PASS
org.springframework.boot.test.http.client.DisableReactorResourceFactoryGlobalResourcesContextCustomizerFactoryTests	PASS
org.springframework.boot.test.http.server.LocalTestWebServerTests	PASS
org.springframework.boot.test.json.AbstractJsonMarshalTesterTests	EMPTY
org.springframework.boot.test.json.BasicJsonTesterTests	PASS
org.springframework.boot.test.json.DuplicateJsonObjectContextCustomizerFactoryTests	PASS
org.springframework.boot.test.json.GsonTesterIntegrationTests	PASS
org.springframework.boot.test.json.GsonTesterTests	PASS
org.springframework.boot.test.json.Jackson2TesterTests	PASS
org.springframework.boot.test.json.JacksonTesterIntegrationTests	PASS
org.springframework.boot.test.json.JacksonTesterTests	PASS
org.springframework.boot.test.json.JsonContentAssertTests	PASS
org.springframework.boot.test.json.JsonContentTests	PASS
org.springframework.boot.test.json.JsonbTesterTests	PASS
org.springframework.boot.test.json.ObjectContentAssertTests	PASS
org.springframework.boot.test.json.ObjectContentTests	PASS
org.springframework.boot.test.mock.web.SpringBootMockServletContextTests	PASS
org.springframework.boot.test.rsocket.server.LocalRSocketServerPortTests	PASS
org.springframework.boot.test.system.OutputCaptureRuleTests	PASS
org.springframework.boot.test.system.OutputCaptureTests	PASS
org.springframework.boot.test.system.OutputExtensionExtendWithTests	PASS
org.springframework.boot.test.util.ApplicationContextTestUtilsTests	PASS
org.springframework.boot.test.util.TestPropertyValuesTests	PASS
org.springframework.boot.test.web.htmlunit.UriBuilderFactoryWebClientTests	PASS
org.springframework.boot.test.web.htmlunit.UriBuilderFactoryWebConnectionHtmlUnitDriverTests	PASS
org.springframework.boot.test.web.server.LocalManagementPortTests	PASS
org.springframework.boot.test.web.server.LocalServerPortTests	PASS
org.springframework.boot.testcontainers.lifecycle.DockerEnvironmentNotFoundFailureAnalyzerTests	PASS
org.springframework.boot.testcontainers.lifecycle.TestcontainersLifecycleApplicationContextInitializerTests	PASS
org.springframework.boot.testcontainers.lifecycle.TestcontainersStartupTests	PASS
org.springframework.boot.testcontainers.service.connection.ConnectionDetailsRegistrarTests	PASS
org.springframework.boot.testcontainers.service.connection.ContainerConnectionDetailsFactoryTests	PASS
org.springframework.boot.testcontainers.service.connection.ContainerConnectionSourceTests	PASS
org.springframework.boot.testcontainers.service.connection.FieldOriginTests	PASS
org.springframework.boot.testcontainers.service.connection.ServiceConnectionAutoConfigurationRegistrarTests	PASS
org.springframework.boot.testcontainers.service.connection.ServiceConnectionContextCustomizerFactoryTests	PASS
org.springframework.boot.testcontainers.service.connection.ServiceConnectionContextCustomizerTests	PASS
org.springframework.boot.testsupport.FileUtilsTests	PASS
org.springframework.boot.testsupport.assertj.SimpleAsyncTaskExecutorAssertTests	PASS
org.springframework.boot.testsupport.classpath.ModifiedClassPathExtensionExclusionsTests	PASS
org.springframework.boot.testsupport.classpath.ModifiedClassPathExtensionForkParameterizedTests	PASS
org.springframework.boot.testsupport.classpath.ModifiedClassPathExtensionForkTests	PASS
org.springframework.boot.testsupport.classpath.ModifiedClassPathExtensionOverridesParameterizedTests	FAIL
org.springframework.boot.testsupport.classpath.ModifiedClassPathExtensionOverridesTests	FAIL
org.springframework.boot.testsupport.classpath.resources.OnClassWithPackageResourcesTests	PASS
org.springframework.boot.testsupport.classpath.resources.OnClassWithResourceTests	PASS
org.springframework.boot.testsupport.classpath.resources.OnSuperClassWithPackageResourcesTests	PASS
org.springframework.boot.testsupport.classpath.resources.OnSuperClassWithResourceTests	PASS
org.springframework.boot.testsupport.classpath.resources.ResourcesTests	FAIL
org.springframework.boot.testsupport.classpath.resources.WithPackageResourcesTests	PASS
org.springframework.boot.testsupport.classpath.resources.WithResourceDirectoryTests	PASS
org.springframework.boot.testsupport.classpath.resources.WithResourceTests	PASS
org.springframework.boot.testsupport.process.DisabledIfProcessUnavailableTests	EMPTY
org.springframework.boot.thymeleaf.autoconfigure.ThymeleafReactiveAutoConfigurationTests	PASS
org.springframework.boot.thymeleaf.autoconfigure.ThymeleafServletAutoConfigurationTests	PASS
org.springframework.boot.thymeleaf.autoconfigure.ThymeleafTemplateAvailabilityProviderTests	PASS
org.springframework.boot.thymeleaf.autoconfigure.ThymeleafWebMvcTestIntegrationTests	PASS
org.springframework.boot.thymeleaf.autoconfigure.webfluxtest.ThymeleafWebFluxTestIntegrationTests	PASS
org.springframework.boot.thymeleaf.autoconfigure.webmvctest.ThymeleafWebMvcTestIntegrationTests	PASS
org.springframework.boot.tomcat.CompressionConnectorCustomizerTests	PASS
org.springframework.boot.tomcat.SslConnectorCustomizerTests	PASS
org.springframework.boot.tomcat.TomcatEmbeddedWebappClassLoaderTests	PASS
org.springframework.boot.tomcat.autoconfigure.AutoConfigureWebServerTomcatReactiveTests	PASS
org.springframework.boot.tomcat.autoconfigure.AutoConfigureWebServerTomcatServletTests	PASS
org.springframework.boot.tomcat.autoconfigure.TomcatServerPropertiesTests	PASS
org.springframework.boot.tomcat.autoconfigure.TomcatVirtualThreadsWebServerFactoryCustomizerTests	PASS
org.springframework.boot.tomcat.autoconfigure.TomcatWebServerFactoryCustomizerTests	FAIL
org.springframework.boot.tomcat.autoconfigure.actuate.web.server.TomcatManagementServerPropertiesTests	PASS
org.springframework.boot.tomcat.autoconfigure.metrics.TomcatMetricsAutoConfigurationTests	PASS
org.springframework.boot.tomcat.autoconfigure.reactive.TomcatReactiveWebServerAutoConfigurationTests	PASS
org.springframework.boot.tomcat.autoconfigure.servlet.TomcatServletWebServerAutoConfigurationTests	PASS
org.springframework.boot.tomcat.autoconfigure.servlet.TomcatServletWebServerFactoryCustomizerTests	PASS
org.springframework.boot.tomcat.metrics.TomcatMetricsBinderTests	PASS
org.springframework.boot.tomcat.reactive.TomcatReactiveWebServerFactoryTests	PASS
org.springframework.boot.tomcat.servlet.TldPatternsTests	PASS
org.springframework.boot.tomcat.servlet.TomcatServletWebServerFactoryTests	HANG
org.springframework.boot.tomcat.servlet.TomcatServletWebServerMvcIntegrationTests	PASS
org.springframework.boot.tomcat.servlet.TomcatServletWebServerServletContextListenerTests	PASS
org.springframework.boot.transaction.autoconfigure.ExecutionListenersTransactionManagerCustomizerTests	PASS
org.springframework.boot.transaction.autoconfigure.TransactionAutoConfigurationTests	PASS
org.springframework.boot.transaction.autoconfigure.TransactionManagerCustomizationAutoConfigurationTests	PASS
org.springframework.boot.transaction.autoconfigure.TransactionManagerCustomizersTests	PASS
org.springframework.boot.transaction.jta.autoconfigure.JtaAutoConfigurationTests	PASS
org.springframework.boot.util.InstantiatorTests	PASS
org.springframework.boot.util.LambdaSafeTests	PASS
org.springframework.boot.validation.MessageInterpolatorFactoryTests	PASS
org.springframework.boot.validation.MessageInterpolatorFactoryWithoutElIntegrationTests	PASS
org.springframework.boot.validation.MessageSourceMessageInterpolatorIntegrationTests	PASS
org.springframework.boot.validation.MessageSourceMessageInterpolatorTests	PASS
org.springframework.boot.validation.autoconfigure.ValidationAutoConfigurationTests	PASS
org.springframework.boot.validation.autoconfigure.ValidationAutoConfigurationWithHibernateValidatorMissingElImplTests	PASS
org.springframework.boot.validation.autoconfigure.ValidationAutoConfigurationWithoutValidatorTests	PASS
org.springframework.boot.validation.autoconfigure.ValidatorAdapterTests	PASS
org.springframework.boot.validation.beanvalidation.MethodValidationExcludeFilterTests	PASS
org.springframework.boot.web.context.reactive.FilteredReactiveWebContextResourceFilePathResolverIntegrationTests	PASS
org.springframework.boot.web.context.reactive.GenericReactiveWebApplicationContextTests	PASS
org.springframework.boot.web.context.servlet.ServletContextResourceFilePathResolverIntegrationTests	PASS
org.springframework.boot.web.error.ErrorAttributesOptionsTests	PASS
org.springframework.boot.web.error.ErrorTests	PASS
org.springframework.boot.web.server.AbstractConfigurableWebServerFactoryTests	PASS
org.springframework.boot.web.server.CompressionTests	PASS
org.springframework.boot.web.server.MimeMappingsTests	PASS
org.springframework.boot.web.server.SpringApplicationWebServerTests	PASS
org.springframework.boot.web.server.WebServerFactoryCustomizerBeanPostProcessorTests	PASS
org.springframework.boot.web.server.WebServerSslBundleTests	PASS
org.springframework.boot.web.server.autoconfigure.ServerPropertiesTests	PASS
org.springframework.boot.web.server.autoconfigure.reactive.ReactiveWebServerFactoryCustomizerTests	PASS
org.springframework.boot.web.server.autoconfigure.servlet.ServletWebServerFactoryCustomizerTests	PASS
org.springframework.boot.web.server.context.MissingWebServerFactoryBeanFailureAnalyzerTests	PASS
org.springframework.boot.web.server.context.SpringBootTestRandomPortContextCustomizerTests	PASS
org.springframework.boot.web.server.context.WebServerApplicationContextTests	PASS
org.springframework.boot.web.server.context.WebServerPortFileWriterTests	PASS
org.springframework.boot.web.server.reactive.context.AnnotationConfigReactiveWebServerApplicationContextTests	PASS
org.springframework.boot.web.server.reactive.context.ApplicationReactiveWebEnvironmentTests	PASS
org.springframework.boot.web.server.reactive.context.ReactiveWebServerApplicationContextTests	PASS
org.springframework.boot.web.server.servlet.CookieSameSiteSupplierTests	PASS
org.springframework.boot.web.server.servlet.DocumentRootTests	PASS
org.springframework.boot.web.server.servlet.StaticResourceJarsTests	PASS
org.springframework.boot.web.server.servlet.context.AnnotationConfigServletWebServerApplicationContextTests	PASS
org.springframework.boot.web.server.servlet.context.ApplicationServletEnvironmentTests	PASS
org.springframework.boot.web.server.servlet.context.MockWebEnvironmentServletComponentScanIntegrationTests	PASS
org.springframework.boot.web.server.servlet.context.ServletComponentScanIntegrationTests	PASS
org.springframework.boot.web.server.servlet.context.ServletComponentScanRegistrarTests	PASS
org.springframework.boot.web.server.servlet.context.ServletWebServerApplicationContextTests	PASS
org.springframework.boot.web.server.servlet.context.WebFilterHandlerTests	PASS
org.springframework.boot.web.server.servlet.context.WebListenerHandlerTests	PASS
org.springframework.boot.web.server.servlet.context.WebServletHandlerTests	PASS
org.springframework.boot.web.server.servlet.context.XmlServletWebServerApplicationContextTests	PASS
org.springframework.boot.web.servlet.AbstractFilterRegistrationBeanTests	EMPTY
org.springframework.boot.web.servlet.DelegatingFilterProxyRegistrationBeanTests	PASS
org.springframework.boot.web.servlet.DynamicRegistrationBeanTests	PASS
org.springframework.boot.web.servlet.FilterRegistrationBeanTests	PASS
org.springframework.boot.web.servlet.FilterRegistrationIntegrationTests	PASS
org.springframework.boot.web.servlet.NoSpringWebFilterRegistrationBeanTests	PASS
org.springframework.boot.web.servlet.ServletContextInitializerBeansTests	PASS
org.springframework.boot.web.servlet.ServletListenerRegistrationBeanTests	PASS
org.springframework.boot.web.servlet.ServletRegistrationBeanTests	PASS
org.springframework.boot.web.servlet.support.ErrorPageFilterTests	PASS
org.springframework.boot.web.servlet.support.ServletContextApplicationContextInitializerTests	PASS
org.springframework.boot.web.servlet.support.SpringBootServletInitializerTests	PASS
org.springframework.boot.webclient.autoconfigure.WebClientAutoConfigurationTests	PASS
org.springframework.boot.webclient.autoconfigure.WebClientObservationAutoConfigurationTests	PASS
org.springframework.boot.webclient.autoconfigure.service.ReactiveHttpServiceClientAutoConfigurationTests	PASS
org.springframework.boot.webclient.observation.ObservationWebClientCustomizerTests	PASS
org.springframework.boot.webclient.test.autoconfigure.WebClientTestIntegrationTests	PASS
org.springframework.boot.webclient.test.autoconfigure.WebClientTestNoComponentIntegrationTests	PASS
org.springframework.boot.webclient.test.autoconfigure.WebClientTestPropertiesIntegrationTests	PASS
org.springframework.boot.webclient.test.autoconfigure.WebClientTestWithConfigurationPropertiesIntegrationTests	PASS
org.springframework.boot.webclient.test.autoconfigure.WebClientTestWithoutJacksonIntegrationTests	PASS
org.springframework.boot.webflux.actuate.endpoint.web.AbstractWebFluxEndpointHandlerMappingTests	PASS
org.springframework.boot.webflux.actuate.endpoint.web.ControllerEndpointHandlerMappingTests	PASS
org.springframework.boot.webflux.actuate.endpoint.web.WebFluxEndpointHandlerMappingTests	PASS
org.springframework.boot.webflux.actuate.web.exchanges.HttpExchangesWebFilterIntegrationTests	PASS
org.springframework.boot.webflux.actuate.web.exchanges.HttpExchangesWebFilterTests	PASS
org.springframework.boot.webflux.actuate.web.exchanges.RecordableServerHttpRequestTests	PASS
org.springframework.boot.webflux.actuate.web.mappings.DispatcherHandlersMappingDescriptionProviderTests	PASS
org.springframework.boot.webflux.autoconfigure.HttpHandlerAutoConfigurationTests	PASS
org.springframework.boot.webflux.autoconfigure.ReactiveMultipartAutoConfigurationTests	PASS
org.springframework.boot.webflux.autoconfigure.ReactiveMultipartPropertiesTests	PASS
org.springframework.boot.webflux.autoconfigure.WebFluxAutoConfigurationTests	PASS
org.springframework.boot.webflux.autoconfigure.WebFluxObservationAutoConfigurationTests	PASS
org.springframework.boot.webflux.autoconfigure.WebFluxPropertiesTests	PASS
org.springframework.boot.webflux.autoconfigure.WelcomePageRouterFunctionFactoryTests	PASS
org.springframework.boot.webflux.autoconfigure.actuate.endpoint.web.WebFluxHealthEndpointAdditionalPathIntegrationTests	PASS
org.springframework.boot.webflux.autoconfigure.actuate.endpoint.web.WebFluxHealthEndpointExtensionAutoConfigurationTests	PASS
org.springframework.boot.webflux.autoconfigure.actuate.web.ControllerEndpointWebFluxIntegrationTests	PASS
org.springframework.boot.webflux.autoconfigure.actuate.web.WebFluxEndpointAccessIntegrationTests	PASS
org.springframework.boot.webflux.autoconfigure.actuate.web.WebFluxEndpointCorsIntegrationTests	PASS
org.springframework.boot.webflux.autoconfigure.actuate.web.WebFluxEndpointIntegrationTests	PASS
org.springframework.boot.webflux.autoconfigure.actuate.web.WebFluxManagementChildContextConfigurationIntegrationTests	PASS
org.springframework.boot.webflux.autoconfigure.actuate.web.WebFluxManagementChildContextConfigurationTests	PASS
org.springframework.boot.webflux.autoconfigure.actuate.web.exchanges.WebFluxHttpExchangesAutoConfigurationTests	PASS
org.springframework.boot.webflux.autoconfigure.actuate.web.mappings.WebFluxMappingsAutoConfigurationTests	PASS
org.springframework.boot.webflux.autoconfigure.error.DefaultErrorWebExceptionHandlerIntegrationTests	PASS
org.springframework.boot.webflux.autoconfigure.error.DefaultErrorWebExceptionHandlerTests	PASS
org.springframework.boot.webflux.error.DefaultErrorAttributesTests	PASS
org.springframework.boot.webflux.test.autoconfigure.WebFluxTestAllControllersIntegrationTests	PASS
org.springframework.boot.webflux.test.autoconfigure.WebFluxTestAutoConfigurationIntegrationTests	PASS
org.springframework.boot.webflux.test.autoconfigure.WebFluxTestConverterIntegrationTests	PASS
org.springframework.boot.webflux.test.autoconfigure.WebFluxTestJacksonComponentIntegrationTests	PASS
org.springframework.boot.webflux.test.autoconfigure.WebFluxTestJsonComponentIntegrationTests	PASS
org.springframework.boot.webflux.test.autoconfigure.WebFluxTestMessageSourceIntegrationTests	PASS
org.springframework.boot.webflux.test.autoconfigure.WebFluxTestOneControllerIntegrationTests	PASS
org.springframework.boot.webflux.test.autoconfigure.WebFluxTestPropertiesIntegrationTests	PASS
org.springframework.boot.webflux.test.autoconfigure.WebFluxTestWebTestClientCodecCustomizationIntegrationTests	PASS
org.springframework.boot.webflux.test.autoconfigure.WebFluxTypeExcludeFilterTests	PASS
org.springframework.boot.webmvc.actuate.endpoint.web.AbstractWebMvcEndpointHandlerMappingTests	PASS
org.springframework.boot.webmvc.actuate.endpoint.web.ControllerEndpointHandlerMappingTests	PASS
org.springframework.boot.webmvc.actuate.endpoint.web.WebMvcEndpointHandlerMappingTests	PASS
org.springframework.boot.webmvc.actuate.web.mappings.DispatcherServletsMappingDescriptionProviderTests	PASS
org.springframework.boot.webmvc.autoconfigure.DispatcherServletAutoConfigurationTests	PASS
org.springframework.boot.webmvc.autoconfigure.DispatcherServletPathTests	PASS
org.springframework.boot.webmvc.autoconfigure.DispatcherServletRegistrationBeanTests	PASS
org.springframework.boot.webmvc.autoconfigure.JspTemplateAvailabilityProviderTests	PASS
org.springframework.boot.webmvc.autoconfigure.WebMvcAutoConfigurationTests	PASS
org.springframework.boot.webmvc.autoconfigure.WebMvcObservationAutoConfigurationTests	PASS
org.springframework.boot.webmvc.autoconfigure.WebMvcPropertiesTests	PASS
org.springframework.boot.webmvc.autoconfigure.WelcomePageHandlerMappingTests	PASS
org.springframework.boot.webmvc.autoconfigure.WelcomePageIntegrationTests	PASS
org.springframework.boot.webmvc.autoconfigure.WelcomePageNotAcceptableHandlerMappingTests	PASS
org.springframework.boot.webmvc.autoconfigure.actuate.endpoint.web.WebMvcHealthEndpointAdditionalPathIntegrationTests	PASS
org.springframework.boot.webmvc.autoconfigure.actuate.endpoint.web.WebMvcHealthEndpointExtensionAutoConfigurationTests	PASS
org.springframework.boot.webmvc.autoconfigure.actuate.web.CompositeHandlerExceptionResolverTests	PASS
org.springframework.boot.webmvc.autoconfigure.actuate.web.ControllerEndpointWebMvcIntegrationTests	PASS
org.springframework.boot.webmvc.autoconfigure.actuate.web.ManagementErrorEndpointTests	PASS
org.springframework.boot.webmvc.autoconfigure.actuate.web.WebMvcEndpointAccessIntegrationTests	PASS
org.springframework.boot.webmvc.autoconfigure.actuate.web.WebMvcEndpointChildContextConfigurationIntegrationTests	PASS
org.springframework.boot.webmvc.autoconfigure.actuate.web.WebMvcEndpointChildContextConfigurationTests	PASS
org.springframework.boot.webmvc.autoconfigure.actuate.web.WebMvcEndpointCorsIntegrationTests	PASS
org.springframework.boot.webmvc.autoconfigure.actuate.web.WebMvcEndpointExposureIntegrationTests	PASS
org.springframework.boot.webmvc.autoconfigure.actuate.web.WebMvcEndpointIntegrationTests	PASS
org.springframework.boot.webmvc.autoconfigure.actuate.web.WebMvcEndpointManagementContextConfigurationTests	PASS
org.springframework.boot.webmvc.autoconfigure.actuate.web.mappings.WebMvcMappingsAutoConfigurationTests	PASS
org.springframework.boot.webmvc.autoconfigure.error.BasicErrorControllerDirectMockMvcTests	PASS
org.springframework.boot.webmvc.autoconfigure.error.BasicErrorControllerIntegrationTests	PASS
org.springframework.boot.webmvc.autoconfigure.error.BasicErrorControllerMockMvcTests	PASS
org.springframework.boot.webmvc.autoconfigure.error.DefaultErrorViewIntegrationTests	PASS
org.springframework.boot.webmvc.autoconfigure.error.DefaultErrorViewResolverTests	PASS
org.springframework.boot.webmvc.autoconfigure.error.ErrorMvcAutoConfigurationTests	PASS
org.springframework.boot.webmvc.autoconfigure.error.RemappedErrorViewIntegrationTests	PASS
org.springframework.boot.webmvc.error.DefaultErrorAttributesTests	PASS
org.springframework.boot.webmvc.test.autoconfigure.MockMvcAutoConfigurationTests	PASS
org.springframework.boot.webmvc.test.autoconfigure.SpringBootMockMvcBuilderCustomizerTests	PASS
org.springframework.boot.webmvc.test.autoconfigure.WebMvcTestAutoConfigurationIntegrationTests	PASS
org.springframework.boot.webmvc.test.autoconfigure.WebMvcTestPropertiesIntegrationTests	PASS
org.springframework.boot.webmvc.test.autoconfigure.WebMvcTypeExcludeFilterTests	PASS
org.springframework.boot.webmvc.test.autoconfigure.mockmvc.MockMvcSpringBootTestIntegrationTests	PASS
org.springframework.boot.webmvc.test.autoconfigure.mockmvc.MockMvcTesterSpringBootTestIntegrationTests	PASS
org.springframework.boot.webmvc.test.autoconfigure.mockmvc.WebMvcTestAllControllersIntegrationTests	PASS
org.springframework.boot.webmvc.test.autoconfigure.mockmvc.WebMvcTestConverterIntegrationTests	PASS
org.springframework.boot.webmvc.test.autoconfigure.mockmvc.WebMvcTestCustomDispatcherServletIntegrationTests	PASS
org.springframework.boot.webmvc.test.autoconfigure.mockmvc.WebMvcTestHtmlUnitWebClientIntegrationTests	PASS
org.springframework.boot.webmvc.test.autoconfigure.mockmvc.WebMvcTestHtmlUnitWebDriverCustomScopeIntegrationTests	PASS
org.springframework.boot.webmvc.test.autoconfigure.mockmvc.WebMvcTestHtmlUnitWebDriverIntegrationTests	PASS
org.springframework.boot.webmvc.test.autoconfigure.mockmvc.WebMvcTestJacksonComponentIntegrationTests	PASS
org.springframework.boot.webmvc.test.autoconfigure.mockmvc.WebMvcTestJsonComponentIntegrationTests	PASS
org.springframework.boot.webmvc.test.autoconfigure.mockmvc.WebMvcTestMessageSourceIntegrationTests	PASS
org.springframework.boot.webmvc.test.autoconfigure.mockmvc.WebMvcTestNestedIntegrationTests	PASS
org.springframework.boot.webmvc.test.autoconfigure.mockmvc.WebMvcTestOneControllerIntegrationTests	PASS
org.springframework.boot.webmvc.test.autoconfigure.mockmvc.WebMvcTestPrintAlwaysIntegrationTests	PASS
org.springframework.boot.webmvc.test.autoconfigure.mockmvc.WebMvcTestPrintDefaultIntegrationTests	PASS
org.springframework.boot.webmvc.test.autoconfigure.mockmvc.WebMvcTestPrintDefaultOverrideIntegrationTests	PASS
org.springframework.boot.webmvc.test.autoconfigure.mockmvc.WebMvcTestPrintOverrideIntegrationTests	PASS
org.springframework.boot.webmvc.test.autoconfigure.mockmvc.WebMvcTestServletContextResourceTests	PASS
org.springframework.boot.webmvc.test.autoconfigure.mockmvc.WebMvcTestServletFilterIntegrationTests	PASS
org.springframework.boot.webmvc.test.autoconfigure.mockmvc.WebMvcTestServletFilterRegistrationDisabledIntegrationTests	PASS
org.springframework.boot.webmvc.test.autoconfigure.mockmvc.WebMvcTestServletFilterRegistrationIntegrationTests	PASS
org.springframework.boot.webmvc.test.autoconfigure.mockmvc.WebMvcTestWithAutoConfigureMockMvcIntegrationTests	PASS
org.springframework.boot.webmvc.test.autoconfigure.mockmvc.WebMvcTestWithWebAppConfigurationTests	PASS
org.springframework.boot.webservices.autoconfigure.OnWsdlLocationsConditionTests	PASS
org.springframework.boot.webservices.autoconfigure.WebServicesAutoConfigurationTests	PASS
org.springframework.boot.webservices.autoconfigure.WebServicesPropertiesTests	PASS
org.springframework.boot.webservices.autoconfigure.client.WebServiceTemplateAutoConfigurationTests	PASS
org.springframework.boot.webservices.client.WebServiceMessageSenderFactoryTests	FAIL
org.springframework.boot.webservices.client.WebServiceTemplateBuilderTests	PASS
org.springframework.boot.webservices.test.autoconfigure.client.AutoConfigureMockWebServiceServerEnabledIntegrationTests	PASS
org.springframework.boot.webservices.test.autoconfigure.client.AutoConfigureWebServiceClientWebServiceTemplateIntegrationTests	PASS
org.springframework.boot.webservices.test.autoconfigure.client.WebServiceClientIntegrationTests	PASS
org.springframework.boot.webservices.test.autoconfigure.client.WebServiceClientNoComponentIntegrationTests	PASS
org.springframework.boot.webservices.test.autoconfigure.client.WebServiceClientPropertiesIntegrationTests	PASS
org.springframework.boot.webservices.test.autoconfigure.server.MockWebServiceClientAutoConfigurationTests	PASS
org.springframework.boot.webservices.test.autoconfigure.server.WebServiceServerIntegrationTests	PASS
org.springframework.boot.webservices.test.autoconfigure.server.WebServiceServerPropertiesIntegrationTests	PASS
org.springframework.boot.webservices.test.autoconfigure.server.WebServiceServerTypeExcludeFilterTests	PASS
org.springframework.boot.websocket.autoconfigure.servlet.WebSocketMessagingAutoConfigurationTests	PASS
org.springframework.boot.webtestclient.autoconfigure.AutoConfigureWebTestClientIntegrationTests	PASS
org.springframework.boot.webtestclient.autoconfigure.WebTestClientAutoConfigurationTests	PASS
org.springframework.boot.webtestclient.autoconfigure.WebTestClientSpringBootTestIntegrationTests	PASS
org.springframework.boot.webtestclient.autoconfigure.WebTestClientTimeoutSpringBootTestIntegrationTests	PASS
org.springframework.boot.zipkin.autoconfigure.ZipkinAutoConfigurationTests	PASS
org.springframework.boot.zipkin.autoconfigure.ZipkinHttpClientSenderTests	PASS
org.springframework.boot.zipkin.autoconfigure.ZipkinHttpSenderTests	EMPTY
org.springframework.boot.zipkin.testcontainers.ZipkinContainerConnectionDetailsFactoryTests	PASS
org.springframework.boot.zipkin.testcontainers.ZipkinContainerConnectionDetailsFactoryWithoutActuatorTests	PASS
