index	module	class	vm	jit	rc	status	seconds	tests	failed	aborted	skipped	containersFailed	stdoutLog	stderrLog	note
1	module/spring-boot-micrometer-metrics	org.springframework.boot.micrometer.metrics.autoconfigure.startup.StartupTimeMetricsListenerAutoConfigurationTests	craton	on	0	PASS	7.131	3	0	0	0	0	/data/data/cratonvm/apps/spring-boot-suite-runner/.suite/results/craton-fullsuite-azure-20260805-s7/all-jit/logs/module_spring-boot-micrometer-metrics.org.springframework.boot.micrometer.metrics.autoconfigure.startup.St-5e48680b47b6.out.log	/data/data/cratonvm/apps/spring-boot-suite-runner/.suite/results/craton-fullsuite-azure-20260805-s7/all-jit/logs/module_spring-boot-micrometer-metrics.org.springframework.boot.micrometer.metrics.autoconfigure.startup.St-5e48680b47b6.err.log	
2	module/spring-boot-micrometer-metrics	org.springframework.boot.micrometer.metrics.autoconfigure.system.SystemMetricsAutoConfigurationTests	craton	on	0	PASS	9.670	12	0	0	0	0	/data/data/cratonvm/apps/spring-boot-suite-runner/.suite/results/craton-fullsuite-azure-20260805-s7/all-jit/logs/module_spring-boot-micrometer-metrics.org.springframework.boot.micrometer.metrics.autoconfigure.system.Sys-818282459d9f.out.log	/data/data/cratonvm/apps/spring-boot-suite-runner/.suite/results/craton-fullsuite-azure-20260805-s7/all-jit/logs/module_spring-boot-micrometer-metrics.org.springframework.boot.micrometer.metrics.autoconfigure.system.Sys-818282459d9f.err.log	
3	module/spring-boot-micrometer-metrics	org.springframework.boot.micrometer.metrics.export.prometheus.PrometheusPushGatewayManagerTests	craton	on	0	PASS	9.701	11	0	0	0	0	/data/data/cratonvm/apps/spring-boot-suite-runner/.suite/results/craton-fullsuite-azure-20260805-s7/all-jit/logs/module_spring-boot-micrometer-metrics.org.springframework.boot.micrometer.metrics.export.prometheus.Promet-9cdbb18a4836.out.log	/data/data/cratonvm/apps/spring-boot-suite-runner/.suite/results/craton-fullsuite-azure-20260805-s7/all-jit/logs/module_spring-boot-micrometer-metrics.org.springframework.boot.micrometer.metrics.export.prometheus.Promet-9cdbb18a4836.err.log	
4	module/spring-boot-micrometer-metrics	org.springframework.boot.micrometer.metrics.MaximumAllowableTagsMeterFilterTests	craton	on	0	PASS	0.809	3	0	0	0	0	/data/data/cratonvm/apps/spring-boot-suite-runner/.suite/results/craton-fullsuite-azure-20260805-s7/all-jit/logs/module_spring-boot-micrometer-metrics.org.springframework.boot.micrometer.metrics.MaximumAllowableTagsMeterFilterTests.out.log	/data/data/cratonvm/apps/spring-boot-suite-runner/.suite/results/craton-fullsuite-azure-20260805-s7/all-jit/logs/module_spring-boot-micrometer-metrics.org.springframework.boot.micrometer.metrics.MaximumAllowableTagsMeterFilterTests.err.log	
5	module/spring-boot-micrometer-metrics	org.springframework.boot.micrometer.metrics.autoconfigure.task.TaskExecutorMetricsAutoConfigurationTests	craton	on	1	FAIL	21.736	9	1	0	0	0	/data/data/cratonvm/apps/spring-boot-suite-runner/.suite/results/craton-fullsuite-azure-20260805-s7/all-jit/logs/module_spring-boot-micrometer-metrics.org.springframework.boot.micrometer.metrics.autoconfigure.task.TaskE-961fa04e4182.out.log	/data/data/cratonvm/apps/spring-boot-suite-runner/.suite/results/craton-fullsuite-azure-20260805-s7/all-jit/logs/module_spring-boot-micrometer-metrics.org.springframework.boot.micrometer.metrics.autoconfigure.task.TaskE-961fa04e4182.err.log	    => org.mockito.exceptions.base.MockitoException:  | hotspot-baseline: PASS 0/9
6	module/spring-boot-micrometer-metrics	org.springframework.boot.micrometer.metrics.startup.StartupTimeMetricsListenerTests	craton	on	0	PASS	8.701	5	0	0	0	0	/data/data/cratonvm/apps/spring-boot-suite-runner/.suite/results/craton-fullsuite-azure-20260805-s7/all-jit/logs/module_spring-boot-micrometer-metrics.org.springframework.boot.micrometer.metrics.startup.StartupTimeMetri-4e1273e692ed.out.log	/data/data/cratonvm/apps/spring-boot-suite-runner/.suite/results/craton-fullsuite-azure-20260805-s7/all-jit/logs/module_spring-boot-micrometer-metrics.org.springframework.boot.micrometer.metrics.startup.StartupTimeMetri-4e1273e692ed.err.log	
7	module/spring-boot-micrometer-metrics	org.springframework.boot.micrometer.metrics.system.DiskSpaceMetricsBinderTests	craton	on	0	PASS	1.025	3	0	0	0	0	/data/data/cratonvm/apps/spring-boot-suite-runner/.suite/results/craton-fullsuite-azure-20260805-s7/all-jit/logs/module_spring-boot-micrometer-metrics.org.springframework.boot.micrometer.metrics.system.DiskSpaceMetricsBinderTests.out.log	/data/data/cratonvm/apps/spring-boot-suite-runner/.suite/results/craton-fullsuite-azure-20260805-s7/all-jit/logs/module_spring-boot-micrometer-metrics.org.springframework.boot.micrometer.metrics.system.DiskSpaceMetricsBinderTests.err.log	
8	module/spring-boot-micrometer-metrics	org.springframework.boot.micrometer.metrics.ValidationFailureAnalyzerTests	craton	on	0	PASS	1.011	1	0	0	0	0	/data/data/cratonvm/apps/spring-boot-suite-runner/.suite/results/craton-fullsuite-azure-20260805-s7/all-jit/logs/module_spring-boot-micrometer-metrics.org.springframework.boot.micrometer.metrics.ValidationFailureAnalyzerTests.out.log	/data/data/cratonvm/apps/spring-boot-suite-runner/.suite/results/craton-fullsuite-azure-20260805-s7/all-jit/logs/module_spring-boot-micrometer-metrics.org.springframework.boot.micrometer.metrics.ValidationFailureAnalyzerTests.err.log	
9	module/spring-boot-micrometer-metrics-test	org.springframework.boot.micrometer.metrics.test.autoconfigure.AutoConfigureMetricsMissingIntegrationTests	craton	on	0	PASS	7.655	2	0	0	0	0	/data/data/cratonvm/apps/spring-boot-suite-runner/.suite/results/craton-fullsuite-azure-20260805-s7/all-jit/logs/module_spring-boot-micrometer-metrics-test.org.springframework.boot.micrometer.metrics.test.autoconfigure.-afd644b19322.out.log	/data/data/cratonvm/apps/spring-boot-suite-runner/.suite/results/craton-fullsuite-azure-20260805-s7/all-jit/logs/module_spring-boot-micrometer-metrics-test.org.springframework.boot.micrometer.metrics.test.autoconfigure.-afd644b19322.err.log	
10	module/spring-boot-micrometer-metrics-test	org.springframework.boot.micrometer.metrics.test.autoconfigure.AutoConfigureMetricsSlicedIntegrationTests	craton	on	0	EMPTY	0.603	0	0	0	2	0	/data/data/cratonvm/apps/spring-boot-suite-runner/.suite/results/craton-fullsuite-azure-20260805-s7/all-jit/logs/module_spring-boot-micrometer-metrics-test.org.springframework.boot.micrometer.metrics.test.autoconfigure.-2252b1d491a2.out.log	/data/data/cratonvm/apps/spring-boot-suite-runner/.suite/results/craton-fullsuite-azure-20260805-s7/all-jit/logs/module_spring-boot-micrometer-metrics-test.org.springframework.boot.micrometer.metrics.test.autoconfigure.-2252b1d491a2.err.log	
11	module/spring-boot-micrometer-metrics-test	org.springframework.boot.micrometer.metrics.test.autoconfigure.AutoConfigureMetricsPresentIntegrationTests	craton	on	0	PASS	8.484	2	0	0	0	0	/data/data/cratonvm/apps/spring-boot-suite-runner/.suite/results/craton-fullsuite-azure-20260805-s7/all-jit/logs/module_spring-boot-micrometer-metrics-test.org.springframework.boot.micrometer.metrics.test.autoconfigure.-05eb53d385df.out.log	/data/data/cratonvm/apps/spring-boot-suite-runner/.suite/results/craton-fullsuite-azure-20260805-s7/all-jit/logs/module_spring-boot-micrometer-metrics-test.org.springframework.boot.micrometer.metrics.test.autoconfigure.-05eb53d385df.err.log	
12	module/spring-boot-micrometer-metrics-test	org.springframework.boot.micrometer.metrics.test.autoconfigure.MetricsContextCustomizerFactoryTests	craton	on	0	PASS	2.045	10	0	0	0	0	/data/data/cratonvm/apps/spring-boot-suite-runner/.suite/results/craton-fullsuite-azure-20260805-s7/all-jit/logs/module_spring-boot-micrometer-metrics-test.org.springframework.boot.micrometer.metrics.test.autoconfigure.-3f7adacf4b53.out.log	/data/data/cratonvm/apps/spring-boot-suite-runner/.suite/results/craton-fullsuite-azure-20260805-s7/all-jit/logs/module_spring-boot-micrometer-metrics-test.org.springframework.boot.micrometer.metrics.test.autoconfigure.-3f7adacf4b53.err.log	
13	module/spring-boot-micrometer-observation	org.springframework.boot.micrometer.observation.autoconfigure.ObservationHandlerGroupsTests	craton	on	0	PASS	0.603	2	0	0	0	0	/data/data/cratonvm/apps/spring-boot-suite-runner/.suite/results/craton-fullsuite-azure-20260805-s7/all-jit/logs/module_spring-boot-micrometer-observation.org.springframework.boot.micrometer.observation.autoconfigure.Ob-5b5bb04579f3.out.log	/data/data/cratonvm/apps/spring-boot-suite-runner/.suite/results/craton-fullsuite-azure-20260805-s7/all-jit/logs/module_spring-boot-micrometer-observation.org.springframework.boot.micrometer.observation.autoconfigure.Ob-5b5bb04579f3.err.log	
14	module/spring-boot-micrometer-observation	org.springframework.boot.micrometer.observation.autoconfigure.ObservationHandlerGroupTests	craton	on	1	FAIL	3.626	5	1	0	0	0	/data/data/cratonvm/apps/spring-boot-suite-runner/.suite/results/craton-fullsuite-azure-20260805-s7/all-jit/logs/module_spring-boot-micrometer-observation.org.springframework.boot.micrometer.observation.autoconfigure.Ob-2b5994eb80ea.out.log	/data/data/cratonvm/apps/spring-boot-suite-runner/.suite/results/craton-fullsuite-azure-20260805-s7/all-jit/logs/module_spring-boot-micrometer-observation.org.springframework.boot.micrometer.observation.autoconfigure.Ob-2b5994eb80ea.err.log	    => org.mockito.exceptions.base.MockitoException:  | hotspot-baseline: PASS 0/5
15	module/spring-boot-micrometer-observation	org.springframework.boot.micrometer.observation.autoconfigure.ObservationRegistryConfigurerIntegrationTests	craton	on	0	PASS	1.613	1	0	0	0	0	/data/data/cratonvm/apps/spring-boot-suite-runner/.suite/results/craton-fullsuite-azure-20260805-s7/all-jit/logs/module_spring-boot-micrometer-observation.org.springframework.boot.micrometer.observation.autoconfigure.Ob-ab02bf1eb84f.out.log	/data/data/cratonvm/apps/spring-boot-suite-runner/.suite/results/craton-fullsuite-azure-20260805-s7/all-jit/logs/module_spring-boot-micrometer-observation.org.springframework.boot.micrometer.observation.autoconfigure.Ob-ab02bf1eb84f.err.log	
16	module/spring-boot-micrometer-observation	org.springframework.boot.micrometer.observation.autoconfigure.PropertiesObservationFilterPredicateTests	craton	on	0	PASS	0.603	5	0	0	0	0	/data/data/cratonvm/apps/spring-boot-suite-runner/.suite/results/craton-fullsuite-azure-20260805-s7/all-jit/logs/module_spring-boot-micrometer-observation.org.springframework.boot.micrometer.observation.autoconfigure.Pr-c677ad03c9e0.out.log	/data/data/cratonvm/apps/spring-boot-suite-runner/.suite/results/craton-fullsuite-azure-20260805-s7/all-jit/logs/module_spring-boot-micrometer-observation.org.springframework.boot.micrometer.observation.autoconfigure.Pr-c677ad03c9e0.err.log	
17	module/spring-boot-micrometer-observation	org.springframework.boot.micrometer.observation.autoconfigure.ScheduledTasksObservationAutoConfigurationTests	craton	on	0	PASS	1.609	2	0	0	0	0	/data/data/cratonvm/apps/spring-boot-suite-runner/.suite/results/craton-fullsuite-azure-20260805-s7/all-jit/logs/module_spring-boot-micrometer-observation.org.springframework.boot.micrometer.observation.autoconfigure.Sc-7388d3d9d764.out.log	/data/data/cratonvm/apps/spring-boot-suite-runner/.suite/results/craton-fullsuite-azure-20260805-s7/all-jit/logs/module_spring-boot-micrometer-observation.org.springframework.boot.micrometer.observation.autoconfigure.Sc-7388d3d9d764.err.log	
18	module/spring-boot-micrometer-observation	org.springframework.boot.micrometer.observation.autoconfigure.ObservationAutoConfigurationTests	craton	on	0	PASS	10.614	14	0	0	0	0	/data/data/cratonvm/apps/spring-boot-suite-runner/.suite/results/craton-fullsuite-azure-20260805-s7/all-jit/logs/module_spring-boot-micrometer-observation.org.springframework.boot.micrometer.observation.autoconfigure.Ob-34c88fa8a773.out.log	/data/data/cratonvm/apps/spring-boot-suite-runner/.suite/results/craton-fullsuite-azure-20260805-s7/all-jit/logs/module_spring-boot-micrometer-observation.org.springframework.boot.micrometer.observation.autoconfigure.Ob-34c88fa8a773.err.log	
19	module/spring-boot-micrometer-observation	org.springframework.boot.micrometer.observation.autoconfigure.SpelValueExpressionResolverTests	craton	on	0	PASS	0.606	2	0	0	0	0	/data/data/cratonvm/apps/spring-boot-suite-runner/.suite/results/craton-fullsuite-azure-20260805-s7/all-jit/logs/module_spring-boot-micrometer-observation.org.springframework.boot.micrometer.observation.autoconfigure.Sp-3cbb3816507f.out.log	/data/data/cratonvm/apps/spring-boot-suite-runner/.suite/results/craton-fullsuite-azure-20260805-s7/all-jit/logs/module_spring-boot-micrometer-observation.org.springframework.boot.micrometer.observation.autoconfigure.Sp-3cbb3816507f.err.log	
20	module/spring-boot-micrometer-tracing	org.springframework.boot.micrometer.tracing.autoconfigure.LogCorrelationEnvironmentPostProcessorTests	craton	on	0	PASS	1.622	4	0	0	0	0	/data/data/cratonvm/apps/spring-boot-suite-runner/.suite/results/craton-fullsuite-azure-20260805-s7/all-jit/logs/module_spring-boot-micrometer-tracing.org.springframework.boot.micrometer.tracing.autoconfigure.LogCorrela-7fc7d478d065.out.log	/data/data/cratonvm/apps/spring-boot-suite-runner/.suite/results/craton-fullsuite-azure-20260805-s7/all-jit/logs/module_spring-boot-micrometer-tracing.org.springframework.boot.micrometer.tracing.autoconfigure.LogCorrela-7fc7d478d065.err.log	
21	module/spring-boot-micrometer-tracing	org.springframework.boot.micrometer.tracing.autoconfigure.NoopTracerAutoConfigurationTests	craton	on	0	PASS	2.822	3	0	0	0	0	/data/data/cratonvm/apps/spring-boot-suite-runner/.suite/results/craton-fullsuite-azure-20260805-s7/all-jit/logs/module_spring-boot-micrometer-tracing.org.springframework.boot.micrometer.tracing.autoconfigure.NoopTracer-9f0990dddb44.out.log	/data/data/cratonvm/apps/spring-boot-suite-runner/.suite/results/craton-fullsuite-azure-20260805-s7/all-jit/logs/module_spring-boot-micrometer-tracing.org.springframework.boot.micrometer.tracing.autoconfigure.NoopTracer-9f0990dddb44.err.log	
22	module/spring-boot-micrometer-tracing	org.springframework.boot.micrometer.tracing.autoconfigure.OnEnabledTracingExportConditionTests	craton	on	0	PASS	3.023	7	0	0	0	0	/data/data/cratonvm/apps/spring-boot-suite-runner/.suite/results/craton-fullsuite-azure-20260805-s7/all-jit/logs/module_spring-boot-micrometer-tracing.org.springframework.boot.micrometer.tracing.autoconfigure.OnEnabledT-447b8081effe.out.log	/data/data/cratonvm/apps/spring-boot-suite-runner/.suite/results/craton-fullsuite-azure-20260805-s7/all-jit/logs/module_spring-boot-micrometer-tracing.org.springframework.boot.micrometer.tracing.autoconfigure.OnEnabledT-447b8081effe.err.log	
23	module/spring-boot-micrometer-tracing	org.springframework.boot.micrometer.tracing.autoconfigure.otlp.LazyTracingExemplarContextProviderTests	craton	on	0	PASS	4.228	11	0	0	0	0	/data/data/cratonvm/apps/spring-boot-suite-runner/.suite/results/craton-fullsuite-azure-20260805-s7/all-jit/logs/module_spring-boot-micrometer-tracing.org.springframework.boot.micrometer.tracing.autoconfigure.otlp.LazyT-5c07cc1844b5.out.log	/data/data/cratonvm/apps/spring-boot-suite-runner/.suite/results/craton-fullsuite-azure-20260805-s7/all-jit/logs/module_spring-boot-micrometer-tracing.org.springframework.boot.micrometer.tracing.autoconfigure.otlp.LazyT-5c07cc1844b5.err.log	
24	module/spring-boot-micrometer-tracing	org.springframework.boot.micrometer.tracing.autoconfigure.MicrometerTracingAutoConfigurationTests	craton	on	0	PASS	12.578	11	0	0	0	0	/data/data/cratonvm/apps/spring-boot-suite-runner/.suite/results/craton-fullsuite-azure-20260805-s7/all-jit/logs/module_spring-boot-micrometer-tracing.org.springframework.boot.micrometer.tracing.autoconfigure.Micrometer-8265a9df7595.out.log	/data/data/cratonvm/apps/spring-boot-suite-runner/.suite/results/craton-fullsuite-azure-20260805-s7/all-jit/logs/module_spring-boot-micrometer-tracing.org.springframework.boot.micrometer.tracing.autoconfigure.Micrometer-8265a9df7595.err.log	
25	module/spring-boot-micrometer-tracing	org.springframework.boot.micrometer.tracing.autoconfigure.prometheus.LazyTracingSpanContextTests	craton	on	0	PASS	4.224	12	0	0	0	0	/data/data/cratonvm/apps/spring-boot-suite-runner/.suite/results/craton-fullsuite-azure-20260805-s7/all-jit/logs/module_spring-boot-micrometer-tracing.org.springframework.boot.micrometer.tracing.autoconfigure.prometheus-f68533382143.out.log	/data/data/cratonvm/apps/spring-boot-suite-runner/.suite/results/craton-fullsuite-azure-20260805-s7/all-jit/logs/module_spring-boot-micrometer-tracing.org.springframework.boot.micrometer.tracing.autoconfigure.prometheus-f68533382143.err.log	
26	module/spring-boot-micrometer-tracing	org.springframework.boot.micrometer.tracing.autoconfigure.otlp.OtlpExemplarsAutoConfigurationTests	craton	on	0	PASS	5.665	8	0	0	0	0	/data/data/cratonvm/apps/spring-boot-suite-runner/.suite/results/craton-fullsuite-azure-20260805-s7/all-jit/logs/module_spring-boot-micrometer-tracing.org.springframework.boot.micrometer.tracing.autoconfigure.otlp.OtlpE-7a11aedbf5a1.out.log	/data/data/cratonvm/apps/spring-boot-suite-runner/.suite/results/craton-fullsuite-azure-20260805-s7/all-jit/logs/module_spring-boot-micrometer-tracing.org.springframework.boot.micrometer.tracing.autoconfigure.otlp.OtlpE-7a11aedbf5a1.err.log	
27	module/spring-boot-micrometer-tracing	org.springframework.boot.micrometer.tracing.autoconfigure.TracingAndMeterObservationHandlerGroupTests	craton	on	1	FAIL	4.427	4	3	0	0	0	/data/data/cratonvm/apps/spring-boot-suite-runner/.suite/results/craton-fullsuite-azure-20260805-s7/all-jit/logs/module_spring-boot-micrometer-tracing.org.springframework.boot.micrometer.tracing.autoconfigure.TracingAnd-eae7bf680f11.out.log	/data/data/cratonvm/apps/spring-boot-suite-runner/.suite/results/craton-fullsuite-azure-20260805-s7/all-jit/logs/module_spring-boot-micrometer-tracing.org.springframework.boot.micrometer.tracing.autoconfigure.TracingAnd-eae7bf680f11.err.log	    => org.mockito.exceptions.base.MockitoException:  | hotspot-baseline: PASS 0/4
28	module/spring-boot-micrometer-tracing	org.springframework.boot.micrometer.tracing.autoconfigure.prometheus.PrometheusExemplarsAutoConfigurationTests	craton	on	0	PASS	5.881	8	0	0	0	0	/data/data/cratonvm/apps/spring-boot-suite-runner/.suite/results/craton-fullsuite-azure-20260805-s7/all-jit/logs/module_spring-boot-micrometer-tracing.org.springframework.boot.micrometer.tracing.autoconfigure.prometheus-9a55b52906a4.out.log	/data/data/cratonvm/apps/spring-boot-suite-runner/.suite/results/craton-fullsuite-azure-20260805-s7/all-jit/logs/module_spring-boot-micrometer-tracing.org.springframework.boot.micrometer.tracing.autoconfigure.prometheus-9a55b52906a4.err.log	
29	module/spring-boot-micrometer-tracing-brave	org.springframework.boot.micrometer.tracing.brave.autoconfigure.BraveBaggagePropagationIntegrationTests	craton	on	0	PASS	24.550	10	0	0	0	0	/data/data/cratonvm/apps/spring-boot-suite-runner/.suite/results/craton-fullsuite-azure-20260805-s7/all-jit/logs/module_spring-boot-micrometer-tracing-brave.org.springframework.boot.micrometer.tracing.brave.autoconfigur-27a51db29cb2.out.log	/data/data/cratonvm/apps/spring-boot-suite-runner/.suite/results/craton-fullsuite-azure-20260805-s7/all-jit/logs/module_spring-boot-micrometer-tracing-brave.org.springframework.boot.micrometer.tracing.brave.autoconfigur-27a51db29cb2.err.log	
30	module/spring-boot-micrometer-tracing-brave	org.springframework.boot.micrometer.tracing.brave.autoconfigure.CompositePropagationFactoryTests	craton	on	0	PASS	2.214	6	0	0	0	0	/data/data/cratonvm/apps/spring-boot-suite-runner/.suite/results/craton-fullsuite-azure-20260805-s7/all-jit/logs/module_spring-boot-micrometer-tracing-brave.org.springframework.boot.micrometer.tracing.brave.autoconfigur-f117ddbf3098.out.log	/data/data/cratonvm/apps/spring-boot-suite-runner/.suite/results/craton-fullsuite-azure-20260805-s7/all-jit/logs/module_spring-boot-micrometer-tracing-brave.org.springframework.boot.micrometer.tracing.brave.autoconfigur-f117ddbf3098.err.log	
31	module/spring-boot-micrometer-tracing-brave	org.springframework.boot.micrometer.tracing.brave.autoconfigure.LocalBaggageFieldsTests	craton	on	0	PASS	0.605	2	0	0	0	0	/data/data/cratonvm/apps/spring-boot-suite-runner/.suite/results/craton-fullsuite-azure-20260805-s7/all-jit/logs/module_spring-boot-micrometer-tracing-brave.org.springframework.boot.micrometer.tracing.brave.autoconfigur-5805342ad36e.out.log	/data/data/cratonvm/apps/spring-boot-suite-runner/.suite/results/craton-fullsuite-azure-20260805-s7/all-jit/logs/module_spring-boot-micrometer-tracing-brave.org.springframework.boot.micrometer.tracing.brave.autoconfigur-5805342ad36e.err.log	
32	module/spring-boot-micrometer-tracing-brave	org.springframework.boot.micrometer.tracing.brave.autoconfigure.BraveAutoConfigurationTests	craton	on	0	PASS	35.725	26	0	0	0	0	/data/data/cratonvm/apps/spring-boot-suite-runner/.suite/results/craton-fullsuite-azure-20260805-s7/all-jit/logs/module_spring-boot-micrometer-tracing-brave.org.springframework.boot.micrometer.tracing.brave.autoconfigur-8638d4ce10a8.out.log	/data/data/cratonvm/apps/spring-boot-suite-runner/.suite/results/craton-fullsuite-azure-20260805-s7/all-jit/logs/module_spring-boot-micrometer-tracing-brave.org.springframework.boot.micrometer.tracing.brave.autoconfigur-8638d4ce10a8.err.log	
33	module/spring-boot-micrometer-tracing-brave	org.springframework.boot.micrometer.tracing.brave.autoconfigure.OtlpExemplarsAutoConfigurationTests	craton	on	0	PASS	17.519	6	0	0	0	0	/data/data/cratonvm/apps/spring-boot-suite-runner/.suite/results/craton-fullsuite-azure-20260805-s7/all-jit/logs/module_spring-boot-micrometer-tracing-brave.org.springframework.boot.micrometer.tracing.brave.autoconfigur-b8682d5cc1c0.out.log	/data/data/cratonvm/apps/spring-boot-suite-runner/.suite/results/craton-fullsuite-azure-20260805-s7/all-jit/logs/module_spring-boot-micrometer-tracing-brave.org.springframework.boot.micrometer.tracing.brave.autoconfigur-b8682d5cc1c0.err.log	
34	module/spring-boot-micrometer-tracing-brave	org.springframework.boot.micrometer.tracing.brave.autoconfigure.PrometheusExemplarsAutoConfigurationTests	craton	on	0	PASS	17.931	7	0	0	0	0	/data/data/cratonvm/apps/spring-boot-suite-runner/.suite/results/craton-fullsuite-azure-20260805-s7/all-jit/logs/module_spring-boot-micrometer-tracing-brave.org.springframework.boot.micrometer.tracing.brave.autoconfigur-a29d2ca94f10.out.log	/data/data/cratonvm/apps/spring-boot-suite-runner/.suite/results/craton-fullsuite-azure-20260805-s7/all-jit/logs/module_spring-boot-micrometer-tracing-brave.org.springframework.boot.micrometer.tracing.brave.autoconfigur-a29d2ca94f10.err.log	
35	module/spring-boot-micrometer-tracing-opentelemetry	org.springframework.boot.micrometer.tracing.opentelemetry.autoconfigure.CompositeTextMapPropagatorTests	craton	on	0	PASS	1.609	5	0	0	0	0	/data/data/cratonvm/apps/spring-boot-suite-runner/.suite/results/craton-fullsuite-azure-20260805-s7/all-jit/logs/module_spring-boot-micrometer-tracing-opentelemetry.org.springframework.boot.micrometer.tracing.openteleme-d0ecfca00118.out.log	/data/data/cratonvm/apps/spring-boot-suite-runner/.suite/results/craton-fullsuite-azure-20260805-s7/all-jit/logs/module_spring-boot-micrometer-tracing-opentelemetry.org.springframework.boot.micrometer.tracing.openteleme-d0ecfca00118.err.log	
36	module/spring-boot-micrometer-tracing-brave	org.springframework.boot.micrometer.tracing.brave.autoconfigure.zipkin.ZipkinWithBraveTracingAutoConfigurationTests	craton	on	0	PASS	13.720	11	0	0	0	0	/data/data/cratonvm/apps/spring-boot-suite-runner/.suite/results/craton-fullsuite-azure-20260805-s7/all-jit/logs/module_spring-boot-micrometer-tracing-brave.org.springframework.boot.micrometer.tracing.brave.autoconfigur-bbd28ce0e96f.out.log	/data/data/cratonvm/apps/spring-boot-suite-runner/.suite/results/craton-fullsuite-azure-20260805-s7/all-jit/logs/module_spring-boot-micrometer-tracing-brave.org.springframework.boot.micrometer.tracing.brave.autoconfigur-bbd28ce0e96f.err.log	
37	module/spring-boot-micrometer-tracing-opentelemetry	org.springframework.boot.micrometer.tracing.opentelemetry.autoconfigure.OpenTelemetryEventPublishingContextWrapperBeansTestExecutionListenerIntegrationTests	craton	on	0	PASS	3.826	1	0	0	0	0	/data/data/cratonvm/apps/spring-boot-suite-runner/.suite/results/craton-fullsuite-azure-20260805-s7/all-jit/logs/module_spring-boot-micrometer-tracing-opentelemetry.org.springframework.boot.micrometer.tracing.openteleme-6f0b5fa976e2.out.log	/data/data/cratonvm/apps/spring-boot-suite-runner/.suite/results/craton-fullsuite-azure-20260805-s7/all-jit/logs/module_spring-boot-micrometer-tracing-opentelemetry.org.springframework.boot.micrometer.tracing.openteleme-6f0b5fa976e2.err.log	
38	module/spring-boot-micrometer-tracing-opentelemetry	org.springframework.boot.micrometer.tracing.opentelemetry.autoconfigure.OpenTelemetryBaggagePropagationIntegrationTests	craton	on	0	PASS	28.415	8	0	0	0	0	/data/data/cratonvm/apps/spring-boot-suite-runner/.suite/results/craton-fullsuite-azure-20260805-s7/all-jit/logs/module_spring-boot-micrometer-tracing-opentelemetry.org.springframework.boot.micrometer.tracing.openteleme-262c1532d698.out.log	/data/data/cratonvm/apps/spring-boot-suite-runner/.suite/results/craton-fullsuite-azure-20260805-s7/all-jit/logs/module_spring-boot-micrometer-tracing-opentelemetry.org.springframework.boot.micrometer.tracing.openteleme-262c1532d698.err.log	
39	module/spring-boot-micrometer-tracing-opentelemetry	org.springframework.boot.micrometer.tracing.opentelemetry.autoconfigure.OpenTelemetryTracingPropertiesTests	craton	on	0	PASS	0.607	1	0	0	0	0	/data/data/cratonvm/apps/spring-boot-suite-runner/.suite/results/craton-fullsuite-azure-20260805-s7/all-jit/logs/module_spring-boot-micrometer-tracing-opentelemetry.org.springframework.boot.micrometer.tracing.openteleme-aa1bfb734eff.out.log	/data/data/cratonvm/apps/spring-boot-suite-runner/.suite/results/craton-fullsuite-azure-20260805-s7/all-jit/logs/module_spring-boot-micrometer-tracing-opentelemetry.org.springframework.boot.micrometer.tracing.openteleme-aa1bfb734eff.err.log	
40	module/spring-boot-micrometer-tracing-opentelemetry	org.springframework.boot.micrometer.tracing.opentelemetry.autoconfigure.otlp.OtlpTracingAutoConfigurationIntegrationTests	craton	on	0	PASS	24.343	3	0	0	0	0	/data/data/cratonvm/apps/spring-boot-suite-runner/.suite/results/craton-fullsuite-azure-20260805-s7/all-jit/logs/module_spring-boot-micrometer-tracing-opentelemetry.org.springframework.boot.micrometer.tracing.openteleme-7e41958ec516.out.log	/data/data/cratonvm/apps/spring-boot-suite-runner/.suite/results/craton-fullsuite-azure-20260805-s7/all-jit/logs/module_spring-boot-micrometer-tracing-opentelemetry.org.springframework.boot.micrometer.tracing.openteleme-7e41958ec516.err.log	
41	module/spring-boot-micrometer-tracing-opentelemetry	org.springframework.boot.micrometer.tracing.opentelemetry.autoconfigure.otlp.OtlpTracingAutoConfigurationTests	craton	on	0	PASS	13.885	24	0	0	0	0	/data/data/cratonvm/apps/spring-boot-suite-runner/.suite/results/craton-fullsuite-azure-20260805-s7/all-jit/logs/module_spring-boot-micrometer-tracing-opentelemetry.org.springframework.boot.micrometer.tracing.openteleme-cb5976065453.out.log	/data/data/cratonvm/apps/spring-boot-suite-runner/.suite/results/craton-fullsuite-azure-20260805-s7/all-jit/logs/module_spring-boot-micrometer-tracing-opentelemetry.org.springframework.boot.micrometer.tracing.openteleme-cb5976065453.err.log	
42	module/spring-boot-micrometer-tracing-opentelemetry	org.springframework.boot.micrometer.tracing.opentelemetry.autoconfigure.SpanExportersTests	craton	on	0	PASS	1.810	2	0	0	0	0	/data/data/cratonvm/apps/spring-boot-suite-runner/.suite/results/craton-fullsuite-azure-20260805-s7/all-jit/logs/module_spring-boot-micrometer-tracing-opentelemetry.org.springframework.boot.micrometer.tracing.openteleme-c74459940630.out.log	/data/data/cratonvm/apps/spring-boot-suite-runner/.suite/results/craton-fullsuite-azure-20260805-s7/all-jit/logs/module_spring-boot-micrometer-tracing-opentelemetry.org.springframework.boot.micrometer.tracing.openteleme-c74459940630.err.log	
43	module/spring-boot-micrometer-tracing-opentelemetry	org.springframework.boot.micrometer.tracing.opentelemetry.autoconfigure.SpanProcessorsTests	craton	on	0	PASS	2.014	2	0	0	0	0	/data/data/cratonvm/apps/spring-boot-suite-runner/.suite/results/craton-fullsuite-azure-20260805-s7/all-jit/logs/module_spring-boot-micrometer-tracing-opentelemetry.org.springframework.boot.micrometer.tracing.openteleme-4dd7f4b58700.out.log	/data/data/cratonvm/apps/spring-boot-suite-runner/.suite/results/craton-fullsuite-azure-20260805-s7/all-jit/logs/module_spring-boot-micrometer-tracing-opentelemetry.org.springframework.boot.micrometer.tracing.openteleme-4dd7f4b58700.err.log	
44	module/spring-boot-micrometer-tracing-opentelemetry	org.springframework.boot.micrometer.tracing.opentelemetry.autoconfigure.zipkin.ZipkinWithOpenTelemetryTracingAutoConfigurationTests	craton	on	0	PASS	7.049	13	0	0	0	0	/data/data/cratonvm/apps/spring-boot-suite-runner/.suite/results/craton-fullsuite-azure-20260805-s7/all-jit/logs/module_spring-boot-micrometer-tracing-opentelemetry.org.springframework.boot.micrometer.tracing.openteleme-f6895db9275b.out.log	/data/data/cratonvm/apps/spring-boot-suite-runner/.suite/results/craton-fullsuite-azure-20260805-s7/all-jit/logs/module_spring-boot-micrometer-tracing-opentelemetry.org.springframework.boot.micrometer.tracing.openteleme-f6895db9275b.err.log	
45	module/spring-boot-micrometer-tracing-opentelemetry	org.springframework.boot.micrometer.tracing.opentelemetry.autoconfigure.OpenTelemetryTracingAutoConfigurationTests	craton	on	0	PASS	73.604	36	0	0	0	0	/data/data/cratonvm/apps/spring-boot-suite-runner/.suite/results/craton-fullsuite-azure-20260805-s7/all-jit/logs/module_spring-boot-micrometer-tracing-opentelemetry.org.springframework.boot.micrometer.tracing.openteleme-662392d3f975.out.log	/data/data/cratonvm/apps/spring-boot-suite-runner/.suite/results/craton-fullsuite-azure-20260805-s7/all-jit/logs/module_spring-boot-micrometer-tracing-opentelemetry.org.springframework.boot.micrometer.tracing.openteleme-662392d3f975.err.log	
46	module/spring-boot-micrometer-tracing-test	org.springframework.boot.micrometer.tracing.test.autoconfigure.AutoConfigureTracingMissingIntegrationTests	craton	on	0	PASS	6.668	1	0	0	0	0	/data/data/cratonvm/apps/spring-boot-suite-runner/.suite/results/craton-fullsuite-azure-20260805-s7/all-jit/logs/module_spring-boot-micrometer-tracing-test.org.springframework.boot.micrometer.tracing.test.autoconfigure.-9201c48b5991.out.log	/data/data/cratonvm/apps/spring-boot-suite-runner/.suite/results/craton-fullsuite-azure-20260805-s7/all-jit/logs/module_spring-boot-micrometer-tracing-test.org.springframework.boot.micrometer.tracing.test.autoconfigure.-9201c48b5991.err.log	
47	module/spring-boot-micrometer-tracing-test	org.springframework.boot.micrometer.tracing.test.autoconfigure.AutoConfigureTracingSlicedIntegrationTests	craton	on	0	EMPTY	0.603	0	0	0	2	0	/data/data/cratonvm/apps/spring-boot-suite-runner/.suite/results/craton-fullsuite-azure-20260805-s7/all-jit/logs/module_spring-boot-micrometer-tracing-test.org.springframework.boot.micrometer.tracing.test.autoconfigure.-95b38333ef17.out.log	/data/data/cratonvm/apps/spring-boot-suite-runner/.suite/results/craton-fullsuite-azure-20260805-s7/all-jit/logs/module_spring-boot-micrometer-tracing-test.org.springframework.boot.micrometer.tracing.test.autoconfigure.-95b38333ef17.err.log	
48	module/spring-boot-micrometer-tracing-test	org.springframework.boot.micrometer.tracing.test.autoconfigure.TracingContextCustomizerFactoryTests	craton	on	0	PASS	2.013	10	0	0	0	0	/data/data/cratonvm/apps/spring-boot-suite-runner/.suite/results/craton-fullsuite-azure-20260805-s7/all-jit/logs/module_spring-boot-micrometer-tracing-test.org.springframework.boot.micrometer.tracing.test.autoconfigure.-56ebaf95b917.out.log	/data/data/cratonvm/apps/spring-boot-suite-runner/.suite/results/craton-fullsuite-azure-20260805-s7/all-jit/logs/module_spring-boot-micrometer-tracing-test.org.springframework.boot.micrometer.tracing.test.autoconfigure.-56ebaf95b917.err.log	
49	module/spring-boot-micrometer-tracing-test	org.springframework.boot.micrometer.tracing.test.autoconfigure.AutoConfigureTracingPresentIntegrationTests	craton	on	0	PASS	7.527	2	0	0	0	0	/data/data/cratonvm/apps/spring-boot-suite-runner/.suite/results/craton-fullsuite-azure-20260805-s7/all-jit/logs/module_spring-boot-micrometer-tracing-test.org.springframework.boot.micrometer.tracing.test.autoconfigure.-b6d7f2a9af5d.out.log	/data/data/cratonvm/apps/spring-boot-suite-runner/.suite/results/craton-fullsuite-azure-20260805-s7/all-jit/logs/module_spring-boot-micrometer-tracing-test.org.springframework.boot.micrometer.tracing.test.autoconfigure.-b6d7f2a9af5d.err.log	
50	module/spring-boot-mongodb	org.springframework.boot.mongodb.autoconfigure.health.MongoHealthContributorAutoConfigurationTests	craton	on	0	PASS	3.247	2	0	0	0	0	/data/data/cratonvm/apps/spring-boot-suite-runner/.suite/results/craton-fullsuite-azure-20260805-s7/all-jit/logs/module_spring-boot-mongodb.org.springframework.boot.mongodb.autoconfigure.health.MongoHealthContributorAut-a8075ccf1e13.out.log	/data/data/cratonvm/apps/spring-boot-suite-runner/.suite/results/craton-fullsuite-azure-20260805-s7/all-jit/logs/module_spring-boot-mongodb.org.springframework.boot.mongodb.autoconfigure.health.MongoHealthContributorAut-a8075ccf1e13.err.log	
51	module/spring-boot-mongodb	org.springframework.boot.mongodb.autoconfigure.health.MongoReactiveHealthContributorAutoConfigurationTests	craton	on	0	PASS	5.867	3	0	0	0	0	/data/data/cratonvm/apps/spring-boot-suite-runner/.suite/results/craton-fullsuite-azure-20260805-s7/all-jit/logs/module_spring-boot-mongodb.org.springframework.boot.mongodb.autoconfigure.health.MongoReactiveHealthContri-04cd001efaf7.out.log	/data/data/cratonvm/apps/spring-boot-suite-runner/.suite/results/craton-fullsuite-azure-20260805-s7/all-jit/logs/module_spring-boot-mongodb.org.springframework.boot.mongodb.autoconfigure.health.MongoReactiveHealthContri-04cd001efaf7.err.log	
52	module/spring-boot-mongodb	org.springframework.boot.mongodb.autoconfigure.metrics.MongoMetricsAutoConfigurationTests	craton	on	0	PASS	15.142	12	0	0	0	0	/data/data/cratonvm/apps/spring-boot-suite-runner/.suite/results/craton-fullsuite-azure-20260805-s7/all-jit/logs/module_spring-boot-mongodb.org.springframework.boot.mongodb.autoconfigure.metrics.MongoMetricsAutoConfigurationTests.out.log	/data/data/cratonvm/apps/spring-boot-suite-runner/.suite/results/craton-fullsuite-azure-20260805-s7/all-jit/logs/module_spring-boot-mongodb.org.springframework.boot.mongodb.autoconfigure.metrics.MongoMetricsAutoConfigurationTests.err.log	
53	module/spring-boot-mongodb	org.springframework.boot.mongodb.autoconfigure.MongoClientFactorySupportTests	craton	on	0	EMPTY	0.605	0	0	0	0	0	/data/data/cratonvm/apps/spring-boot-suite-runner/.suite/results/craton-fullsuite-azure-20260805-s7/all-jit/logs/module_spring-boot-mongodb.org.springframework.boot.mongodb.autoconfigure.MongoClientFactorySupportTests.out.log	/data/data/cratonvm/apps/spring-boot-suite-runner/.suite/results/craton-fullsuite-azure-20260805-s7/all-jit/logs/module_spring-boot-mongodb.org.springframework.boot.mongodb.autoconfigure.MongoClientFactorySupportTests.err.log	
54	module/spring-boot-mongodb	org.springframework.boot.mongodb.autoconfigure.MongoClientFactoryTests	craton	on	0	PASS	2.011	2	0	0	0	0	/data/data/cratonvm/apps/spring-boot-suite-runner/.suite/results/craton-fullsuite-azure-20260805-s7/all-jit/logs/module_spring-boot-mongodb.org.springframework.boot.mongodb.autoconfigure.MongoClientFactoryTests.out.log	/data/data/cratonvm/apps/spring-boot-suite-runner/.suite/results/craton-fullsuite-azure-20260805-s7/all-jit/logs/module_spring-boot-mongodb.org.springframework.boot.mongodb.autoconfigure.MongoClientFactoryTests.err.log	
55	module/spring-boot-mongodb	org.springframework.boot.mongodb.autoconfigure.MongoPropertiesTests	craton	on	0	PASS	2.213	2	0	0	0	0	/data/data/cratonvm/apps/spring-boot-suite-runner/.suite/results/craton-fullsuite-azure-20260805-s7/all-jit/logs/module_spring-boot-mongodb.org.springframework.boot.mongodb.autoconfigure.MongoPropertiesTests.out.log	/data/data/cratonvm/apps/spring-boot-suite-runner/.suite/results/craton-fullsuite-azure-20260805-s7/all-jit/logs/module_spring-boot-mongodb.org.springframework.boot.mongodb.autoconfigure.MongoPropertiesTests.err.log	
56	module/spring-boot-mongodb	org.springframework.boot.mongodb.autoconfigure.MongoAutoConfigurationTests	craton	on	0	PASS	19.663	23	0	0	0	0	/data/data/cratonvm/apps/spring-boot-suite-runner/.suite/results/craton-fullsuite-azure-20260805-s7/all-jit/logs/module_spring-boot-mongodb.org.springframework.boot.mongodb.autoconfigure.MongoAutoConfigurationTests.out.log	/data/data/cratonvm/apps/spring-boot-suite-runner/.suite/results/craton-fullsuite-azure-20260805-s7/all-jit/logs/module_spring-boot-mongodb.org.springframework.boot.mongodb.autoconfigure.MongoAutoConfigurationTests.err.log	
57	module/spring-boot-mongodb	org.springframework.boot.mongodb.autoconfigure.PropertiesMongoConnectionDetailsTests	craton	on	0	PASS	2.618	15	0	0	0	0	/data/data/cratonvm/apps/spring-boot-suite-runner/.suite/results/craton-fullsuite-azure-20260805-s7/all-jit/logs/module_spring-boot-mongodb.org.springframework.boot.mongodb.autoconfigure.PropertiesMongoConnectionDetailsTests.out.log	/data/data/cratonvm/apps/spring-boot-suite-runner/.suite/results/craton-fullsuite-azure-20260805-s7/all-jit/logs/module_spring-boot-mongodb.org.springframework.boot.mongodb.autoconfigure.PropertiesMongoConnectionDetailsTests.err.log	
58	module/spring-boot-mongodb	org.springframework.boot.mongodb.autoconfigure.ReactiveMongoClientFactoryTests	craton	on	0	PASS	2.212	2	0	0	0	0	/data/data/cratonvm/apps/spring-boot-suite-runner/.suite/results/craton-fullsuite-azure-20260805-s7/all-jit/logs/module_spring-boot-mongodb.org.springframework.boot.mongodb.autoconfigure.ReactiveMongoClientFactoryTests.out.log	/data/data/cratonvm/apps/spring-boot-suite-runner/.suite/results/craton-fullsuite-azure-20260805-s7/all-jit/logs/module_spring-boot-mongodb.org.springframework.boot.mongodb.autoconfigure.ReactiveMongoClientFactoryTests.err.log	
59	module/spring-boot-mongodb	org.springframework.boot.mongodb.docker.compose.MongoEnvironmentTests	craton	on	0	PASS	0.804	8	0	0	0	0	/data/data/cratonvm/apps/spring-boot-suite-runner/.suite/results/craton-fullsuite-azure-20260805-s7/all-jit/logs/module_spring-boot-mongodb.org.springframework.boot.mongodb.docker.compose.MongoEnvironmentTests.out.log	/data/data/cratonvm/apps/spring-boot-suite-runner/.suite/results/craton-fullsuite-azure-20260805-s7/all-jit/logs/module_spring-boot-mongodb.org.springframework.boot.mongodb.docker.compose.MongoEnvironmentTests.err.log	
60	module/spring-boot-mongodb	org.springframework.boot.mongodb.autoconfigure.MongoReactiveAutoConfigurationTests	craton	on	0	PASS	22.052	20	0	0	0	0	/data/data/cratonvm/apps/spring-boot-suite-runner/.suite/results/craton-fullsuite-azure-20260805-s7/all-jit/logs/module_spring-boot-mongodb.org.springframework.boot.mongodb.autoconfigure.MongoReactiveAutoConfigurationTests.out.log	/data/data/cratonvm/apps/spring-boot-suite-runner/.suite/results/craton-fullsuite-azure-20260805-s7/all-jit/logs/module_spring-boot-mongodb.org.springframework.boot.mongodb.autoconfigure.MongoReactiveAutoConfigurationTests.err.log	
61	module/spring-boot-mongodb	org.springframework.boot.mongodb.health.MongoHealthIndicatorTests	craton	on	0	PASS	12.511	2	0	0	0	0	/data/data/cratonvm/apps/spring-boot-suite-runner/.suite/results/craton-fullsuite-azure-20260805-s7/all-jit/logs/module_spring-boot-mongodb.org.springframework.boot.mongodb.health.MongoHealthIndicatorTests.out.log	/data/data/cratonvm/apps/spring-boot-suite-runner/.suite/results/craton-fullsuite-azure-20260805-s7/all-jit/logs/module_spring-boot-mongodb.org.springframework.boot.mongodb.health.MongoHealthIndicatorTests.err.log	
62	module/spring-boot-mongodb	org.springframework.boot.mongodb.testcontainers.AbstractMongoContainerConnectionDetailsFactoryTests	craton	on	0	PASS	0.805	1	0	0	0	0	/data/data/cratonvm/apps/spring-boot-suite-runner/.suite/results/craton-fullsuite-azure-20260805-s7/all-jit/logs/module_spring-boot-mongodb.org.springframework.boot.mongodb.testcontainers.AbstractMongoContainerConnectio-f21dbb487a28.out.log	/data/data/cratonvm/apps/spring-boot-suite-runner/.suite/results/craton-fullsuite-azure-20260805-s7/all-jit/logs/module_spring-boot-mongodb.org.springframework.boot.mongodb.testcontainers.AbstractMongoContainerConnectio-f21dbb487a28.err.log	
63	module/spring-boot-mustache	org.springframework.boot.mustache.autoconfigure.MustacheAutoConfigurationReactiveIntegrationTests	craton	on	0	PASS	8.267	2	0	0	0	0	/data/data/cratonvm/apps/spring-boot-suite-runner/.suite/results/craton-fullsuite-azure-20260805-s7/all-jit/logs/module_spring-boot-mustache.org.springframework.boot.mustache.autoconfigure.MustacheAutoConfigurationReact-cad2805f6ab3.out.log	/data/data/cratonvm/apps/spring-boot-suite-runner/.suite/results/craton-fullsuite-azure-20260805-s7/all-jit/logs/module_spring-boot-mustache.org.springframework.boot.mustache.autoconfigure.MustacheAutoConfigurationReact-cad2805f6ab3.err.log	
64	module/spring-boot-mongodb	org.springframework.boot.mongodb.health.MongoReactiveHealthIndicatorTests	craton	on	0	PASS	10.953	2	0	0	0	0	/data/data/cratonvm/apps/spring-boot-suite-runner/.suite/results/craton-fullsuite-azure-20260805-s7/all-jit/logs/module_spring-boot-mongodb.org.springframework.boot.mongodb.health.MongoReactiveHealthIndicatorTests.out.log	/data/data/cratonvm/apps/spring-boot-suite-runner/.suite/results/craton-fullsuite-azure-20260805-s7/all-jit/logs/module_spring-boot-mongodb.org.springframework.boot.mongodb.health.MongoReactiveHealthIndicatorTests.err.log	
65	module/spring-boot-mustache	org.springframework.boot.mustache.autoconfigure.MustacheAutoConfigurationServletIntegrationTests	craton	on	0	PASS	7.479	3	0	0	0	0	/data/data/cratonvm/apps/spring-boot-suite-runner/.suite/results/craton-fullsuite-azure-20260805-s7/all-jit/logs/module_spring-boot-mustache.org.springframework.boot.mustache.autoconfigure.MustacheAutoConfigurationServl-64338080e9d7.out.log	/data/data/cratonvm/apps/spring-boot-suite-runner/.suite/results/craton-fullsuite-azure-20260805-s7/all-jit/logs/module_spring-boot-mustache.org.springframework.boot.mustache.autoconfigure.MustacheAutoConfigurationServl-64338080e9d7.err.log	
66	module/spring-boot-mustache	org.springframework.boot.mustache.autoconfigure.MustacheAutoConfigurationWithoutWebMvcTests	craton	on	0	PASS	2.818	1	0	0	0	0	/data/data/cratonvm/apps/spring-boot-suite-runner/.suite/results/craton-fullsuite-azure-20260805-s7/all-jit/logs/module_spring-boot-mustache.org.springframework.boot.mustache.autoconfigure.MustacheAutoConfigurationWithoutWebMvcTests.out.log	/data/data/cratonvm/apps/spring-boot-suite-runner/.suite/results/craton-fullsuite-azure-20260805-s7/all-jit/logs/module_spring-boot-mustache.org.springframework.boot.mustache.autoconfigure.MustacheAutoConfigurationWithoutWebMvcTests.err.log	
67	module/spring-boot-mustache	org.springframework.boot.mustache.autoconfigure.MustacheAutoConfigurationTests	craton	on	0	PASS	12.530	21	0	0	0	0	/data/data/cratonvm/apps/spring-boot-suite-runner/.suite/results/craton-fullsuite-azure-20260805-s7/all-jit/logs/module_spring-boot-mustache.org.springframework.boot.mustache.autoconfigure.MustacheAutoConfigurationTests.out.log	/data/data/cratonvm/apps/spring-boot-suite-runner/.suite/results/craton-fullsuite-azure-20260805-s7/all-jit/logs/module_spring-boot-mustache.org.springframework.boot.mustache.autoconfigure.MustacheAutoConfigurationTests.err.log	
68	module/spring-boot-mustache	org.springframework.boot.mustache.autoconfigure.MustacheStandaloneIntegrationTests	craton	on	0	PASS	4.655	1	0	0	0	0	/data/data/cratonvm/apps/spring-boot-suite-runner/.suite/results/craton-fullsuite-azure-20260805-s7/all-jit/logs/module_spring-boot-mustache.org.springframework.boot.mustache.autoconfigure.MustacheStandaloneIntegrationTests.out.log	/data/data/cratonvm/apps/spring-boot-suite-runner/.suite/results/craton-fullsuite-azure-20260805-s7/all-jit/logs/module_spring-boot-mustache.org.springframework.boot.mustache.autoconfigure.MustacheStandaloneIntegrationTests.err.log	
69	module/spring-boot-mustache	org.springframework.boot.mustache.autoconfigure.MustacheWebFluxTestIntegrationTests	craton	on	0	PASS	7.671	1	0	0	0	0	/data/data/cratonvm/apps/spring-boot-suite-runner/.suite/results/craton-fullsuite-azure-20260805-s7/all-jit/logs/module_spring-boot-mustache.org.springframework.boot.mustache.autoconfigure.MustacheWebFluxTestIntegrationTests.out.log	/data/data/cratonvm/apps/spring-boot-suite-runner/.suite/results/craton-fullsuite-azure-20260805-s7/all-jit/logs/module_spring-boot-mustache.org.springframework.boot.mustache.autoconfigure.MustacheWebFluxTestIntegrationTests.err.log	
70	module/spring-boot-mustache	org.springframework.boot.mustache.reactive.view.MustacheViewResolverTests	craton	on	0	PASS	1.011	2	0	0	0	0	/data/data/cratonvm/apps/spring-boot-suite-runner/.suite/results/craton-fullsuite-azure-20260805-s7/all-jit/logs/module_spring-boot-mustache.org.springframework.boot.mustache.reactive.view.MustacheViewResolverTests.out.log	/data/data/cratonvm/apps/spring-boot-suite-runner/.suite/results/craton-fullsuite-azure-20260805-s7/all-jit/logs/module_spring-boot-mustache.org.springframework.boot.mustache.reactive.view.MustacheViewResolverTests.err.log	
71	module/spring-boot-mustache	org.springframework.boot.mustache.reactive.view.MustacheViewTests	craton	on	0	PASS	0.804	1	0	0	0	0	/data/data/cratonvm/apps/spring-boot-suite-runner/.suite/results/craton-fullsuite-azure-20260805-s7/all-jit/logs/module_spring-boot-mustache.org.springframework.boot.mustache.reactive.view.MustacheViewTests.out.log	/data/data/cratonvm/apps/spring-boot-suite-runner/.suite/results/craton-fullsuite-azure-20260805-s7/all-jit/logs/module_spring-boot-mustache.org.springframework.boot.mustache.reactive.view.MustacheViewTests.err.log	
72	module/spring-boot-mustache	org.springframework.boot.mustache.servlet.view.MustacheViewResolverTests	craton	on	0	PASS	1.007	3	0	0	0	0	/data/data/cratonvm/apps/spring-boot-suite-runner/.suite/results/craton-fullsuite-azure-20260805-s7/all-jit/logs/module_spring-boot-mustache.org.springframework.boot.mustache.servlet.view.MustacheViewResolverTests.out.log	/data/data/cratonvm/apps/spring-boot-suite-runner/.suite/results/craton-fullsuite-azure-20260805-s7/all-jit/logs/module_spring-boot-mustache.org.springframework.boot.mustache.servlet.view.MustacheViewResolverTests.err.log	
73	module/spring-boot-mustache	org.springframework.boot.mustache.autoconfigure.MustacheWebMvcTestIntegrationTests	craton	on	0	PASS	10.169	1	0	0	0	0	/data/data/cratonvm/apps/spring-boot-suite-runner/.suite/results/craton-fullsuite-azure-20260805-s7/all-jit/logs/module_spring-boot-mustache.org.springframework.boot.mustache.autoconfigure.MustacheWebMvcTestIntegrationTests.out.log	/data/data/cratonvm/apps/spring-boot-suite-runner/.suite/results/craton-fullsuite-azure-20260805-s7/all-jit/logs/module_spring-boot-mustache.org.springframework.boot.mustache.autoconfigure.MustacheWebMvcTestIntegrationTests.err.log	
74	module/spring-boot-mustache	org.springframework.boot.mustache.servlet.view.MustacheViewTests	craton	on	0	PASS	1.043	1	0	0	0	0	/data/data/cratonvm/apps/spring-boot-suite-runner/.suite/results/craton-fullsuite-azure-20260805-s7/all-jit/logs/module_spring-boot-mustache.org.springframework.boot.mustache.servlet.view.MustacheViewTests.out.log	/data/data/cratonvm/apps/spring-boot-suite-runner/.suite/results/craton-fullsuite-azure-20260805-s7/all-jit/logs/module_spring-boot-mustache.org.springframework.boot.mustache.servlet.view.MustacheViewTests.err.log	
75	module/spring-boot-neo4j	org.springframework.boot.neo4j.autoconfigure.health.Neo4jHealthContributorAutoConfigurationTests	craton	on	0	PASS	5.265	5	0	0	0	0	/data/data/cratonvm/apps/spring-boot-suite-runner/.suite/results/craton-fullsuite-azure-20260805-s7/all-jit/logs/module_spring-boot-neo4j.org.springframework.boot.neo4j.autoconfigure.health.Neo4jHealthContributorAutoCon-eed519fdbd25.out.log	/data/data/cratonvm/apps/spring-boot-suite-runner/.suite/results/craton-fullsuite-azure-20260805-s7/all-jit/logs/module_spring-boot-neo4j.org.springframework.boot.neo4j.autoconfigure.health.Neo4jHealthContributorAutoCon-eed519fdbd25.err.log	
76	module/spring-boot-neo4j	org.springframework.boot.neo4j.autoconfigure.Neo4jPropertiesTests	craton	on	0	PASS	0.603	3	0	0	0	0	/data/data/cratonvm/apps/spring-boot-suite-runner/.suite/results/craton-fullsuite-azure-20260805-s7/all-jit/logs/module_spring-boot-neo4j.org.springframework.boot.neo4j.autoconfigure.Neo4jPropertiesTests.out.log	/data/data/cratonvm/apps/spring-boot-suite-runner/.suite/results/craton-fullsuite-azure-20260805-s7/all-jit/logs/module_spring-boot-neo4j.org.springframework.boot.neo4j.autoconfigure.Neo4jPropertiesTests.err.log	
77	module/spring-boot-neo4j	org.springframework.boot.neo4j.autoconfigure.observation.Neo4jObservationAutoConfigurationTests	craton	on	0	PASS	2.817	2	0	0	0	0	/data/data/cratonvm/apps/spring-boot-suite-runner/.suite/results/craton-fullsuite-azure-20260805-s7/all-jit/logs/module_spring-boot-neo4j.org.springframework.boot.neo4j.autoconfigure.observation.Neo4jObservationAutoConf-8e549586b4d6.out.log	/data/data/cratonvm/apps/spring-boot-suite-runner/.suite/results/craton-fullsuite-azure-20260805-s7/all-jit/logs/module_spring-boot-neo4j.org.springframework.boot.neo4j.autoconfigure.observation.Neo4jObservationAutoConf-8e549586b4d6.err.log	
78	module/spring-boot-neo4j	org.springframework.boot.neo4j.docker.compose.Neo4jEnvironmentTests	craton	on	0	PASS	0.806	5	0	0	0	0	/data/data/cratonvm/apps/spring-boot-suite-runner/.suite/results/craton-fullsuite-azure-20260805-s7/all-jit/logs/module_spring-boot-neo4j.org.springframework.boot.neo4j.docker.compose.Neo4jEnvironmentTests.out.log	/data/data/cratonvm/apps/spring-boot-suite-runner/.suite/results/craton-fullsuite-azure-20260805-s7/all-jit/logs/module_spring-boot-neo4j.org.springframework.boot.neo4j.docker.compose.Neo4jEnvironmentTests.err.log	
79	module/spring-boot-neo4j	org.springframework.boot.neo4j.autoconfigure.Neo4jAutoConfigurationTests	craton	on	0	PASS	12.978	36	0	0	0	0	/data/data/cratonvm/apps/spring-boot-suite-runner/.suite/results/craton-fullsuite-azure-20260805-s7/all-jit/logs/module_spring-boot-neo4j.org.springframework.boot.neo4j.autoconfigure.Neo4jAutoConfigurationTests.out.log	/data/data/cratonvm/apps/spring-boot-suite-runner/.suite/results/craton-fullsuite-azure-20260805-s7/all-jit/logs/module_spring-boot-neo4j.org.springframework.boot.neo4j.autoconfigure.Neo4jAutoConfigurationTests.err.log	
80	module/spring-boot-neo4j	org.springframework.boot.neo4j.health.Neo4jHealthIndicatorTests	craton	on	0	PASS	7.279	5	0	0	0	0	/data/data/cratonvm/apps/spring-boot-suite-runner/.suite/results/craton-fullsuite-azure-20260805-s7/all-jit/logs/module_spring-boot-neo4j.org.springframework.boot.neo4j.health.Neo4jHealthIndicatorTests.out.log	/data/data/cratonvm/apps/spring-boot-suite-runner/.suite/results/craton-fullsuite-azure-20260805-s7/all-jit/logs/module_spring-boot-neo4j.org.springframework.boot.neo4j.health.Neo4jHealthIndicatorTests.err.log	
81	module/spring-boot-neo4j	org.springframework.boot.neo4j.testcontainers.Neo4jContainerConnectionDetailsFactoryTests	craton	on	0	PASS	0.806	1	0	0	0	0	/data/data/cratonvm/apps/spring-boot-suite-runner/.suite/results/craton-fullsuite-azure-20260805-s7/all-jit/logs/module_spring-boot-neo4j.org.springframework.boot.neo4j.testcontainers.Neo4jContainerConnectionDetailsFactoryTests.out.log	/data/data/cratonvm/apps/spring-boot-suite-runner/.suite/results/craton-fullsuite-azure-20260805-s7/all-jit/logs/module_spring-boot-neo4j.org.springframework.boot.neo4j.testcontainers.Neo4jContainerConnectionDetailsFactoryTests.err.log	
82	module/spring-boot-netty	org.springframework.boot.netty.autoconfigure.NettyAutoConfigurationTests	craton	on	0	PASS	1.409	2	0	0	0	0	/data/data/cratonvm/apps/spring-boot-suite-runner/.suite/results/craton-fullsuite-azure-20260805-s7/all-jit/logs/module_spring-boot-netty.org.springframework.boot.netty.autoconfigure.NettyAutoConfigurationTests.out.log	/data/data/cratonvm/apps/spring-boot-suite-runner/.suite/results/craton-fullsuite-azure-20260805-s7/all-jit/logs/module_spring-boot-netty.org.springframework.boot.netty.autoconfigure.NettyAutoConfigurationTests.err.log	
83	module/spring-boot-netty	org.springframework.boot.netty.autoconfigure.NettyPropertiesTests	craton	on	0	PASS	0.804	1	0	0	0	0	/data/data/cratonvm/apps/spring-boot-suite-runner/.suite/results/craton-fullsuite-azure-20260805-s7/all-jit/logs/module_spring-boot-netty.org.springframework.boot.netty.autoconfigure.NettyPropertiesTests.out.log	/data/data/cratonvm/apps/spring-boot-suite-runner/.suite/results/craton-fullsuite-azure-20260805-s7/all-jit/logs/module_spring-boot-netty.org.springframework.boot.netty.autoconfigure.NettyPropertiesTests.err.log	
84	module/spring-boot-neo4j	org.springframework.boot.neo4j.health.Neo4jReactiveHealthIndicatorTests	craton	on	0	PASS	6.946	3	0	0	0	0	/data/data/cratonvm/apps/spring-boot-suite-runner/.suite/results/craton-fullsuite-azure-20260805-s7/all-jit/logs/module_spring-boot-neo4j.org.springframework.boot.neo4j.health.Neo4jReactiveHealthIndicatorTests.out.log	/data/data/cratonvm/apps/spring-boot-suite-runner/.suite/results/craton-fullsuite-azure-20260805-s7/all-jit/logs/module_spring-boot-neo4j.org.springframework.boot.neo4j.health.Neo4jReactiveHealthIndicatorTests.err.log	
85	module/spring-boot-opentelemetry	org.springframework.boot.opentelemetry.autoconfigure.logging.OnEnabledLoggingExportConditionTests	craton	on	0	PASS	3.034	7	0	0	0	0	/data/data/cratonvm/apps/spring-boot-suite-runner/.suite/results/craton-fullsuite-azure-20260805-s7/all-jit/logs/module_spring-boot-opentelemetry.org.springframework.boot.opentelemetry.autoconfigure.logging.OnEnabledLog-8af3a693765d.out.log	/data/data/cratonvm/apps/spring-boot-suite-runner/.suite/results/craton-fullsuite-azure-20260805-s7/all-jit/logs/module_spring-boot-opentelemetry.org.springframework.boot.opentelemetry.autoconfigure.logging.OnEnabledLog-8af3a693765d.err.log	
86	module/spring-boot-opentelemetry	org.springframework.boot.opentelemetry.autoconfigure.logging.OpenTelemetryLoggingPropertiesTests	craton	on	0	PASS	0.603	1	0	0	0	0	/data/data/cratonvm/apps/spring-boot-suite-runner/.suite/results/craton-fullsuite-azure-20260805-s7/all-jit/logs/module_spring-boot-opentelemetry.org.springframework.boot.opentelemetry.autoconfigure.logging.OpenTelemetr-515f2ed599f5.out.log	/data/data/cratonvm/apps/spring-boot-suite-runner/.suite/results/craton-fullsuite-azure-20260805-s7/all-jit/logs/module_spring-boot-opentelemetry.org.springframework.boot.opentelemetry.autoconfigure.logging.OpenTelemetr-515f2ed599f5.err.log	
87	module/spring-boot-opentelemetry	org.springframework.boot.opentelemetry.autoconfigure.logging.OpenTelemetryLoggingAutoConfigurationTests	craton	on	0	PASS	8.902	11	0	0	0	0	/data/data/cratonvm/apps/spring-boot-suite-runner/.suite/results/craton-fullsuite-azure-20260805-s7/all-jit/logs/module_spring-boot-opentelemetry.org.springframework.boot.opentelemetry.autoconfigure.logging.OpenTelemetr-bb7c25bcc1ac.out.log	/data/data/cratonvm/apps/spring-boot-suite-runner/.suite/results/craton-fullsuite-azure-20260805-s7/all-jit/logs/module_spring-boot-opentelemetry.org.springframework.boot.opentelemetry.autoconfigure.logging.OpenTelemetr-bb7c25bcc1ac.err.log	
88	module/spring-boot-opentelemetry	org.springframework.boot.opentelemetry.autoconfigure.logging.otlp.OtlpLoggingAutoConfigurationIntegrationTests	craton	on	0	PASS	6.869	2	0	0	0	0	/data/data/cratonvm/apps/spring-boot-suite-runner/.suite/results/craton-fullsuite-azure-20260805-s7/all-jit/logs/module_spring-boot-opentelemetry.org.springframework.boot.opentelemetry.autoconfigure.logging.otlp.OtlpLog-c9c4323deb44.out.log	/data/data/cratonvm/apps/spring-boot-suite-runner/.suite/results/craton-fullsuite-azure-20260805-s7/all-jit/logs/module_spring-boot-opentelemetry.org.springframework.boot.opentelemetry.autoconfigure.logging.otlp.OtlpLog-c9c4323deb44.err.log	
89	module/spring-boot-opentelemetry	org.springframework.boot.opentelemetry.autoconfigure.OpenTelemetryEnvironmentVariableEnvironmentPostProcessorTests	craton	on	0	PASS	7.463	80	0	0	0	0	/data/data/cratonvm/apps/spring-boot-suite-runner/.suite/results/craton-fullsuite-azure-20260805-s7/all-jit/logs/module_spring-boot-opentelemetry.org.springframework.boot.opentelemetry.autoconfigure.OpenTelemetryEnviron-a6762ceeaae9.out.log	/data/data/cratonvm/apps/spring-boot-suite-runner/.suite/results/craton-fullsuite-azure-20260805-s7/all-jit/logs/module_spring-boot-opentelemetry.org.springframework.boot.opentelemetry.autoconfigure.OpenTelemetryEnviron-a6762ceeaae9.err.log	
90	module/spring-boot-opentelemetry	org.springframework.boot.opentelemetry.autoconfigure.OpenTelemetryEnvironmentVariablesTests	craton	on	0	PASS	2.621	56	0	0	0	0	/data/data/cratonvm/apps/spring-boot-suite-runner/.suite/results/craton-fullsuite-azure-20260805-s7/all-jit/logs/module_spring-boot-opentelemetry.org.springframework.boot.opentelemetry.autoconfigure.OpenTelemetryEnviron-2adb81d14abb.out.log	/data/data/cratonvm/apps/spring-boot-suite-runner/.suite/results/craton-fullsuite-azure-20260805-s7/all-jit/logs/module_spring-boot-opentelemetry.org.springframework.boot.opentelemetry.autoconfigure.OpenTelemetryEnviron-2adb81d14abb.err.log	
91	module/spring-boot-opentelemetry	org.springframework.boot.opentelemetry.autoconfigure.OpenTelemetryPropertiesTests	craton	on	0	PASS	2.821	1	0	0	0	0	/data/data/cratonvm/apps/spring-boot-suite-runner/.suite/results/craton-fullsuite-azure-20260805-s7/all-jit/logs/module_spring-boot-opentelemetry.org.springframework.boot.opentelemetry.autoconfigure.OpenTelemetryPropertiesTests.out.log	/data/data/cratonvm/apps/spring-boot-suite-runner/.suite/results/craton-fullsuite-azure-20260805-s7/all-jit/logs/module_spring-boot-opentelemetry.org.springframework.boot.opentelemetry.autoconfigure.OpenTelemetryPropertiesTests.err.log	
92	module/spring-boot-opentelemetry	org.springframework.boot.opentelemetry.autoconfigure.OpenTelemetryResourceAttributesTests	craton	on	0	PASS	1.817	25	0	0	0	0	/data/data/cratonvm/apps/spring-boot-suite-runner/.suite/results/craton-fullsuite-azure-20260805-s7/all-jit/logs/module_spring-boot-opentelemetry.org.springframework.boot.opentelemetry.autoconfigure.OpenTelemetryResourc-2e99cd0875b5.out.log	/data/data/cratonvm/apps/spring-boot-suite-runner/.suite/results/craton-fullsuite-azure-20260805-s7/all-jit/logs/module_spring-boot-opentelemetry.org.springframework.boot.opentelemetry.autoconfigure.OpenTelemetryResourc-2e99cd0875b5.err.log	
93	module/spring-boot-opentelemetry	org.springframework.boot.opentelemetry.autoconfigure.OpenTelemetrySdkAutoConfigurationTests	craton	on	0	PASS	14.113	21	0	0	0	0	/data/data/cratonvm/apps/spring-boot-suite-runner/.suite/results/craton-fullsuite-azure-20260805-s7/all-jit/logs/module_spring-boot-opentelemetry.org.springframework.boot.opentelemetry.autoconfigure.OpenTelemetrySdkAuto-ec5adbb9f3e2.out.log	/data/data/cratonvm/apps/spring-boot-suite-runner/.suite/results/craton-fullsuite-azure-20260805-s7/all-jit/logs/module_spring-boot-opentelemetry.org.springframework.boot.opentelemetry.autoconfigure.OpenTelemetrySdkAuto-ec5adbb9f3e2.err.log	
94	module/spring-boot-opentelemetry	org.springframework.boot.opentelemetry.autoconfigure.W3CHeaderParserTests	craton	on	0	PASS	0.805	12	0	0	0	0	/data/data/cratonvm/apps/spring-boot-suite-runner/.suite/results/craton-fullsuite-azure-20260805-s7/all-jit/logs/module_spring-boot-opentelemetry.org.springframework.boot.opentelemetry.autoconfigure.W3CHeaderParserTests.out.log	/data/data/cratonvm/apps/spring-boot-suite-runner/.suite/results/craton-fullsuite-azure-20260805-s7/all-jit/logs/module_spring-boot-opentelemetry.org.springframework.boot.opentelemetry.autoconfigure.W3CHeaderParserTests.err.log	
95	module/spring-boot-opentelemetry	org.springframework.boot.opentelemetry.autoconfigure.logging.otlp.OtlpLoggingAutoConfigurationTests	craton	on	0	PASS	32.251	22	0	0	0	0	/data/data/cratonvm/apps/spring-boot-suite-runner/.suite/results/craton-fullsuite-azure-20260805-s7/all-jit/logs/module_spring-boot-opentelemetry.org.springframework.boot.opentelemetry.autoconfigure.logging.otlp.OtlpLog-7561ede99705.out.log	/data/data/cratonvm/apps/spring-boot-suite-runner/.suite/results/craton-fullsuite-azure-20260805-s7/all-jit/logs/module_spring-boot-opentelemetry.org.springframework.boot.opentelemetry.autoconfigure.logging.otlp.OtlpLog-7561ede99705.err.log	
96	module/spring-boot-persistence	org.springframework.boot.persistence.autoconfigure.EntityScanPackagesTests	craton	on	0	PASS	2.015	13	0	0	0	0	/data/data/cratonvm/apps/spring-boot-suite-runner/.suite/results/craton-fullsuite-azure-20260805-s7/all-jit/logs/module_spring-boot-persistence.org.springframework.boot.persistence.autoconfigure.EntityScanPackagesTests.out.log	/data/data/cratonvm/apps/spring-boot-suite-runner/.suite/results/craton-fullsuite-azure-20260805-s7/all-jit/logs/module_spring-boot-persistence.org.springframework.boot.persistence.autoconfigure.EntityScanPackagesTests.err.log	
97	module/spring-boot-persistence	org.springframework.boot.persistence.autoconfigure.EntityScannerTests	craton	on	0	PASS	4.060	7	0	0	0	0	/data/data/cratonvm/apps/spring-boot-suite-runner/.suite/results/craton-fullsuite-azure-20260805-s7/all-jit/logs/module_spring-boot-persistence.org.springframework.boot.persistence.autoconfigure.EntityScannerTests.out.log	/data/data/cratonvm/apps/spring-boot-suite-runner/.suite/results/craton-fullsuite-azure-20260805-s7/all-jit/logs/module_spring-boot-persistence.org.springframework.boot.persistence.autoconfigure.EntityScannerTests.err.log	
98	module/spring-boot-pulsar	org.springframework.boot.pulsar.autoconfigure.DeadLetterPolicyMapperTests	craton	on	0	PASS	0.807	2	0	0	0	0	/data/data/cratonvm/apps/spring-boot-suite-runner/.suite/results/craton-fullsuite-azure-20260805-s7/all-jit/logs/module_spring-boot-pulsar.org.springframework.boot.pulsar.autoconfigure.DeadLetterPolicyMapperTests.out.log	/data/data/cratonvm/apps/spring-boot-suite-runner/.suite/results/craton-fullsuite-azure-20260805-s7/all-jit/logs/module_spring-boot-pulsar.org.springframework.boot.pulsar.autoconfigure.DeadLetterPolicyMapperTests.err.log	
99	module/spring-boot-pulsar	org.springframework.boot.pulsar.autoconfigure.PropertiesPulsarConnectionDetailsTests	craton	on	0	PASS	1.007	2	0	0	0	0	/data/data/cratonvm/apps/spring-boot-suite-runner/.suite/results/craton-fullsuite-azure-20260805-s7/all-jit/logs/module_spring-boot-pulsar.org.springframework.boot.pulsar.autoconfigure.PropertiesPulsarConnectionDetailsTests.out.log	/data/data/cratonvm/apps/spring-boot-suite-runner/.suite/results/craton-fullsuite-azure-20260805-s7/all-jit/logs/module_spring-boot-pulsar.org.springframework.boot.pulsar.autoconfigure.PropertiesPulsarConnectionDetailsTests.err.log	
100	module/spring-boot-persistence	org.springframework.boot.persistence.autoconfigure.PersistenceExceptionTranslationAutoConfigurationTests	craton	on	0	PASS	6.328	5	0	0	0	0	/data/data/cratonvm/apps/spring-boot-suite-runner/.suite/results/craton-fullsuite-azure-20260805-s7/all-jit/logs/module_spring-boot-persistence.org.springframework.boot.persistence.autoconfigure.PersistenceExceptionTran-76cb09b268d4.out.log	/data/data/cratonvm/apps/spring-boot-suite-runner/.suite/results/craton-fullsuite-azure-20260805-s7/all-jit/logs/module_spring-boot-persistence.org.springframework.boot.persistence.autoconfigure.PersistenceExceptionTran-76cb09b268d4.err.log	
101	module/spring-boot-pulsar	org.springframework.boot.pulsar.autoconfigure.PulsarContainerFactoryCustomizersTests	craton	on	0	PASS	5.042	3	0	0	0	0	/data/data/cratonvm/apps/spring-boot-suite-runner/.suite/results/craton-fullsuite-azure-20260805-s7/all-jit/logs/module_spring-boot-pulsar.org.springframework.boot.pulsar.autoconfigure.PulsarContainerFactoryCustomizersTests.out.log	/data/data/cratonvm/apps/spring-boot-suite-runner/.suite/results/craton-fullsuite-azure-20260805-s7/all-jit/logs/module_spring-boot-pulsar.org.springframework.boot.pulsar.autoconfigure.PulsarContainerFactoryCustomizersTests.err.log	
102	module/spring-boot-pulsar	org.springframework.boot.pulsar.autoconfigure.PulsarPropertiesMapperTests	craton	on	1	FAIL	14.459	14	5	0	0	0	/data/data/cratonvm/apps/spring-boot-suite-runner/.suite/results/craton-fullsuite-azure-20260805-s7/all-jit/logs/module_spring-boot-pulsar.org.springframework.boot.pulsar.autoconfigure.PulsarPropertiesMapperTests.out.log	/data/data/cratonvm/apps/spring-boot-suite-runner/.suite/results/craton-fullsuite-azure-20260805-s7/all-jit/logs/module_spring-boot-pulsar.org.springframework.boot.pulsar.autoconfigure.PulsarPropertiesMapperTests.err.log	    => org.mockito.exceptions.base.MockitoException:  | hotspot-baseline: PASS 0/14
103	module/spring-boot-pulsar	org.springframework.boot.pulsar.autoconfigure.PulsarPropertiesTests	craton	on	0	PASS	2.217	24	0	0	0	0	/data/data/cratonvm/apps/spring-boot-suite-runner/.suite/results/craton-fullsuite-azure-20260805-s7/all-jit/logs/module_spring-boot-pulsar.org.springframework.boot.pulsar.autoconfigure.PulsarPropertiesTests.out.log	/data/data/cratonvm/apps/spring-boot-suite-runner/.suite/results/craton-fullsuite-azure-20260805-s7/all-jit/logs/module_spring-boot-pulsar.org.springframework.boot.pulsar.autoconfigure.PulsarPropertiesTests.err.log	
104	module/spring-boot-quartz	org.springframework.boot.quartz.actuate.endpoint.QuartzEndpointTests	craton	on	0	PASS	24.699	44	0	0	0	0	/data/data/cratonvm/apps/spring-boot-suite-runner/.suite/results/craton-fullsuite-azure-20260805-s7/all-jit/logs/module_spring-boot-quartz.org.springframework.boot.quartz.actuate.endpoint.QuartzEndpointTests.out.log	/data/data/cratonvm/apps/spring-boot-suite-runner/.suite/results/craton-fullsuite-azure-20260805-s7/all-jit/logs/module_spring-boot-quartz.org.springframework.boot.quartz.actuate.endpoint.QuartzEndpointTests.err.log	
105	module/spring-boot-quartz	org.springframework.boot.quartz.actuate.endpoint.QuartzEndpointWebExtensionTests	craton	on	0	PASS	3.820	5	0	0	0	0	/data/data/cratonvm/apps/spring-boot-suite-runner/.suite/results/craton-fullsuite-azure-20260805-s7/all-jit/logs/module_spring-boot-quartz.org.springframework.boot.quartz.actuate.endpoint.QuartzEndpointWebExtensionTests.out.log	/data/data/cratonvm/apps/spring-boot-suite-runner/.suite/results/craton-fullsuite-azure-20260805-s7/all-jit/logs/module_spring-boot-quartz.org.springframework.boot.quartz.actuate.endpoint.QuartzEndpointWebExtensionTests.err.log	
106	module/spring-boot-pulsar	org.springframework.boot.pulsar.autoconfigure.PulsarAutoConfigurationTests	craton	on	1	FAIL	119.556	74	8	0	2	0	/data/data/cratonvm/apps/spring-boot-suite-runner/.suite/results/craton-fullsuite-azure-20260805-s7/all-jit/logs/module_spring-boot-pulsar.org.springframework.boot.pulsar.autoconfigure.PulsarAutoConfigurationTests.out.log	/data/data/cratonvm/apps/spring-boot-suite-runner/.suite/results/craton-fullsuite-azure-20260805-s7/all-jit/logs/module_spring-boot-pulsar.org.springframework.boot.pulsar.autoconfigure.PulsarAutoConfigurationTests.err.log	11:43:38.228 [main] WARN org.springframework.context.annotation.AnnotationConfigApplicationContext -- Exception encountered during context initialization - cancelling refresh attem | hotspot-baseline: PASS 0/74
107	module/spring-boot-quartz	org.springframework.boot.quartz.autoconfigure.QuartzAutoConfigurationTests	craton	on	0	PASS	57.422	24	0	0	0	0	/data/data/cratonvm/apps/spring-boot-suite-runner/.suite/results/craton-fullsuite-azure-20260805-s7/all-jit/logs/module_spring-boot-quartz.org.springframework.boot.quartz.autoconfigure.QuartzAutoConfigurationTests.out.log	/data/data/cratonvm/apps/spring-boot-suite-runner/.suite/results/craton-fullsuite-azure-20260805-s7/all-jit/logs/module_spring-boot-quartz.org.springframework.boot.quartz.autoconfigure.QuartzAutoConfigurationTests.err.log	
108	module/spring-boot-quartz	org.springframework.boot.quartz.autoconfigure.QuartzDataSourceScriptDatabaseInitializerTests	craton	on	0	PASS	3.424	2	0	0	0	0	/data/data/cratonvm/apps/spring-boot-suite-runner/.suite/results/craton-fullsuite-azure-20260805-s7/all-jit/logs/module_spring-boot-quartz.org.springframework.boot.quartz.autoconfigure.QuartzDataSourceScriptDatabaseInitializerTests.out.log	/data/data/cratonvm/apps/spring-boot-suite-runner/.suite/results/craton-fullsuite-azure-20260805-s7/all-jit/logs/module_spring-boot-quartz.org.springframework.boot.quartz.autoconfigure.QuartzDataSourceScriptDatabaseInitializerTests.err.log	
109	module/spring-boot-quartz	org.springframework.boot.quartz.autoconfigure.QuartzEndpointAutoConfigurationTests	craton	on	0	PASS	9.675	8	0	0	0	0	/data/data/cratonvm/apps/spring-boot-suite-runner/.suite/results/craton-fullsuite-azure-20260805-s7/all-jit/logs/module_spring-boot-quartz.org.springframework.boot.quartz.autoconfigure.QuartzEndpointAutoConfigurationTests.out.log	/data/data/cratonvm/apps/spring-boot-suite-runner/.suite/results/craton-fullsuite-azure-20260805-s7/all-jit/logs/module_spring-boot-quartz.org.springframework.boot.quartz.autoconfigure.QuartzEndpointAutoConfigurationTests.err.log	
110	module/spring-boot-r2dbc	org.springframework.boot.r2dbc.autoconfigure.ConnectionFactoryBeanCreationFailureAnalyzerTests	craton	on	0	PASS	2.614	2	0	0	0	0	/data/data/cratonvm/apps/spring-boot-suite-runner/.suite/results/craton-fullsuite-azure-20260805-s7/all-jit/logs/module_spring-boot-r2dbc.org.springframework.boot.r2dbc.autoconfigure.ConnectionFactoryBeanCreationFailureAnalyzerTests.out.log	/data/data/cratonvm/apps/spring-boot-suite-runner/.suite/results/craton-fullsuite-azure-20260805-s7/all-jit/logs/module_spring-boot-r2dbc.org.springframework.boot.r2dbc.autoconfigure.ConnectionFactoryBeanCreationFailureAnalyzerTests.err.log	
111	module/spring-boot-r2dbc	org.springframework.boot.r2dbc.autoconfigure.health.ConnectionFactoryHealthContributorAutoConfigurationTests	craton	on	0	PASS	4.438	3	0	0	0	0	/data/data/cratonvm/apps/spring-boot-suite-runner/.suite/results/craton-fullsuite-azure-20260805-s7/all-jit/logs/module_spring-boot-r2dbc.org.springframework.boot.r2dbc.autoconfigure.health.ConnectionFactoryHealthContri-f0344e581e1d.out.log	/data/data/cratonvm/apps/spring-boot-suite-runner/.suite/results/craton-fullsuite-azure-20260805-s7/all-jit/logs/module_spring-boot-r2dbc.org.springframework.boot.r2dbc.autoconfigure.health.ConnectionFactoryHealthContri-f0344e581e1d.err.log	
112	module/spring-boot-r2dbc	org.springframework.boot.r2dbc.autoconfigure.metrics.ConnectionPoolMetricsAutoConfigurationTests	craton	on	0	PASS	7.861	6	0	0	0	0	/data/data/cratonvm/apps/spring-boot-suite-runner/.suite/results/craton-fullsuite-azure-20260805-s7/all-jit/logs/module_spring-boot-r2dbc.org.springframework.boot.r2dbc.autoconfigure.metrics.ConnectionPoolMetricsAutoCon-5dd240dd22f4.out.log	/data/data/cratonvm/apps/spring-boot-suite-runner/.suite/results/craton-fullsuite-azure-20260805-s7/all-jit/logs/module_spring-boot-r2dbc.org.springframework.boot.r2dbc.autoconfigure.metrics.ConnectionPoolMetricsAutoCon-5dd240dd22f4.err.log	
113	module/spring-boot-r2dbc	org.springframework.boot.r2dbc.autoconfigure.MissingR2dbcPoolDependencyFailureAnalyzerTests	craton	on	0	PASS	0.805	2	0	0	0	0	/data/data/cratonvm/apps/spring-boot-suite-runner/.suite/results/craton-fullsuite-azure-20260805-s7/all-jit/logs/module_spring-boot-r2dbc.org.springframework.boot.r2dbc.autoconfigure.MissingR2dbcPoolDependencyFailureAnalyzerTests.out.log	/data/data/cratonvm/apps/spring-boot-suite-runner/.suite/results/craton-fullsuite-azure-20260805-s7/all-jit/logs/module_spring-boot-r2dbc.org.springframework.boot.r2dbc.autoconfigure.MissingR2dbcPoolDependencyFailureAnalyzerTests.err.log	
114	module/spring-boot-r2dbc	org.springframework.boot.r2dbc.autoconfigure.MultipleConnectionPoolConfigurationsFailureAnalyzerTests	craton	on	0	PASS	0.605	2	0	0	0	0	/data/data/cratonvm/apps/spring-boot-suite-runner/.suite/results/craton-fullsuite-azure-20260805-s7/all-jit/logs/module_spring-boot-r2dbc.org.springframework.boot.r2dbc.autoconfigure.MultipleConnectionPoolConfigurations-2374ff85d840.out.log	/data/data/cratonvm/apps/spring-boot-suite-runner/.suite/results/craton-fullsuite-azure-20260805-s7/all-jit/logs/module_spring-boot-r2dbc.org.springframework.boot.r2dbc.autoconfigure.MultipleConnectionPoolConfigurations-2374ff85d840.err.log	
115	module/spring-boot-r2dbc	org.springframework.boot.r2dbc.autoconfigure.NoConnectionFactoryBeanFailureAnalyzerTests	craton	on	0	PASS	0.807	4	0	0	0	0	/data/data/cratonvm/apps/spring-boot-suite-runner/.suite/results/craton-fullsuite-azure-20260805-s7/all-jit/logs/module_spring-boot-r2dbc.org.springframework.boot.r2dbc.autoconfigure.NoConnectionFactoryBeanFailureAnalyzerTests.out.log	/data/data/cratonvm/apps/spring-boot-suite-runner/.suite/results/craton-fullsuite-azure-20260805-s7/all-jit/logs/module_spring-boot-r2dbc.org.springframework.boot.r2dbc.autoconfigure.NoConnectionFactoryBeanFailureAnalyzerTests.err.log	
116	module/spring-boot-r2dbc	org.springframework.boot.r2dbc.autoconfigure.observation.R2dbcObservationAutoConfigurationTests	craton	on	0	PASS	2.415	2	0	0	0	0	/data/data/cratonvm/apps/spring-boot-suite-runner/.suite/results/craton-fullsuite-azure-20260805-s7/all-jit/logs/module_spring-boot-r2dbc.org.springframework.boot.r2dbc.autoconfigure.observation.R2dbcObservationAutoConf-d078f22d5836.out.log	/data/data/cratonvm/apps/spring-boot-suite-runner/.suite/results/craton-fullsuite-azure-20260805-s7/all-jit/logs/module_spring-boot-r2dbc.org.springframework.boot.r2dbc.autoconfigure.observation.R2dbcObservationAutoConf-d078f22d5836.err.log	
117	module/spring-boot-r2dbc	org.springframework.boot.r2dbc.autoconfigure.R2dbcAutoConfigurationTests	craton	on	0	PASS	21.759	25	0	0	0	0	/data/data/cratonvm/apps/spring-boot-suite-runner/.suite/results/craton-fullsuite-azure-20260805-s7/all-jit/logs/module_spring-boot-r2dbc.org.springframework.boot.r2dbc.autoconfigure.R2dbcAutoConfigurationTests.out.log	/data/data/cratonvm/apps/spring-boot-suite-runner/.suite/results/craton-fullsuite-azure-20260805-s7/all-jit/logs/module_spring-boot-r2dbc.org.springframework.boot.r2dbc.autoconfigure.R2dbcAutoConfigurationTests.err.log	
118	module/spring-boot-r2dbc	org.springframework.boot.r2dbc.autoconfigure.R2dbcAutoConfigurationWithoutConnectionPoolTests	craton	on	0	PASS	5.843	3	0	0	0	0	/data/data/cratonvm/apps/spring-boot-suite-runner/.suite/results/craton-fullsuite-azure-20260805-s7/all-jit/logs/module_spring-boot-r2dbc.org.springframework.boot.r2dbc.autoconfigure.R2dbcAutoConfigurationWithoutConnectionPoolTests.out.log	/data/data/cratonvm/apps/spring-boot-suite-runner/.suite/results/craton-fullsuite-azure-20260805-s7/all-jit/logs/module_spring-boot-r2dbc.org.springframework.boot.r2dbc.autoconfigure.R2dbcAutoConfigurationWithoutConnectionPoolTests.err.log	
119	module/spring-boot-r2dbc	org.springframework.boot.r2dbc.autoconfigure.R2dbcInitializationAutoConfigurationTests	craton	on	0	PASS	11.073	8	0	0	0	0	/data/data/cratonvm/apps/spring-boot-suite-runner/.suite/results/craton-fullsuite-azure-20260805-s7/all-jit/logs/module_spring-boot-r2dbc.org.springframework.boot.r2dbc.autoconfigure.R2dbcInitializationAutoConfigurationTests.out.log	/data/data/cratonvm/apps/spring-boot-suite-runner/.suite/results/craton-fullsuite-azure-20260805-s7/all-jit/logs/module_spring-boot-r2dbc.org.springframework.boot.r2dbc.autoconfigure.R2dbcInitializationAutoConfigurationTests.err.log	
120	module/spring-boot-r2dbc	org.springframework.boot.r2dbc.autoconfigure.R2dbcProxyAutoConfigurationTests	craton	on	0	PASS	1.812	4	0	0	0	0	/data/data/cratonvm/apps/spring-boot-suite-runner/.suite/results/craton-fullsuite-azure-20260805-s7/all-jit/logs/module_spring-boot-r2dbc.org.springframework.boot.r2dbc.autoconfigure.R2dbcProxyAutoConfigurationTests.out.log	/data/data/cratonvm/apps/spring-boot-suite-runner/.suite/results/craton-fullsuite-azure-20260805-s7/all-jit/logs/module_spring-boot-r2dbc.org.springframework.boot.r2dbc.autoconfigure.R2dbcProxyAutoConfigurationTests.err.log	
121	module/spring-boot-r2dbc	org.springframework.boot.r2dbc.autoconfigure.R2dbcTransactionManagerAutoConfigurationTests	craton	on	0	PASS	5.644	3	0	0	0	0	/data/data/cratonvm/apps/spring-boot-suite-runner/.suite/results/craton-fullsuite-azure-20260805-s7/all-jit/logs/module_spring-boot-r2dbc.org.springframework.boot.r2dbc.autoconfigure.R2dbcTransactionManagerAutoConfigurationTests.out.log	/data/data/cratonvm/apps/spring-boot-suite-runner/.suite/results/craton-fullsuite-azure-20260805-s7/all-jit/logs/module_spring-boot-r2dbc.org.springframework.boot.r2dbc.autoconfigure.R2dbcTransactionManagerAutoConfigurationTests.err.log	
122	module/spring-boot-r2dbc	org.springframework.boot.r2dbc.ConnectionFactoryBuilderTests	craton	on	0	PASS	3.625	36	0	0	0	0	/data/data/cratonvm/apps/spring-boot-suite-runner/.suite/results/craton-fullsuite-azure-20260805-s7/all-jit/logs/module_spring-boot-r2dbc.org.springframework.boot.r2dbc.ConnectionFactoryBuilderTests.out.log	/data/data/cratonvm/apps/spring-boot-suite-runner/.suite/results/craton-fullsuite-azure-20260805-s7/all-jit/logs/module_spring-boot-r2dbc.org.springframework.boot.r2dbc.ConnectionFactoryBuilderTests.err.log	
123	module/spring-boot-r2dbc	org.springframework.boot.r2dbc.docker.compose.ClickHouseEnvironmentTests	craton	on	0	PASS	0.806	8	0	0	0	0	/data/data/cratonvm/apps/spring-boot-suite-runner/.suite/results/craton-fullsuite-azure-20260805-s7/all-jit/logs/module_spring-boot-r2dbc.org.springframework.boot.r2dbc.docker.compose.ClickHouseEnvironmentTests.out.log	/data/data/cratonvm/apps/spring-boot-suite-runner/.suite/results/craton-fullsuite-azure-20260805-s7/all-jit/logs/module_spring-boot-r2dbc.org.springframework.boot.r2dbc.docker.compose.ClickHouseEnvironmentTests.err.log	
124	module/spring-boot-r2dbc	org.springframework.boot.r2dbc.docker.compose.ConnectionFactoryOptionsBuilderTests	craton	on	0	PASS	2.213	5	0	0	0	0	/data/data/cratonvm/apps/spring-boot-suite-runner/.suite/results/craton-fullsuite-azure-20260805-s7/all-jit/logs/module_spring-boot-r2dbc.org.springframework.boot.r2dbc.docker.compose.ConnectionFactoryOptionsBuilderTests.out.log	/data/data/cratonvm/apps/spring-boot-suite-runner/.suite/results/craton-fullsuite-azure-20260805-s7/all-jit/logs/module_spring-boot-r2dbc.org.springframework.boot.r2dbc.docker.compose.ConnectionFactoryOptionsBuilderTests.err.log	
125	module/spring-boot-r2dbc	org.springframework.boot.r2dbc.docker.compose.MariaDbEnvironmentTests	craton	on	0	PASS	1.010	20	0	0	0	0	/data/data/cratonvm/apps/spring-boot-suite-runner/.suite/results/craton-fullsuite-azure-20260805-s7/all-jit/logs/module_spring-boot-r2dbc.org.springframework.boot.r2dbc.docker.compose.MariaDbEnvironmentTests.out.log	/data/data/cratonvm/apps/spring-boot-suite-runner/.suite/results/craton-fullsuite-azure-20260805-s7/all-jit/logs/module_spring-boot-r2dbc.org.springframework.boot.r2dbc.docker.compose.MariaDbEnvironmentTests.err.log	
126	module/spring-boot-r2dbc	org.springframework.boot.r2dbc.docker.compose.MySqlEnvironmentTests	craton	on	0	PASS	0.807	10	0	0	0	0	/data/data/cratonvm/apps/spring-boot-suite-runner/.suite/results/craton-fullsuite-azure-20260805-s7/all-jit/logs/module_spring-boot-r2dbc.org.springframework.boot.r2dbc.docker.compose.MySqlEnvironmentTests.out.log	/data/data/cratonvm/apps/spring-boot-suite-runner/.suite/results/craton-fullsuite-azure-20260805-s7/all-jit/logs/module_spring-boot-r2dbc.org.springframework.boot.r2dbc.docker.compose.MySqlEnvironmentTests.err.log	
127	module/spring-boot-r2dbc	org.springframework.boot.r2dbc.docker.compose.OracleEnvironmentTests	craton	on	0	PASS	0.809	12	0	0	0	0	/data/data/cratonvm/apps/spring-boot-suite-runner/.suite/results/craton-fullsuite-azure-20260805-s7/all-jit/logs/module_spring-boot-r2dbc.org.springframework.boot.r2dbc.docker.compose.OracleEnvironmentTests.out.log	/data/data/cratonvm/apps/spring-boot-suite-runner/.suite/results/craton-fullsuite-azure-20260805-s7/all-jit/logs/module_spring-boot-r2dbc.org.springframework.boot.r2dbc.docker.compose.OracleEnvironmentTests.err.log	
128	module/spring-boot-r2dbc	org.springframework.boot.r2dbc.docker.compose.PostgresEnvironmentTests	craton	on	0	PASS	1.006	18	0	0	0	0	/data/data/cratonvm/apps/spring-boot-suite-runner/.suite/results/craton-fullsuite-azure-20260805-s7/all-jit/logs/module_spring-boot-r2dbc.org.springframework.boot.r2dbc.docker.compose.PostgresEnvironmentTests.out.log	/data/data/cratonvm/apps/spring-boot-suite-runner/.suite/results/craton-fullsuite-azure-20260805-s7/all-jit/logs/module_spring-boot-r2dbc.org.springframework.boot.r2dbc.docker.compose.PostgresEnvironmentTests.err.log	
129	module/spring-boot-r2dbc	org.springframework.boot.r2dbc.docker.compose.PostgresR2dbcDockerComposeConnectionDetailsFactoryConnectionDetailsTests	craton	on	0	PASS	2.421	5	0	0	0	0	/data/data/cratonvm/apps/spring-boot-suite-runner/.suite/results/craton-fullsuite-azure-20260805-s7/all-jit/logs/module_spring-boot-r2dbc.org.springframework.boot.r2dbc.docker.compose.PostgresR2dbcDockerComposeConnectio-b340754975a3.out.log	/data/data/cratonvm/apps/spring-boot-suite-runner/.suite/results/craton-fullsuite-azure-20260805-s7/all-jit/logs/module_spring-boot-r2dbc.org.springframework.boot.r2dbc.docker.compose.PostgresR2dbcDockerComposeConnectio-b340754975a3.err.log	
130	module/spring-boot-r2dbc	org.springframework.boot.r2dbc.docker.compose.SqlServerEnvironmentTests	craton	on	0	PASS	0.603	5	0	0	0	0	/data/data/cratonvm/apps/spring-boot-suite-runner/.suite/results/craton-fullsuite-azure-20260805-s7/all-jit/logs/module_spring-boot-r2dbc.org.springframework.boot.r2dbc.docker.compose.SqlServerEnvironmentTests.out.log	/data/data/cratonvm/apps/spring-boot-suite-runner/.suite/results/craton-fullsuite-azure-20260805-s7/all-jit/logs/module_spring-boot-r2dbc.org.springframework.boot.r2dbc.docker.compose.SqlServerEnvironmentTests.err.log	
131	module/spring-boot-r2dbc	org.springframework.boot.r2dbc.EmbeddedDatabaseConnectionTests	craton	on	0	PASS	1.206	9	0	0	0	0	/data/data/cratonvm/apps/spring-boot-suite-runner/.suite/results/craton-fullsuite-azure-20260805-s7/all-jit/logs/module_spring-boot-r2dbc.org.springframework.boot.r2dbc.EmbeddedDatabaseConnectionTests.out.log	/data/data/cratonvm/apps/spring-boot-suite-runner/.suite/results/craton-fullsuite-azure-20260805-s7/all-jit/logs/module_spring-boot-r2dbc.org.springframework.boot.r2dbc.EmbeddedDatabaseConnectionTests.err.log	
132	module/spring-boot-r2dbc	org.springframework.boot.r2dbc.health.ConnectionFactoryHealthIndicatorTests	craton	on	0	PASS	3.019	5	0	0	0	0	/data/data/cratonvm/apps/spring-boot-suite-runner/.suite/results/craton-fullsuite-azure-20260805-s7/all-jit/logs/module_spring-boot-r2dbc.org.springframework.boot.r2dbc.health.ConnectionFactoryHealthIndicatorTests.out.log	/data/data/cratonvm/apps/spring-boot-suite-runner/.suite/results/craton-fullsuite-azure-20260805-s7/all-jit/logs/module_spring-boot-r2dbc.org.springframework.boot.r2dbc.health.ConnectionFactoryHealthIndicatorTests.err.log	
133	module/spring-boot-r2dbc	org.springframework.boot.r2dbc.init.R2dbcScriptDatabaseInitializerTests	craton	on	0	PASS	2.216	14	0	0	0	0	/data/data/cratonvm/apps/spring-boot-suite-runner/.suite/results/craton-fullsuite-azure-20260805-s7/all-jit/logs/module_spring-boot-r2dbc.org.springframework.boot.r2dbc.init.R2dbcScriptDatabaseInitializerTests.out.log	/data/data/cratonvm/apps/spring-boot-suite-runner/.suite/results/craton-fullsuite-azure-20260805-s7/all-jit/logs/module_spring-boot-r2dbc.org.springframework.boot.r2dbc.init.R2dbcScriptDatabaseInitializerTests.err.log	
134	module/spring-boot-r2dbc	org.springframework.boot.r2dbc.metrics.ConnectionPoolMetricsTests	craton	on	0	PASS	1.209	1	0	0	0	0	/data/data/cratonvm/apps/spring-boot-suite-runner/.suite/results/craton-fullsuite-azure-20260805-s7/all-jit/logs/module_spring-boot-r2dbc.org.springframework.boot.r2dbc.metrics.ConnectionPoolMetricsTests.out.log	/data/data/cratonvm/apps/spring-boot-suite-runner/.suite/results/craton-fullsuite-azure-20260805-s7/all-jit/logs/module_spring-boot-r2dbc.org.springframework.boot.r2dbc.metrics.ConnectionPoolMetricsTests.err.log	
135	module/spring-boot-r2dbc	org.springframework.boot.r2dbc.testcontainers.ClickHouseR2dbcContainerConnectionDetailsFactoryTests	craton	on	0	PASS	0.805	1	0	0	0	0	/data/data/cratonvm/apps/spring-boot-suite-runner/.suite/results/craton-fullsuite-azure-20260805-s7/all-jit/logs/module_spring-boot-r2dbc.org.springframework.boot.r2dbc.testcontainers.ClickHouseR2dbcContainerConnectionD-2da79e787c51.out.log	/data/data/cratonvm/apps/spring-boot-suite-runner/.suite/results/craton-fullsuite-azure-20260805-s7/all-jit/logs/module_spring-boot-r2dbc.org.springframework.boot.r2dbc.testcontainers.ClickHouseR2dbcContainerConnectionD-2da79e787c51.err.log	
136	module/spring-boot-r2dbc	org.springframework.boot.r2dbc.testcontainers.MariaDbR2dbcContainerConnectionDetailsFactoryTests	craton	on	0	PASS	0.805	1	0	0	0	0	/data/data/cratonvm/apps/spring-boot-suite-runner/.suite/results/craton-fullsuite-azure-20260805-s7/all-jit/logs/module_spring-boot-r2dbc.org.springframework.boot.r2dbc.testcontainers.MariaDbR2dbcContainerConnectionDeta-b506e7265af1.out.log	/data/data/cratonvm/apps/spring-boot-suite-runner/.suite/results/craton-fullsuite-azure-20260805-s7/all-jit/logs/module_spring-boot-r2dbc.org.springframework.boot.r2dbc.testcontainers.MariaDbR2dbcContainerConnectionDeta-b506e7265af1.err.log	
137	module/spring-boot-r2dbc	org.springframework.boot.r2dbc.testcontainers.MySqlR2dbcContainerConnectionDetailsFactoryTests	craton	on	0	PASS	0.807	1	0	0	0	0	/data/data/cratonvm/apps/spring-boot-suite-runner/.suite/results/craton-fullsuite-azure-20260805-s7/all-jit/logs/module_spring-boot-r2dbc.org.springframework.boot.r2dbc.testcontainers.MySqlR2dbcContainerConnectionDetailsFactoryTests.out.log	/data/data/cratonvm/apps/spring-boot-suite-runner/.suite/results/craton-fullsuite-azure-20260805-s7/all-jit/logs/module_spring-boot-r2dbc.org.springframework.boot.r2dbc.testcontainers.MySqlR2dbcContainerConnectionDetailsFactoryTests.err.log	
138	module/spring-boot-r2dbc	org.springframework.boot.r2dbc.testcontainers.OracleFreeR2dbcContainerConnectionDetailsFactoryTests	craton	on	0	PASS	0.806	1	0	0	0	0	/data/data/cratonvm/apps/spring-boot-suite-runner/.suite/results/craton-fullsuite-azure-20260805-s7/all-jit/logs/module_spring-boot-r2dbc.org.springframework.boot.r2dbc.testcontainers.OracleFreeR2dbcContainerConnectionD-191e3b4470e1.out.log	/data/data/cratonvm/apps/spring-boot-suite-runner/.suite/results/craton-fullsuite-azure-20260805-s7/all-jit/logs/module_spring-boot-r2dbc.org.springframework.boot.r2dbc.testcontainers.OracleFreeR2dbcContainerConnectionD-191e3b4470e1.err.log	
139	module/spring-boot-r2dbc	org.springframework.boot.r2dbc.testcontainers.OracleXeR2dbcContainerConnectionDetailsFactoryTests	craton	on	0	PASS	0.805	1	0	0	0	0	/data/data/cratonvm/apps/spring-boot-suite-runner/.suite/results/craton-fullsuite-azure-20260805-s7/all-jit/logs/module_spring-boot-r2dbc.org.springframework.boot.r2dbc.testcontainers.OracleXeR2dbcContainerConnectionDet-0c02b574ddca.out.log	/data/data/cratonvm/apps/spring-boot-suite-runner/.suite/results/craton-fullsuite-azure-20260805-s7/all-jit/logs/module_spring-boot-r2dbc.org.springframework.boot.r2dbc.testcontainers.OracleXeR2dbcContainerConnectionDet-0c02b574ddca.err.log	
140	module/spring-boot-r2dbc	org.springframework.boot.r2dbc.testcontainers.PostgresR2dbcContainerConnectionDetailsFactoryTests	craton	on	0	PASS	0.807	1	0	0	0	0	/data/data/cratonvm/apps/spring-boot-suite-runner/.suite/results/craton-fullsuite-azure-20260805-s7/all-jit/logs/module_spring-boot-r2dbc.org.springframework.boot.r2dbc.testcontainers.PostgresR2dbcContainerConnectionDet-264243a22807.out.log	/data/data/cratonvm/apps/spring-boot-suite-runner/.suite/results/craton-fullsuite-azure-20260805-s7/all-jit/logs/module_spring-boot-r2dbc.org.springframework.boot.r2dbc.testcontainers.PostgresR2dbcContainerConnectionDet-264243a22807.err.log	
141	module/spring-boot-r2dbc	org.springframework.boot.r2dbc.testcontainers.SqlServerR2dbcContainerConnectionDetailsFactoryTests	craton	on	0	PASS	0.809	1	0	0	0	0	/data/data/cratonvm/apps/spring-boot-suite-runner/.suite/results/craton-fullsuite-azure-20260805-s7/all-jit/logs/module_spring-boot-r2dbc.org.springframework.boot.r2dbc.testcontainers.SqlServerR2dbcContainerConnectionDe-7ca2f0509faf.out.log	/data/data/cratonvm/apps/spring-boot-suite-runner/.suite/results/craton-fullsuite-azure-20260805-s7/all-jit/logs/module_spring-boot-r2dbc.org.springframework.boot.r2dbc.testcontainers.SqlServerR2dbcContainerConnectionDe-7ca2f0509faf.err.log	
142	module/spring-boot-reactor	org.springframework.boot.reactor.autoconfigure.ReactorAutoConfigurationTests	craton	on	0	PASS	1.810	3	0	0	0	0	/data/data/cratonvm/apps/spring-boot-suite-runner/.suite/results/craton-fullsuite-azure-20260805-s7/all-jit/logs/module_spring-boot-reactor.org.springframework.boot.reactor.autoconfigure.ReactorAutoConfigurationTests.out.log	/data/data/cratonvm/apps/spring-boot-suite-runner/.suite/results/craton-fullsuite-azure-20260805-s7/all-jit/logs/module_spring-boot-reactor.org.springframework.boot.reactor.autoconfigure.ReactorAutoConfigurationTests.err.log	
143	module/spring-boot-reactor	org.springframework.boot.reactor.ReactorEnvironmentPostProcessorTests	craton	on	0	EMPTY	0.604	0	0	0	3	0	/data/data/cratonvm/apps/spring-boot-suite-runner/.suite/results/craton-fullsuite-azure-20260805-s7/all-jit/logs/module_spring-boot-reactor.org.springframework.boot.reactor.ReactorEnvironmentPostProcessorTests.out.log	/data/data/cratonvm/apps/spring-boot-suite-runner/.suite/results/craton-fullsuite-azure-20260805-s7/all-jit/logs/module_spring-boot-reactor.org.springframework.boot.reactor.ReactorEnvironmentPostProcessorTests.err.log	
144	module/spring-boot-reactor-netty	org.springframework.boot.reactor.netty.autoconfigure.AutoConfigureWebServerReactorNettyTests	craton	on	0	PASS	6.439	1	0	0	0	0	/data/data/cratonvm/apps/spring-boot-suite-runner/.suite/results/craton-fullsuite-azure-20260805-s7/all-jit/logs/module_spring-boot-reactor-netty.org.springframework.boot.reactor.netty.autoconfigure.AutoConfigureWebServ-1167a3474fb7.out.log	/data/data/cratonvm/apps/spring-boot-suite-runner/.suite/results/craton-fullsuite-azure-20260805-s7/all-jit/logs/module_spring-boot-reactor-netty.org.springframework.boot.reactor.netty.autoconfigure.AutoConfigureWebServ-1167a3474fb7.err.log	
145	module/spring-boot-quartz	org.springframework.boot.quartz.actuate.endpoint.QuartzEndpointWebIntegrationTests	craton	on	0	PASS	244.243	45	0	0	0	0	/data/data/cratonvm/apps/spring-boot-suite-runner/.suite/results/craton-fullsuite-azure-20260805-s7/all-jit/logs/module_spring-boot-quartz.org.springframework.boot.quartz.actuate.endpoint.QuartzEndpointWebIntegrationTests.out.log	/data/data/cratonvm/apps/spring-boot-suite-runner/.suite/results/craton-fullsuite-azure-20260805-s7/all-jit/logs/module_spring-boot-quartz.org.springframework.boot.quartz.actuate.endpoint.QuartzEndpointWebIntegrationTests.err.log	
146	module/spring-boot-reactor-netty	org.springframework.boot.reactor.netty.autoconfigure.NettyReactiveWebServerFactoryCustomizerTests	craton	on	0	PASS	4.027	9	0	0	0	0	/data/data/cratonvm/apps/spring-boot-suite-runner/.suite/results/craton-fullsuite-azure-20260805-s7/all-jit/logs/module_spring-boot-reactor-netty.org.springframework.boot.reactor.netty.autoconfigure.NettyReactiveWebServ-8d801c9b6ec3.out.log	/data/data/cratonvm/apps/spring-boot-suite-runner/.suite/results/craton-fullsuite-azure-20260805-s7/all-jit/logs/module_spring-boot-reactor-netty.org.springframework.boot.reactor.netty.autoconfigure.NettyReactiveWebServ-8d801c9b6ec3.err.log	
147	module/spring-boot-reactor-netty	org.springframework.boot.reactor.netty.autoconfigure.NettyServerPropertiesTests	craton	on	0	PASS	1.009	6	0	0	0	0	/data/data/cratonvm/apps/spring-boot-suite-runner/.suite/results/craton-fullsuite-azure-20260805-s7/all-jit/logs/module_spring-boot-reactor-netty.org.springframework.boot.reactor.netty.autoconfigure.NettyServerPropertiesTests.out.log	/data/data/cratonvm/apps/spring-boot-suite-runner/.suite/results/craton-fullsuite-azure-20260805-s7/all-jit/logs/module_spring-boot-reactor-netty.org.springframework.boot.reactor.netty.autoconfigure.NettyServerPropertiesTests.err.log	
148	module/spring-boot-reactor-netty	org.springframework.boot.reactor.netty.autoconfigure.NettyReactiveWebServerAutoConfigurationTests	craton	on	0	PASS	17.165	11	0	0	0	0	/data/data/cratonvm/apps/spring-boot-suite-runner/.suite/results/craton-fullsuite-azure-20260805-s7/all-jit/logs/module_spring-boot-reactor-netty.org.springframework.boot.reactor.netty.autoconfigure.NettyReactiveWebServ-776c93cae989.out.log	/data/data/cratonvm/apps/spring-boot-suite-runner/.suite/results/craton-fullsuite-azure-20260805-s7/all-jit/logs/module_spring-boot-reactor-netty.org.springframework.boot.reactor.netty.autoconfigure.NettyReactiveWebServ-776c93cae989.err.log	
149	module/spring-boot-restclient	org.springframework.boot.restclient.autoconfigure.AutoConfiguredRestClientSslTests	craton	on	0	PASS	3.622	2	0	0	0	0	/data/data/cratonvm/apps/spring-boot-suite-runner/.suite/results/craton-fullsuite-azure-20260805-s7/all-jit/logs/module_spring-boot-restclient.org.springframework.boot.restclient.autoconfigure.AutoConfiguredRestClientSslTests.out.log	/data/data/cratonvm/apps/spring-boot-suite-runner/.suite/results/craton-fullsuite-azure-20260805-s7/all-jit/logs/module_spring-boot-restclient.org.springframework.boot.restclient.autoconfigure.AutoConfiguredRestClientSslTests.err.log	
150	module/spring-boot-restclient	org.springframework.boot.restclient.autoconfigure.HttpMessageConvertersRestClientCustomizerTests	craton	on	0	PASS	2.415	1	0	0	0	0	/data/data/cratonvm/apps/spring-boot-suite-runner/.suite/results/craton-fullsuite-azure-20260805-s7/all-jit/logs/module_spring-boot-restclient.org.springframework.boot.restclient.autoconfigure.HttpMessageConvertersRestC-fc5b372c0b65.out.log	/data/data/cratonvm/apps/spring-boot-suite-runner/.suite/results/craton-fullsuite-azure-20260805-s7/all-jit/logs/module_spring-boot-restclient.org.springframework.boot.restclient.autoconfigure.HttpMessageConvertersRestC-fc5b372c0b65.err.log	
151	module/spring-boot-reactor-netty	org.springframework.boot.reactor.netty.NettyReactiveWebServerFactoryTests	craton	on	1	FAIL	17.146	36	1	0	1	0	/data/data/cratonvm/apps/spring-boot-suite-runner/.suite/results/craton-fullsuite-azure-20260805-s7/all-jit/logs/module_spring-boot-reactor-netty.org.springframework.boot.reactor.netty.NettyReactiveWebServerFactoryTests.out.log	/data/data/cratonvm/apps/spring-boot-suite-runner/.suite/results/craton-fullsuite-azure-20260805-s7/all-jit/logs/module_spring-boot-reactor-netty.org.springframework.boot.reactor.netty.NettyReactiveWebServerFactoryTests.err.log	11:48:14.074 [reactor-http-nio-2] WARN reactor.netty.http.client.HttpClientConnect -- [644a556b-1] The connection observed an error | hotspot-baseline: PASS 0/36
152	module/spring-boot-restclient	org.springframework.boot.restclient.autoconfigure.RestClientObservationAutoConfigurationTests	craton	on	0	PASS	5.433	5	0	0	0	0	/data/data/cratonvm/apps/spring-boot-suite-runner/.suite/results/craton-fullsuite-azure-20260805-s7/all-jit/logs/module_spring-boot-restclient.org.springframework.boot.restclient.autoconfigure.RestClientObservationAutoC-0858f08ec5f8.out.log	/data/data/cratonvm/apps/spring-boot-suite-runner/.suite/results/craton-fullsuite-azure-20260805-s7/all-jit/logs/module_spring-boot-restclient.org.springframework.boot.restclient.autoconfigure.RestClientObservationAutoC-0858f08ec5f8.err.log	
153	module/spring-boot-restclient	org.springframework.boot.restclient.autoconfigure.RestClientObservationAutoConfigurationWithoutMetricsTests	craton	on	0	PASS	4.227	1	0	0	0	0	/data/data/cratonvm/apps/spring-boot-suite-runner/.suite/results/craton-fullsuite-azure-20260805-s7/all-jit/logs/module_spring-boot-restclient.org.springframework.boot.restclient.autoconfigure.RestClientObservationAutoC-4833dac321f3.out.log	/data/data/cratonvm/apps/spring-boot-suite-runner/.suite/results/craton-fullsuite-azure-20260805-s7/all-jit/logs/module_spring-boot-restclient.org.springframework.boot.restclient.autoconfigure.RestClientObservationAutoC-4833dac321f3.err.log	
154	module/spring-boot-restclient	org.springframework.boot.restclient.autoconfigure.RestClientAutoConfigurationTests	craton	on	1	FAIL	19.561	15	3	0	0	0	/data/data/cratonvm/apps/spring-boot-suite-runner/.suite/results/craton-fullsuite-azure-20260805-s7/all-jit/logs/module_spring-boot-restclient.org.springframework.boot.restclient.autoconfigure.RestClientAutoConfigurationTests.out.log	/data/data/cratonvm/apps/spring-boot-suite-runner/.suite/results/craton-fullsuite-azure-20260805-s7/all-jit/logs/module_spring-boot-restclient.org.springframework.boot.restclient.autoconfigure.RestClientAutoConfigurationTests.err.log	11:48:40.319 [main] WARN org.springframework.context.annotation.AnnotationConfigApplicationContext -- Exception encountered during context initialization - cancelling refresh attem | hotspot-baseline: PASS 0/15
155	module/spring-boot-restclient	org.springframework.boot.restclient.autoconfigure.RestTemplateObservationAutoConfigurationTests	craton	on	0	PASS	5.025	5	0	0	0	0	/data/data/cratonvm/apps/spring-boot-suite-runner/.suite/results/craton-fullsuite-azure-20260805-s7/all-jit/logs/module_spring-boot-restclient.org.springframework.boot.restclient.autoconfigure.RestTemplateObservationAut-8cf57a8fa331.out.log	/data/data/cratonvm/apps/spring-boot-suite-runner/.suite/results/craton-fullsuite-azure-20260805-s7/all-jit/logs/module_spring-boot-restclient.org.springframework.boot.restclient.autoconfigure.RestTemplateObservationAut-8cf57a8fa331.err.log	
156	module/spring-boot-restclient	org.springframework.boot.restclient.autoconfigure.RestTemplateAutoConfigurationTests	craton	on	0	PASS	11.887	14	0	0	0	0	/data/data/cratonvm/apps/spring-boot-suite-runner/.suite/results/craton-fullsuite-azure-20260805-s7/all-jit/logs/module_spring-boot-restclient.org.springframework.boot.restclient.autoconfigure.RestTemplateAutoConfigurationTests.out.log	/data/data/cratonvm/apps/spring-boot-suite-runner/.suite/results/craton-fullsuite-azure-20260805-s7/all-jit/logs/module_spring-boot-restclient.org.springframework.boot.restclient.autoconfigure.RestTemplateAutoConfigurationTests.err.log	
157	module/spring-boot-restclient	org.springframework.boot.restclient.autoconfigure.RestTemplateObservationAutoConfigurationWithoutMetricsTests	craton	on	0	PASS	4.227	1	0	0	0	0	/data/data/cratonvm/apps/spring-boot-suite-runner/.suite/results/craton-fullsuite-azure-20260805-s7/all-jit/logs/module_spring-boot-restclient.org.springframework.boot.restclient.autoconfigure.RestTemplateObservationAut-232da76edbe3.out.log	/data/data/cratonvm/apps/spring-boot-suite-runner/.suite/results/craton-fullsuite-azure-20260805-s7/all-jit/logs/module_spring-boot-restclient.org.springframework.boot.restclient.autoconfigure.RestTemplateObservationAut-232da76edbe3.err.log	
158	module/spring-boot-restclient	org.springframework.boot.restclient.observation.ObservationRestClientCustomizerTests	craton	on	0	PASS	0.603	1	0	0	0	0	/data/data/cratonvm/apps/spring-boot-suite-runner/.suite/results/craton-fullsuite-azure-20260805-s7/all-jit/logs/module_spring-boot-restclient.org.springframework.boot.restclient.observation.ObservationRestClientCustomizerTests.out.log	/data/data/cratonvm/apps/spring-boot-suite-runner/.suite/results/craton-fullsuite-azure-20260805-s7/all-jit/logs/module_spring-boot-restclient.org.springframework.boot.restclient.observation.ObservationRestClientCustomizerTests.err.log	
159	module/spring-boot-restclient	org.springframework.boot.restclient.observation.ObservationRestTemplateCustomizerTests	craton	on	0	PASS	0.603	1	0	0	0	0	/data/data/cratonvm/apps/spring-boot-suite-runner/.suite/results/craton-fullsuite-azure-20260805-s7/all-jit/logs/module_spring-boot-restclient.org.springframework.boot.restclient.observation.ObservationRestTemplateCustomizerTests.out.log	/data/data/cratonvm/apps/spring-boot-suite-runner/.suite/results/craton-fullsuite-azure-20260805-s7/all-jit/logs/module_spring-boot-restclient.org.springframework.boot.restclient.observation.ObservationRestTemplateCustomizerTests.err.log	
160	module/spring-boot-restclient	org.springframework.boot.restclient.RestClientWithRestTemplateBuilderTests	craton	on	0	PASS	1.408	3	0	0	0	0	/data/data/cratonvm/apps/spring-boot-suite-runner/.suite/results/craton-fullsuite-azure-20260805-s7/all-jit/logs/module_spring-boot-restclient.org.springframework.boot.restclient.RestClientWithRestTemplateBuilderTests.out.log	/data/data/cratonvm/apps/spring-boot-suite-runner/.suite/results/craton-fullsuite-azure-20260805-s7/all-jit/logs/module_spring-boot-restclient.org.springframework.boot.restclient.RestClientWithRestTemplateBuilderTests.err.log	
161	module/spring-boot-restclient	org.springframework.boot.restclient.RestClientWithRestTemplateTests	craton	on	0	PASS	0.804	3	0	0	0	0	/data/data/cratonvm/apps/spring-boot-suite-runner/.suite/results/craton-fullsuite-azure-20260805-s7/all-jit/logs/module_spring-boot-restclient.org.springframework.boot.restclient.RestClientWithRestTemplateTests.out.log	/data/data/cratonvm/apps/spring-boot-suite-runner/.suite/results/craton-fullsuite-azure-20260805-s7/all-jit/logs/module_spring-boot-restclient.org.springframework.boot.restclient.RestClientWithRestTemplateTests.err.log	
162	module/spring-boot-restclient	org.springframework.boot.restclient.RestTemplateBuilderClientHttpRequestInitializerTests	craton	on	0	PASS	1.206	4	0	0	0	0	/data/data/cratonvm/apps/spring-boot-suite-runner/.suite/results/craton-fullsuite-azure-20260805-s7/all-jit/logs/module_spring-boot-restclient.org.springframework.boot.restclient.RestTemplateBuilderClientHttpRequestInitializerTests.out.log	/data/data/cratonvm/apps/spring-boot-suite-runner/.suite/results/craton-fullsuite-azure-20260805-s7/all-jit/logs/module_spring-boot-restclient.org.springframework.boot.restclient.RestTemplateBuilderClientHttpRequestInitializerTests.err.log	
163	module/spring-boot-restclient	org.springframework.boot.restclient.autoconfigure.service.HttpServiceClientAutoConfigurationTests	craton	on	0	PASS	10.715	7	0	0	0	0	/data/data/cratonvm/apps/spring-boot-suite-runner/.suite/results/craton-fullsuite-azure-20260805-s7/all-jit/logs/module_spring-boot-restclient.org.springframework.boot.restclient.autoconfigure.service.HttpServiceClientA-7ff1b204baf2.out.log	/data/data/cratonvm/apps/spring-boot-suite-runner/.suite/results/craton-fullsuite-azure-20260805-s7/all-jit/logs/module_spring-boot-restclient.org.springframework.boot.restclient.autoconfigure.service.HttpServiceClientA-7ff1b204baf2.err.log	
164	module/spring-boot-restclient	org.springframework.boot.restclient.RootUriBuilderFactoryTests	craton	on	0	PASS	1.606	1	0	0	0	0	/data/data/cratonvm/apps/spring-boot-suite-runner/.suite/results/craton-fullsuite-azure-20260805-s7/all-jit/logs/module_spring-boot-restclient.org.springframework.boot.restclient.RootUriBuilderFactoryTests.out.log	/data/data/cratonvm/apps/spring-boot-suite-runner/.suite/results/craton-fullsuite-azure-20260805-s7/all-jit/logs/module_spring-boot-restclient.org.springframework.boot.restclient.RootUriBuilderFactoryTests.err.log	
165	module/spring-boot-restclient	org.springframework.boot.restclient.RootUriTemplateHandlerTests	craton	on	0	PASS	1.807	6	0	0	0	0	/data/data/cratonvm/apps/spring-boot-suite-runner/.suite/results/craton-fullsuite-azure-20260805-s7/all-jit/logs/module_spring-boot-restclient.org.springframework.boot.restclient.RootUriTemplateHandlerTests.out.log	/data/data/cratonvm/apps/spring-boot-suite-runner/.suite/results/craton-fullsuite-azure-20260805-s7/all-jit/logs/module_spring-boot-restclient.org.springframework.boot.restclient.RootUriTemplateHandlerTests.err.log	
166	module/spring-boot-restclient	org.springframework.boot.restclient.RestTemplateBuilderTests	craton	on	0	PASS	12.489	52	0	0	0	0	/data/data/cratonvm/apps/spring-boot-suite-runner/.suite/results/craton-fullsuite-azure-20260805-s7/all-jit/logs/module_spring-boot-restclient.org.springframework.boot.restclient.RestTemplateBuilderTests.out.log	/data/data/cratonvm/apps/spring-boot-suite-runner/.suite/results/craton-fullsuite-azure-20260805-s7/all-jit/logs/module_spring-boot-restclient.org.springframework.boot.restclient.RestTemplateBuilderTests.err.log	
167	module/spring-boot-restclient-test	org.springframework.boot.restclient.test.autoconfigure.AutoConfigureMockRestServiceServerEnabledFalseIntegrationTests	craton	on	0	PASS	7.843	1	0	0	0	0	/data/data/cratonvm/apps/spring-boot-suite-runner/.suite/results/craton-fullsuite-azure-20260805-s7/all-jit/logs/module_spring-boot-restclient-test.org.springframework.boot.restclient.test.autoconfigure.AutoConfigureMoc-298e4060cd0b.out.log	/data/data/cratonvm/apps/spring-boot-suite-runner/.suite/results/craton-fullsuite-azure-20260805-s7/all-jit/logs/module_spring-boot-restclient-test.org.springframework.boot.restclient.test.autoconfigure.AutoConfigureMoc-298e4060cd0b.err.log	
168	module/spring-boot-restclient-test	org.springframework.boot.restclient.test.autoconfigure.AutoConfigureMockRestServiceServerWithRestClientIntegrationTests	craton	on	0	PASS	11.857	1	0	0	0	0	/data/data/cratonvm/apps/spring-boot-suite-runner/.suite/results/craton-fullsuite-azure-20260805-s7/all-jit/logs/module_spring-boot-restclient-test.org.springframework.boot.restclient.test.autoconfigure.AutoConfigureMoc-93e5fa147fae.out.log	/data/data/cratonvm/apps/spring-boot-suite-runner/.suite/results/craton-fullsuite-azure-20260805-s7/all-jit/logs/module_spring-boot-restclient-test.org.springframework.boot.restclient.test.autoconfigure.AutoConfigureMoc-93e5fa147fae.err.log	
169	module/spring-boot-restclient-test	org.springframework.boot.restclient.test.autoconfigure.AutoConfigureMockRestServiceServerWithRestTemplateRootUriIntegrationTests	craton	on	0	PASS	10.453	1	0	0	0	0	/data/data/cratonvm/apps/spring-boot-suite-runner/.suite/results/craton-fullsuite-azure-20260805-s7/all-jit/logs/module_spring-boot-restclient-test.org.springframework.boot.restclient.test.autoconfigure.AutoConfigureMoc-e97611605390.out.log	/data/data/cratonvm/apps/spring-boot-suite-runner/.suite/results/craton-fullsuite-azure-20260805-s7/all-jit/logs/module_spring-boot-restclient-test.org.springframework.boot.restclient.test.autoconfigure.AutoConfigureMoc-e97611605390.err.log	
170	module/spring-boot-restclient-test	org.springframework.boot.restclient.test.autoconfigure.MockRestServiceServerAutoConfigurationTests	craton	on	0	PASS	3.226	6	0	0	0	0	/data/data/cratonvm/apps/spring-boot-suite-runner/.suite/results/craton-fullsuite-azure-20260805-s7/all-jit/logs/module_spring-boot-restclient-test.org.springframework.boot.restclient.test.autoconfigure.MockRestServiceS-bf84af6ed768.out.log	/data/data/cratonvm/apps/spring-boot-suite-runner/.suite/results/craton-fullsuite-azure-20260805-s7/all-jit/logs/module_spring-boot-restclient-test.org.springframework.boot.restclient.test.autoconfigure.MockRestServiceS-bf84af6ed768.err.log	
171	module/spring-boot-restclient-test	org.springframework.boot.restclient.test.autoconfigure.RestClientTestNoComponentIntegrationTests	craton	on	0	PASS	6.843	3	0	0	0	0	/data/data/cratonvm/apps/spring-boot-suite-runner/.suite/results/craton-fullsuite-azure-20260805-s7/all-jit/logs/module_spring-boot-restclient-test.org.springframework.boot.restclient.test.autoconfigure.RestClientTestNo-0a5c99e02c4e.out.log	/data/data/cratonvm/apps/spring-boot-suite-runner/.suite/results/craton-fullsuite-azure-20260805-s7/all-jit/logs/module_spring-boot-restclient-test.org.springframework.boot.restclient.test.autoconfigure.RestClientTestNo-0a5c99e02c4e.err.log	
172	module/spring-boot-restclient-test	org.springframework.boot.restclient.test.autoconfigure.RestClientTestPropertiesIntegrationTests	craton	on	0	PASS	7.440	2	0	0	0	0	/data/data/cratonvm/apps/spring-boot-suite-runner/.suite/results/craton-fullsuite-azure-20260805-s7/all-jit/logs/module_spring-boot-restclient-test.org.springframework.boot.restclient.test.autoconfigure.RestClientTestPr-a3ee4c7cb023.out.log	/data/data/cratonvm/apps/spring-boot-suite-runner/.suite/results/craton-fullsuite-azure-20260805-s7/all-jit/logs/module_spring-boot-restclient-test.org.springframework.boot.restclient.test.autoconfigure.RestClientTestPr-a3ee4c7cb023.err.log	
173	module/spring-boot-restclient-test	org.springframework.boot.restclient.test.autoconfigure.RestClientTestRestClientIntegrationTests	craton	on	0	PASS	7.842	3	0	0	0	0	/data/data/cratonvm/apps/spring-boot-suite-runner/.suite/results/craton-fullsuite-azure-20260805-s7/all-jit/logs/module_spring-boot-restclient-test.org.springframework.boot.restclient.test.autoconfigure.RestClientTestRe-943d1f297d36.out.log	/data/data/cratonvm/apps/spring-boot-suite-runner/.suite/results/craton-fullsuite-azure-20260805-s7/all-jit/logs/module_spring-boot-restclient-test.org.springframework.boot.restclient.test.autoconfigure.RestClientTestRe-943d1f297d36.err.log	
174	module/spring-boot-restclient-test	org.springframework.boot.restclient.test.autoconfigure.RestClientTestRestClientTwoComponentsIntegrationTests	craton	on	0	PASS	8.850	3	0	0	0	0	/data/data/cratonvm/apps/spring-boot-suite-runner/.suite/results/craton-fullsuite-azure-20260805-s7/all-jit/logs/module_spring-boot-restclient-test.org.springframework.boot.restclient.test.autoconfigure.RestClientTestRe-ef7b3e04c1c3.out.log	/data/data/cratonvm/apps/spring-boot-suite-runner/.suite/results/craton-fullsuite-azure-20260805-s7/all-jit/logs/module_spring-boot-restclient-test.org.springframework.boot.restclient.test.autoconfigure.RestClientTestRe-ef7b3e04c1c3.err.log	
175	module/spring-boot-restclient-test	org.springframework.boot.restclient.test.autoconfigure.RestClientTestRestTemplateAndRestClientTogetherIntegrationTests	craton	on	0	PASS	8.050	3	0	0	0	0	/data/data/cratonvm/apps/spring-boot-suite-runner/.suite/results/craton-fullsuite-azure-20260805-s7/all-jit/logs/module_spring-boot-restclient-test.org.springframework.boot.restclient.test.autoconfigure.RestClientTestRe-ad0c0d8bb9ea.out.log	/data/data/cratonvm/apps/spring-boot-suite-runner/.suite/results/craton-fullsuite-azure-20260805-s7/all-jit/logs/module_spring-boot-restclient-test.org.springframework.boot.restclient.test.autoconfigure.RestClientTestRe-ad0c0d8bb9ea.err.log	
176	module/spring-boot-restclient-test	org.springframework.boot.restclient.test.autoconfigure.RestClientTestRestTemplateIntegrationTests	craton	on	0	PASS	9.253	3	0	0	0	0	/data/data/cratonvm/apps/spring-boot-suite-runner/.suite/results/craton-fullsuite-azure-20260805-s7/all-jit/logs/module_spring-boot-restclient-test.org.springframework.boot.restclient.test.autoconfigure.RestClientTestRe-590d4eeef956.out.log	/data/data/cratonvm/apps/spring-boot-suite-runner/.suite/results/craton-fullsuite-azure-20260805-s7/all-jit/logs/module_spring-boot-restclient-test.org.springframework.boot.restclient.test.autoconfigure.RestClientTestRe-590d4eeef956.err.log	
177	module/spring-boot-restclient-test	org.springframework.boot.restclient.test.autoconfigure.RestClientTestRestTemplateTwoComponentsIntegrationTests	craton	on	0	PASS	10.260	3	0	0	0	0	/data/data/cratonvm/apps/spring-boot-suite-runner/.suite/results/craton-fullsuite-azure-20260805-s7/all-jit/logs/module_spring-boot-restclient-test.org.springframework.boot.restclient.test.autoconfigure.RestClientTestRe-2f8a69f2f489.out.log	/data/data/cratonvm/apps/spring-boot-suite-runner/.suite/results/craton-fullsuite-azure-20260805-s7/all-jit/logs/module_spring-boot-restclient-test.org.springframework.boot.restclient.test.autoconfigure.RestClientTestRe-2f8a69f2f489.err.log	
178	module/spring-boot-restclient-test	org.springframework.boot.restclient.test.autoconfigure.RestClientTestWithConfigurationPropertiesIntegrationTests	craton	on	0	PASS	9.476	1	0	0	0	0	/data/data/cratonvm/apps/spring-boot-suite-runner/.suite/results/craton-fullsuite-azure-20260805-s7/all-jit/logs/module_spring-boot-restclient-test.org.springframework.boot.restclient.test.autoconfigure.RestClientTestWi-bed22e27396b.out.log	/data/data/cratonvm/apps/spring-boot-suite-runner/.suite/results/craton-fullsuite-azure-20260805-s7/all-jit/logs/module_spring-boot-restclient-test.org.springframework.boot.restclient.test.autoconfigure.RestClientTestWi-bed22e27396b.err.log	
179	module/spring-boot-restclient-test	org.springframework.boot.restclient.test.autoconfigure.RestClientTestWithRestClientComponentIntegrationTests	craton	on	0	PASS	10.664	1	0	0	0	0	/data/data/cratonvm/apps/spring-boot-suite-runner/.suite/results/craton-fullsuite-azure-20260805-s7/all-jit/logs/module_spring-boot-restclient-test.org.springframework.boot.restclient.test.autoconfigure.RestClientTestWi-efc63d06d5e9.out.log	/data/data/cratonvm/apps/spring-boot-suite-runner/.suite/results/craton-fullsuite-azure-20260805-s7/all-jit/logs/module_spring-boot-restclient-test.org.springframework.boot.restclient.test.autoconfigure.RestClientTestWi-efc63d06d5e9.err.log	
180	module/spring-boot-restclient-test	org.springframework.boot.restclient.test.autoconfigure.RestClientTestWithoutJacksonIntegrationTests	craton	on	0	PASS	25.181	1	0	0	0	0	/data/data/cratonvm/apps/spring-boot-suite-runner/.suite/results/craton-fullsuite-azure-20260805-s7/all-jit/logs/module_spring-boot-restclient-test.org.springframework.boot.restclient.test.autoconfigure.RestClientTestWi-793e0e95d666.out.log	/data/data/cratonvm/apps/spring-boot-suite-runner/.suite/results/craton-fullsuite-azure-20260805-s7/all-jit/logs/module_spring-boot-restclient-test.org.springframework.boot.restclient.test.autoconfigure.RestClientTestWi-793e0e95d666.err.log	
181	module/spring-boot-restclient-test	org.springframework.boot.restclient.test.autoconfigure.RestClientTestWithRestTemplateComponentIntegrationTests	craton	on	0	PASS	11.072	1	0	0	0	0	/data/data/cratonvm/apps/spring-boot-suite-runner/.suite/results/craton-fullsuite-azure-20260805-s7/all-jit/logs/module_spring-boot-restclient-test.org.springframework.boot.restclient.test.autoconfigure.RestClientTestWi-97d9b2024ba2.out.log	/data/data/cratonvm/apps/spring-boot-suite-runner/.suite/results/craton-fullsuite-azure-20260805-s7/all-jit/logs/module_spring-boot-restclient-test.org.springframework.boot.restclient.test.autoconfigure.RestClientTestWi-97d9b2024ba2.err.log	
182	module/spring-boot-restclient-test	org.springframework.boot.restclient.test.MockServerRestClientCustomizerTests	craton	on	0	PASS	1.226	13	0	0	0	0	/data/data/cratonvm/apps/spring-boot-suite-runner/.suite/results/craton-fullsuite-azure-20260805-s7/all-jit/logs/module_spring-boot-restclient-test.org.springframework.boot.restclient.test.MockServerRestClientCustomizerTests.out.log	/data/data/cratonvm/apps/spring-boot-suite-runner/.suite/results/craton-fullsuite-azure-20260805-s7/all-jit/logs/module_spring-boot-restclient-test.org.springframework.boot.restclient.test.MockServerRestClientCustomizerTests.err.log	
183	module/spring-boot-restclient-test	org.springframework.boot.restclient.test.MockServerRestTemplateCustomizerTests	craton	on	0	PASS	2.234	17	0	0	0	0	/data/data/cratonvm/apps/spring-boot-suite-runner/.suite/results/craton-fullsuite-azure-20260805-s7/all-jit/logs/module_spring-boot-restclient-test.org.springframework.boot.restclient.test.MockServerRestTemplateCustomizerTests.out.log	/data/data/cratonvm/apps/spring-boot-suite-runner/.suite/results/craton-fullsuite-azure-20260805-s7/all-jit/logs/module_spring-boot-restclient-test.org.springframework.boot.restclient.test.MockServerRestTemplateCustomizerTests.err.log	
184	module/spring-boot-restclient-test	org.springframework.boot.restclient.test.RootUriRequestExpectationManagerTests	craton	on	0	PASS	4.445	14	0	0	0	0	/data/data/cratonvm/apps/spring-boot-suite-runner/.suite/results/craton-fullsuite-azure-20260805-s7/all-jit/logs/module_spring-boot-restclient-test.org.springframework.boot.restclient.test.RootUriRequestExpectationManagerTests.out.log	/data/data/cratonvm/apps/spring-boot-suite-runner/.suite/results/craton-fullsuite-azure-20260805-s7/all-jit/logs/module_spring-boot-restclient-test.org.springframework.boot.restclient.test.RootUriRequestExpectationManagerTests.err.log	
185	module/spring-boot-restdocs	org.springframework.boot.restdocs.test.autoconfigure.MockMvcRestDocsAutoConfigurationAdvancedConfigurationIntegrationTests	craton	on	0	PASS	18.194	1	0	0	0	0	/data/data/cratonvm/apps/spring-boot-suite-runner/.suite/results/craton-fullsuite-azure-20260805-s7/all-jit/logs/module_spring-boot-restdocs.org.springframework.boot.restdocs.test.autoconfigure.MockMvcRestDocsAutoConfig-63223fb95497.out.log	/data/data/cratonvm/apps/spring-boot-suite-runner/.suite/results/craton-fullsuite-azure-20260805-s7/all-jit/logs/module_spring-boot-restdocs.org.springframework.boot.restdocs.test.autoconfigure.MockMvcRestDocsAutoConfig-63223fb95497.err.log	
186	module/spring-boot-restdocs	org.springframework.boot.restdocs.test.autoconfigure.MockMvcRestDocsAutoConfigurationIntegrationTests	craton	on	0	PASS	18.807	1	0	0	0	0	/data/data/cratonvm/apps/spring-boot-suite-runner/.suite/results/craton-fullsuite-azure-20260805-s7/all-jit/logs/module_spring-boot-restdocs.org.springframework.boot.restdocs.test.autoconfigure.MockMvcRestDocsAutoConfig-a6e2b0da3539.out.log	/data/data/cratonvm/apps/spring-boot-suite-runner/.suite/results/craton-fullsuite-azure-20260805-s7/all-jit/logs/module_spring-boot-restdocs.org.springframework.boot.restdocs.test.autoconfigure.MockMvcRestDocsAutoConfig-a6e2b0da3539.err.log	
187	module/spring-boot-restdocs	org.springframework.boot.restdocs.test.autoconfigure.WebTestClientRestDocsAutoConfigurationAdvancedConfigurationIntegrationTests	craton	on	0	PASS	12.519	1	0	0	0	0	/data/data/cratonvm/apps/spring-boot-suite-runner/.suite/results/craton-fullsuite-azure-20260805-s7/all-jit/logs/module_spring-boot-restdocs.org.springframework.boot.restdocs.test.autoconfigure.WebTestClientRestDocsAuto-8bb28020538c.out.log	/data/data/cratonvm/apps/spring-boot-suite-runner/.suite/results/craton-fullsuite-azure-20260805-s7/all-jit/logs/module_spring-boot-restdocs.org.springframework.boot.restdocs.test.autoconfigure.WebTestClientRestDocsAuto-8bb28020538c.err.log	
188	module/spring-boot-restdocs	org.springframework.boot.restdocs.test.autoconfigure.WebTestClientRestDocsAutoConfigurationIntegrationTests	craton	on	0	PASS	10.066	1	0	0	0	0	/data/data/cratonvm/apps/spring-boot-suite-runner/.suite/results/craton-fullsuite-azure-20260805-s7/all-jit/logs/module_spring-boot-restdocs.org.springframework.boot.restdocs.test.autoconfigure.WebTestClientRestDocsAuto-757a7eca6f3e.out.log	/data/data/cratonvm/apps/spring-boot-suite-runner/.suite/results/craton-fullsuite-azure-20260805-s7/all-jit/logs/module_spring-boot-restdocs.org.springframework.boot.restdocs.test.autoconfigure.WebTestClientRestDocsAuto-757a7eca6f3e.err.log	
189	module/spring-boot-resttestclient	org.springframework.boot.resttestclient.autoconfigure.TestRestTemplateTestAutoConfigurationTests	craton	on	0	PASS	3.615	2	0	0	0	0	/data/data/cratonvm/apps/spring-boot-suite-runner/.suite/results/craton-fullsuite-azure-20260805-s7/all-jit/logs/module_spring-boot-resttestclient.org.springframework.boot.resttestclient.autoconfigure.TestRestTemplateTe-06e59452a9f2.out.log	/data/data/cratonvm/apps/spring-boot-suite-runner/.suite/results/craton-fullsuite-azure-20260805-s7/all-jit/logs/module_spring-boot-resttestclient.org.springframework.boot.resttestclient.autoconfigure.TestRestTemplateTe-06e59452a9f2.err.log	
190	module/spring-boot-resttestclient	org.springframework.boot.resttestclient.autoconfigure.RestTestClientTestAutoConfigurationTests	craton	on	0	PASS	6.669	5	0	0	0	0	/data/data/cratonvm/apps/spring-boot-suite-runner/.suite/results/craton-fullsuite-azure-20260805-s7/all-jit/logs/module_spring-boot-resttestclient.org.springframework.boot.resttestclient.autoconfigure.RestTestClientTest-9b63541f1c0d.out.log	/data/data/cratonvm/apps/spring-boot-suite-runner/.suite/results/craton-fullsuite-azure-20260805-s7/all-jit/logs/module_spring-boot-resttestclient.org.springframework.boot.resttestclient.autoconfigure.RestTestClientTest-9b63541f1c0d.err.log	
191	module/spring-boot-rsocket	org.springframework.boot.rsocket.autoconfigure.RSocketMessagingAutoConfigurationTests	craton	on	0	PASS	3.421	5	0	0	0	0	/data/data/cratonvm/apps/spring-boot-suite-runner/.suite/results/craton-fullsuite-azure-20260805-s7/all-jit/logs/module_spring-boot-rsocket.org.springframework.boot.rsocket.autoconfigure.RSocketMessagingAutoConfigurationTests.out.log	/data/data/cratonvm/apps/spring-boot-suite-runner/.suite/results/craton-fullsuite-azure-20260805-s7/all-jit/logs/module_spring-boot-rsocket.org.springframework.boot.rsocket.autoconfigure.RSocketMessagingAutoConfigurationTests.err.log	
192	module/spring-boot-rsocket	org.springframework.boot.rsocket.autoconfigure.RSocketPropertiesTests	craton	on	0	PASS	0.602	1	0	0	0	0	/data/data/cratonvm/apps/spring-boot-suite-runner/.suite/results/craton-fullsuite-azure-20260805-s7/all-jit/logs/module_spring-boot-rsocket.org.springframework.boot.rsocket.autoconfigure.RSocketPropertiesTests.out.log	/data/data/cratonvm/apps/spring-boot-suite-runner/.suite/results/craton-fullsuite-azure-20260805-s7/all-jit/logs/module_spring-boot-rsocket.org.springframework.boot.rsocket.autoconfigure.RSocketPropertiesTests.err.log	
193	module/spring-boot-rsocket	org.springframework.boot.rsocket.autoconfigure.RSocketRequesterAutoConfigurationTests	craton	on	0	PASS	6.460	4	0	0	0	0	/data/data/cratonvm/apps/spring-boot-suite-runner/.suite/results/craton-fullsuite-azure-20260805-s7/all-jit/logs/module_spring-boot-rsocket.org.springframework.boot.rsocket.autoconfigure.RSocketRequesterAutoConfigurationTests.out.log	/data/data/cratonvm/apps/spring-boot-suite-runner/.suite/results/craton-fullsuite-azure-20260805-s7/all-jit/logs/module_spring-boot-rsocket.org.springframework.boot.rsocket.autoconfigure.RSocketRequesterAutoConfigurationTests.err.log	
194	module/spring-boot-resttestclient	org.springframework.boot.resttestclient.TestRestTemplateTests	craton	on	0	PASS	21.428	38	0	0	0	0	/data/data/cratonvm/apps/spring-boot-suite-runner/.suite/results/craton-fullsuite-azure-20260805-s7/all-jit/logs/module_spring-boot-resttestclient.org.springframework.boot.resttestclient.TestRestTemplateTests.out.log	/data/data/cratonvm/apps/spring-boot-suite-runner/.suite/results/craton-fullsuite-azure-20260805-s7/all-jit/logs/module_spring-boot-resttestclient.org.springframework.boot.resttestclient.TestRestTemplateTests.err.log	
195	module/spring-boot-rsocket	org.springframework.boot.rsocket.autoconfigure.RSocketStrategiesAutoConfigurationTests	craton	on	0	PASS	8.044	5	0	0	0	0	/data/data/cratonvm/apps/spring-boot-suite-runner/.suite/results/craton-fullsuite-azure-20260805-s7/all-jit/logs/module_spring-boot-rsocket.org.springframework.boot.rsocket.autoconfigure.RSocketStrategiesAutoConfigurationTests.out.log	/data/data/cratonvm/apps/spring-boot-suite-runner/.suite/results/craton-fullsuite-azure-20260805-s7/all-jit/logs/module_spring-boot-rsocket.org.springframework.boot.rsocket.autoconfigure.RSocketStrategiesAutoConfigurationTests.err.log	
196	module/spring-boot-rsocket	org.springframework.boot.rsocket.autoconfigure.RSocketWebSocketNettyRouteProviderTests	craton	on	0	PASS	8.441	1	0	0	0	0	/data/data/cratonvm/apps/spring-boot-suite-runner/.suite/results/craton-fullsuite-azure-20260805-s7/all-jit/logs/module_spring-boot-rsocket.org.springframework.boot.rsocket.autoconfigure.RSocketWebSocketNettyRouteProviderTests.out.log	/data/data/cratonvm/apps/spring-boot-suite-runner/.suite/results/craton-fullsuite-azure-20260805-s7/all-jit/logs/module_spring-boot-rsocket.org.springframework.boot.rsocket.autoconfigure.RSocketWebSocketNettyRouteProviderTests.err.log	
197	module/spring-boot-rsocket	org.springframework.boot.rsocket.autoconfigure.RSocketServerAutoConfigurationTests	craton	on	0	PASS	27.214	14	0	0	1	0	/data/data/cratonvm/apps/spring-boot-suite-runner/.suite/results/craton-fullsuite-azure-20260805-s7/all-jit/logs/module_spring-boot-rsocket.org.springframework.boot.rsocket.autoconfigure.RSocketServerAutoConfigurationTests.out.log	/data/data/cratonvm/apps/spring-boot-suite-runner/.suite/results/craton-fullsuite-azure-20260805-s7/all-jit/logs/module_spring-boot-rsocket.org.springframework.boot.rsocket.autoconfigure.RSocketServerAutoConfigurationTests.err.log	
198	module/spring-boot-rsocket	org.springframework.boot.rsocket.context.RSocketPortInfoApplicationContextInitializerTests	craton	on	0	PASS	1.823	2	0	0	0	0	/data/data/cratonvm/apps/spring-boot-suite-runner/.suite/results/craton-fullsuite-azure-20260805-s7/all-jit/logs/module_spring-boot-rsocket.org.springframework.boot.rsocket.context.RSocketPortInfoApplicationContextInitializerTests.out.log	/data/data/cratonvm/apps/spring-boot-suite-runner/.suite/results/craton-fullsuite-azure-20260805-s7/all-jit/logs/module_spring-boot-rsocket.org.springframework.boot.rsocket.context.RSocketPortInfoApplicationContextInitializerTests.err.log	
199	module/spring-boot-rsocket-test	org.springframework.boot.test.rsocket.server.LocalRSocketServerPortTests	craton	on	0	PASS	1.407	1	0	0	0	0	/data/data/cratonvm/apps/spring-boot-suite-runner/.suite/results/craton-fullsuite-azure-20260805-s7/all-jit/logs/module_spring-boot-rsocket-test.org.springframework.boot.test.rsocket.server.LocalRSocketServerPortTests.out.log	/data/data/cratonvm/apps/spring-boot-suite-runner/.suite/results/craton-fullsuite-azure-20260805-s7/all-jit/logs/module_spring-boot-rsocket-test.org.springframework.boot.test.rsocket.server.LocalRSocketServerPortTests.err.log	
200	module/spring-boot-rsocket	org.springframework.boot.rsocket.netty.NettyRSocketServerFactoryTests	craton	on	0	PASS	9.689	21	0	0	0	0	/data/data/cratonvm/apps/spring-boot-suite-runner/.suite/results/craton-fullsuite-azure-20260805-s7/all-jit/logs/module_spring-boot-rsocket.org.springframework.boot.rsocket.netty.NettyRSocketServerFactoryTests.out.log	/data/data/cratonvm/apps/spring-boot-suite-runner/.suite/results/craton-fullsuite-azure-20260805-s7/all-jit/logs/module_spring-boot-rsocket.org.springframework.boot.rsocket.netty.NettyRSocketServerFactoryTests.err.log	
201	module/spring-boot-security	org.springframework.boot.security.autoconfigure.actuate.web.reactive.EndpointRequestTests	craton	on	0	PASS	7.036	35	0	0	0	0	/data/data/cratonvm/apps/spring-boot-suite-runner/.suite/results/craton-fullsuite-azure-20260805-s7/all-jit/logs/module_spring-boot-security.org.springframework.boot.security.autoconfigure.actuate.web.reactive.EndpointRequestTests.out.log	/data/data/cratonvm/apps/spring-boot-suite-runner/.suite/results/craton-fullsuite-azure-20260805-s7/all-jit/logs/module_spring-boot-security.org.springframework.boot.security.autoconfigure.actuate.web.reactive.EndpointRequestTests.err.log	
202	module/spring-boot-security	org.springframework.boot.security.autoconfigure.actuate.web.reactive.EndpointRequestIntegrationTests	craton	on	0	PASS	25.366	4	0	0	0	0	/data/data/cratonvm/apps/spring-boot-suite-runner/.suite/results/craton-fullsuite-azure-20260805-s7/all-jit/logs/module_spring-boot-security.org.springframework.boot.security.autoconfigure.actuate.web.reactive.EndpointR-c5af1ba604cb.out.log	/data/data/cratonvm/apps/spring-boot-suite-runner/.suite/results/craton-fullsuite-azure-20260805-s7/all-jit/logs/module_spring-boot-security.org.springframework.boot.security.autoconfigure.actuate.web.reactive.EndpointR-c5af1ba604cb.err.log	
203	module/spring-boot-security	org.springframework.boot.security.autoconfigure.actuate.web.servlet.AbstractEndpointRequestIntegrationTests	craton	on	0	EMPTY	0.603	0	0	0	0	0	/data/data/cratonvm/apps/spring-boot-suite-runner/.suite/results/craton-fullsuite-azure-20260805-s7/all-jit/logs/module_spring-boot-security.org.springframework.boot.security.autoconfigure.actuate.web.servlet.AbstractEn-9531662090fb.out.log	/data/data/cratonvm/apps/spring-boot-suite-runner/.suite/results/craton-fullsuite-azure-20260805-s7/all-jit/logs/module_spring-boot-security.org.springframework.boot.security.autoconfigure.actuate.web.servlet.AbstractEn-9531662090fb.err.log	
204	module/spring-boot-security	org.springframework.boot.security.autoconfigure.actuate.web.servlet.EndpointRequestTests	craton	on	0	PASS	4.829	37	0	0	0	0	/data/data/cratonvm/apps/spring-boot-suite-runner/.suite/results/craton-fullsuite-azure-20260805-s7/all-jit/logs/module_spring-boot-security.org.springframework.boot.security.autoconfigure.actuate.web.servlet.EndpointRequestTests.out.log	/data/data/cratonvm/apps/spring-boot-suite-runner/.suite/results/craton-fullsuite-azure-20260805-s7/all-jit/logs/module_spring-boot-security.org.springframework.boot.security.autoconfigure.actuate.web.servlet.EndpointRequestTests.err.log	
205	module/spring-boot-security	org.springframework.boot.security.autoconfigure.actuate.web.reactive.ReactiveManagementWebSecurityAutoConfigurationTests	craton	on	0	PASS	61.784	9	0	0	0	0	/data/data/cratonvm/apps/spring-boot-suite-runner/.suite/results/craton-fullsuite-azure-20260805-s7/all-jit/logs/module_spring-boot-security.org.springframework.boot.security.autoconfigure.actuate.web.reactive.ReactiveM-442ba65694db.out.log	/data/data/cratonvm/apps/spring-boot-suite-runner/.suite/results/craton-fullsuite-azure-20260805-s7/all-jit/logs/module_spring-boot-security.org.springframework.boot.security.autoconfigure.actuate.web.reactive.ReactiveM-442ba65694db.err.log	
206	module/spring-boot-security	org.springframework.boot.security.autoconfigure.actuate.web.servlet.JerseyEndpointRequestIntegrationTests	craton	on	0	PASS	80.263	9	0	0	0	0	/data/data/cratonvm/apps/spring-boot-suite-runner/.suite/results/craton-fullsuite-azure-20260805-s7/all-jit/logs/module_spring-boot-security.org.springframework.boot.security.autoconfigure.actuate.web.servlet.JerseyEndp-a0d9d711811f.out.log	/data/data/cratonvm/apps/spring-boot-suite-runner/.suite/results/craton-fullsuite-azure-20260805-s7/all-jit/logs/module_spring-boot-security.org.springframework.boot.security.autoconfigure.actuate.web.servlet.JerseyEndp-a0d9d711811f.err.log	
207	module/spring-boot-security	org.springframework.boot.security.autoconfigure.actuate.web.servlet.ManagementWebSecurityAutoConfigurationTests	craton	on	0	PASS	71.590	10	0	0	0	0	/data/data/cratonvm/apps/spring-boot-suite-runner/.suite/results/craton-fullsuite-azure-20260805-s7/all-jit/logs/module_spring-boot-security.org.springframework.boot.security.autoconfigure.actuate.web.servlet.Management-f4cd03f47d82.out.log	/data/data/cratonvm/apps/spring-boot-suite-runner/.suite/results/craton-fullsuite-azure-20260805-s7/all-jit/logs/module_spring-boot-security.org.springframework.boot.security.autoconfigure.actuate.web.servlet.Management-f4cd03f47d82.err.log	
208	module/spring-boot-security	org.springframework.boot.security.autoconfigure.actuate.web.servlet.SecurityRequestMatchersManagementContextConfigurationTests	craton	on	0	PASS	2.612	8	0	0	0	0	/data/data/cratonvm/apps/spring-boot-suite-runner/.suite/results/craton-fullsuite-azure-20260805-s7/all-jit/logs/module_spring-boot-security.org.springframework.boot.security.autoconfigure.actuate.web.servlet.SecurityRe-dd870087c276.out.log	/data/data/cratonvm/apps/spring-boot-suite-runner/.suite/results/craton-fullsuite-azure-20260805-s7/all-jit/logs/module_spring-boot-security.org.springframework.boot.security.autoconfigure.actuate.web.servlet.SecurityRe-dd870087c276.err.log	
209	module/spring-boot-security	org.springframework.boot.security.autoconfigure.jpa.JpaUserDetailsTests	craton	on	0	PASS	0.604	1	0	0	0	0	/data/data/cratonvm/apps/spring-boot-suite-runner/.suite/results/craton-fullsuite-azure-20260805-s7/all-jit/logs/module_spring-boot-security.org.springframework.boot.security.autoconfigure.jpa.JpaUserDetailsTests.out.log	/data/data/cratonvm/apps/spring-boot-suite-runner/.suite/results/craton-fullsuite-azure-20260805-s7/all-jit/logs/module_spring-boot-security.org.springframework.boot.security.autoconfigure.jpa.JpaUserDetailsTests.err.log	
210	module/spring-boot-security	org.springframework.boot.security.autoconfigure.ReactiveUserDetailsServiceAutoConfigurationTests	craton	on	0	PASS	14.883	12	0	0	0	0	/data/data/cratonvm/apps/spring-boot-suite-runner/.suite/results/craton-fullsuite-azure-20260805-s7/all-jit/logs/module_spring-boot-security.org.springframework.boot.security.autoconfigure.ReactiveUserDetailsServiceAuto-f42c207fbb16.out.log	/data/data/cratonvm/apps/spring-boot-suite-runner/.suite/results/craton-fullsuite-azure-20260805-s7/all-jit/logs/module_spring-boot-security.org.springframework.boot.security.autoconfigure.ReactiveUserDetailsServiceAuto-f42c207fbb16.err.log	
211	module/spring-boot-security	org.springframework.boot.security.autoconfigure.rsocket.RSocketSecurityAutoConfigurationTests	craton	on	0	PASS	3.815	4	0	0	0	0	/data/data/cratonvm/apps/spring-boot-suite-runner/.suite/results/craton-fullsuite-azure-20260805-s7/all-jit/logs/module_spring-boot-security.org.springframework.boot.security.autoconfigure.rsocket.RSocketSecurityAutoCon-d1613b72e671.out.log	/data/data/cratonvm/apps/spring-boot-suite-runner/.suite/results/craton-fullsuite-azure-20260805-s7/all-jit/logs/module_spring-boot-security.org.springframework.boot.security.autoconfigure.rsocket.RSocketSecurityAutoCon-d1613b72e671.err.log	
212	module/spring-boot-security	org.springframework.boot.security.autoconfigure.SecurityAutoConfigurationTests	craton	on	0	PASS	7.433	4	0	0	0	0	/data/data/cratonvm/apps/spring-boot-suite-runner/.suite/results/craton-fullsuite-azure-20260805-s7/all-jit/logs/module_spring-boot-security.org.springframework.boot.security.autoconfigure.SecurityAutoConfigurationTests.out.log	/data/data/cratonvm/apps/spring-boot-suite-runner/.suite/results/craton-fullsuite-azure-20260805-s7/all-jit/logs/module_spring-boot-security.org.springframework.boot.security.autoconfigure.SecurityAutoConfigurationTests.err.log	
213	module/spring-boot-security	org.springframework.boot.security.autoconfigure.SecurityPropertiesTests	craton	on	0	PASS	1.004	3	0	0	0	0	/data/data/cratonvm/apps/spring-boot-suite-runner/.suite/results/craton-fullsuite-azure-20260805-s7/all-jit/logs/module_spring-boot-security.org.springframework.boot.security.autoconfigure.SecurityPropertiesTests.out.log	/data/data/cratonvm/apps/spring-boot-suite-runner/.suite/results/craton-fullsuite-azure-20260805-s7/all-jit/logs/module_spring-boot-security.org.springframework.boot.security.autoconfigure.SecurityPropertiesTests.err.log	
214	module/spring-boot-security	org.springframework.boot.security.autoconfigure.actuate.web.servlet.MvcEndpointRequestIntegrationTests	craton	on	0	PASS	91.537	9	0	0	0	0	/data/data/cratonvm/apps/spring-boot-suite-runner/.suite/results/craton-fullsuite-azure-20260805-s7/all-jit/logs/module_spring-boot-security.org.springframework.boot.security.autoconfigure.actuate.web.servlet.MvcEndpoin-aca18e35438a.out.log	/data/data/cratonvm/apps/spring-boot-suite-runner/.suite/results/craton-fullsuite-azure-20260805-s7/all-jit/logs/module_spring-boot-security.org.springframework.boot.security.autoconfigure.actuate.web.servlet.MvcEndpoin-aca18e35438a.err.log	
215	module/spring-boot-security	org.springframework.boot.security.autoconfigure.web.reactive.PathRequestTests	craton	on	0	PASS	0.402	1	0	0	0	0	/data/data/cratonvm/apps/spring-boot-suite-runner/.suite/results/craton-fullsuite-azure-20260805-s7/all-jit/logs/module_spring-boot-security.org.springframework.boot.security.autoconfigure.web.reactive.PathRequestTests.out.log	/data/data/cratonvm/apps/spring-boot-suite-runner/.suite/results/craton-fullsuite-azure-20260805-s7/all-jit/logs/module_spring-boot-security.org.springframework.boot.security.autoconfigure.web.reactive.PathRequestTests.err.log	
216	module/spring-boot-security	org.springframework.boot.security.autoconfigure.web.reactive.ReactiveWebSecurityAutoConfigurationTests	craton	on	0	PASS	7.636	6	0	0	0	0	/data/data/cratonvm/apps/spring-boot-suite-runner/.suite/results/craton-fullsuite-azure-20260805-s7/all-jit/logs/module_spring-boot-security.org.springframework.boot.security.autoconfigure.web.reactive.ReactiveWebSecuri-fb6c48cb9534.out.log	/data/data/cratonvm/apps/spring-boot-suite-runner/.suite/results/craton-fullsuite-azure-20260805-s7/all-jit/logs/module_spring-boot-security.org.springframework.boot.security.autoconfigure.web.reactive.ReactiveWebSecuri-fb6c48cb9534.err.log	
217	module/spring-boot-security	org.springframework.boot.security.autoconfigure.web.reactive.StaticResourceRequestTests	craton	on	0	PASS	1.809	5	0	0	0	0	/data/data/cratonvm/apps/spring-boot-suite-runner/.suite/results/craton-fullsuite-azure-20260805-s7/all-jit/logs/module_spring-boot-security.org.springframework.boot.security.autoconfigure.web.reactive.StaticResourceRequestTests.out.log	/data/data/cratonvm/apps/spring-boot-suite-runner/.suite/results/craton-fullsuite-azure-20260805-s7/all-jit/logs/module_spring-boot-security.org.springframework.boot.security.autoconfigure.web.reactive.StaticResourceRequestTests.err.log	
218	module/spring-boot-security	org.springframework.boot.security.autoconfigure.web.servlet.PathRequestTests	craton	on	0	PASS	2.008	4	0	0	0	0	/data/data/cratonvm/apps/spring-boot-suite-runner/.suite/results/craton-fullsuite-azure-20260805-s7/all-jit/logs/module_spring-boot-security.org.springframework.boot.security.autoconfigure.web.servlet.PathRequestTests.out.log	/data/data/cratonvm/apps/spring-boot-suite-runner/.suite/results/craton-fullsuite-azure-20260805-s7/all-jit/logs/module_spring-boot-security.org.springframework.boot.security.autoconfigure.web.servlet.PathRequestTests.err.log	
219	module/spring-boot-security	org.springframework.boot.security.autoconfigure.UserDetailsServiceAutoConfigurationTests	craton	on	0	PASS	44.664	22	0	0	0	0	/data/data/cratonvm/apps/spring-boot-suite-runner/.suite/results/craton-fullsuite-azure-20260805-s7/all-jit/logs/module_spring-boot-security.org.springframework.boot.security.autoconfigure.UserDetailsServiceAutoConfigurationTests.out.log	/data/data/cratonvm/apps/spring-boot-suite-runner/.suite/results/craton-fullsuite-azure-20260805-s7/all-jit/logs/module_spring-boot-security.org.springframework.boot.security.autoconfigure.UserDetailsServiceAutoConfigurationTests.err.log	
220	module/spring-boot-security	org.springframework.boot.security.autoconfigure.web.servlet.SecurityFilterAutoConfigurationTests	craton	on	0	PASS	10.644	2	0	0	0	0	/data/data/cratonvm/apps/spring-boot-suite-runner/.suite/results/craton-fullsuite-azure-20260805-s7/all-jit/logs/module_spring-boot-security.org.springframework.boot.security.autoconfigure.web.servlet.SecurityFilterAuto-0d4ba94ed778.out.log	/data/data/cratonvm/apps/spring-boot-suite-runner/.suite/results/craton-fullsuite-azure-20260805-s7/all-jit/logs/module_spring-boot-security.org.springframework.boot.security.autoconfigure.web.servlet.SecurityFilterAuto-0d4ba94ed778.err.log	
221	module/spring-boot-security	org.springframework.boot.security.autoconfigure.web.servlet.SecurityFilterPropertiesTests	craton	on	0	PASS	1.004	2	0	0	0	0	/data/data/cratonvm/apps/spring-boot-suite-runner/.suite/results/craton-fullsuite-azure-20260805-s7/all-jit/logs/module_spring-boot-security.org.springframework.boot.security.autoconfigure.web.servlet.SecurityFilterPropertiesTests.out.log	/data/data/cratonvm/apps/spring-boot-suite-runner/.suite/results/craton-fullsuite-azure-20260805-s7/all-jit/logs/module_spring-boot-security.org.springframework.boot.security.autoconfigure.web.servlet.SecurityFilterPropertiesTests.err.log	
222	module/spring-boot-security	org.springframework.boot.security.autoconfigure.web.servlet.SecurityFilterAutoConfigurationEarlyInitializationTests	craton	on	0	PASS	21.324	1	0	0	0	0	/data/data/cratonvm/apps/spring-boot-suite-runner/.suite/results/craton-fullsuite-azure-20260805-s7/all-jit/logs/module_spring-boot-security.org.springframework.boot.security.autoconfigure.web.servlet.SecurityFilterAuto-b33e88968fc2.out.log	/data/data/cratonvm/apps/spring-boot-suite-runner/.suite/results/craton-fullsuite-azure-20260805-s7/all-jit/logs/module_spring-boot-security.org.springframework.boot.security.autoconfigure.web.servlet.SecurityFilterAuto-b33e88968fc2.err.log	
223	module/spring-boot-security	org.springframework.boot.security.autoconfigure.web.servlet.StaticResourceRequestTests	craton	on	0	PASS	1.006	7	0	0	0	0	/data/data/cratonvm/apps/spring-boot-suite-runner/.suite/results/craton-fullsuite-azure-20260805-s7/all-jit/logs/module_spring-boot-security.org.springframework.boot.security.autoconfigure.web.servlet.StaticResourceRequestTests.out.log	/data/data/cratonvm/apps/spring-boot-suite-runner/.suite/results/craton-fullsuite-azure-20260805-s7/all-jit/logs/module_spring-boot-security.org.springframework.boot.security.autoconfigure.web.servlet.StaticResourceRequestTests.err.log	
224	module/spring-boot-security	org.springframework.boot.security.web.reactive.ApplicationContextServerWebExchangeMatcherTests	craton	on	0	PASS	2.208	5	0	0	0	0	/data/data/cratonvm/apps/spring-boot-suite-runner/.suite/results/craton-fullsuite-azure-20260805-s7/all-jit/logs/module_spring-boot-security.org.springframework.boot.security.web.reactive.ApplicationContextServerWebExch-593e34a8bcc2.out.log	/data/data/cratonvm/apps/spring-boot-suite-runner/.suite/results/craton-fullsuite-azure-20260805-s7/all-jit/logs/module_spring-boot-security.org.springframework.boot.security.web.reactive.ApplicationContextServerWebExch-593e34a8bcc2.err.log	
225	module/spring-boot-security	org.springframework.boot.security.web.servlet.ApplicationContextRequestMatcherTests	craton	on	0	PASS	1.206	7	0	0	0	0	/data/data/cratonvm/apps/spring-boot-suite-runner/.suite/results/craton-fullsuite-azure-20260805-s7/all-jit/logs/module_spring-boot-security.org.springframework.boot.security.web.servlet.ApplicationContextRequestMatcherTests.out.log	/data/data/cratonvm/apps/spring-boot-suite-runner/.suite/results/craton-fullsuite-azure-20260805-s7/all-jit/logs/module_spring-boot-security.org.springframework.boot.security.web.servlet.ApplicationContextRequestMatcherTests.err.log	
226	module/spring-boot-security	org.springframework.boot.security.autoconfigure.web.servlet.ServletWebSecurityAutoConfigurationTests	craton	on	0	PASS	30.385	14	0	0	0	0	/data/data/cratonvm/apps/spring-boot-suite-runner/.suite/results/craton-fullsuite-azure-20260805-s7/all-jit/logs/module_spring-boot-security.org.springframework.boot.security.autoconfigure.web.servlet.ServletWebSecurity-77dedb138157.out.log	/data/data/cratonvm/apps/spring-boot-suite-runner/.suite/results/craton-fullsuite-azure-20260805-s7/all-jit/logs/module_spring-boot-security.org.springframework.boot.security.autoconfigure.web.servlet.ServletWebSecurity-77dedb138157.err.log	
227	module/spring-boot-security-oauth2-authorization-server	org.springframework.boot.security.oauth2.server.authorization.autoconfigure.servlet.OAuth2AuthorizationServerAutoConfigurationTests	craton	on	0	PASS	30.942	9	0	0	0	0	/data/data/cratonvm/apps/spring-boot-suite-runner/.suite/results/craton-fullsuite-azure-20260805-s7/all-jit/logs/module_spring-boot-security-oauth2-authorization-server.org.springframework.boot.security.oauth2.server.au-9461ed871e55.out.log	/data/data/cratonvm/apps/spring-boot-suite-runner/.suite/results/craton-fullsuite-azure-20260805-s7/all-jit/logs/module_spring-boot-security-oauth2-authorization-server.org.springframework.boot.security.oauth2.server.au-9461ed871e55.err.log	
228	module/spring-boot-security-oauth2-authorization-server	org.springframework.boot.security.oauth2.server.authorization.autoconfigure.servlet.OAuth2AuthorizationServerPropertiesMapperTests	craton	on	0	PASS	0.402	3	0	0	0	0	/data/data/cratonvm/apps/spring-boot-suite-runner/.suite/results/craton-fullsuite-azure-20260805-s7/all-jit/logs/module_spring-boot-security-oauth2-authorization-server.org.springframework.boot.security.oauth2.server.au-a5b9f7115665.out.log	/data/data/cratonvm/apps/spring-boot-suite-runner/.suite/results/craton-fullsuite-azure-20260805-s7/all-jit/logs/module_spring-boot-security-oauth2-authorization-server.org.springframework.boot.security.oauth2.server.au-a5b9f7115665.err.log	
229	module/spring-boot-security-oauth2-authorization-server	org.springframework.boot.security.oauth2.server.authorization.autoconfigure.servlet.OAuth2AuthorizationServerPropertiesTests	craton	on	0	PASS	0.603	7	0	0	0	0	/data/data/cratonvm/apps/spring-boot-suite-runner/.suite/results/craton-fullsuite-azure-20260805-s7/all-jit/logs/module_spring-boot-security-oauth2-authorization-server.org.springframework.boot.security.oauth2.server.au-eef10c7fca0e.out.log	/data/data/cratonvm/apps/spring-boot-suite-runner/.suite/results/craton-fullsuite-azure-20260805-s7/all-jit/logs/module_spring-boot-security-oauth2-authorization-server.org.springframework.boot.security.oauth2.server.au-eef10c7fca0e.err.log	
230	module/spring-boot-security-oauth2-authorization-server	org.springframework.boot.security.oauth2.server.authorization.autoconfigure.servlet.OAuth2AuthorizationServerJwtAutoConfigurationTests	craton	on	0	PASS	8.864	6	0	0	0	0	/data/data/cratonvm/apps/spring-boot-suite-runner/.suite/results/craton-fullsuite-azure-20260805-s7/all-jit/logs/module_spring-boot-security-oauth2-authorization-server.org.springframework.boot.security.oauth2.server.au-3f5f76cea080.out.log	/data/data/cratonvm/apps/spring-boot-suite-runner/.suite/results/craton-fullsuite-azure-20260805-s7/all-jit/logs/module_spring-boot-security-oauth2-authorization-server.org.springframework.boot.security.oauth2.server.au-3f5f76cea080.err.log	
231	module/spring-boot-security-oauth2-client	org.springframework.boot.security.oauth2.client.autoconfigure.OAuth2ClientAutoConfigurationTests	craton	on	0	PASS	3.214	4	0	0	0	0	/data/data/cratonvm/apps/spring-boot-suite-runner/.suite/results/craton-fullsuite-azure-20260805-s7/all-jit/logs/module_spring-boot-security-oauth2-client.org.springframework.boot.security.oauth2.client.autoconfigure.OA-43398bcf5d34.out.log	/data/data/cratonvm/apps/spring-boot-suite-runner/.suite/results/craton-fullsuite-azure-20260805-s7/all-jit/logs/module_spring-boot-security-oauth2-client.org.springframework.boot.security.oauth2.client.autoconfigure.OA-43398bcf5d34.err.log	
232	module/spring-boot-security-oauth2-client	org.springframework.boot.security.oauth2.client.autoconfigure.OAuth2ClientPropertiesMapperTests	craton	on	0	PASS	2.008	11	0	0	0	0	/data/data/cratonvm/apps/spring-boot-suite-runner/.suite/results/craton-fullsuite-azure-20260805-s7/all-jit/logs/module_spring-boot-security-oauth2-client.org.springframework.boot.security.oauth2.client.autoconfigure.OA-327b1694ca35.out.log	/data/data/cratonvm/apps/spring-boot-suite-runner/.suite/results/craton-fullsuite-azure-20260805-s7/all-jit/logs/module_spring-boot-security-oauth2-client.org.springframework.boot.security.oauth2.client.autoconfigure.OA-327b1694ca35.err.log	
233	module/spring-boot-security-oauth2-client	org.springframework.boot.security.oauth2.client.autoconfigure.OAuth2ClientPropertiesTests	craton	on	0	PASS	0.603	2	0	0	0	0	/data/data/cratonvm/apps/spring-boot-suite-runner/.suite/results/craton-fullsuite-azure-20260805-s7/all-jit/logs/module_spring-boot-security-oauth2-client.org.springframework.boot.security.oauth2.client.autoconfigure.OA-60393cdec2da.out.log	/data/data/cratonvm/apps/spring-boot-suite-runner/.suite/results/craton-fullsuite-azure-20260805-s7/all-jit/logs/module_spring-boot-security-oauth2-client.org.springframework.boot.security.oauth2.client.autoconfigure.OA-60393cdec2da.err.log	
234	module/spring-boot-security-oauth2-authorization-server	org.springframework.boot.security.oauth2.server.authorization.autoconfigure.servlet.OAuth2AuthorizationServerWebSecurityConfigurationTests	craton	on	0	PASS	11.698	3	0	0	0	0	/data/data/cratonvm/apps/spring-boot-suite-runner/.suite/results/craton-fullsuite-azure-20260805-s7/all-jit/logs/module_spring-boot-security-oauth2-authorization-server.org.springframework.boot.security.oauth2.server.au-43d164fc7ba7.out.log	/data/data/cratonvm/apps/spring-boot-suite-runner/.suite/results/craton-fullsuite-azure-20260805-s7/all-jit/logs/module_spring-boot-security-oauth2-authorization-server.org.springframework.boot.security.oauth2.server.au-43d164fc7ba7.err.log	
235	module/spring-boot-security-oauth2-client	org.springframework.boot.security.oauth2.client.autoconfigure.reactive.ReactiveOAuth2ClientAutoConfigurationTests	craton	on	0	PASS	4.622	7	0	0	0	0	/data/data/cratonvm/apps/spring-boot-suite-runner/.suite/results/craton-fullsuite-azure-20260805-s7/all-jit/logs/module_spring-boot-security-oauth2-client.org.springframework.boot.security.oauth2.client.autoconfigure.re-26df1d3e5a10.out.log	/data/data/cratonvm/apps/spring-boot-suite-runner/.suite/results/craton-fullsuite-azure-20260805-s7/all-jit/logs/module_spring-boot-security-oauth2-client.org.springframework.boot.security.oauth2.client.autoconfigure.re-26df1d3e5a10.err.log	
236	module/spring-boot-security-oauth2-client	org.springframework.boot.security.oauth2.client.autoconfigure.OAuth2ClientWebMvcTestIntegrationTests	craton	on	0	PASS	9.064	1	0	0	0	0	/data/data/cratonvm/apps/spring-boot-suite-runner/.suite/results/craton-fullsuite-azure-20260805-s7/all-jit/logs/module_spring-boot-security-oauth2-client.org.springframework.boot.security.oauth2.client.autoconfigure.OA-a42220d6c9a8.out.log	/data/data/cratonvm/apps/spring-boot-suite-runner/.suite/results/craton-fullsuite-azure-20260805-s7/all-jit/logs/module_spring-boot-security-oauth2-client.org.springframework.boot.security.oauth2.client.autoconfigure.OA-a42220d6c9a8.err.log	
237	module/spring-boot-security-oauth2-client	org.springframework.boot.security.oauth2.client.autoconfigure.reactive.ReactiveOAuth2ClientWebFluxTestIntegrationTests	craton	on	0	PASS	5.835	1	0	0	0	0	/data/data/cratonvm/apps/spring-boot-suite-runner/.suite/results/craton-fullsuite-azure-20260805-s7/all-jit/logs/module_spring-boot-security-oauth2-client.org.springframework.boot.security.oauth2.client.autoconfigure.re-cc167056a229.out.log	/data/data/cratonvm/apps/spring-boot-suite-runner/.suite/results/craton-fullsuite-azure-20260805-s7/all-jit/logs/module_spring-boot-security-oauth2-client.org.springframework.boot.security.oauth2.client.autoconfigure.re-cc167056a229.err.log	
238	module/spring-boot-security-oauth2-client	org.springframework.boot.security.oauth2.client.autoconfigure.reactive.ReactiveOAuth2ClientWebSecurityAutoConfigurationTests	craton	on	0	PASS	5.634	6	0	0	0	0	/data/data/cratonvm/apps/spring-boot-suite-runner/.suite/results/craton-fullsuite-azure-20260805-s7/all-jit/logs/module_spring-boot-security-oauth2-client.org.springframework.boot.security.oauth2.client.autoconfigure.re-2bf7fa90df7a.out.log	/data/data/cratonvm/apps/spring-boot-suite-runner/.suite/results/craton-fullsuite-azure-20260805-s7/all-jit/logs/module_spring-boot-security-oauth2-client.org.springframework.boot.security.oauth2.client.autoconfigure.re-2bf7fa90df7a.err.log	
239	module/spring-boot-security-oauth2-client	org.springframework.boot.security.oauth2.client.autoconfigure.servlet.webmvc.OAuth2ClientWebMvcTestIntegrationTests	craton	on	0	PASS	8.834	1	0	0	0	0	/data/data/cratonvm/apps/spring-boot-suite-runner/.suite/results/craton-fullsuite-azure-20260805-s7/all-jit/logs/module_spring-boot-security-oauth2-client.org.springframework.boot.security.oauth2.client.autoconfigure.se-56d53f766e46.out.log	/data/data/cratonvm/apps/spring-boot-suite-runner/.suite/results/craton-fullsuite-azure-20260805-s7/all-jit/logs/module_spring-boot-security-oauth2-client.org.springframework.boot.security.oauth2.client.autoconfigure.se-56d53f766e46.err.log	
240	module/spring-boot-security-oauth2-client	org.springframework.boot.security.oauth2.client.autoconfigure.servlet.OAuth2ClientWebSecurityAutoConfigurationTests	craton	on	0	PASS	13.076	8	0	0	0	0	/data/data/cratonvm/apps/spring-boot-suite-runner/.suite/results/craton-fullsuite-azure-20260805-s7/all-jit/logs/module_spring-boot-security-oauth2-client.org.springframework.boot.security.oauth2.client.autoconfigure.se-e328e3ccd50d.out.log	/data/data/cratonvm/apps/spring-boot-suite-runner/.suite/results/craton-fullsuite-azure-20260805-s7/all-jit/logs/module_spring-boot-security-oauth2-client.org.springframework.boot.security.oauth2.client.autoconfigure.se-e328e3ccd50d.err.log	
241	module/spring-boot-security-oauth2-resource-server	org.springframework.boot.security.oauth2.server.resource.autoconfigure.reactive.ReactiveOAuth2ResourceServerAutoConfigurationTests	craton	on	1	FAIL	68.483	50	6	0	0	0	/data/data/cratonvm/apps/spring-boot-suite-runner/.suite/results/craton-fullsuite-azure-20260805-s7/all-jit/logs/module_spring-boot-security-oauth2-resource-server.org.springframework.boot.security.oauth2.server.resourc-6031fd510b0d.out.log	/data/data/cratonvm/apps/spring-boot-suite-runner/.suite/results/craton-fullsuite-azure-20260805-s7/all-jit/logs/module_spring-boot-security-oauth2-resource-server.org.springframework.boot.security.oauth2.server.resourc-6031fd510b0d.err.log	11:56:51.271 [main] WARN org.springframework.boot.web.context.reactive.AnnotationConfigReactiveWebApplicationContext -- Exception encountered during context initialization - cancel | hotspot-baseline: PASS 0/50
242	module/spring-boot-security-oauth2-resource-server	org.springframework.boot.security.oauth2.server.resource.autoconfigure.web.OAuth2ResourceServerWebSecurityAutoConfigurationMvcIntegrationTests	craton	on	0	PASS	8.837	1	0	0	0	0	/data/data/cratonvm/apps/spring-boot-suite-runner/.suite/results/craton-fullsuite-azure-20260805-s7/all-jit/logs/module_spring-boot-security-oauth2-resource-server.org.springframework.boot.security.oauth2.server.resourc-3365060a57a8.out.log	/data/data/cratonvm/apps/spring-boot-suite-runner/.suite/results/craton-fullsuite-azure-20260805-s7/all-jit/logs/module_spring-boot-security-oauth2-resource-server.org.springframework.boot.security.oauth2.server.resourc-3365060a57a8.err.log	
243	module/spring-boot-security-oauth2-resource-server	org.springframework.boot.security.oauth2.server.resource.autoconfigure.web.OAuth2ResourceServerWebSecurityAutoConfigurationTests	craton	on	0	PASS	29.708	5	0	0	0	0	/data/data/cratonvm/apps/spring-boot-suite-runner/.suite/results/craton-fullsuite-azure-20260805-s7/all-jit/logs/module_spring-boot-security-oauth2-resource-server.org.springframework.boot.security.oauth2.server.resourc-d00605ed51a5.out.log	/data/data/cratonvm/apps/spring-boot-suite-runner/.suite/results/craton-fullsuite-azure-20260805-s7/all-jit/logs/module_spring-boot-security-oauth2-resource-server.org.springframework.boot.security.oauth2.server.resourc-d00605ed51a5.err.log	
244	module/spring-boot-security-oauth2-resource-server	org.springframework.boot.security.oauth2.server.resource.autoconfigure.OAuth2ResourceServerAutoConfigurationTests	craton	on	0	PASS	112.300	52	0	0	0	0	/data/data/cratonvm/apps/spring-boot-suite-runner/.suite/results/craton-fullsuite-azure-20260805-s7/all-jit/logs/module_spring-boot-security-oauth2-resource-server.org.springframework.boot.security.oauth2.server.resourc-2a3a654baeda.out.log	/data/data/cratonvm/apps/spring-boot-suite-runner/.suite/results/craton-fullsuite-azure-20260805-s7/all-jit/logs/module_spring-boot-security-oauth2-resource-server.org.springframework.boot.security.oauth2.server.resourc-2a3a654baeda.err.log	
245	module/spring-boot-security-oauth2-resource-server	org.springframework.boot.security.oauth2.server.resource.autoconfigure.web.reactive.ReactiveOAuth2ResourceServerWebSecurityAutoConfigurationWebFluxIntegrationTests	craton	on	0	PASS	7.229	1	0	0	0	0	/data/data/cratonvm/apps/spring-boot-suite-runner/.suite/results/craton-fullsuite-azure-20260805-s7/all-jit/logs/module_spring-boot-security-oauth2-resource-server.org.springframework.boot.security.oauth2.server.resourc-8f320596ff7a.out.log	/data/data/cratonvm/apps/spring-boot-suite-runner/.suite/results/craton-fullsuite-azure-20260805-s7/all-jit/logs/module_spring-boot-security-oauth2-resource-server.org.springframework.boot.security.oauth2.server.resourc-8f320596ff7a.err.log	
246	module/spring-boot-security-oauth2-resource-server	org.springframework.boot.security.oauth2.server.resource.autoconfigure.web.reactive.ReactiveOAuth2ResourceServerWebSecurityAutoConfigurationTests	craton	on	0	PASS	14.080	5	0	0	0	0	/data/data/cratonvm/apps/spring-boot-suite-runner/.suite/results/craton-fullsuite-azure-20260805-s7/all-jit/logs/module_spring-boot-security-oauth2-resource-server.org.springframework.boot.security.oauth2.server.resourc-7e31b137b93e.out.log	/data/data/cratonvm/apps/spring-boot-suite-runner/.suite/results/craton-fullsuite-azure-20260805-s7/all-jit/logs/module_spring-boot-security-oauth2-resource-server.org.springframework.boot.security.oauth2.server.resourc-7e31b137b93e.err.log	
247	module/spring-boot-security-saml2	org.springframework.boot.security.saml2.autoconfigure.Saml2RelyingPartyAutoConfigurationTests	craton	on	0	PASS	47.567	21	0	0	0	0	/data/data/cratonvm/apps/spring-boot-suite-runner/.suite/results/craton-fullsuite-azure-20260805-s7/all-jit/logs/module_spring-boot-security-saml2.org.springframework.boot.security.saml2.autoconfigure.Saml2RelyingPartyA-94eb3b21e8c2.out.log	/data/data/cratonvm/apps/spring-boot-suite-runner/.suite/results/craton-fullsuite-azure-20260805-s7/all-jit/logs/module_spring-boot-security-saml2.org.springframework.boot.security.saml2.autoconfigure.Saml2RelyingPartyA-94eb3b21e8c2.err.log	
