index	module	class	vm	jit	rc	status	seconds	tests	failed	aborted	skipped	containersFailed	stdoutLog	stderrLog	note
1	module/spring-boot-actuator	org.springframework.boot.actuate.endpoint.OperationResponseBodyTests	craton	on	0	PASS	0.643	1	0	0	0	0	/data/data/cratonvm/apps/spring-boot-suite-runner/.suite/results/craton-fullsuite-azure-20260805-s4/all-jit/logs/module_spring-boot-actuator.org.springframework.boot.actuate.endpoint.OperationResponseBodyTests.out.log	/data/data/cratonvm/apps/spring-boot-suite-runner/.suite/results/craton-fullsuite-azure-20260805-s4/all-jit/logs/module_spring-boot-actuator.org.springframework.boot.actuate.endpoint.OperationResponseBodyTests.err.log	
2	module/spring-boot-actuator	org.springframework.boot.actuate.endpoint.ProducibleOperationArgumentResolverTests	craton	on	0	PASS	0.958	10	0	0	0	0	/data/data/cratonvm/apps/spring-boot-suite-runner/.suite/results/craton-fullsuite-azure-20260805-s4/all-jit/logs/module_spring-boot-actuator.org.springframework.boot.actuate.endpoint.ProducibleOperationArgumentResolverTests.out.log	/data/data/cratonvm/apps/spring-boot-suite-runner/.suite/results/craton-fullsuite-azure-20260805-s4/all-jit/logs/module_spring-boot-actuator.org.springframework.boot.actuate.endpoint.ProducibleOperationArgumentResolverTests.err.log	
3	module/spring-boot-actuator	org.springframework.boot.actuate.endpoint.SanitizableDataTests	craton	on	0	PASS	1.058	5	0	0	0	0	/data/data/cratonvm/apps/spring-boot-suite-runner/.suite/results/craton-fullsuite-azure-20260805-s4/all-jit/logs/module_spring-boot-actuator.org.springframework.boot.actuate.endpoint.SanitizableDataTests.out.log	/data/data/cratonvm/apps/spring-boot-suite-runner/.suite/results/craton-fullsuite-azure-20260805-s4/all-jit/logs/module_spring-boot-actuator.org.springframework.boot.actuate.endpoint.SanitizableDataTests.err.log	
4	module/spring-boot-actuator	org.springframework.boot.actuate.endpoint.SanitizerTests	craton	on	0	PASS	0.820	7	0	0	0	0	/data/data/cratonvm/apps/spring-boot-suite-runner/.suite/results/craton-fullsuite-azure-20260805-s4/all-jit/logs/module_spring-boot-actuator.org.springframework.boot.actuate.endpoint.SanitizerTests.out.log	/data/data/cratonvm/apps/spring-boot-suite-runner/.suite/results/craton-fullsuite-azure-20260805-s4/all-jit/logs/module_spring-boot-actuator.org.springframework.boot.actuate.endpoint.SanitizerTests.err.log	
5	module/spring-boot-actuator	org.springframework.boot.actuate.endpoint.SanitizingFunctionTests	craton	on	0	PASS	1.644	25	0	0	0	0	/data/data/cratonvm/apps/spring-boot-suite-runner/.suite/results/craton-fullsuite-azure-20260805-s4/all-jit/logs/module_spring-boot-actuator.org.springframework.boot.actuate.endpoint.SanitizingFunctionTests.out.log	/data/data/cratonvm/apps/spring-boot-suite-runner/.suite/results/craton-fullsuite-azure-20260805-s4/all-jit/logs/module_spring-boot-actuator.org.springframework.boot.actuate.endpoint.SanitizingFunctionTests.err.log	
6	module/spring-boot-actuator	org.springframework.boot.actuate.endpoint.ShowTests	craton	on	0	PASS	3.738	9	0	0	0	0	/data/data/cratonvm/apps/spring-boot-suite-runner/.suite/results/craton-fullsuite-azure-20260805-s4/all-jit/logs/module_spring-boot-actuator.org.springframework.boot.actuate.endpoint.ShowTests.out.log	/data/data/cratonvm/apps/spring-boot-suite-runner/.suite/results/craton-fullsuite-azure-20260805-s4/all-jit/logs/module_spring-boot-actuator.org.springframework.boot.actuate.endpoint.ShowTests.err.log	
7	module/spring-boot-actuator	org.springframework.boot.actuate.endpoint.web.annotation.RequestPredicateFactoryTests	craton	on	0	PASS	1.214	4	0	0	0	0	/data/data/cratonvm/apps/spring-boot-suite-runner/.suite/results/craton-fullsuite-azure-20260805-s4/all-jit/logs/module_spring-boot-actuator.org.springframework.boot.actuate.endpoint.web.annotation.RequestPredicateFactoryTests.out.log	/data/data/cratonvm/apps/spring-boot-suite-runner/.suite/results/craton-fullsuite-azure-20260805-s4/all-jit/logs/module_spring-boot-actuator.org.springframework.boot.actuate.endpoint.web.annotation.RequestPredicateFactoryTests.err.log	
8	module/spring-boot-actuator	org.springframework.boot.actuate.endpoint.web.annotation.ControllerEndpointDiscovererTests	craton	on	0	PASS	4.359	8	0	0	0	0	/data/data/cratonvm/apps/spring-boot-suite-runner/.suite/results/craton-fullsuite-azure-20260805-s4/all-jit/logs/module_spring-boot-actuator.org.springframework.boot.actuate.endpoint.web.annotation.ControllerEndpointDiscovererTests.out.log	/data/data/cratonvm/apps/spring-boot-suite-runner/.suite/results/craton-fullsuite-azure-20260805-s4/all-jit/logs/module_spring-boot-actuator.org.springframework.boot.actuate.endpoint.web.annotation.ControllerEndpointDiscovererTests.err.log	
9	module/spring-boot-actuator	org.springframework.boot.actuate.endpoint.web.annotation.ServletEndpointDiscovererTests	craton	on	0	PASS	2.879	9	0	0	0	0	/data/data/cratonvm/apps/spring-boot-suite-runner/.suite/results/craton-fullsuite-azure-20260805-s4/all-jit/logs/module_spring-boot-actuator.org.springframework.boot.actuate.endpoint.web.annotation.ServletEndpointDiscovererTests.out.log	/data/data/cratonvm/apps/spring-boot-suite-runner/.suite/results/craton-fullsuite-azure-20260805-s4/all-jit/logs/module_spring-boot-actuator.org.springframework.boot.actuate.endpoint.web.annotation.ServletEndpointDiscovererTests.err.log	
10	module/spring-boot-actuator	org.springframework.boot.actuate.endpoint.web.EndpointLinksResolverTests	craton	on	0	PASS	3.429	5	0	0	0	0	/data/data/cratonvm/apps/spring-boot-suite-runner/.suite/results/craton-fullsuite-azure-20260805-s4/all-jit/logs/module_spring-boot-actuator.org.springframework.boot.actuate.endpoint.web.EndpointLinksResolverTests.out.log	/data/data/cratonvm/apps/spring-boot-suite-runner/.suite/results/craton-fullsuite-azure-20260805-s4/all-jit/logs/module_spring-boot-actuator.org.springframework.boot.actuate.endpoint.web.EndpointLinksResolverTests.err.log	
11	module/spring-boot-actuator	org.springframework.boot.actuate.endpoint.web.annotation.WebEndpointDiscovererTests	craton	on	0	PASS	5.716	17	0	0	0	0	/data/data/cratonvm/apps/spring-boot-suite-runner/.suite/results/craton-fullsuite-azure-20260805-s4/all-jit/logs/module_spring-boot-actuator.org.springframework.boot.actuate.endpoint.web.annotation.WebEndpointDiscovererTests.out.log	/data/data/cratonvm/apps/spring-boot-suite-runner/.suite/results/craton-fullsuite-azure-20260805-s4/all-jit/logs/module_spring-boot-actuator.org.springframework.boot.actuate.endpoint.web.annotation.WebEndpointDiscovererTests.err.log	
12	module/spring-boot-actuator	org.springframework.boot.actuate.endpoint.web.EndpointMappingTests	craton	on	0	PASS	1.028	10	0	0	0	0	/data/data/cratonvm/apps/spring-boot-suite-runner/.suite/results/craton-fullsuite-azure-20260805-s4/all-jit/logs/module_spring-boot-actuator.org.springframework.boot.actuate.endpoint.web.EndpointMappingTests.out.log	/data/data/cratonvm/apps/spring-boot-suite-runner/.suite/results/craton-fullsuite-azure-20260805-s4/all-jit/logs/module_spring-boot-actuator.org.springframework.boot.actuate.endpoint.web.EndpointMappingTests.err.log	
13	module/spring-boot-actuator	org.springframework.boot.actuate.endpoint.web.EndpointMediaTypesTests	craton	on	0	PASS	0.840	6	0	0	0	0	/data/data/cratonvm/apps/spring-boot-suite-runner/.suite/results/craton-fullsuite-azure-20260805-s4/all-jit/logs/module_spring-boot-actuator.org.springframework.boot.actuate.endpoint.web.EndpointMediaTypesTests.out.log	/data/data/cratonvm/apps/spring-boot-suite-runner/.suite/results/craton-fullsuite-azure-20260805-s4/all-jit/logs/module_spring-boot-actuator.org.springframework.boot.actuate.endpoint.web.EndpointMediaTypesTests.err.log	
14	module/spring-boot-actuator	org.springframework.boot.actuate.endpoint.web.EndpointServletTests	craton	on	0	PASS	1.036	14	0	0	0	0	/data/data/cratonvm/apps/spring-boot-suite-runner/.suite/results/craton-fullsuite-azure-20260805-s4/all-jit/logs/module_spring-boot-actuator.org.springframework.boot.actuate.endpoint.web.EndpointServletTests.out.log	/data/data/cratonvm/apps/spring-boot-suite-runner/.suite/results/craton-fullsuite-azure-20260805-s4/all-jit/logs/module_spring-boot-actuator.org.springframework.boot.actuate.endpoint.web.EndpointServletTests.err.log	
15	module/spring-boot-actuator	org.springframework.boot.actuate.endpoint.web.LinkTests	craton	on	0	PASS	0.808	4	0	0	0	0	/data/data/cratonvm/apps/spring-boot-suite-runner/.suite/results/craton-fullsuite-azure-20260805-s4/all-jit/logs/module_spring-boot-actuator.org.springframework.boot.actuate.endpoint.web.LinkTests.out.log	/data/data/cratonvm/apps/spring-boot-suite-runner/.suite/results/craton-fullsuite-azure-20260805-s4/all-jit/logs/module_spring-boot-actuator.org.springframework.boot.actuate.endpoint.web.LinkTests.err.log	
16	module/spring-boot-actuator	org.springframework.boot.actuate.endpoint.web.PathMappedEndpointsTests	craton	on	0	PASS	3.232	15	0	0	0	0	/data/data/cratonvm/apps/spring-boot-suite-runner/.suite/results/craton-fullsuite-azure-20260805-s4/all-jit/logs/module_spring-boot-actuator.org.springframework.boot.actuate.endpoint.web.PathMappedEndpointsTests.out.log	/data/data/cratonvm/apps/spring-boot-suite-runner/.suite/results/craton-fullsuite-azure-20260805-s4/all-jit/logs/module_spring-boot-actuator.org.springframework.boot.actuate.endpoint.web.PathMappedEndpointsTests.err.log	
17	module/spring-boot-actuator	org.springframework.boot.actuate.endpoint.web.WebEndpointResponseTests	craton	on	0	PASS	1.005	4	0	0	0	0	/data/data/cratonvm/apps/spring-boot-suite-runner/.suite/results/craton-fullsuite-azure-20260805-s4/all-jit/logs/module_spring-boot-actuator.org.springframework.boot.actuate.endpoint.web.WebEndpointResponseTests.out.log	/data/data/cratonvm/apps/spring-boot-suite-runner/.suite/results/craton-fullsuite-azure-20260805-s4/all-jit/logs/module_spring-boot-actuator.org.springframework.boot.actuate.endpoint.web.WebEndpointResponseTests.err.log	
18	module/spring-boot-actuator	org.springframework.boot.actuate.endpoint.web.WebOperationRequestPredicateTests	craton	on	0	PASS	0.812	11	0	0	0	0	/data/data/cratonvm/apps/spring-boot-suite-runner/.suite/results/craton-fullsuite-azure-20260805-s4/all-jit/logs/module_spring-boot-actuator.org.springframework.boot.actuate.endpoint.web.WebOperationRequestPredicateTests.out.log	/data/data/cratonvm/apps/spring-boot-suite-runner/.suite/results/craton-fullsuite-azure-20260805-s4/all-jit/logs/module_spring-boot-actuator.org.springframework.boot.actuate.endpoint.web.WebOperationRequestPredicateTests.err.log	
19	module/spring-boot-actuator	org.springframework.boot.actuate.endpoint.web.WebServerNamespaceTests	craton	on	0	PASS	0.807	6	0	0	0	0	/data/data/cratonvm/apps/spring-boot-suite-runner/.suite/results/craton-fullsuite-azure-20260805-s4/all-jit/logs/module_spring-boot-actuator.org.springframework.boot.actuate.endpoint.web.WebServerNamespaceTests.out.log	/data/data/cratonvm/apps/spring-boot-suite-runner/.suite/results/craton-fullsuite-azure-20260805-s4/all-jit/logs/module_spring-boot-actuator.org.springframework.boot.actuate.endpoint.web.WebServerNamespaceTests.err.log	
20	module/spring-boot-actuator	org.springframework.boot.actuate.endpoint.web.ServletEndpointRegistrarTests	craton	on	0	PASS	6.755	10	0	0	0	0	/data/data/cratonvm/apps/spring-boot-suite-runner/.suite/results/craton-fullsuite-azure-20260805-s4/all-jit/logs/module_spring-boot-actuator.org.springframework.boot.actuate.endpoint.web.ServletEndpointRegistrarTests.out.log	/data/data/cratonvm/apps/spring-boot-suite-runner/.suite/results/craton-fullsuite-azure-20260805-s4/all-jit/logs/module_spring-boot-actuator.org.springframework.boot.actuate.endpoint.web.ServletEndpointRegistrarTests.err.log	
21	module/spring-boot-actuator	org.springframework.boot.actuate.env.EnvironmentEndpointTests	craton	on	0	PASS	1.643	17	0	0	0	0	/data/data/cratonvm/apps/spring-boot-suite-runner/.suite/results/craton-fullsuite-azure-20260805-s4/all-jit/logs/module_spring-boot-actuator.org.springframework.boot.actuate.env.EnvironmentEndpointTests.out.log	/data/data/cratonvm/apps/spring-boot-suite-runner/.suite/results/craton-fullsuite-azure-20260805-s4/all-jit/logs/module_spring-boot-actuator.org.springframework.boot.actuate.env.EnvironmentEndpointTests.err.log	
22	module/spring-boot-actuator	org.springframework.boot.actuate.info.BuildInfoContributorTests	craton	on	0	PASS	0.805	1	0	0	0	0	/data/data/cratonvm/apps/spring-boot-suite-runner/.suite/results/craton-fullsuite-azure-20260805-s4/all-jit/logs/module_spring-boot-actuator.org.springframework.boot.actuate.info.BuildInfoContributorTests.out.log	/data/data/cratonvm/apps/spring-boot-suite-runner/.suite/results/craton-fullsuite-azure-20260805-s4/all-jit/logs/module_spring-boot-actuator.org.springframework.boot.actuate.info.BuildInfoContributorTests.err.log	
23	module/spring-boot-actuator	org.springframework.boot.actuate.info.EnvironmentInfoContributorTests	craton	on	0	PASS	1.206	3	0	0	0	0	/data/data/cratonvm/apps/spring-boot-suite-runner/.suite/results/craton-fullsuite-azure-20260805-s4/all-jit/logs/module_spring-boot-actuator.org.springframework.boot.actuate.info.EnvironmentInfoContributorTests.out.log	/data/data/cratonvm/apps/spring-boot-suite-runner/.suite/results/craton-fullsuite-azure-20260805-s4/all-jit/logs/module_spring-boot-actuator.org.springframework.boot.actuate.info.EnvironmentInfoContributorTests.err.log	
24	module/spring-boot-actuator	org.springframework.boot.actuate.env.EnvironmentEndpointWebExtensionTests	craton	on	0	PASS	3.093	4	0	0	0	0	/data/data/cratonvm/apps/spring-boot-suite-runner/.suite/results/craton-fullsuite-azure-20260805-s4/all-jit/logs/module_spring-boot-actuator.org.springframework.boot.actuate.env.EnvironmentEndpointWebExtensionTests.out.log	/data/data/cratonvm/apps/spring-boot-suite-runner/.suite/results/craton-fullsuite-azure-20260805-s4/all-jit/logs/module_spring-boot-actuator.org.springframework.boot.actuate.env.EnvironmentEndpointWebExtensionTests.err.log	
25	module/spring-boot-actuator	org.springframework.boot.actuate.info.InfoEndpointTests	craton	on	0	PASS	0.603	2	0	0	0	0	/data/data/cratonvm/apps/spring-boot-suite-runner/.suite/results/craton-fullsuite-azure-20260805-s4/all-jit/logs/module_spring-boot-actuator.org.springframework.boot.actuate.info.InfoEndpointTests.out.log	/data/data/cratonvm/apps/spring-boot-suite-runner/.suite/results/craton-fullsuite-azure-20260805-s4/all-jit/logs/module_spring-boot-actuator.org.springframework.boot.actuate.info.InfoEndpointTests.err.log	
26	module/spring-boot-actuator	org.springframework.boot.actuate.info.GitInfoContributorTests	craton	on	0	PASS	1.035	4	0	0	0	0	/data/data/cratonvm/apps/spring-boot-suite-runner/.suite/results/craton-fullsuite-azure-20260805-s4/all-jit/logs/module_spring-boot-actuator.org.springframework.boot.actuate.info.GitInfoContributorTests.out.log	/data/data/cratonvm/apps/spring-boot-suite-runner/.suite/results/craton-fullsuite-azure-20260805-s4/all-jit/logs/module_spring-boot-actuator.org.springframework.boot.actuate.info.GitInfoContributorTests.err.log	
27	module/spring-boot-actuator	org.springframework.boot.actuate.info.InfoTests	craton	on	0	PASS	0.632	2	0	0	0	0	/data/data/cratonvm/apps/spring-boot-suite-runner/.suite/results/craton-fullsuite-azure-20260805-s4/all-jit/logs/module_spring-boot-actuator.org.springframework.boot.actuate.info.InfoTests.out.log	/data/data/cratonvm/apps/spring-boot-suite-runner/.suite/results/craton-fullsuite-azure-20260805-s4/all-jit/logs/module_spring-boot-actuator.org.springframework.boot.actuate.info.InfoTests.err.log	
28	module/spring-boot-actuator	org.springframework.boot.actuate.info.JavaInfoContributorTests	craton	on	0	PASS	0.626	2	0	0	0	0	/data/data/cratonvm/apps/spring-boot-suite-runner/.suite/results/craton-fullsuite-azure-20260805-s4/all-jit/logs/module_spring-boot-actuator.org.springframework.boot.actuate.info.JavaInfoContributorTests.out.log	/data/data/cratonvm/apps/spring-boot-suite-runner/.suite/results/craton-fullsuite-azure-20260805-s4/all-jit/logs/module_spring-boot-actuator.org.springframework.boot.actuate.info.JavaInfoContributorTests.err.log	
29	module/spring-boot-actuator	org.springframework.boot.actuate.info.OsInfoContributorTests	craton	on	0	PASS	0.627	2	0	0	0	0	/data/data/cratonvm/apps/spring-boot-suite-runner/.suite/results/craton-fullsuite-azure-20260805-s4/all-jit/logs/module_spring-boot-actuator.org.springframework.boot.actuate.info.OsInfoContributorTests.out.log	/data/data/cratonvm/apps/spring-boot-suite-runner/.suite/results/craton-fullsuite-azure-20260805-s4/all-jit/logs/module_spring-boot-actuator.org.springframework.boot.actuate.info.OsInfoContributorTests.err.log	
30	module/spring-boot-actuator	org.springframework.boot.actuate.info.ProcessInfoContributorTests	craton	on	0	PASS	0.623	3	0	0	0	0	/data/data/cratonvm/apps/spring-boot-suite-runner/.suite/results/craton-fullsuite-azure-20260805-s4/all-jit/logs/module_spring-boot-actuator.org.springframework.boot.actuate.info.ProcessInfoContributorTests.out.log	/data/data/cratonvm/apps/spring-boot-suite-runner/.suite/results/craton-fullsuite-azure-20260805-s4/all-jit/logs/module_spring-boot-actuator.org.springframework.boot.actuate.info.ProcessInfoContributorTests.err.log	
31	module/spring-boot-actuator	org.springframework.boot.actuate.info.SimpleInfoContributorTests	craton	on	0	PASS	0.627	2	0	0	0	0	/data/data/cratonvm/apps/spring-boot-suite-runner/.suite/results/craton-fullsuite-azure-20260805-s4/all-jit/logs/module_spring-boot-actuator.org.springframework.boot.actuate.info.SimpleInfoContributorTests.out.log	/data/data/cratonvm/apps/spring-boot-suite-runner/.suite/results/craton-fullsuite-azure-20260805-s4/all-jit/logs/module_spring-boot-actuator.org.springframework.boot.actuate.info.SimpleInfoContributorTests.err.log	
32	module/spring-boot-actuator	org.springframework.boot.actuate.logging.LogFileWebEndpointTests	craton	on	0	PASS	1.005	4	0	0	0	0	/data/data/cratonvm/apps/spring-boot-suite-runner/.suite/results/craton-fullsuite-azure-20260805-s4/all-jit/logs/module_spring-boot-actuator.org.springframework.boot.actuate.logging.LogFileWebEndpointTests.out.log	/data/data/cratonvm/apps/spring-boot-suite-runner/.suite/results/craton-fullsuite-azure-20260805-s4/all-jit/logs/module_spring-boot-actuator.org.springframework.boot.actuate.logging.LogFileWebEndpointTests.err.log	
33	module/spring-boot-actuator	org.springframework.boot.actuate.info.SslInfoContributorTests	craton	on	0	PASS	2.656	2	0	0	0	0	/data/data/cratonvm/apps/spring-boot-suite-runner/.suite/results/craton-fullsuite-azure-20260805-s4/all-jit/logs/module_spring-boot-actuator.org.springframework.boot.actuate.info.SslInfoContributorTests.out.log	/data/data/cratonvm/apps/spring-boot-suite-runner/.suite/results/craton-fullsuite-azure-20260805-s4/all-jit/logs/module_spring-boot-actuator.org.springframework.boot.actuate.info.SslInfoContributorTests.err.log	
34	module/spring-boot-actuator	org.springframework.boot.actuate.logging.LoggersEndpointTests	craton	on	0	PASS	3.046	10	0	0	0	0	/data/data/cratonvm/apps/spring-boot-suite-runner/.suite/results/craton-fullsuite-azure-20260805-s4/all-jit/logs/module_spring-boot-actuator.org.springframework.boot.actuate.logging.LoggersEndpointTests.out.log	/data/data/cratonvm/apps/spring-boot-suite-runner/.suite/results/craton-fullsuite-azure-20260805-s4/all-jit/logs/module_spring-boot-actuator.org.springframework.boot.actuate.logging.LoggersEndpointTests.err.log	
35	module/spring-boot-actuator	org.springframework.boot.actuate.management.ThreadDumpEndpointTests	craton	on	0	PASS	0.804	2	0	0	0	0	/data/data/cratonvm/apps/spring-boot-suite-runner/.suite/results/craton-fullsuite-azure-20260805-s4/all-jit/logs/module_spring-boot-actuator.org.springframework.boot.actuate.management.ThreadDumpEndpointTests.out.log	/data/data/cratonvm/apps/spring-boot-suite-runner/.suite/results/craton-fullsuite-azure-20260805-s4/all-jit/logs/module_spring-boot-actuator.org.springframework.boot.actuate.management.ThreadDumpEndpointTests.err.log	
36	module/spring-boot-actuator	org.springframework.boot.actuate.management.HeapDumpWebEndpointTests	craton	on	0	PASS	3.255	1	0	0	0	0	/data/data/cratonvm/apps/spring-boot-suite-runner/.suite/results/craton-fullsuite-azure-20260805-s4/all-jit/logs/module_spring-boot-actuator.org.springframework.boot.actuate.management.HeapDumpWebEndpointTests.out.log	/data/data/cratonvm/apps/spring-boot-suite-runner/.suite/results/craton-fullsuite-azure-20260805-s4/all-jit/logs/module_spring-boot-actuator.org.springframework.boot.actuate.management.HeapDumpWebEndpointTests.err.log	
37	module/spring-boot-actuator	org.springframework.boot.actuate.sbom.SbomEndpointTests	craton	on	0	PASS	1.022	6	0	0	0	0	/data/data/cratonvm/apps/spring-boot-suite-runner/.suite/results/craton-fullsuite-azure-20260805-s4/all-jit/logs/module_spring-boot-actuator.org.springframework.boot.actuate.sbom.SbomEndpointTests.out.log	/data/data/cratonvm/apps/spring-boot-suite-runner/.suite/results/craton-fullsuite-azure-20260805-s4/all-jit/logs/module_spring-boot-actuator.org.springframework.boot.actuate.sbom.SbomEndpointTests.err.log	
38	module/spring-boot-actuator	org.springframework.boot.actuate.sbom.SbomEndpointWebExtensionTests	craton	on	0	PASS	1.220	11	0	0	0	0	/data/data/cratonvm/apps/spring-boot-suite-runner/.suite/results/craton-fullsuite-azure-20260805-s4/all-jit/logs/module_spring-boot-actuator.org.springframework.boot.actuate.sbom.SbomEndpointWebExtensionTests.out.log	/data/data/cratonvm/apps/spring-boot-suite-runner/.suite/results/craton-fullsuite-azure-20260805-s4/all-jit/logs/module_spring-boot-actuator.org.springframework.boot.actuate.sbom.SbomEndpointWebExtensionTests.err.log	
39	module/spring-boot-actuator	org.springframework.boot.actuate.scheduling.ScheduledTasksEndpointTests	craton	on	0	PASS	2.636	10	0	0	0	0	/data/data/cratonvm/apps/spring-boot-suite-runner/.suite/results/craton-fullsuite-azure-20260805-s4/all-jit/logs/module_spring-boot-actuator.org.springframework.boot.actuate.scheduling.ScheduledTasksEndpointTests.out.log	/data/data/cratonvm/apps/spring-boot-suite-runner/.suite/results/craton-fullsuite-azure-20260805-s4/all-jit/logs/module_spring-boot-actuator.org.springframework.boot.actuate.scheduling.ScheduledTasksEndpointTests.err.log	
40	module/spring-boot-actuator	org.springframework.boot.actuate.security.AuthenticationAuditListenerTests	craton	on	0	PASS	2.042	7	0	0	0	0	/data/data/cratonvm/apps/spring-boot-suite-runner/.suite/results/craton-fullsuite-azure-20260805-s4/all-jit/logs/module_spring-boot-actuator.org.springframework.boot.actuate.security.AuthenticationAuditListenerTests.out.log	/data/data/cratonvm/apps/spring-boot-suite-runner/.suite/results/craton-fullsuite-azure-20260805-s4/all-jit/logs/module_spring-boot-actuator.org.springframework.boot.actuate.security.AuthenticationAuditListenerTests.err.log	
41	module/spring-boot-actuator	org.springframework.boot.actuate.startup.StartupEndpointTests	craton	on	0	PASS	1.407	4	0	0	0	0	/data/data/cratonvm/apps/spring-boot-suite-runner/.suite/results/craton-fullsuite-azure-20260805-s4/all-jit/logs/module_spring-boot-actuator.org.springframework.boot.actuate.startup.StartupEndpointTests.out.log	/data/data/cratonvm/apps/spring-boot-suite-runner/.suite/results/craton-fullsuite-azure-20260805-s4/all-jit/logs/module_spring-boot-actuator.org.springframework.boot.actuate.startup.StartupEndpointTests.err.log	
42	module/spring-boot-actuator	org.springframework.boot.actuate.security.AuthorizationAuditListenerTests	craton	on	0	PASS	1.847	3	0	0	0	0	/data/data/cratonvm/apps/spring-boot-suite-runner/.suite/results/craton-fullsuite-azure-20260805-s4/all-jit/logs/module_spring-boot-actuator.org.springframework.boot.actuate.security.AuthorizationAuditListenerTests.out.log	/data/data/cratonvm/apps/spring-boot-suite-runner/.suite/results/craton-fullsuite-azure-20260805-s4/all-jit/logs/module_spring-boot-actuator.org.springframework.boot.actuate.security.AuthorizationAuditListenerTests.err.log	
43	module/spring-boot-actuator	org.springframework.boot.actuate.web.exchanges.HttpExchangesEndpointTests	craton	on	0	PASS	2.029	1	0	0	0	0	/data/data/cratonvm/apps/spring-boot-suite-runner/.suite/results/craton-fullsuite-azure-20260805-s4/all-jit/logs/module_spring-boot-actuator.org.springframework.boot.actuate.web.exchanges.HttpExchangesEndpointTests.out.log	/data/data/cratonvm/apps/spring-boot-suite-runner/.suite/results/craton-fullsuite-azure-20260805-s4/all-jit/logs/module_spring-boot-actuator.org.springframework.boot.actuate.web.exchanges.HttpExchangesEndpointTests.err.log	
44	module/spring-boot-actuator	org.springframework.boot.actuate.web.exchanges.InMemoryHttpExchangeRepositoryTests	craton	on	0	PASS	2.013	2	0	0	0	0	/data/data/cratonvm/apps/spring-boot-suite-runner/.suite/results/craton-fullsuite-azure-20260805-s4/all-jit/logs/module_spring-boot-actuator.org.springframework.boot.actuate.web.exchanges.InMemoryHttpExchangeRepositoryTests.out.log	/data/data/cratonvm/apps/spring-boot-suite-runner/.suite/results/craton-fullsuite-azure-20260805-s4/all-jit/logs/module_spring-boot-actuator.org.springframework.boot.actuate.web.exchanges.InMemoryHttpExchangeRepositoryTests.err.log	
45	module/spring-boot-actuator	org.springframework.boot.actuate.web.exchanges.HttpExchangeTests	craton	on	0	PASS	4.280	29	0	0	0	0	/data/data/cratonvm/apps/spring-boot-suite-runner/.suite/results/craton-fullsuite-azure-20260805-s4/all-jit/logs/module_spring-boot-actuator.org.springframework.boot.actuate.web.exchanges.HttpExchangeTests.out.log	/data/data/cratonvm/apps/spring-boot-suite-runner/.suite/results/craton-fullsuite-azure-20260805-s4/all-jit/logs/module_spring-boot-actuator.org.springframework.boot.actuate.web.exchanges.HttpExchangeTests.err.log	
46	module/spring-boot-actuator	org.springframework.boot.actuate.web.mappings.MappingsEndpointTests	craton	on	0	PASS	1.047	1	0	0	0	0	/data/data/cratonvm/apps/spring-boot-suite-runner/.suite/results/craton-fullsuite-azure-20260805-s4/all-jit/logs/module_spring-boot-actuator.org.springframework.boot.actuate.web.mappings.MappingsEndpointTests.out.log	/data/data/cratonvm/apps/spring-boot-suite-runner/.suite/results/craton-fullsuite-azure-20260805-s4/all-jit/logs/module_spring-boot-actuator.org.springframework.boot.actuate.web.mappings.MappingsEndpointTests.err.log	
47	module/spring-boot-actuator-autoconfigure	org.springframework.boot.actuate.autoconfigure.audit.AuditAutoConfigurationTests	craton	on	0	PASS	2.628	6	0	0	0	0	/data/data/cratonvm/apps/spring-boot-suite-runner/.suite/results/craton-fullsuite-azure-20260805-s4/all-jit/logs/module_spring-boot-actuator-autoconfigure.org.springframework.boot.actuate.autoconfigure.audit.AuditAutoCo-cf440f838487.out.log	/data/data/cratonvm/apps/spring-boot-suite-runner/.suite/results/craton-fullsuite-azure-20260805-s4/all-jit/logs/module_spring-boot-actuator-autoconfigure.org.springframework.boot.actuate.autoconfigure.audit.AuditAutoCo-cf440f838487.err.log	
48	module/spring-boot-actuator-autoconfigure	org.springframework.boot.actuate.autoconfigure.audit.AuditEventsEndpointAutoConfigurationTests	craton	on	0	PASS	2.639	4	0	0	0	0	/data/data/cratonvm/apps/spring-boot-suite-runner/.suite/results/craton-fullsuite-azure-20260805-s4/all-jit/logs/module_spring-boot-actuator-autoconfigure.org.springframework.boot.actuate.autoconfigure.audit.AuditEvents-6b9ac71fdf70.out.log	/data/data/cratonvm/apps/spring-boot-suite-runner/.suite/results/craton-fullsuite-azure-20260805-s4/all-jit/logs/module_spring-boot-actuator-autoconfigure.org.springframework.boot.actuate.autoconfigure.audit.AuditEvents-6b9ac71fdf70.err.log	
49	module/spring-boot-actuator-autoconfigure	org.springframework.boot.actuate.autoconfigure.beans.BeansEndpointAutoConfigurationTests	craton	on	0	PASS	1.631	3	0	0	0	0	/data/data/cratonvm/apps/spring-boot-suite-runner/.suite/results/craton-fullsuite-azure-20260805-s4/all-jit/logs/module_spring-boot-actuator-autoconfigure.org.springframework.boot.actuate.autoconfigure.beans.BeansEndpoi-1bb6cafe8c2c.out.log	/data/data/cratonvm/apps/spring-boot-suite-runner/.suite/results/craton-fullsuite-azure-20260805-s4/all-jit/logs/module_spring-boot-actuator-autoconfigure.org.springframework.boot.actuate.autoconfigure.beans.BeansEndpoi-1bb6cafe8c2c.err.log	
50	module/spring-boot-actuator-autoconfigure	org.springframework.boot.actuate.autoconfigure.condition.ConditionsReportEndpointAutoConfigurationTests	craton	on	0	PASS	1.829	3	0	0	0	0	/data/data/cratonvm/apps/spring-boot-suite-runner/.suite/results/craton-fullsuite-azure-20260805-s4/all-jit/logs/module_spring-boot-actuator-autoconfigure.org.springframework.boot.actuate.autoconfigure.condition.Conditi-c2bbd9cc1c3c.out.log	/data/data/cratonvm/apps/spring-boot-suite-runner/.suite/results/craton-fullsuite-azure-20260805-s4/all-jit/logs/module_spring-boot-actuator-autoconfigure.org.springframework.boot.actuate.autoconfigure.condition.Conditi-c2bbd9cc1c3c.err.log	
51	module/spring-boot-actuator-autoconfigure	org.springframework.boot.actuate.autoconfigure.condition.ConditionsReportEndpointTests	craton	on	0	PASS	2.842	1	0	0	0	0	/data/data/cratonvm/apps/spring-boot-suite-runner/.suite/results/craton-fullsuite-azure-20260805-s4/all-jit/logs/module_spring-boot-actuator-autoconfigure.org.springframework.boot.actuate.autoconfigure.condition.Conditi-dc49ed9befc7.out.log	/data/data/cratonvm/apps/spring-boot-suite-runner/.suite/results/craton-fullsuite-azure-20260805-s4/all-jit/logs/module_spring-boot-actuator-autoconfigure.org.springframework.boot.actuate.autoconfigure.condition.Conditi-dc49ed9befc7.err.log	
52	module/spring-boot-actuator-autoconfigure	org.springframework.boot.actuate.autoconfigure.context.ShutdownEndpointAutoConfigurationTests	craton	on	0	PASS	1.812	3	0	0	0	0	/data/data/cratonvm/apps/spring-boot-suite-runner/.suite/results/craton-fullsuite-azure-20260805-s4/all-jit/logs/module_spring-boot-actuator-autoconfigure.org.springframework.boot.actuate.autoconfigure.context.ShutdownE-22eda57fb838.out.log	/data/data/cratonvm/apps/spring-boot-suite-runner/.suite/results/craton-fullsuite-azure-20260805-s4/all-jit/logs/module_spring-boot-actuator-autoconfigure.org.springframework.boot.actuate.autoconfigure.context.ShutdownE-22eda57fb838.err.log	
53	module/spring-boot-actuator-autoconfigure	org.springframework.boot.actuate.autoconfigure.context.properties.ConfigurationPropertiesReportEndpointAutoConfigurationTests	craton	on	0	PASS	4.860	7	0	0	0	0	/data/data/cratonvm/apps/spring-boot-suite-runner/.suite/results/craton-fullsuite-azure-20260805-s4/all-jit/logs/module_spring-boot-actuator-autoconfigure.org.springframework.boot.actuate.autoconfigure.context.propertie-0bf5453b2eb2.out.log	/data/data/cratonvm/apps/spring-boot-suite-runner/.suite/results/craton-fullsuite-azure-20260805-s4/all-jit/logs/module_spring-boot-actuator-autoconfigure.org.springframework.boot.actuate.autoconfigure.context.propertie-0bf5453b2eb2.err.log	
54	module/spring-boot-actuator-autoconfigure	org.springframework.boot.actuate.autoconfigure.endpoint.EndpointAutoConfigurationTests	craton	on	0	PASS	2.414	4	0	0	0	0	/data/data/cratonvm/apps/spring-boot-suite-runner/.suite/results/craton-fullsuite-azure-20260805-s4/all-jit/logs/module_spring-boot-actuator-autoconfigure.org.springframework.boot.actuate.autoconfigure.endpoint.Endpoint-37f1fa8c2048.out.log	/data/data/cratonvm/apps/spring-boot-suite-runner/.suite/results/craton-fullsuite-azure-20260805-s4/all-jit/logs/module_spring-boot-actuator-autoconfigure.org.springframework.boot.actuate.autoconfigure.endpoint.Endpoint-37f1fa8c2048.err.log	
55	module/spring-boot-actuator-autoconfigure	org.springframework.boot.actuate.autoconfigure.endpoint.EndpointIdTimeToLivePropertyFunctionTests	craton	on	0	PASS	0.804	3	0	0	0	0	/data/data/cratonvm/apps/spring-boot-suite-runner/.suite/results/craton-fullsuite-azure-20260805-s4/all-jit/logs/module_spring-boot-actuator-autoconfigure.org.springframework.boot.actuate.autoconfigure.endpoint.Endpoint-2e5b5504c841.out.log	/data/data/cratonvm/apps/spring-boot-suite-runner/.suite/results/craton-fullsuite-azure-20260805-s4/all-jit/logs/module_spring-boot-actuator-autoconfigure.org.springframework.boot.actuate.autoconfigure.endpoint.Endpoint-2e5b5504c841.err.log	
56	module/spring-boot-actuator-autoconfigure	org.springframework.boot.actuate.autoconfigure.endpoint.expose.IncludeExcludeEndpointFilterTests	craton	on	0	PASS	3.022	16	0	0	0	0	/data/data/cratonvm/apps/spring-boot-suite-runner/.suite/results/craton-fullsuite-azure-20260805-s4/all-jit/logs/module_spring-boot-actuator-autoconfigure.org.springframework.boot.actuate.autoconfigure.endpoint.expose.I-9e970855fa7f.out.log	/data/data/cratonvm/apps/spring-boot-suite-runner/.suite/results/craton-fullsuite-azure-20260805-s4/all-jit/logs/module_spring-boot-actuator-autoconfigure.org.springframework.boot.actuate.autoconfigure.endpoint.expose.I-9e970855fa7f.err.log	
57	module/spring-boot-actuator-autoconfigure	org.springframework.boot.actuate.autoconfigure.endpoint.condition.ConditionalOnAvailableEndpointTests	craton	on	0	PASS	9.518	23	0	0	0	0	/data/data/cratonvm/apps/spring-boot-suite-runner/.suite/results/craton-fullsuite-azure-20260805-s4/all-jit/logs/module_spring-boot-actuator-autoconfigure.org.springframework.boot.actuate.autoconfigure.endpoint.conditio-829d1891b71e.out.log	/data/data/cratonvm/apps/spring-boot-suite-runner/.suite/results/craton-fullsuite-azure-20260805-s4/all-jit/logs/module_spring-boot-actuator-autoconfigure.org.springframework.boot.actuate.autoconfigure.endpoint.conditio-829d1891b71e.err.log	
58	module/spring-boot-actuator-autoconfigure	org.springframework.boot.actuate.autoconfigure.endpoint.jackson.Jackson2EndpointAutoConfigurationTests	craton	on	0	PASS	2.439	7	0	0	0	0	/data/data/cratonvm/apps/spring-boot-suite-runner/.suite/results/craton-fullsuite-azure-20260805-s4/all-jit/logs/module_spring-boot-actuator-autoconfigure.org.springframework.boot.actuate.autoconfigure.endpoint.jackson.-5f0d89fce1ac.out.log	/data/data/cratonvm/apps/spring-boot-suite-runner/.suite/results/craton-fullsuite-azure-20260805-s4/all-jit/logs/module_spring-boot-actuator-autoconfigure.org.springframework.boot.actuate.autoconfigure.endpoint.jackson.-5f0d89fce1ac.err.log	
59	module/spring-boot-actuator-autoconfigure	org.springframework.boot.actuate.autoconfigure.endpoint.jackson.JacksonEndpointAutoConfigurationTests	craton	on	0	PASS	2.225	6	0	0	0	0	/data/data/cratonvm/apps/spring-boot-suite-runner/.suite/results/craton-fullsuite-azure-20260805-s4/all-jit/logs/module_spring-boot-actuator-autoconfigure.org.springframework.boot.actuate.autoconfigure.endpoint.jackson.-29dfbc007e30.out.log	/data/data/cratonvm/apps/spring-boot-suite-runner/.suite/results/craton-fullsuite-azure-20260805-s4/all-jit/logs/module_spring-boot-actuator-autoconfigure.org.springframework.boot.actuate.autoconfigure.endpoint.jackson.-29dfbc007e30.err.log	
60	module/spring-boot-actuator-autoconfigure	org.springframework.boot.actuate.autoconfigure.endpoint.jmx.DefaultEndpointObjectNameFactoryTests	craton	on	0	PASS	3.445	6	0	0	0	0	/data/data/cratonvm/apps/spring-boot-suite-runner/.suite/results/craton-fullsuite-azure-20260805-s4/all-jit/logs/module_spring-boot-actuator-autoconfigure.org.springframework.boot.actuate.autoconfigure.endpoint.jmx.Defa-44e4b42c741e.out.log	/data/data/cratonvm/apps/spring-boot-suite-runner/.suite/results/craton-fullsuite-azure-20260805-s4/all-jit/logs/module_spring-boot-actuator-autoconfigure.org.springframework.boot.actuate.autoconfigure.endpoint.jmx.Defa-44e4b42c741e.err.log	
61	module/spring-boot-actuator-autoconfigure	org.springframework.boot.actuate.autoconfigure.endpoint.PropertiesEndpointAccessResolverTests	craton	on	0	PASS	1.205	16	0	0	0	0	/data/data/cratonvm/apps/spring-boot-suite-runner/.suite/results/craton-fullsuite-azure-20260805-s4/all-jit/logs/module_spring-boot-actuator-autoconfigure.org.springframework.boot.actuate.autoconfigure.endpoint.Properti-2bf88d5c465f.out.log	/data/data/cratonvm/apps/spring-boot-suite-runner/.suite/results/craton-fullsuite-azure-20260805-s4/all-jit/logs/module_spring-boot-actuator-autoconfigure.org.springframework.boot.actuate.autoconfigure.endpoint.Properti-2bf88d5c465f.err.log	
62	module/spring-boot-actuator-autoconfigure	org.springframework.boot.actuate.autoconfigure.endpoint.web.MappingWebEndpointPathMapperTests	craton	on	0	PASS	0.605	4	0	0	0	0	/data/data/cratonvm/apps/spring-boot-suite-runner/.suite/results/craton-fullsuite-azure-20260805-s4/all-jit/logs/module_spring-boot-actuator-autoconfigure.org.springframework.boot.actuate.autoconfigure.endpoint.web.Mapp-c74dd58185ed.out.log	/data/data/cratonvm/apps/spring-boot-suite-runner/.suite/results/craton-fullsuite-azure-20260805-s4/all-jit/logs/module_spring-boot-actuator-autoconfigure.org.springframework.boot.actuate.autoconfigure.endpoint.web.Mapp-c74dd58185ed.err.log	
63	module/spring-boot-actuator-autoconfigure	org.springframework.boot.actuate.autoconfigure.endpoint.web.WebEndpointAutoConfigurationTests	craton	on	0	PASS	6.447	7	0	0	0	0	/data/data/cratonvm/apps/spring-boot-suite-runner/.suite/results/craton-fullsuite-azure-20260805-s4/all-jit/logs/module_spring-boot-actuator-autoconfigure.org.springframework.boot.actuate.autoconfigure.endpoint.web.WebE-f5ff4298c2d7.out.log	/data/data/cratonvm/apps/spring-boot-suite-runner/.suite/results/craton-fullsuite-azure-20260805-s4/all-jit/logs/module_spring-boot-actuator-autoconfigure.org.springframework.boot.actuate.autoconfigure.endpoint.web.WebE-f5ff4298c2d7.err.log	
64	module/spring-boot-actuator-autoconfigure	org.springframework.boot.actuate.autoconfigure.endpoint.jmx.JmxEndpointAutoConfigurationTests	craton	on	0	PASS	9.755	4	0	0	0	0	/data/data/cratonvm/apps/spring-boot-suite-runner/.suite/results/craton-fullsuite-azure-20260805-s4/all-jit/logs/module_spring-boot-actuator-autoconfigure.org.springframework.boot.actuate.autoconfigure.endpoint.jmx.JmxE-667759f8dc76.out.log	/data/data/cratonvm/apps/spring-boot-suite-runner/.suite/results/craton-fullsuite-azure-20260805-s4/all-jit/logs/module_spring-boot-actuator-autoconfigure.org.springframework.boot.actuate.autoconfigure.endpoint.jmx.JmxE-667759f8dc76.err.log	
65	module/spring-boot-actuator-autoconfigure	org.springframework.boot.actuate.autoconfigure.endpoint.web.WebEndpointPropertiesTests	craton	on	0	PASS	0.619	4	0	0	0	0	/data/data/cratonvm/apps/spring-boot-suite-runner/.suite/results/craton-fullsuite-azure-20260805-s4/all-jit/logs/module_spring-boot-actuator-autoconfigure.org.springframework.boot.actuate.autoconfigure.endpoint.web.WebE-c2f2a8b02ea2.out.log	/data/data/cratonvm/apps/spring-boot-suite-runner/.suite/results/craton-fullsuite-azure-20260805-s4/all-jit/logs/module_spring-boot-actuator-autoconfigure.org.springframework.boot.actuate.autoconfigure.endpoint.web.WebE-c2f2a8b02ea2.err.log	
66	module/spring-boot-actuator-autoconfigure	org.springframework.boot.actuate.autoconfigure.env.EnvironmentEndpointAutoConfigurationTests	craton	on	0	PASS	3.636	7	0	0	0	0	/data/data/cratonvm/apps/spring-boot-suite-runner/.suite/results/craton-fullsuite-azure-20260805-s4/all-jit/logs/module_spring-boot-actuator-autoconfigure.org.springframework.boot.actuate.autoconfigure.env.EnvironmentEn-d5706b532bc9.out.log	/data/data/cratonvm/apps/spring-boot-suite-runner/.suite/results/craton-fullsuite-azure-20260805-s4/all-jit/logs/module_spring-boot-actuator-autoconfigure.org.springframework.boot.actuate.autoconfigure.env.EnvironmentEn-d5706b532bc9.err.log	
67	module/spring-boot-actuator-autoconfigure	org.springframework.boot.actuate.autoconfigure.info.InfoEndpointAutoConfigurationTests	craton	on	0	PASS	1.809	3	0	0	0	0	/data/data/cratonvm/apps/spring-boot-suite-runner/.suite/results/craton-fullsuite-azure-20260805-s4/all-jit/logs/module_spring-boot-actuator-autoconfigure.org.springframework.boot.actuate.autoconfigure.info.InfoEndpoint-66bc9cbc6251.out.log	/data/data/cratonvm/apps/spring-boot-suite-runner/.suite/results/craton-fullsuite-azure-20260805-s4/all-jit/logs/module_spring-boot-actuator-autoconfigure.org.springframework.boot.actuate.autoconfigure.info.InfoEndpoint-66bc9cbc6251.err.log	
68	module/spring-boot-actuator-autoconfigure	org.springframework.boot.actuate.autoconfigure.info.InfoContributorAutoConfigurationTests	craton	on	0	PASS	7.277	15	0	0	0	0	/data/data/cratonvm/apps/spring-boot-suite-runner/.suite/results/craton-fullsuite-azure-20260805-s4/all-jit/logs/module_spring-boot-actuator-autoconfigure.org.springframework.boot.actuate.autoconfigure.info.InfoContribu-5587231589c0.out.log	/data/data/cratonvm/apps/spring-boot-suite-runner/.suite/results/craton-fullsuite-azure-20260805-s4/all-jit/logs/module_spring-boot-actuator-autoconfigure.org.springframework.boot.actuate.autoconfigure.info.InfoContribu-5587231589c0.err.log	
69	module/spring-boot-actuator-autoconfigure	org.springframework.boot.actuate.autoconfigure.logging.LogFileWebEndpointAutoConfigurationTests	craton	on	0	PASS	3.639	8	0	0	0	0	/data/data/cratonvm/apps/spring-boot-suite-runner/.suite/results/craton-fullsuite-azure-20260805-s4/all-jit/logs/module_spring-boot-actuator-autoconfigure.org.springframework.boot.actuate.autoconfigure.logging.LogFileWe-5a709ae1df0f.out.log	/data/data/cratonvm/apps/spring-boot-suite-runner/.suite/results/craton-fullsuite-azure-20260805-s4/all-jit/logs/module_spring-boot-actuator-autoconfigure.org.springframework.boot.actuate.autoconfigure.logging.LogFileWe-5a709ae1df0f.err.log	
70	module/spring-boot-actuator-autoconfigure	org.springframework.boot.actuate.autoconfigure.management.HeapDumpWebEndpointAutoConfigurationTests	craton	on	0	PASS	1.407	2	0	0	0	0	/data/data/cratonvm/apps/spring-boot-suite-runner/.suite/results/craton-fullsuite-azure-20260805-s4/all-jit/logs/module_spring-boot-actuator-autoconfigure.org.springframework.boot.actuate.autoconfigure.management.HeapDu-412acffa1efa.out.log	/data/data/cratonvm/apps/spring-boot-suite-runner/.suite/results/craton-fullsuite-azure-20260805-s4/all-jit/logs/module_spring-boot-actuator-autoconfigure.org.springframework.boot.actuate.autoconfigure.management.HeapDu-412acffa1efa.err.log	
71	module/spring-boot-actuator-autoconfigure	org.springframework.boot.actuate.autoconfigure.logging.LoggersEndpointAutoConfigurationTests	craton	on	0	PASS	4.056	4	0	0	0	0	/data/data/cratonvm/apps/spring-boot-suite-runner/.suite/results/craton-fullsuite-azure-20260805-s4/all-jit/logs/module_spring-boot-actuator-autoconfigure.org.springframework.boot.actuate.autoconfigure.logging.LoggersEn-2ee0257c8593.out.log	/data/data/cratonvm/apps/spring-boot-suite-runner/.suite/results/craton-fullsuite-azure-20260805-s4/all-jit/logs/module_spring-boot-actuator-autoconfigure.org.springframework.boot.actuate.autoconfigure.logging.LoggersEn-2ee0257c8593.err.log	
72	module/spring-boot-actuator-autoconfigure	org.springframework.boot.actuate.autoconfigure.management.ThreadDumpEndpointAutoConfigurationTests	craton	on	0	PASS	1.623	3	0	0	0	0	/data/data/cratonvm/apps/spring-boot-suite-runner/.suite/results/craton-fullsuite-azure-20260805-s4/all-jit/logs/module_spring-boot-actuator-autoconfigure.org.springframework.boot.actuate.autoconfigure.management.Thread-bd05957a6d34.out.log	/data/data/cratonvm/apps/spring-boot-suite-runner/.suite/results/craton-fullsuite-azure-20260805-s4/all-jit/logs/module_spring-boot-actuator-autoconfigure.org.springframework.boot.actuate.autoconfigure.management.Thread-bd05957a6d34.err.log	
73	module/spring-boot-actuator-autoconfigure	org.springframework.boot.actuate.autoconfigure.scheduling.ScheduledTasksEndpointAutoConfigurationTests	craton	on	0	PASS	2.017	4	0	0	0	0	/data/data/cratonvm/apps/spring-boot-suite-runner/.suite/results/craton-fullsuite-azure-20260805-s4/all-jit/logs/module_spring-boot-actuator-autoconfigure.org.springframework.boot.actuate.autoconfigure.scheduling.Schedu-acaafddb8f70.out.log	/data/data/cratonvm/apps/spring-boot-suite-runner/.suite/results/craton-fullsuite-azure-20260805-s4/all-jit/logs/module_spring-boot-actuator-autoconfigure.org.springframework.boot.actuate.autoconfigure.scheduling.Schedu-acaafddb8f70.err.log	
74	module/spring-boot-actuator-autoconfigure	org.springframework.boot.actuate.autoconfigure.sbom.SbomEndpointAutoConfigurationTests	craton	on	0	PASS	2.444	4	0	0	0	0	/data/data/cratonvm/apps/spring-boot-suite-runner/.suite/results/craton-fullsuite-azure-20260805-s4/all-jit/logs/module_spring-boot-actuator-autoconfigure.org.springframework.boot.actuate.autoconfigure.sbom.SbomEndpoint-154e4b285d81.out.log	/data/data/cratonvm/apps/spring-boot-suite-runner/.suite/results/craton-fullsuite-azure-20260805-s4/all-jit/logs/module_spring-boot-actuator-autoconfigure.org.springframework.boot.actuate.autoconfigure.sbom.SbomEndpoint-154e4b285d81.err.log	
75	module/spring-boot-actuator-autoconfigure	org.springframework.boot.actuate.autoconfigure.startup.StartupEndpointAutoConfigurationTests	craton	on	0	PASS	1.634	3	0	0	0	0	/data/data/cratonvm/apps/spring-boot-suite-runner/.suite/results/craton-fullsuite-azure-20260805-s4/all-jit/logs/module_spring-boot-actuator-autoconfigure.org.springframework.boot.actuate.autoconfigure.startup.StartupEn-fc41ae3b304c.out.log	/data/data/cratonvm/apps/spring-boot-suite-runner/.suite/results/craton-fullsuite-azure-20260805-s4/all-jit/logs/module_spring-boot-actuator-autoconfigure.org.springframework.boot.actuate.autoconfigure.startup.StartupEn-fc41ae3b304c.err.log	
76	module/spring-boot-actuator-autoconfigure	org.springframework.boot.actuate.autoconfigure.web.ManagementContextConfigurationTests	craton	on	0	PASS	0.603	2	0	0	0	0	/data/data/cratonvm/apps/spring-boot-suite-runner/.suite/results/craton-fullsuite-azure-20260805-s4/all-jit/logs/module_spring-boot-actuator-autoconfigure.org.springframework.boot.actuate.autoconfigure.web.ManagementCon-1c3ba9169ea5.out.log	/data/data/cratonvm/apps/spring-boot-suite-runner/.suite/results/craton-fullsuite-azure-20260805-s4/all-jit/logs/module_spring-boot-actuator-autoconfigure.org.springframework.boot.actuate.autoconfigure.web.ManagementCon-1c3ba9169ea5.err.log	
77	module/spring-boot-actuator-autoconfigure	org.springframework.boot.actuate.autoconfigure.web.exchanges.HttpExchangesEndpointAutoConfigurationTests	craton	on	0	PASS	2.247	4	0	0	0	0	/data/data/cratonvm/apps/spring-boot-suite-runner/.suite/results/craton-fullsuite-azure-20260805-s4/all-jit/logs/module_spring-boot-actuator-autoconfigure.org.springframework.boot.actuate.autoconfigure.web.exchanges.Htt-2c40c03b68dd.out.log	/data/data/cratonvm/apps/spring-boot-suite-runner/.suite/results/craton-fullsuite-azure-20260805-s4/all-jit/logs/module_spring-boot-actuator-autoconfigure.org.springframework.boot.actuate.autoconfigure.web.exchanges.Htt-2c40c03b68dd.err.log	
78	module/spring-boot-actuator-autoconfigure	org.springframework.boot.actuate.autoconfigure.web.mappings.MappingsEndpointAutoConfigurationTests	craton	on	0	PASS	1.626	2	0	0	0	0	/data/data/cratonvm/apps/spring-boot-suite-runner/.suite/results/craton-fullsuite-azure-20260805-s4/all-jit/logs/module_spring-boot-actuator-autoconfigure.org.springframework.boot.actuate.autoconfigure.web.mappings.Mapp-d53d4c2a2b6c.out.log	/data/data/cratonvm/apps/spring-boot-suite-runner/.suite/results/craton-fullsuite-azure-20260805-s4/all-jit/logs/module_spring-boot-actuator-autoconfigure.org.springframework.boot.actuate.autoconfigure.web.mappings.Mapp-d53d4c2a2b6c.err.log	
79	module/spring-boot-actuator-autoconfigure	org.springframework.boot.actuate.autoconfigure.web.server.ManagementContextConfigurationImportSelectorTests	craton	on	0	PASS	0.804	4	0	0	0	0	/data/data/cratonvm/apps/spring-boot-suite-runner/.suite/results/craton-fullsuite-azure-20260805-s4/all-jit/logs/module_spring-boot-actuator-autoconfigure.org.springframework.boot.actuate.autoconfigure.web.server.Manage-8047461cfeeb.out.log	/data/data/cratonvm/apps/spring-boot-suite-runner/.suite/results/craton-fullsuite-azure-20260805-s4/all-jit/logs/module_spring-boot-actuator-autoconfigure.org.springframework.boot.actuate.autoconfigure.web.server.Manage-8047461cfeeb.err.log	
80	module/spring-boot-actuator-autoconfigure	org.springframework.boot.actuate.autoconfigure.web.server.ManagementServerPropertiesTests	craton	on	0	PASS	0.603	6	0	0	0	0	/data/data/cratonvm/apps/spring-boot-suite-runner/.suite/results/craton-fullsuite-azure-20260805-s4/all-jit/logs/module_spring-boot-actuator-autoconfigure.org.springframework.boot.actuate.autoconfigure.web.server.Manage-6e8b73362892.out.log	/data/data/cratonvm/apps/spring-boot-suite-runner/.suite/results/craton-fullsuite-azure-20260805-s4/all-jit/logs/module_spring-boot-actuator-autoconfigure.org.springframework.boot.actuate.autoconfigure.web.server.Manage-6e8b73362892.err.log	
81	module/spring-boot-amqp	org.springframework.boot.amqp.autoconfigure.health.RabbitHealthContributorAutoConfigurationTests	craton	on	0	PASS	8.857	2	0	0	0	0	/data/data/cratonvm/apps/spring-boot-suite-runner/.suite/results/craton-fullsuite-azure-20260805-s4/all-jit/logs/module_spring-boot-amqp.org.springframework.boot.amqp.autoconfigure.health.RabbitHealthContributorAutoConf-5de100e64362.out.log	/data/data/cratonvm/apps/spring-boot-suite-runner/.suite/results/craton-fullsuite-azure-20260805-s4/all-jit/logs/module_spring-boot-amqp.org.springframework.boot.amqp.autoconfigure.health.RabbitHealthContributorAutoConf-5de100e64362.err.log	
82	module/spring-boot-amqp	org.springframework.boot.amqp.autoconfigure.metrics.RabbitMetricsAutoConfigurationMeterBinderCycleIntegrationTests	craton	on	0	PASS	5.839	1	0	0	0	0	/data/data/cratonvm/apps/spring-boot-suite-runner/.suite/results/craton-fullsuite-azure-20260805-s4/all-jit/logs/module_spring-boot-amqp.org.springframework.boot.amqp.autoconfigure.metrics.RabbitMetricsAutoConfiguration-8942fc7cf71a.out.log	/data/data/cratonvm/apps/spring-boot-suite-runner/.suite/results/craton-fullsuite-azure-20260805-s4/all-jit/logs/module_spring-boot-amqp.org.springframework.boot.amqp.autoconfigure.metrics.RabbitMetricsAutoConfiguration-8942fc7cf71a.err.log	
83	module/spring-boot-amqp	org.springframework.boot.amqp.autoconfigure.metrics.RabbitMetricsAutoConfigurationTests	craton	on	0	PASS	12.874	3	0	0	0	0	/data/data/cratonvm/apps/spring-boot-suite-runner/.suite/results/craton-fullsuite-azure-20260805-s4/all-jit/logs/module_spring-boot-amqp.org.springframework.boot.amqp.autoconfigure.metrics.RabbitMetricsAutoConfigurationTests.out.log	/data/data/cratonvm/apps/spring-boot-suite-runner/.suite/results/craton-fullsuite-azure-20260805-s4/all-jit/logs/module_spring-boot-amqp.org.springframework.boot.amqp.autoconfigure.metrics.RabbitMetricsAutoConfigurationTests.err.log	
84	module/spring-boot-amqp	org.springframework.boot.amqp.autoconfigure.PropertiesRabbitConnectionDetailsTests	craton	on	0	PASS	3.219	4	0	0	0	0	/data/data/cratonvm/apps/spring-boot-suite-runner/.suite/results/craton-fullsuite-azure-20260805-s4/all-jit/logs/module_spring-boot-amqp.org.springframework.boot.amqp.autoconfigure.PropertiesRabbitConnectionDetailsTests.out.log	/data/data/cratonvm/apps/spring-boot-suite-runner/.suite/results/craton-fullsuite-azure-20260805-s4/all-jit/logs/module_spring-boot-amqp.org.springframework.boot.amqp.autoconfigure.PropertiesRabbitConnectionDetailsTests.err.log	
85	module/spring-boot-actuator-autoconfigure	org.springframework.boot.actuate.autoconfigure.web.server.ChildManagementContextInitializerAotTests	craton	on	0	PASS	33.926	1	0	0	0	0	/data/data/cratonvm/apps/spring-boot-suite-runner/.suite/results/craton-fullsuite-azure-20260805-s4/all-jit/logs/module_spring-boot-actuator-autoconfigure.org.springframework.boot.actuate.autoconfigure.web.server.ChildM-ca2e24fee868.out.log	/data/data/cratonvm/apps/spring-boot-suite-runner/.suite/results/craton-fullsuite-azure-20260805-s4/all-jit/logs/module_spring-boot-actuator-autoconfigure.org.springframework.boot.actuate.autoconfigure.web.server.ChildM-ca2e24fee868.err.log	
86	module/spring-boot-amqp	org.springframework.boot.amqp.autoconfigure.RabbitPropertiesTests	craton	on	0	PASS	3.016	57	0	0	0	0	/data/data/cratonvm/apps/spring-boot-suite-runner/.suite/results/craton-fullsuite-azure-20260805-s4/all-jit/logs/module_spring-boot-amqp.org.springframework.boot.amqp.autoconfigure.RabbitPropertiesTests.out.log	/data/data/cratonvm/apps/spring-boot-suite-runner/.suite/results/craton-fullsuite-azure-20260805-s4/all-jit/logs/module_spring-boot-amqp.org.springframework.boot.amqp.autoconfigure.RabbitPropertiesTests.err.log	
87	module/spring-boot-amqp	org.springframework.boot.amqp.autoconfigure.RabbitStreamConfigurationTests	craton	on	0	PASS	70.107	29	0	0	0	0	/data/data/cratonvm/apps/spring-boot-suite-runner/.suite/results/craton-fullsuite-azure-20260805-s4/all-jit/logs/module_spring-boot-amqp.org.springframework.boot.amqp.autoconfigure.RabbitStreamConfigurationTests.out.log	/data/data/cratonvm/apps/spring-boot-suite-runner/.suite/results/craton-fullsuite-azure-20260805-s4/all-jit/logs/module_spring-boot-amqp.org.springframework.boot.amqp.autoconfigure.RabbitStreamConfigurationTests.err.log	
88	module/spring-boot-amqp	org.springframework.boot.amqp.docker.compose.RabbitEnvironmentTests	craton	on	0	PASS	0.807	6	0	0	0	0	/data/data/cratonvm/apps/spring-boot-suite-runner/.suite/results/craton-fullsuite-azure-20260805-s4/all-jit/logs/module_spring-boot-amqp.org.springframework.boot.amqp.docker.compose.RabbitEnvironmentTests.out.log	/data/data/cratonvm/apps/spring-boot-suite-runner/.suite/results/craton-fullsuite-azure-20260805-s4/all-jit/logs/module_spring-boot-amqp.org.springframework.boot.amqp.docker.compose.RabbitEnvironmentTests.err.log	
89	module/spring-boot-amqp	org.springframework.boot.amqp.autoconfigure.RabbitAutoConfigurationTests	craton	on	1	FAIL	93.917	76	42	0	0	1	/data/data/cratonvm/apps/spring-boot-suite-runner/.suite/results/craton-fullsuite-azure-20260805-s4/all-jit/logs/module_spring-boot-amqp.org.springframework.boot.amqp.autoconfigure.RabbitAutoConfigurationTests.out.log	/data/data/cratonvm/apps/spring-boot-suite-runner/.suite/results/craton-fullsuite-azure-20260805-s4/all-jit/logs/module_spring-boot-amqp.org.springframework.boot.amqp.autoconfigure.RabbitAutoConfigurationTests.err.log	2026-08-05T11:39:16.275Z  WARN  --- [           main] s.c.a.AnnotationConfigApplicationContext : Exception encountered during context initialization - cancelling refresh attempt: o | hotspot-baseline: PASS 0/78
90	module/spring-boot-amqp	org.springframework.boot.amqp.health.RabbitHealthIndicatorTests	craton	on	0	PASS	19.994	4	0	0	0	0	/data/data/cratonvm/apps/spring-boot-suite-runner/.suite/results/craton-fullsuite-azure-20260805-s4/all-jit/logs/module_spring-boot-amqp.org.springframework.boot.amqp.health.RabbitHealthIndicatorTests.out.log	/data/data/cratonvm/apps/spring-boot-suite-runner/.suite/results/craton-fullsuite-azure-20260805-s4/all-jit/logs/module_spring-boot-amqp.org.springframework.boot.amqp.health.RabbitHealthIndicatorTests.err.log	
91	module/spring-boot-artemis	org.springframework.boot.artemis.autoconfigure.ArtemisAutoConfigurationTests	craton	on	0	EMPTY	1.008	0	0	0	24	0	/data/data/cratonvm/apps/spring-boot-suite-runner/.suite/results/craton-fullsuite-azure-20260805-s4/all-jit/logs/module_spring-boot-artemis.org.springframework.boot.artemis.autoconfigure.ArtemisAutoConfigurationTests.out.log	/data/data/cratonvm/apps/spring-boot-suite-runner/.suite/results/craton-fullsuite-azure-20260805-s4/all-jit/logs/module_spring-boot-artemis.org.springframework.boot.artemis.autoconfigure.ArtemisAutoConfigurationTests.err.log	
92	module/spring-boot-artemis	org.springframework.boot.artemis.autoconfigure.ArtemisEmbeddedConfigurationFactoryTests	craton	on	0	PASS	2.213	6	0	0	0	0	/data/data/cratonvm/apps/spring-boot-suite-runner/.suite/results/craton-fullsuite-azure-20260805-s4/all-jit/logs/module_spring-boot-artemis.org.springframework.boot.artemis.autoconfigure.ArtemisEmbeddedConfigurationFactoryTests.out.log	/data/data/cratonvm/apps/spring-boot-suite-runner/.suite/results/craton-fullsuite-azure-20260805-s4/all-jit/logs/module_spring-boot-artemis.org.springframework.boot.artemis.autoconfigure.ArtemisEmbeddedConfigurationFactoryTests.err.log	
93	module/spring-boot-artemis	org.springframework.boot.artemis.docker.compose.ArtemisEnvironmentTests	craton	on	0	PASS	0.808	4	0	0	0	0	/data/data/cratonvm/apps/spring-boot-suite-runner/.suite/results/craton-fullsuite-azure-20260805-s4/all-jit/logs/module_spring-boot-artemis.org.springframework.boot.artemis.docker.compose.ArtemisEnvironmentTests.out.log	/data/data/cratonvm/apps/spring-boot-suite-runner/.suite/results/craton-fullsuite-azure-20260805-s4/all-jit/logs/module_spring-boot-artemis.org.springframework.boot.artemis.docker.compose.ArtemisEnvironmentTests.err.log	
94	module/spring-boot-amqp	org.springframework.boot.amqp.metrics.RabbitMetricsTests	craton	on	0	PASS	6.765	2	0	0	0	0	/data/data/cratonvm/apps/spring-boot-suite-runner/.suite/results/craton-fullsuite-azure-20260805-s4/all-jit/logs/module_spring-boot-amqp.org.springframework.boot.amqp.metrics.RabbitMetricsTests.out.log	/data/data/cratonvm/apps/spring-boot-suite-runner/.suite/results/craton-fullsuite-azure-20260805-s4/all-jit/logs/module_spring-boot-amqp.org.springframework.boot.amqp.metrics.RabbitMetricsTests.err.log	
95	module/spring-boot-batch	org.springframework.boot.batch.autoconfigure.BatchAutoConfigurationTests	craton	on	0	PASS	7.479	10	0	0	0	0	/data/data/cratonvm/apps/spring-boot-suite-runner/.suite/results/craton-fullsuite-azure-20260805-s4/all-jit/logs/module_spring-boot-batch.org.springframework.boot.batch.autoconfigure.BatchAutoConfigurationTests.out.log	/data/data/cratonvm/apps/spring-boot-suite-runner/.suite/results/craton-fullsuite-azure-20260805-s4/all-jit/logs/module_spring-boot-batch.org.springframework.boot.batch.autoconfigure.BatchAutoConfigurationTests.err.log	
96	module/spring-boot-batch	org.springframework.boot.batch.autoconfigure.JobExecutionExitCodeGeneratorTests	craton	on	0	PASS	0.603	3	0	0	0	0	/data/data/cratonvm/apps/spring-boot-suite-runner/.suite/results/craton-fullsuite-azure-20260805-s4/all-jit/logs/module_spring-boot-batch.org.springframework.boot.batch.autoconfigure.JobExecutionExitCodeGeneratorTests.out.log	/data/data/cratonvm/apps/spring-boot-suite-runner/.suite/results/craton-fullsuite-azure-20260805-s4/all-jit/logs/module_spring-boot-batch.org.springframework.boot.batch.autoconfigure.JobExecutionExitCodeGeneratorTests.err.log	
97	module/spring-boot-batch	org.springframework.boot.batch.autoconfigure.BatchJobLauncherAutoConfigurationTests	craton	on	0	PASS	6.684	7	0	0	0	0	/data/data/cratonvm/apps/spring-boot-suite-runner/.suite/results/craton-fullsuite-azure-20260805-s4/all-jit/logs/module_spring-boot-batch.org.springframework.boot.batch.autoconfigure.BatchJobLauncherAutoConfigurationTests.out.log	/data/data/cratonvm/apps/spring-boot-suite-runner/.suite/results/craton-fullsuite-azure-20260805-s4/all-jit/logs/module_spring-boot-batch.org.springframework.boot.batch.autoconfigure.BatchJobLauncherAutoConfigurationTests.err.log	
98	module/spring-boot-batch	org.springframework.boot.batch.autoconfigure.JobLauncherApplicationRunnerTests	craton	on	0	PASS	1.632	2	0	0	0	0	/data/data/cratonvm/apps/spring-boot-suite-runner/.suite/results/craton-fullsuite-azure-20260805-s4/all-jit/logs/module_spring-boot-batch.org.springframework.boot.batch.autoconfigure.JobLauncherApplicationRunnerTests.out.log	/data/data/cratonvm/apps/spring-boot-suite-runner/.suite/results/craton-fullsuite-azure-20260805-s4/all-jit/logs/module_spring-boot-batch.org.springframework.boot.batch.autoconfigure.JobLauncherApplicationRunnerTests.err.log	
99	module/spring-boot-batch	org.springframework.boot.batch.autoconfigure.observation.BatchObservationAutoConfigurationTests	craton	on	0	PASS	1.242	2	0	0	0	0	/data/data/cratonvm/apps/spring-boot-suite-runner/.suite/results/craton-fullsuite-azure-20260805-s4/all-jit/logs/module_spring-boot-batch.org.springframework.boot.batch.autoconfigure.observation.BatchObservationAutoConf-384412b8ff03.out.log	/data/data/cratonvm/apps/spring-boot-suite-runner/.suite/results/craton-fullsuite-azure-20260805-s4/all-jit/logs/module_spring-boot-batch.org.springframework.boot.batch.autoconfigure.observation.BatchObservationAutoConf-384412b8ff03.err.log	
100	module/spring-boot-batch-data-mongodb	org.springframework.boot.batch.mongodb.autoconfigure.BatchMongoSchemaInitializerTests	craton	on	0	PASS	8.063	3	0	0	0	0	/data/data/cratonvm/apps/spring-boot-suite-runner/.suite/results/craton-fullsuite-azure-20260805-s4/all-jit/logs/module_spring-boot-batch-data-mongodb.org.springframework.boot.batch.mongodb.autoconfigure.BatchMongoSchem-2ba61d71f766.out.log	/data/data/cratonvm/apps/spring-boot-suite-runner/.suite/results/craton-fullsuite-azure-20260805-s4/all-jit/logs/module_spring-boot-batch-data-mongodb.org.springframework.boot.batch.mongodb.autoconfigure.BatchMongoSchem-2ba61d71f766.err.log	
101	module/spring-boot-batch-jdbc	org.springframework.boot.batch.jdbc.autoconfigure.BatchDataSourceScriptDatabaseInitializerTests	craton	on	0	PASS	11.481	14	0	0	0	0	/data/data/cratonvm/apps/spring-boot-suite-runner/.suite/results/craton-fullsuite-azure-20260805-s4/all-jit/logs/module_spring-boot-batch-jdbc.org.springframework.boot.batch.jdbc.autoconfigure.BatchDataSourceScriptDatab-622e83283e58.out.log	/data/data/cratonvm/apps/spring-boot-suite-runner/.suite/results/craton-fullsuite-azure-20260805-s4/all-jit/logs/module_spring-boot-batch-jdbc.org.springframework.boot.batch.jdbc.autoconfigure.BatchDataSourceScriptDatab-622e83283e58.err.log	
102	module/spring-boot-batch-data-mongodb	org.springframework.boot.batch.mongodb.autoconfigure.BatchDataMongoAutoConfigurationTests	craton	on	1	FAIL	23.234	13	10	0	0	0	/data/data/cratonvm/apps/spring-boot-suite-runner/.suite/results/craton-fullsuite-azure-20260805-s4/all-jit/logs/module_spring-boot-batch-data-mongodb.org.springframework.boot.batch.mongodb.autoconfigure.BatchDataMongoA-400993c343da.out.log	/data/data/cratonvm/apps/spring-boot-suite-runner/.suite/results/craton-fullsuite-azure-20260805-s4/all-jit/logs/module_spring-boot-batch-data-mongodb.org.springframework.boot.batch.mongodb.autoconfigure.BatchDataMongoA-400993c343da.err.log	11:41:07.534 [main] WARN org.springframework.context.annotation.AnnotationConfigApplicationContext -- Exception encountered during context initialization - cancelling refresh attem | hotspot-baseline: PASS 0/13
103	module/spring-boot-batch-jdbc	org.springframework.boot.batch.jdbc.autoconfigure.BatchJdbcAutoConfigurationWithoutJpaTests	craton	on	0	PASS	17.324	3	0	0	0	0	/data/data/cratonvm/apps/spring-boot-suite-runner/.suite/results/craton-fullsuite-azure-20260805-s4/all-jit/logs/module_spring-boot-batch-jdbc.org.springframework.boot.batch.jdbc.autoconfigure.BatchJdbcAutoConfiguration-f9d9fb11410c.out.log	/data/data/cratonvm/apps/spring-boot-suite-runner/.suite/results/craton-fullsuite-azure-20260805-s4/all-jit/logs/module_spring-boot-batch-jdbc.org.springframework.boot.batch.jdbc.autoconfigure.BatchJdbcAutoConfiguration-f9d9fb11410c.err.log	
104	module/spring-boot-batch-jdbc	org.springframework.boot.batch.jdbc.autoconfigure.BatchJdbcPropertiesTests	craton	on	0	PASS	0.604	1	0	0	0	0	/data/data/cratonvm/apps/spring-boot-suite-runner/.suite/results/craton-fullsuite-azure-20260805-s4/all-jit/logs/module_spring-boot-batch-jdbc.org.springframework.boot.batch.jdbc.autoconfigure.BatchJdbcPropertiesTests.out.log	/data/data/cratonvm/apps/spring-boot-suite-runner/.suite/results/craton-fullsuite-azure-20260805-s4/all-jit/logs/module_spring-boot-batch-jdbc.org.springframework.boot.batch.jdbc.autoconfigure.BatchJdbcPropertiesTests.err.log	
105	module/spring-boot-cache	org.springframework.boot.cache.actuate.endpoint.CachesEndpointTests	craton	on	0	PASS	3.021	13	0	0	0	0	/data/data/cratonvm/apps/spring-boot-suite-runner/.suite/results/craton-fullsuite-azure-20260805-s4/all-jit/logs/module_spring-boot-cache.org.springframework.boot.cache.actuate.endpoint.CachesEndpointTests.out.log	/data/data/cratonvm/apps/spring-boot-suite-runner/.suite/results/craton-fullsuite-azure-20260805-s4/all-jit/logs/module_spring-boot-cache.org.springframework.boot.cache.actuate.endpoint.CachesEndpointTests.err.log	
106	module/spring-boot-batch-jdbc	org.springframework.boot.batch.jdbc.autoconfigure.BatchJdbcAutoConfigurationTests	craton	on	1	FAIL	119.384	34	1	0	0	0	/data/data/cratonvm/apps/spring-boot-suite-runner/.suite/results/craton-fullsuite-azure-20260805-s4/all-jit/logs/module_spring-boot-batch-jdbc.org.springframework.boot.batch.jdbc.autoconfigure.BatchJdbcAutoConfigurationTests.out.log	/data/data/cratonvm/apps/spring-boot-suite-runner/.suite/results/craton-fullsuite-azure-20260805-s4/all-jit/logs/module_spring-boot-batch-jdbc.org.springframework.boot.batch.jdbc.autoconfigure.BatchJdbcAutoConfigurationTests.err.log	11:41:59.143 [main] WARN org.springframework.context.annotation.AnnotationConfigApplicationContext -- Exception encountered during context initialization - cancelling refresh attem | hotspot-baseline: PASS 0/34
107	module/spring-boot-cache	org.springframework.boot.cache.autoconfigure.AbstractCacheAutoConfigurationTests	craton	on	0	EMPTY	0.603	0	0	0	0	0	/data/data/cratonvm/apps/spring-boot-suite-runner/.suite/results/craton-fullsuite-azure-20260805-s4/all-jit/logs/module_spring-boot-cache.org.springframework.boot.cache.autoconfigure.AbstractCacheAutoConfigurationTests.out.log	/data/data/cratonvm/apps/spring-boot-suite-runner/.suite/results/craton-fullsuite-azure-20260805-s4/all-jit/logs/module_spring-boot-cache.org.springframework.boot.cache.autoconfigure.AbstractCacheAutoConfigurationTests.err.log	
108	module/spring-boot-cache	org.springframework.boot.cache.actuate.endpoint.CachesEndpointWebIntegrationTests	craton	on	0	PASS	110.909	21	0	0	0	0	/data/data/cratonvm/apps/spring-boot-suite-runner/.suite/results/craton-fullsuite-azure-20260805-s4/all-jit/logs/module_spring-boot-cache.org.springframework.boot.cache.actuate.endpoint.CachesEndpointWebIntegrationTests.out.log	/data/data/cratonvm/apps/spring-boot-suite-runner/.suite/results/craton-fullsuite-azure-20260805-s4/all-jit/logs/module_spring-boot-cache.org.springframework.boot.cache.actuate.endpoint.CachesEndpointWebIntegrationTests.err.log	
109	module/spring-boot-cache	org.springframework.boot.cache.autoconfigure.CacheManagerCustomizersTests	craton	on	0	PASS	21.883	3	0	0	0	0	/data/data/cratonvm/apps/spring-boot-suite-runner/.suite/results/craton-fullsuite-azure-20260805-s4/all-jit/logs/module_spring-boot-cache.org.springframework.boot.cache.autoconfigure.CacheManagerCustomizersTests.out.log	/data/data/cratonvm/apps/spring-boot-suite-runner/.suite/results/craton-fullsuite-azure-20260805-s4/all-jit/logs/module_spring-boot-cache.org.springframework.boot.cache.autoconfigure.CacheManagerCustomizersTests.err.log	
110	module/spring-boot-cache	org.springframework.boot.cache.autoconfigure.CachesEndpointAutoConfigurationTests	craton	on	0	PASS	4.626	5	0	0	0	0	/data/data/cratonvm/apps/spring-boot-suite-runner/.suite/results/craton-fullsuite-azure-20260805-s4/all-jit/logs/module_spring-boot-cache.org.springframework.boot.cache.autoconfigure.CachesEndpointAutoConfigurationTests.out.log	/data/data/cratonvm/apps/spring-boot-suite-runner/.suite/results/craton-fullsuite-azure-20260805-s4/all-jit/logs/module_spring-boot-cache.org.springframework.boot.cache.autoconfigure.CachesEndpointAutoConfigurationTests.err.log	
111	module/spring-boot-cache	org.springframework.boot.cache.autoconfigure.EhCache3CacheAutoConfigurationTests	craton	on	0	PASS	15.694	2	0	0	0	0	/data/data/cratonvm/apps/spring-boot-suite-runner/.suite/results/craton-fullsuite-azure-20260805-s4/all-jit/logs/module_spring-boot-cache.org.springframework.boot.cache.autoconfigure.EhCache3CacheAutoConfigurationTests.out.log	/data/data/cratonvm/apps/spring-boot-suite-runner/.suite/results/craton-fullsuite-azure-20260805-s4/all-jit/logs/module_spring-boot-cache.org.springframework.boot.cache.autoconfigure.EhCache3CacheAutoConfigurationTests.err.log	
112	module/spring-boot-cache	org.springframework.boot.cache.autoconfigure.metrics.CacheMetricsAutoConfigurationTests	craton	on	0	PASS	13.467	7	0	0	0	0	/data/data/cratonvm/apps/spring-boot-suite-runner/.suite/results/craton-fullsuite-azure-20260805-s4/all-jit/logs/module_spring-boot-cache.org.springframework.boot.cache.autoconfigure.metrics.CacheMetricsAutoConfigurationTests.out.log	/data/data/cratonvm/apps/spring-boot-suite-runner/.suite/results/craton-fullsuite-azure-20260805-s4/all-jit/logs/module_spring-boot-cache.org.springframework.boot.cache.autoconfigure.metrics.CacheMetricsAutoConfigurationTests.err.log	
113	module/spring-boot-cache	org.springframework.boot.cache.metrics.Cache2kCacheMeterBinderProviderTests	craton	on	0	PASS	0.805	1	0	0	0	0	/data/data/cratonvm/apps/spring-boot-suite-runner/.suite/results/craton-fullsuite-azure-20260805-s4/all-jit/logs/module_spring-boot-cache.org.springframework.boot.cache.metrics.Cache2kCacheMeterBinderProviderTests.out.log	/data/data/cratonvm/apps/spring-boot-suite-runner/.suite/results/craton-fullsuite-azure-20260805-s4/all-jit/logs/module_spring-boot-cache.org.springframework.boot.cache.metrics.Cache2kCacheMeterBinderProviderTests.err.log	
114	module/spring-boot-cache	org.springframework.boot.cache.metrics.CacheMetricsRegistrarTests	craton	on	0	PASS	0.806	3	0	0	0	0	/data/data/cratonvm/apps/spring-boot-suite-runner/.suite/results/craton-fullsuite-azure-20260805-s4/all-jit/logs/module_spring-boot-cache.org.springframework.boot.cache.metrics.CacheMetricsRegistrarTests.out.log	/data/data/cratonvm/apps/spring-boot-suite-runner/.suite/results/craton-fullsuite-azure-20260805-s4/all-jit/logs/module_spring-boot-cache.org.springframework.boot.cache.metrics.CacheMetricsRegistrarTests.err.log	
115	module/spring-boot-cache	org.springframework.boot.cache.metrics.CaffeineCacheMeterBinderProviderTests	craton	on	0	PASS	0.805	1	0	0	0	0	/data/data/cratonvm/apps/spring-boot-suite-runner/.suite/results/craton-fullsuite-azure-20260805-s4/all-jit/logs/module_spring-boot-cache.org.springframework.boot.cache.metrics.CaffeineCacheMeterBinderProviderTests.out.log	/data/data/cratonvm/apps/spring-boot-suite-runner/.suite/results/craton-fullsuite-azure-20260805-s4/all-jit/logs/module_spring-boot-cache.org.springframework.boot.cache.metrics.CaffeineCacheMeterBinderProviderTests.err.log	
116	module/spring-boot-cache	org.springframework.boot.cache.metrics.HazelcastCacheMeterBinderProviderTests	craton	on	0	PASS	10.475	1	0	0	0	0	/data/data/cratonvm/apps/spring-boot-suite-runner/.suite/results/craton-fullsuite-azure-20260805-s4/all-jit/logs/module_spring-boot-cache.org.springframework.boot.cache.metrics.HazelcastCacheMeterBinderProviderTests.out.log	/data/data/cratonvm/apps/spring-boot-suite-runner/.suite/results/craton-fullsuite-azure-20260805-s4/all-jit/logs/module_spring-boot-cache.org.springframework.boot.cache.metrics.HazelcastCacheMeterBinderProviderTests.err.log	
117	module/spring-boot-cache	org.springframework.boot.cache.metrics.JCacheCacheMeterBinderProviderTests	craton	on	0	PASS	3.627	2	0	0	0	0	/data/data/cratonvm/apps/spring-boot-suite-runner/.suite/results/craton-fullsuite-azure-20260805-s4/all-jit/logs/module_spring-boot-cache.org.springframework.boot.cache.metrics.JCacheCacheMeterBinderProviderTests.out.log	/data/data/cratonvm/apps/spring-boot-suite-runner/.suite/results/craton-fullsuite-azure-20260805-s4/all-jit/logs/module_spring-boot-cache.org.springframework.boot.cache.metrics.JCacheCacheMeterBinderProviderTests.err.log	
118	module/spring-boot-cache	org.springframework.boot.cache.metrics.RedisCacheMeterBinderProviderTests	craton	on	0	PASS	5.025	1	0	0	0	0	/data/data/cratonvm/apps/spring-boot-suite-runner/.suite/results/craton-fullsuite-azure-20260805-s4/all-jit/logs/module_spring-boot-cache.org.springframework.boot.cache.metrics.RedisCacheMeterBinderProviderTests.out.log	/data/data/cratonvm/apps/spring-boot-suite-runner/.suite/results/craton-fullsuite-azure-20260805-s4/all-jit/logs/module_spring-boot-cache.org.springframework.boot.cache.metrics.RedisCacheMeterBinderProviderTests.err.log	
119	module/spring-boot-cache-test	org.springframework.boot.cache.test.autoconfigure.AutoConfigureCacheIntegrationTests	craton	on	0	PASS	4.822	1	0	0	0	0	/data/data/cratonvm/apps/spring-boot-suite-runner/.suite/results/craton-fullsuite-azure-20260805-s4/all-jit/logs/module_spring-boot-cache-test.org.springframework.boot.cache.test.autoconfigure.AutoConfigureCacheIntegrationTests.out.log	/data/data/cratonvm/apps/spring-boot-suite-runner/.suite/results/craton-fullsuite-azure-20260805-s4/all-jit/logs/module_spring-boot-cache-test.org.springframework.boot.cache.test.autoconfigure.AutoConfigureCacheIntegrationTests.err.log	
120	module/spring-boot-cache-test	org.springframework.boot.cache.test.autoconfigure.AutoConfigureCacheWithExistingCacheManagerIntegrationTests	craton	on	0	PASS	4.630	1	0	0	0	0	/data/data/cratonvm/apps/spring-boot-suite-runner/.suite/results/craton-fullsuite-azure-20260805-s4/all-jit/logs/module_spring-boot-cache-test.org.springframework.boot.cache.test.autoconfigure.AutoConfigureCacheWithExis-c0086d88837a.out.log	/data/data/cratonvm/apps/spring-boot-suite-runner/.suite/results/craton-fullsuite-azure-20260805-s4/all-jit/logs/module_spring-boot-cache-test.org.springframework.boot.cache.test.autoconfigure.AutoConfigureCacheWithExis-c0086d88837a.err.log	
121	module/spring-boot-cassandra	org.springframework.boot.cassandra.autoconfigure.CassandraAutoConfigurationTests	craton	on	0	PASS	96.084	28	0	0	0	0	/data/data/cratonvm/apps/spring-boot-suite-runner/.suite/results/craton-fullsuite-azure-20260805-s4/all-jit/logs/module_spring-boot-cassandra.org.springframework.boot.cassandra.autoconfigure.CassandraAutoConfigurationTests.out.log	/data/data/cratonvm/apps/spring-boot-suite-runner/.suite/results/craton-fullsuite-azure-20260805-s4/all-jit/logs/module_spring-boot-cassandra.org.springframework.boot.cassandra.autoconfigure.CassandraAutoConfigurationTests.err.log	
122	module/spring-boot-cassandra	org.springframework.boot.cassandra.autoconfigure.CassandraPropertiesTests	craton	on	0	PASS	0.809	1	0	0	0	0	/data/data/cratonvm/apps/spring-boot-suite-runner/.suite/results/craton-fullsuite-azure-20260805-s4/all-jit/logs/module_spring-boot-cassandra.org.springframework.boot.cassandra.autoconfigure.CassandraPropertiesTests.out.log	/data/data/cratonvm/apps/spring-boot-suite-runner/.suite/results/craton-fullsuite-azure-20260805-s4/all-jit/logs/module_spring-boot-cassandra.org.springframework.boot.cassandra.autoconfigure.CassandraPropertiesTests.err.log	
123	module/spring-boot-cassandra	org.springframework.boot.cassandra.autoconfigure.health.CassandraHealthContributorAutoConfigurationTests	craton	on	0	PASS	6.048	3	0	0	0	0	/data/data/cratonvm/apps/spring-boot-suite-runner/.suite/results/craton-fullsuite-azure-20260805-s4/all-jit/logs/module_spring-boot-cassandra.org.springframework.boot.cassandra.autoconfigure.health.CassandraHealthContri-93d1c27e4e42.out.log	/data/data/cratonvm/apps/spring-boot-suite-runner/.suite/results/craton-fullsuite-azure-20260805-s4/all-jit/logs/module_spring-boot-cassandra.org.springframework.boot.cassandra.autoconfigure.health.CassandraHealthContri-93d1c27e4e42.err.log	
124	module/spring-boot-cassandra	org.springframework.boot.cassandra.autoconfigure.health.CassandraReactiveHealthContributorAutoConfigurationTests	craton	on	1	FAIL	7.261	3	1	0	0	0	/data/data/cratonvm/apps/spring-boot-suite-runner/.suite/results/craton-fullsuite-azure-20260805-s4/all-jit/logs/module_spring-boot-cassandra.org.springframework.boot.cassandra.autoconfigure.health.CassandraReactiveHeal-209f16e1247b.out.log	/data/data/cratonvm/apps/spring-boot-suite-runner/.suite/results/craton-fullsuite-azure-20260805-s4/all-jit/logs/module_spring-boot-cassandra.org.springframework.boot.cassandra.autoconfigure.health.CassandraReactiveHeal-209f16e1247b.err.log	11:46:44.434 [main] WARN org.springframework.context.annotation.AnnotationConfigApplicationContext -- Exception encountered during context initialization - cancelling refresh attem | hotspot-baseline: PASS 0/3
125	module/spring-boot-cassandra	org.springframework.boot.cassandra.docker.compose.CassandraEnvironmentTests	craton	on	0	PASS	0.604	3	0	0	0	0	/data/data/cratonvm/apps/spring-boot-suite-runner/.suite/results/craton-fullsuite-azure-20260805-s4/all-jit/logs/module_spring-boot-cassandra.org.springframework.boot.cassandra.docker.compose.CassandraEnvironmentTests.out.log	/data/data/cratonvm/apps/spring-boot-suite-runner/.suite/results/craton-fullsuite-azure-20260805-s4/all-jit/logs/module_spring-boot-cassandra.org.springframework.boot.cassandra.docker.compose.CassandraEnvironmentTests.err.log	
126	module/spring-boot-cache	org.springframework.boot.cache.autoconfigure.CacheAutoConfigurationTests	craton	on	1	FAIL	217.438	59	2	0	0	0	/data/data/cratonvm/apps/spring-boot-suite-runner/.suite/results/craton-fullsuite-azure-20260805-s4/all-jit/logs/module_spring-boot-cache.org.springframework.boot.cache.autoconfigure.CacheAutoConfigurationTests.out.log	/data/data/cratonvm/apps/spring-boot-suite-runner/.suite/results/craton-fullsuite-azure-20260805-s4/all-jit/logs/module_spring-boot-cache.org.springframework.boot.cache.autoconfigure.CacheAutoConfigurationTests.err.log	11:44:35.849 [main] WARN org.springframework.context.annotation.AnnotationConfigApplicationContext -- Exception encountered during context initialization - cancelling refresh attem | hotspot-baseline: PASS 0/59
127	module/spring-boot-cassandra	org.springframework.boot.cassandra.health.CassandraDriverHealthIndicatorTests	craton	on	0	PASS	6.475	11	0	0	0	0	/data/data/cratonvm/apps/spring-boot-suite-runner/.suite/results/craton-fullsuite-azure-20260805-s4/all-jit/logs/module_spring-boot-cassandra.org.springframework.boot.cassandra.health.CassandraDriverHealthIndicatorTests.out.log	/data/data/cratonvm/apps/spring-boot-suite-runner/.suite/results/craton-fullsuite-azure-20260805-s4/all-jit/logs/module_spring-boot-cassandra.org.springframework.boot.cassandra.health.CassandraDriverHealthIndicatorTests.err.log	
128	module/spring-boot-cloudfoundry	org.springframework.boot.cloudfoundry.autoconfigure.actuate.endpoint.AccessLevelTests	craton	on	0	PASS	0.806	4	0	0	0	0	/data/data/cratonvm/apps/spring-boot-suite-runner/.suite/results/craton-fullsuite-azure-20260805-s4/all-jit/logs/module_spring-boot-cloudfoundry.org.springframework.boot.cloudfoundry.autoconfigure.actuate.endpoint.AccessLevelTests.out.log	/data/data/cratonvm/apps/spring-boot-suite-runner/.suite/results/craton-fullsuite-azure-20260805-s4/all-jit/logs/module_spring-boot-cloudfoundry.org.springframework.boot.cloudfoundry.autoconfigure.actuate.endpoint.AccessLevelTests.err.log	
129	module/spring-boot-cloudfoundry	org.springframework.boot.cloudfoundry.autoconfigure.actuate.endpoint.CloudFoundryAuthorizationExceptionTests	craton	on	0	PASS	0.805	9	0	0	0	0	/data/data/cratonvm/apps/spring-boot-suite-runner/.suite/results/craton-fullsuite-azure-20260805-s4/all-jit/logs/module_spring-boot-cloudfoundry.org.springframework.boot.cloudfoundry.autoconfigure.actuate.endpoint.Cloud-2a658c82bd3d.out.log	/data/data/cratonvm/apps/spring-boot-suite-runner/.suite/results/craton-fullsuite-azure-20260805-s4/all-jit/logs/module_spring-boot-cloudfoundry.org.springframework.boot.cloudfoundry.autoconfigure.actuate.endpoint.Cloud-2a658c82bd3d.err.log	
130	module/spring-boot-cloudfoundry	org.springframework.boot.cloudfoundry.autoconfigure.actuate.endpoint.CloudFoundryConditionalOnAvailableEndpointTests	craton	on	0	PASS	1.814	1	0	0	0	0	/data/data/cratonvm/apps/spring-boot-suite-runner/.suite/results/craton-fullsuite-azure-20260805-s4/all-jit/logs/module_spring-boot-cloudfoundry.org.springframework.boot.cloudfoundry.autoconfigure.actuate.endpoint.Cloud-1010f4aefffd.out.log	/data/data/cratonvm/apps/spring-boot-suite-runner/.suite/results/craton-fullsuite-azure-20260805-s4/all-jit/logs/module_spring-boot-cloudfoundry.org.springframework.boot.cloudfoundry.autoconfigure.actuate.endpoint.Cloud-1010f4aefffd.err.log	
131	module/spring-boot-cassandra	org.springframework.boot.cassandra.health.CassandraDriverReactiveHealthIndicatorTests	craton	on	0	PASS	6.333	11	0	0	0	0	/data/data/cratonvm/apps/spring-boot-suite-runner/.suite/results/craton-fullsuite-azure-20260805-s4/all-jit/logs/module_spring-boot-cassandra.org.springframework.boot.cassandra.health.CassandraDriverReactiveHealthIndicatorTests.out.log	/data/data/cratonvm/apps/spring-boot-suite-runner/.suite/results/craton-fullsuite-azure-20260805-s4/all-jit/logs/module_spring-boot-cassandra.org.springframework.boot.cassandra.health.CassandraDriverReactiveHealthIndicatorTests.err.log	
132	module/spring-boot-cloudfoundry	org.springframework.boot.cloudfoundry.autoconfigure.actuate.endpoint.CloudFoundryEndpointFilterTests	craton	on	0	PASS	1.842	2	0	0	0	0	/data/data/cratonvm/apps/spring-boot-suite-runner/.suite/results/craton-fullsuite-azure-20260805-s4/all-jit/logs/module_spring-boot-cloudfoundry.org.springframework.boot.cloudfoundry.autoconfigure.actuate.endpoint.Cloud-3cd99987e896.out.log	/data/data/cratonvm/apps/spring-boot-suite-runner/.suite/results/craton-fullsuite-azure-20260805-s4/all-jit/logs/module_spring-boot-cloudfoundry.org.springframework.boot.cloudfoundry.autoconfigure.actuate.endpoint.Cloud-3cd99987e896.err.log	
133	module/spring-boot-cloudfoundry	org.springframework.boot.cloudfoundry.autoconfigure.actuate.endpoint.CloudFoundryWebEndpointDiscovererTests	craton	on	0	PASS	3.654	2	0	0	0	0	/data/data/cratonvm/apps/spring-boot-suite-runner/.suite/results/craton-fullsuite-azure-20260805-s4/all-jit/logs/module_spring-boot-cloudfoundry.org.springframework.boot.cloudfoundry.autoconfigure.actuate.endpoint.Cloud-482d2542c981.out.log	/data/data/cratonvm/apps/spring-boot-suite-runner/.suite/results/craton-fullsuite-azure-20260805-s4/all-jit/logs/module_spring-boot-cloudfoundry.org.springframework.boot.cloudfoundry.autoconfigure.actuate.endpoint.Cloud-482d2542c981.err.log	
134	module/spring-boot-cloudfoundry	org.springframework.boot.cloudfoundry.autoconfigure.actuate.endpoint.reactive.CloudFoundryReactiveHealthEndpointWebExtensionTests	craton	on	0	PASS	11.690	1	0	0	0	0	/data/data/cratonvm/apps/spring-boot-suite-runner/.suite/results/craton-fullsuite-azure-20260805-s4/all-jit/logs/module_spring-boot-cloudfoundry.org.springframework.boot.cloudfoundry.autoconfigure.actuate.endpoint.react-49fb9b2bbf29.out.log	/data/data/cratonvm/apps/spring-boot-suite-runner/.suite/results/craton-fullsuite-azure-20260805-s4/all-jit/logs/module_spring-boot-cloudfoundry.org.springframework.boot.cloudfoundry.autoconfigure.actuate.endpoint.react-49fb9b2bbf29.err.log	
135	module/spring-boot-cloudfoundry	org.springframework.boot.cloudfoundry.autoconfigure.actuate.endpoint.reactive.CloudFoundryWebFluxEndpointHandlerMappingTests	craton	on	0	PASS	0.804	1	0	0	0	0	/data/data/cratonvm/apps/spring-boot-suite-runner/.suite/results/craton-fullsuite-azure-20260805-s4/all-jit/logs/module_spring-boot-cloudfoundry.org.springframework.boot.cloudfoundry.autoconfigure.actuate.endpoint.react-4f5bc648e89d.out.log	/data/data/cratonvm/apps/spring-boot-suite-runner/.suite/results/craton-fullsuite-azure-20260805-s4/all-jit/logs/module_spring-boot-cloudfoundry.org.springframework.boot.cloudfoundry.autoconfigure.actuate.endpoint.react-4f5bc648e89d.err.log	
136	module/spring-boot-cloudfoundry	org.springframework.boot.cloudfoundry.autoconfigure.actuate.endpoint.reactive.CloudFoundryWebFluxEndpointIntegrationTests	craton	on	0	PASS	47.930	8	0	0	0	0	/data/data/cratonvm/apps/spring-boot-suite-runner/.suite/results/craton-fullsuite-azure-20260805-s4/all-jit/logs/module_spring-boot-cloudfoundry.org.springframework.boot.cloudfoundry.autoconfigure.actuate.endpoint.react-22a2364fedae.out.log	/data/data/cratonvm/apps/spring-boot-suite-runner/.suite/results/craton-fullsuite-azure-20260805-s4/all-jit/logs/module_spring-boot-cloudfoundry.org.springframework.boot.cloudfoundry.autoconfigure.actuate.endpoint.react-22a2364fedae.err.log	
137	module/spring-boot-cloudfoundry	org.springframework.boot.cloudfoundry.autoconfigure.actuate.endpoint.reactive.SecurityInterceptorTests	craton	on	0	PASS	3.223	8	0	0	0	0	/data/data/cratonvm/apps/spring-boot-suite-runner/.suite/results/craton-fullsuite-azure-20260805-s4/all-jit/logs/module_spring-boot-cloudfoundry.org.springframework.boot.cloudfoundry.autoconfigure.actuate.endpoint.react-ea67076247d0.out.log	/data/data/cratonvm/apps/spring-boot-suite-runner/.suite/results/craton-fullsuite-azure-20260805-s4/all-jit/logs/module_spring-boot-cloudfoundry.org.springframework.boot.cloudfoundry.autoconfigure.actuate.endpoint.react-ea67076247d0.err.log	
138	module/spring-boot-cloudfoundry	org.springframework.boot.cloudfoundry.autoconfigure.actuate.endpoint.reactive.SecurityServiceTests	craton	on	0	PASS	3.823	11	0	0	0	0	/data/data/cratonvm/apps/spring-boot-suite-runner/.suite/results/craton-fullsuite-azure-20260805-s4/all-jit/logs/module_spring-boot-cloudfoundry.org.springframework.boot.cloudfoundry.autoconfigure.actuate.endpoint.react-1d814b1db64f.out.log	/data/data/cratonvm/apps/spring-boot-suite-runner/.suite/results/craton-fullsuite-azure-20260805-s4/all-jit/logs/module_spring-boot-cloudfoundry.org.springframework.boot.cloudfoundry.autoconfigure.actuate.endpoint.react-1d814b1db64f.err.log	
139	module/spring-boot-cloudfoundry	org.springframework.boot.cloudfoundry.autoconfigure.actuate.endpoint.reactive.TokenValidatorTests	craton	on	0	PASS	3.423	10	0	0	0	0	/data/data/cratonvm/apps/spring-boot-suite-runner/.suite/results/craton-fullsuite-azure-20260805-s4/all-jit/logs/module_spring-boot-cloudfoundry.org.springframework.boot.cloudfoundry.autoconfigure.actuate.endpoint.react-bcef168f745d.out.log	/data/data/cratonvm/apps/spring-boot-suite-runner/.suite/results/craton-fullsuite-azure-20260805-s4/all-jit/logs/module_spring-boot-cloudfoundry.org.springframework.boot.cloudfoundry.autoconfigure.actuate.endpoint.react-bcef168f745d.err.log	
140	module/spring-boot-cloudfoundry	org.springframework.boot.cloudfoundry.autoconfigure.actuate.endpoint.reactive.CloudFoundryReactiveActuatorAutoConfigurationTests	craton	on	0	PASS	120.079	14	0	0	0	0	/data/data/cratonvm/apps/spring-boot-suite-runner/.suite/results/craton-fullsuite-azure-20260805-s4/all-jit/logs/module_spring-boot-cloudfoundry.org.springframework.boot.cloudfoundry.autoconfigure.actuate.endpoint.react-7decd5b54db9.out.log	/data/data/cratonvm/apps/spring-boot-suite-runner/.suite/results/craton-fullsuite-azure-20260805-s4/all-jit/logs/module_spring-boot-cloudfoundry.org.springframework.boot.cloudfoundry.autoconfigure.actuate.endpoint.react-7decd5b54db9.err.log	
141	module/spring-boot-cloudfoundry	org.springframework.boot.cloudfoundry.autoconfigure.actuate.endpoint.servlet.CloudFoundryHealthEndpointWebExtensionTests	craton	on	0	PASS	9.640	1	0	0	0	0	/data/data/cratonvm/apps/spring-boot-suite-runner/.suite/results/craton-fullsuite-azure-20260805-s4/all-jit/logs/module_spring-boot-cloudfoundry.org.springframework.boot.cloudfoundry.autoconfigure.actuate.endpoint.servl-16cf07f9a9d8.out.log	/data/data/cratonvm/apps/spring-boot-suite-runner/.suite/results/craton-fullsuite-azure-20260805-s4/all-jit/logs/module_spring-boot-cloudfoundry.org.springframework.boot.cloudfoundry.autoconfigure.actuate.endpoint.servl-16cf07f9a9d8.err.log	
142	module/spring-boot-cloudfoundry	org.springframework.boot.cloudfoundry.autoconfigure.actuate.endpoint.servlet.CloudFoundryInfoEndpointWebExtensionTests	craton	on	0	PASS	10.442	1	0	0	0	0	/data/data/cratonvm/apps/spring-boot-suite-runner/.suite/results/craton-fullsuite-azure-20260805-s4/all-jit/logs/module_spring-boot-cloudfoundry.org.springframework.boot.cloudfoundry.autoconfigure.actuate.endpoint.servl-026fe3f67cfc.out.log	/data/data/cratonvm/apps/spring-boot-suite-runner/.suite/results/craton-fullsuite-azure-20260805-s4/all-jit/logs/module_spring-boot-cloudfoundry.org.springframework.boot.cloudfoundry.autoconfigure.actuate.endpoint.servl-026fe3f67cfc.err.log	
143	module/spring-boot-cloudfoundry	org.springframework.boot.cloudfoundry.autoconfigure.actuate.endpoint.servlet.CloudFoundryMvcWebEndpointIntegrationTests	craton	on	0	PASS	16.467	8	0	0	0	0	/data/data/cratonvm/apps/spring-boot-suite-runner/.suite/results/craton-fullsuite-azure-20260805-s4/all-jit/logs/module_spring-boot-cloudfoundry.org.springframework.boot.cloudfoundry.autoconfigure.actuate.endpoint.servl-2cf44fbc6d32.out.log	/data/data/cratonvm/apps/spring-boot-suite-runner/.suite/results/craton-fullsuite-azure-20260805-s4/all-jit/logs/module_spring-boot-cloudfoundry.org.springframework.boot.cloudfoundry.autoconfigure.actuate.endpoint.servl-2cf44fbc6d32.err.log	
144	module/spring-boot-cloudfoundry	org.springframework.boot.cloudfoundry.autoconfigure.actuate.endpoint.servlet.CloudFoundryWebEndpointServletHandlerMappingTests	craton	on	0	PASS	0.603	1	0	0	0	0	/data/data/cratonvm/apps/spring-boot-suite-runner/.suite/results/craton-fullsuite-azure-20260805-s4/all-jit/logs/module_spring-boot-cloudfoundry.org.springframework.boot.cloudfoundry.autoconfigure.actuate.endpoint.servl-9fb165dfb4d8.out.log	/data/data/cratonvm/apps/spring-boot-suite-runner/.suite/results/craton-fullsuite-azure-20260805-s4/all-jit/logs/module_spring-boot-cloudfoundry.org.springframework.boot.cloudfoundry.autoconfigure.actuate.endpoint.servl-9fb165dfb4d8.err.log	
145	module/spring-boot-cloudfoundry	org.springframework.boot.cloudfoundry.autoconfigure.actuate.endpoint.servlet.SecurityInterceptorTests	craton	on	0	PASS	2.611	8	0	0	0	0	/data/data/cratonvm/apps/spring-boot-suite-runner/.suite/results/craton-fullsuite-azure-20260805-s4/all-jit/logs/module_spring-boot-cloudfoundry.org.springframework.boot.cloudfoundry.autoconfigure.actuate.endpoint.servl-acf106adf502.out.log	/data/data/cratonvm/apps/spring-boot-suite-runner/.suite/results/craton-fullsuite-azure-20260805-s4/all-jit/logs/module_spring-boot-cloudfoundry.org.springframework.boot.cloudfoundry.autoconfigure.actuate.endpoint.servl-acf106adf502.err.log	
146	module/spring-boot-cloudfoundry	org.springframework.boot.cloudfoundry.autoconfigure.actuate.endpoint.servlet.SecurityServiceTests	craton	on	0	PASS	1.609	12	0	0	0	0	/data/data/cratonvm/apps/spring-boot-suite-runner/.suite/results/craton-fullsuite-azure-20260805-s4/all-jit/logs/module_spring-boot-cloudfoundry.org.springframework.boot.cloudfoundry.autoconfigure.actuate.endpoint.servl-c48d31b8cac0.out.log	/data/data/cratonvm/apps/spring-boot-suite-runner/.suite/results/craton-fullsuite-azure-20260805-s4/all-jit/logs/module_spring-boot-cloudfoundry.org.springframework.boot.cloudfoundry.autoconfigure.actuate.endpoint.servl-c48d31b8cac0.err.log	
147	module/spring-boot-cloudfoundry	org.springframework.boot.cloudfoundry.autoconfigure.actuate.endpoint.servlet.SkipSslVerificationHttpRequestFactoryTests	craton	on	0	PASS	2.012	1	0	0	0	0	/data/data/cratonvm/apps/spring-boot-suite-runner/.suite/results/craton-fullsuite-azure-20260805-s4/all-jit/logs/module_spring-boot-cloudfoundry.org.springframework.boot.cloudfoundry.autoconfigure.actuate.endpoint.servl-a5d1434fffe5.out.log	/data/data/cratonvm/apps/spring-boot-suite-runner/.suite/results/craton-fullsuite-azure-20260805-s4/all-jit/logs/module_spring-boot-cloudfoundry.org.springframework.boot.cloudfoundry.autoconfigure.actuate.endpoint.servl-a5d1434fffe5.err.log	
148	module/spring-boot-cloudfoundry	org.springframework.boot.cloudfoundry.autoconfigure.actuate.endpoint.servlet.TokenValidatorTests	craton	on	0	PASS	3.014	9	0	0	0	0	/data/data/cratonvm/apps/spring-boot-suite-runner/.suite/results/craton-fullsuite-azure-20260805-s4/all-jit/logs/module_spring-boot-cloudfoundry.org.springframework.boot.cloudfoundry.autoconfigure.actuate.endpoint.servl-7fbea3ebde5f.out.log	/data/data/cratonvm/apps/spring-boot-suite-runner/.suite/results/craton-fullsuite-azure-20260805-s4/all-jit/logs/module_spring-boot-cloudfoundry.org.springframework.boot.cloudfoundry.autoconfigure.actuate.endpoint.servl-7fbea3ebde5f.err.log	
149	module/spring-boot-cloudfoundry	org.springframework.boot.cloudfoundry.autoconfigure.actuate.endpoint.TokenTests	craton	on	0	PASS	1.205	9	0	0	0	0	/data/data/cratonvm/apps/spring-boot-suite-runner/.suite/results/craton-fullsuite-azure-20260805-s4/all-jit/logs/module_spring-boot-cloudfoundry.org.springframework.boot.cloudfoundry.autoconfigure.actuate.endpoint.TokenTests.out.log	/data/data/cratonvm/apps/spring-boot-suite-runner/.suite/results/craton-fullsuite-azure-20260805-s4/all-jit/logs/module_spring-boot-cloudfoundry.org.springframework.boot.cloudfoundry.autoconfigure.actuate.endpoint.TokenTests.err.log	
150	module/spring-boot-cloudfoundry	org.springframework.boot.cloudfoundry.autoconfigure.actuate.endpoint.servlet.CloudFoundryActuatorAutoConfigurationTests	craton	on	0	PASS	112.087	14	0	0	0	0	/data/data/cratonvm/apps/spring-boot-suite-runner/.suite/results/craton-fullsuite-azure-20260805-s4/all-jit/logs/module_spring-boot-cloudfoundry.org.springframework.boot.cloudfoundry.autoconfigure.actuate.endpoint.servl-7729cc9d2f53.out.log	/data/data/cratonvm/apps/spring-boot-suite-runner/.suite/results/craton-fullsuite-azure-20260805-s4/all-jit/logs/module_spring-boot-cloudfoundry.org.springframework.boot.cloudfoundry.autoconfigure.actuate.endpoint.servl-7729cc9d2f53.err.log	
151	module/spring-boot-couchbase	org.springframework.boot.couchbase.autoconfigure.CouchbasePropertiesTests	craton	on	0	PASS	0.603	2	0	0	0	0	/data/data/cratonvm/apps/spring-boot-suite-runner/.suite/results/craton-fullsuite-azure-20260805-s4/all-jit/logs/module_spring-boot-couchbase.org.springframework.boot.couchbase.autoconfigure.CouchbasePropertiesTests.out.log	/data/data/cratonvm/apps/spring-boot-suite-runner/.suite/results/craton-fullsuite-azure-20260805-s4/all-jit/logs/module_spring-boot-couchbase.org.springframework.boot.couchbase.autoconfigure.CouchbasePropertiesTests.err.log	
152	module/spring-boot-couchbase	org.springframework.boot.couchbase.autoconfigure.health.CouchbaseHealthContributorAutoConfigurationTests	craton	on	0	PASS	4.630	2	0	0	0	0	/data/data/cratonvm/apps/spring-boot-suite-runner/.suite/results/craton-fullsuite-azure-20260805-s4/all-jit/logs/module_spring-boot-couchbase.org.springframework.boot.couchbase.autoconfigure.health.CouchbaseHealthContri-fd305587be8e.out.log	/data/data/cratonvm/apps/spring-boot-suite-runner/.suite/results/craton-fullsuite-azure-20260805-s4/all-jit/logs/module_spring-boot-couchbase.org.springframework.boot.couchbase.autoconfigure.health.CouchbaseHealthContri-fd305587be8e.err.log	
153	module/spring-boot-couchbase	org.springframework.boot.couchbase.autoconfigure.health.CouchbaseReactiveHealthContributorAutoConfigurationTests	craton	on	0	PASS	5.638	3	0	0	0	0	/data/data/cratonvm/apps/spring-boot-suite-runner/.suite/results/craton-fullsuite-azure-20260805-s4/all-jit/logs/module_spring-boot-couchbase.org.springframework.boot.couchbase.autoconfigure.health.CouchbaseReactiveHeal-ef5854d689e5.out.log	/data/data/cratonvm/apps/spring-boot-suite-runner/.suite/results/craton-fullsuite-azure-20260805-s4/all-jit/logs/module_spring-boot-couchbase.org.springframework.boot.couchbase.autoconfigure.health.CouchbaseReactiveHeal-ef5854d689e5.err.log	
154	module/spring-boot-couchbase	org.springframework.boot.couchbase.autoconfigure.CouchbaseAutoConfigurationTests	craton	on	0	PASS	31.080	18	0	0	0	0	/data/data/cratonvm/apps/spring-boot-suite-runner/.suite/results/craton-fullsuite-azure-20260805-s4/all-jit/logs/module_spring-boot-couchbase.org.springframework.boot.couchbase.autoconfigure.CouchbaseAutoConfigurationTests.out.log	/data/data/cratonvm/apps/spring-boot-suite-runner/.suite/results/craton-fullsuite-azure-20260805-s4/all-jit/logs/module_spring-boot-couchbase.org.springframework.boot.couchbase.autoconfigure.CouchbaseAutoConfigurationTests.err.log	
155	module/spring-boot-couchbase	org.springframework.boot.couchbase.health.CouchbaseHealthIndicatorTests	craton	on	0	PASS	4.052	2	0	0	0	0	/data/data/cratonvm/apps/spring-boot-suite-runner/.suite/results/craton-fullsuite-azure-20260805-s4/all-jit/logs/module_spring-boot-couchbase.org.springframework.boot.couchbase.health.CouchbaseHealthIndicatorTests.out.log	/data/data/cratonvm/apps/spring-boot-suite-runner/.suite/results/craton-fullsuite-azure-20260805-s4/all-jit/logs/module_spring-boot-couchbase.org.springframework.boot.couchbase.health.CouchbaseHealthIndicatorTests.err.log	
156	module/spring-boot-couchbase	org.springframework.boot.couchbase.health.CouchbaseReactiveHealthIndicatorTests	craton	on	0	PASS	6.675	2	0	0	0	0	/data/data/cratonvm/apps/spring-boot-suite-runner/.suite/results/craton-fullsuite-azure-20260805-s4/all-jit/logs/module_spring-boot-couchbase.org.springframework.boot.couchbase.health.CouchbaseReactiveHealthIndicatorTests.out.log	/data/data/cratonvm/apps/spring-boot-suite-runner/.suite/results/craton-fullsuite-azure-20260805-s4/all-jit/logs/module_spring-boot-couchbase.org.springframework.boot.couchbase.health.CouchbaseReactiveHealthIndicatorTests.err.log	
157	module/spring-boot-data-cassandra	org.springframework.boot.data.cassandra.autoconfigure.DataCassandraReactiveAutoConfigurationTests	craton	on	0	PASS	30.314	5	0	0	0	0	/data/data/cratonvm/apps/spring-boot-suite-runner/.suite/results/craton-fullsuite-azure-20260805-s4/all-jit/logs/module_spring-boot-data-cassandra.org.springframework.boot.data.cassandra.autoconfigure.DataCassandraReact-239170a36277.out.log	/data/data/cratonvm/apps/spring-boot-suite-runner/.suite/results/craton-fullsuite-azure-20260805-s4/all-jit/logs/module_spring-boot-data-cassandra.org.springframework.boot.data.cassandra.autoconfigure.DataCassandraReact-239170a36277.err.log	
158	module/spring-boot-data-cassandra	org.springframework.boot.data.cassandra.autoconfigure.DataCassandraAutoConfigurationTests	craton	on	0	PASS	49.286	9	0	0	0	0	/data/data/cratonvm/apps/spring-boot-suite-runner/.suite/results/craton-fullsuite-azure-20260805-s4/all-jit/logs/module_spring-boot-data-cassandra.org.springframework.boot.data.cassandra.autoconfigure.DataCassandraAutoC-2e014f172539.out.log	/data/data/cratonvm/apps/spring-boot-suite-runner/.suite/results/craton-fullsuite-azure-20260805-s4/all-jit/logs/module_spring-boot-data-cassandra.org.springframework.boot.data.cassandra.autoconfigure.DataCassandraAutoC-2e014f172539.err.log	
159	module/spring-boot-data-cassandra	org.springframework.boot.data.cassandra.autoconfigure.DataCassandraReactiveRepositoriesAutoConfigurationTests	craton	on	1	FAIL	34.473	5	1	0	0	0	/data/data/cratonvm/apps/spring-boot-suite-runner/.suite/results/craton-fullsuite-azure-20260805-s4/all-jit/logs/module_spring-boot-data-cassandra.org.springframework.boot.data.cassandra.autoconfigure.DataCassandraReact-cbc74d7bda67.out.log	/data/data/cratonvm/apps/spring-boot-suite-runner/.suite/results/craton-fullsuite-azure-20260805-s4/all-jit/logs/module_spring-boot-data-cassandra.org.springframework.boot.data.cassandra.autoconfigure.DataCassandraReact-cbc74d7bda67.err.log	11:51:14.577 [main] WARN org.springframework.context.annotation.AnnotationConfigApplicationContext -- Exception encountered during context initialization - cancelling refresh attem | hotspot-baseline: PASS 0/5
160	module/spring-boot-data-cassandra	org.springframework.boot.data.cassandra.autoconfigure.DataCassandraRepositoriesAutoConfigurationTests	craton	on	0	PASS	24.977	5	0	0	0	0	/data/data/cratonvm/apps/spring-boot-suite-runner/.suite/results/craton-fullsuite-azure-20260805-s4/all-jit/logs/module_spring-boot-data-cassandra.org.springframework.boot.data.cassandra.autoconfigure.DataCassandraRepos-91b14ddcbb3d.out.log	/data/data/cratonvm/apps/spring-boot-suite-runner/.suite/results/craton-fullsuite-azure-20260805-s4/all-jit/logs/module_spring-boot-data-cassandra.org.springframework.boot.data.cassandra.autoconfigure.DataCassandraRepos-91b14ddcbb3d.err.log	
161	module/spring-boot-data-commons	org.springframework.boot.data.autoconfigure.metrics.DataRepositoryMetricsAutoConfigurationIntegrationTests	craton	on	0	PASS	8.057	2	0	0	0	0	/data/data/cratonvm/apps/spring-boot-suite-runner/.suite/results/craton-fullsuite-azure-20260805-s4/all-jit/logs/module_spring-boot-data-commons.org.springframework.boot.data.autoconfigure.metrics.DataRepositoryMetricsA-3d579b8670ec.out.log	/data/data/cratonvm/apps/spring-boot-suite-runner/.suite/results/craton-fullsuite-azure-20260805-s4/all-jit/logs/module_spring-boot-data-commons.org.springframework.boot.data.autoconfigure.metrics.DataRepositoryMetricsA-3d579b8670ec.err.log	
162	module/spring-boot-data-cassandra-test	org.springframework.boot.data.cassandra.test.autoconfigure.DataCassandraTestPropertiesIntegrationTests	craton	on	0	PASS	17.735	2	0	0	0	0	/data/data/cratonvm/apps/spring-boot-suite-runner/.suite/results/craton-fullsuite-azure-20260805-s4/all-jit/logs/module_spring-boot-data-cassandra-test.org.springframework.boot.data.cassandra.test.autoconfigure.DataCass-2578dca303e0.out.log	/data/data/cratonvm/apps/spring-boot-suite-runner/.suite/results/craton-fullsuite-azure-20260805-s4/all-jit/logs/module_spring-boot-data-cassandra-test.org.springframework.boot.data.cassandra.test.autoconfigure.DataCass-2578dca303e0.err.log	
163	module/spring-boot-data-commons	org.springframework.boot.data.autoconfigure.metrics.DataRepositoryMetricsAutoConfigurationTests	craton	on	0	PASS	6.845	8	0	0	0	0	/data/data/cratonvm/apps/spring-boot-suite-runner/.suite/results/craton-fullsuite-azure-20260805-s4/all-jit/logs/module_spring-boot-data-commons.org.springframework.boot.data.autoconfigure.metrics.DataRepositoryMetricsA-61f9dec08034.out.log	/data/data/cratonvm/apps/spring-boot-suite-runner/.suite/results/craton-fullsuite-azure-20260805-s4/all-jit/logs/module_spring-boot-data-commons.org.springframework.boot.data.autoconfigure.metrics.DataRepositoryMetricsA-61f9dec08034.err.log	
164	module/spring-boot-data-commons	org.springframework.boot.data.autoconfigure.web.DataWebAutoConfigurationTests	craton	on	0	PASS	3.216	7	0	0	0	0	/data/data/cratonvm/apps/spring-boot-suite-runner/.suite/results/craton-fullsuite-azure-20260805-s4/all-jit/logs/module_spring-boot-data-commons.org.springframework.boot.data.autoconfigure.web.DataWebAutoConfigurationTests.out.log	/data/data/cratonvm/apps/spring-boot-suite-runner/.suite/results/craton-fullsuite-azure-20260805-s4/all-jit/logs/module_spring-boot-data-commons.org.springframework.boot.data.autoconfigure.web.DataWebAutoConfigurationTests.err.log	
165	module/spring-boot-data-commons	org.springframework.boot.data.autoconfigure.metrics.MetricsRepositoryMethodInvocationListenerBeanPostProcessorTests	craton	on	0	PASS	5.850	2	0	0	0	0	/data/data/cratonvm/apps/spring-boot-suite-runner/.suite/results/craton-fullsuite-azure-20260805-s4/all-jit/logs/module_spring-boot-data-commons.org.springframework.boot.data.autoconfigure.metrics.MetricsRepositoryMetho-991b3777c3b4.out.log	/data/data/cratonvm/apps/spring-boot-suite-runner/.suite/results/craton-fullsuite-azure-20260805-s4/all-jit/logs/module_spring-boot-data-commons.org.springframework.boot.data.autoconfigure.metrics.MetricsRepositoryMetho-991b3777c3b4.err.log	
166	module/spring-boot-data-commons	org.springframework.boot.data.metrics.DefaultRepositoryTagsProviderTests	craton	on	0	PASS	1.608	5	0	0	0	0	/data/data/cratonvm/apps/spring-boot-suite-runner/.suite/results/craton-fullsuite-azure-20260805-s4/all-jit/logs/module_spring-boot-data-commons.org.springframework.boot.data.metrics.DefaultRepositoryTagsProviderTests.out.log	/data/data/cratonvm/apps/spring-boot-suite-runner/.suite/results/craton-fullsuite-azure-20260805-s4/all-jit/logs/module_spring-boot-data-commons.org.springframework.boot.data.metrics.DefaultRepositoryTagsProviderTests.err.log	
167	module/spring-boot-data-commons	org.springframework.boot.data.metrics.MetricsRepositoryMethodInvocationListenerTests	craton	on	0	PASS	1.811	4	0	0	0	0	/data/data/cratonvm/apps/spring-boot-suite-runner/.suite/results/craton-fullsuite-azure-20260805-s4/all-jit/logs/module_spring-boot-data-commons.org.springframework.boot.data.metrics.MetricsRepositoryMethodInvocationListenerTests.out.log	/data/data/cratonvm/apps/spring-boot-suite-runner/.suite/results/craton-fullsuite-azure-20260805-s4/all-jit/logs/module_spring-boot-data-commons.org.springframework.boot.data.metrics.MetricsRepositoryMethodInvocationListenerTests.err.log	
168	module/spring-boot-data-commons	org.springframework.boot.data.metrics.TimedAnnotationsTests	craton	on	0	PASS	0.603	3	0	0	0	0	/data/data/cratonvm/apps/spring-boot-suite-runner/.suite/results/craton-fullsuite-azure-20260805-s4/all-jit/logs/module_spring-boot-data-commons.org.springframework.boot.data.metrics.TimedAnnotationsTests.out.log	/data/data/cratonvm/apps/spring-boot-suite-runner/.suite/results/craton-fullsuite-azure-20260805-s4/all-jit/logs/module_spring-boot-data-commons.org.springframework.boot.data.metrics.TimedAnnotationsTests.err.log	
169	module/spring-boot-data-commons	org.springframework.boot.data.autoconfigure.web.DataWebWebMvcTestIntegrationTests	craton	on	0	PASS	8.499	1	0	0	0	0	/data/data/cratonvm/apps/spring-boot-suite-runner/.suite/results/craton-fullsuite-azure-20260805-s4/all-jit/logs/module_spring-boot-data-commons.org.springframework.boot.data.autoconfigure.web.DataWebWebMvcTestIntegrationTests.out.log	/data/data/cratonvm/apps/spring-boot-suite-runner/.suite/results/craton-fullsuite-azure-20260805-s4/all-jit/logs/module_spring-boot-data-commons.org.springframework.boot.data.autoconfigure.web.DataWebWebMvcTestIntegrationTests.err.log	
170	module/spring-boot-data-couchbase	org.springframework.boot.data.couchbase.autoconfigure.DataCouchbasePropertiesTests	craton	on	0	PASS	0.603	1	0	0	0	0	/data/data/cratonvm/apps/spring-boot-suite-runner/.suite/results/craton-fullsuite-azure-20260805-s4/all-jit/logs/module_spring-boot-data-couchbase.org.springframework.boot.data.couchbase.autoconfigure.DataCouchbasePropertiesTests.out.log	/data/data/cratonvm/apps/spring-boot-suite-runner/.suite/results/craton-fullsuite-azure-20260805-s4/all-jit/logs/module_spring-boot-data-couchbase.org.springframework.boot.data.couchbase.autoconfigure.DataCouchbasePropertiesTests.err.log	
171	module/spring-boot-data-couchbase	org.springframework.boot.data.couchbase.autoconfigure.DataCouchbaseReactiveAndImperativeRepositoriesAutoConfigurationTests	craton	on	0	PASS	4.624	1	0	0	0	0	/data/data/cratonvm/apps/spring-boot-suite-runner/.suite/results/craton-fullsuite-azure-20260805-s4/all-jit/logs/module_spring-boot-data-couchbase.org.springframework.boot.data.couchbase.autoconfigure.DataCouchbaseReact-fe76a8be49fe.out.log	/data/data/cratonvm/apps/spring-boot-suite-runner/.suite/results/craton-fullsuite-azure-20260805-s4/all-jit/logs/module_spring-boot-data-couchbase.org.springframework.boot.data.couchbase.autoconfigure.DataCouchbaseReact-fe76a8be49fe.err.log	
172	module/spring-boot-data-couchbase	org.springframework.boot.data.couchbase.autoconfigure.DataCouchbaseAutoConfigurationTests	craton	on	0	PASS	9.690	6	0	0	0	0	/data/data/cratonvm/apps/spring-boot-suite-runner/.suite/results/craton-fullsuite-azure-20260805-s4/all-jit/logs/module_spring-boot-data-couchbase.org.springframework.boot.data.couchbase.autoconfigure.DataCouchbaseAutoC-bce1d6904e4c.out.log	/data/data/cratonvm/apps/spring-boot-suite-runner/.suite/results/craton-fullsuite-azure-20260805-s4/all-jit/logs/module_spring-boot-data-couchbase.org.springframework.boot.data.couchbase.autoconfigure.DataCouchbaseAutoC-bce1d6904e4c.err.log	
173	module/spring-boot-data-couchbase	org.springframework.boot.data.couchbase.autoconfigure.DataCouchbaseReactiveRepositoriesAutoConfigurationTests	craton	on	1	FAIL	6.429	6	4	0	0	0	/data/data/cratonvm/apps/spring-boot-suite-runner/.suite/results/craton-fullsuite-azure-20260805-s4/all-jit/logs/module_spring-boot-data-couchbase.org.springframework.boot.data.couchbase.autoconfigure.DataCouchbaseReact-da37a2c78c76.out.log	/data/data/cratonvm/apps/spring-boot-suite-runner/.suite/results/craton-fullsuite-azure-20260805-s4/all-jit/logs/module_spring-boot-data-couchbase.org.springframework.boot.data.couchbase.autoconfigure.DataCouchbaseReact-da37a2c78c76.err.log	11:52:15.493 [main] WARN org.springframework.context.annotation.AnnotationConfigApplicationContext -- Exception encountered during context initialization - cancelling refresh attem | hotspot-baseline: PASS 0/6
174	module/spring-boot-data-couchbase	org.springframework.boot.data.couchbase.autoconfigure.DataCouchbaseReactiveAutoConfigurationTests	craton	on	0	PASS	7.662	4	0	0	0	0	/data/data/cratonvm/apps/spring-boot-suite-runner/.suite/results/craton-fullsuite-azure-20260805-s4/all-jit/logs/module_spring-boot-data-couchbase.org.springframework.boot.data.couchbase.autoconfigure.DataCouchbaseReact-0535c3d0f9f4.out.log	/data/data/cratonvm/apps/spring-boot-suite-runner/.suite/results/craton-fullsuite-azure-20260805-s4/all-jit/logs/module_spring-boot-data-couchbase.org.springframework.boot.data.couchbase.autoconfigure.DataCouchbaseReact-0535c3d0f9f4.err.log	
175	module/spring-boot-data-couchbase-test	org.springframework.boot.data.couchbase.test.autoconfigure.DataCouchbaseTestPropertiesIntegrationTests	craton	on	0	PASS	6.039	2	0	0	0	0	/data/data/cratonvm/apps/spring-boot-suite-runner/.suite/results/craton-fullsuite-azure-20260805-s4/all-jit/logs/module_spring-boot-data-couchbase-test.org.springframework.boot.data.couchbase.test.autoconfigure.DataCouc-b5fbf2127600.out.log	/data/data/cratonvm/apps/spring-boot-suite-runner/.suite/results/craton-fullsuite-azure-20260805-s4/all-jit/logs/module_spring-boot-data-couchbase-test.org.springframework.boot.data.couchbase.test.autoconfigure.DataCouc-b5fbf2127600.err.log	
176	module/spring-boot-data-couchbase	org.springframework.boot.data.couchbase.autoconfigure.DataCouchbaseRepositoriesAutoConfigurationTests	craton	on	0	PASS	7.477	5	0	0	0	0	/data/data/cratonvm/apps/spring-boot-suite-runner/.suite/results/craton-fullsuite-azure-20260805-s4/all-jit/logs/module_spring-boot-data-couchbase.org.springframework.boot.data.couchbase.autoconfigure.DataCouchbaseRepos-836f5806fed4.out.log	/data/data/cratonvm/apps/spring-boot-suite-runner/.suite/results/craton-fullsuite-azure-20260805-s4/all-jit/logs/module_spring-boot-data-couchbase.org.springframework.boot.data.couchbase.autoconfigure.DataCouchbaseRepos-836f5806fed4.err.log	
177	module/spring-boot-data-elasticsearch	org.springframework.boot.data.elasticsearch.autoconfigure.health.DataElasticsearchReactiveHealthContributorAutoConfigurationTests	craton	on	0	PASS	7.443	3	0	0	0	0	/data/data/cratonvm/apps/spring-boot-suite-runner/.suite/results/craton-fullsuite-azure-20260805-s4/all-jit/logs/module_spring-boot-data-elasticsearch.org.springframework.boot.data.elasticsearch.autoconfigure.health.Dat-47243c0b74a6.out.log	/data/data/cratonvm/apps/spring-boot-suite-runner/.suite/results/craton-fullsuite-azure-20260805-s4/all-jit/logs/module_spring-boot-data-elasticsearch.org.springframework.boot.data.elasticsearch.autoconfigure.health.Dat-47243c0b74a6.err.log	
178	module/spring-boot-data-elasticsearch	org.springframework.boot.data.elasticsearch.health.DataElasticsearchReactiveHealthIndicatorTests	craton	on	0	PASS	2.415	5	0	0	0	0	/data/data/cratonvm/apps/spring-boot-suite-runner/.suite/results/craton-fullsuite-azure-20260805-s4/all-jit/logs/module_spring-boot-data-elasticsearch.org.springframework.boot.data.elasticsearch.health.DataElasticsearch-5bb7f2032047.out.log	/data/data/cratonvm/apps/spring-boot-suite-runner/.suite/results/craton-fullsuite-azure-20260805-s4/all-jit/logs/module_spring-boot-data-elasticsearch.org.springframework.boot.data.elasticsearch.health.DataElasticsearch-5bb7f2032047.err.log	
179	module/spring-boot-data-elasticsearch	org.springframework.boot.data.elasticsearch.autoconfigure.DataElasticsearchAutoConfigurationTests	craton	on	0	PASS	36.058	8	0	0	0	0	/data/data/cratonvm/apps/spring-boot-suite-runner/.suite/results/craton-fullsuite-azure-20260805-s4/all-jit/logs/module_spring-boot-data-elasticsearch.org.springframework.boot.data.elasticsearch.autoconfigure.DataElasti-940eb166cb1e.out.log	/data/data/cratonvm/apps/spring-boot-suite-runner/.suite/results/craton-fullsuite-azure-20260805-s4/all-jit/logs/module_spring-boot-data-elasticsearch.org.springframework.boot.data.elasticsearch.autoconfigure.DataElasti-940eb166cb1e.err.log	
180	module/spring-boot-data-jdbc-test	org.springframework.boot.data.jdbc.test.autoconfigure.DataJdbcTestIntegrationTests	craton	on	0	PASS	9.663	5	0	0	0	0	/data/data/cratonvm/apps/spring-boot-suite-runner/.suite/results/craton-fullsuite-azure-20260805-s4/all-jit/logs/module_spring-boot-data-jdbc-test.org.springframework.boot.data.jdbc.test.autoconfigure.DataJdbcTestIntegrationTests.out.log	/data/data/cratonvm/apps/spring-boot-suite-runner/.suite/results/craton-fullsuite-azure-20260805-s4/all-jit/logs/module_spring-boot-data-jdbc-test.org.springframework.boot.data.jdbc.test.autoconfigure.DataJdbcTestIntegrationTests.err.log	
181	module/spring-boot-data-jdbc-test	org.springframework.boot.data.jdbc.test.autoconfigure.DataJdbcTestPropertiesIntegrationTests	craton	on	0	PASS	10.252	2	0	0	0	0	/data/data/cratonvm/apps/spring-boot-suite-runner/.suite/results/craton-fullsuite-azure-20260805-s4/all-jit/logs/module_spring-boot-data-jdbc-test.org.springframework.boot.data.jdbc.test.autoconfigure.DataJdbcTestProper-d57af258ce71.out.log	/data/data/cratonvm/apps/spring-boot-suite-runner/.suite/results/craton-fullsuite-azure-20260805-s4/all-jit/logs/module_spring-boot-data-jdbc-test.org.springframework.boot.data.jdbc.test.autoconfigure.DataJdbcTestProper-d57af258ce71.err.log	
182	module/spring-boot-data-jdbc-test	org.springframework.boot.data.jdbc.test.autoconfigure.DataJdbcTypeExcludeFilterTests	craton	on	0	PASS	0.804	2	0	0	0	0	/data/data/cratonvm/apps/spring-boot-suite-runner/.suite/results/craton-fullsuite-azure-20260805-s4/all-jit/logs/module_spring-boot-data-jdbc-test.org.springframework.boot.data.jdbc.test.autoconfigure.DataJdbcTypeExcludeFilterTests.out.log	/data/data/cratonvm/apps/spring-boot-suite-runner/.suite/results/craton-fullsuite-azure-20260805-s4/all-jit/logs/module_spring-boot-data-jdbc-test.org.springframework.boot.data.jdbc.test.autoconfigure.DataJdbcTypeExcludeFilterTests.err.log	
183	module/spring-boot-data-jpa	org.springframework.boot.data.jpa.autoconfigure.AbstractDataJpaRepositoriesAutoConfigurationTests	craton	on	0	EMPTY	0.404	0	0	0	0	0	/data/data/cratonvm/apps/spring-boot-suite-runner/.suite/results/craton-fullsuite-azure-20260805-s4/all-jit/logs/module_spring-boot-data-jpa.org.springframework.boot.data.jpa.autoconfigure.AbstractDataJpaRepositoriesAut-18b138a4f74f.out.log	/data/data/cratonvm/apps/spring-boot-suite-runner/.suite/results/craton-fullsuite-azure-20260805-s4/all-jit/logs/module_spring-boot-data-jpa.org.springframework.boot.data.jpa.autoconfigure.AbstractDataJpaRepositoriesAut-18b138a4f74f.err.log	
184	module/spring-boot-data-jdbc	org.springframework.boot.data.jdbc.autoconfigure.DataJdbcRepositoriesAutoConfigurationTests	craton	on	0	PASS	59.201	15	0	0	0	0	/data/data/cratonvm/apps/spring-boot-suite-runner/.suite/results/craton-fullsuite-azure-20260805-s4/all-jit/logs/module_spring-boot-data-jdbc.org.springframework.boot.data.jdbc.autoconfigure.DataJdbcRepositoriesAutoConf-dc5ae8ae98b0.out.log	/data/data/cratonvm/apps/spring-boot-suite-runner/.suite/results/craton-fullsuite-azure-20260805-s4/all-jit/logs/module_spring-boot-data-jdbc.org.springframework.boot.data.jdbc.autoconfigure.DataJdbcRepositoriesAutoConf-dc5ae8ae98b0.err.log	
185	module/spring-boot-data-jpa	org.springframework.boot.data.jpa.autoconfigure.DataJpaRepositoriesWithEnversRevisionAutoConfigurationTests	craton	on	0	PASS	28.937	9	0	0	0	0	/data/data/cratonvm/apps/spring-boot-suite-runner/.suite/results/craton-fullsuite-azure-20260805-s4/all-jit/logs/module_spring-boot-data-jpa.org.springframework.boot.data.jpa.autoconfigure.DataJpaRepositoriesWithEnversR-8504008b77f6.out.log	/data/data/cratonvm/apps/spring-boot-suite-runner/.suite/results/craton-fullsuite-azure-20260805-s4/all-jit/logs/module_spring-boot-data-jpa.org.springframework.boot.data.jpa.autoconfigure.DataJpaRepositoriesWithEnversR-8504008b77f6.err.log	
186	module/spring-boot-data-jpa	org.springframework.boot.data.jpa.autoconfigure.DataJpaRepositoriesWithSpringDataWebAutoConfigurationTests	craton	on	0	PASS	8.235	1	0	0	0	0	/data/data/cratonvm/apps/spring-boot-suite-runner/.suite/results/craton-fullsuite-azure-20260805-s4/all-jit/logs/module_spring-boot-data-jpa.org.springframework.boot.data.jpa.autoconfigure.DataJpaRepositoriesWithSpringD-c034a923613f.out.log	/data/data/cratonvm/apps/spring-boot-suite-runner/.suite/results/craton-fullsuite-azure-20260805-s4/all-jit/logs/module_spring-boot-data-jpa.org.springframework.boot.data.jpa.autoconfigure.DataJpaRepositoriesWithSpringD-c034a923613f.err.log	
187	module/spring-boot-data-jpa-test	org.springframework.boot.data.jpa.test.autoconfigure.DataJpaTestAttributesIntegrationTests	craton	on	0	PASS	14.280	2	0	0	0	0	/data/data/cratonvm/apps/spring-boot-suite-runner/.suite/results/craton-fullsuite-azure-20260805-s4/all-jit/logs/module_spring-boot-data-jpa-test.org.springframework.boot.data.jpa.test.autoconfigure.DataJpaTestAttribute-40a0a713f76d.out.log	/data/data/cratonvm/apps/spring-boot-suite-runner/.suite/results/craton-fullsuite-azure-20260805-s4/all-jit/logs/module_spring-boot-data-jpa-test.org.springframework.boot.data.jpa.test.autoconfigure.DataJpaTestAttribute-40a0a713f76d.err.log	
188	module/spring-boot-data-jpa	org.springframework.boot.data.jpa.autoconfigure.DataJpaRepositoriesAutoConfigurationTests	craton	on	0	PASS	77.036	9	0	0	0	0	/data/data/cratonvm/apps/spring-boot-suite-runner/.suite/results/craton-fullsuite-azure-20260805-s4/all-jit/logs/module_spring-boot-data-jpa.org.springframework.boot.data.jpa.autoconfigure.DataJpaRepositoriesAutoConfigurationTests.out.log	/data/data/cratonvm/apps/spring-boot-suite-runner/.suite/results/craton-fullsuite-azure-20260805-s4/all-jit/logs/module_spring-boot-data-jpa.org.springframework.boot.data.jpa.autoconfigure.DataJpaRepositoriesAutoConfigurationTests.err.log	
189	module/spring-boot-data-jpa-test	org.springframework.boot.data.jpa.test.autoconfigure.DataJpaTestIntegrationTests	craton	on	0	PASS	15.896	8	0	0	0	0	/data/data/cratonvm/apps/spring-boot-suite-runner/.suite/results/craton-fullsuite-azure-20260805-s4/all-jit/logs/module_spring-boot-data-jpa-test.org.springframework.boot.data.jpa.test.autoconfigure.DataJpaTestIntegrationTests.out.log	/data/data/cratonvm/apps/spring-boot-suite-runner/.suite/results/craton-fullsuite-azure-20260805-s4/all-jit/logs/module_spring-boot-data-jpa-test.org.springframework.boot.data.jpa.test.autoconfigure.DataJpaTestIntegrationTests.err.log	
190	module/spring-boot-data-jpa-test	org.springframework.boot.data.jpa.test.autoconfigure.DataJpaTestPropertiesIntegrationTests	craton	on	0	PASS	12.078	2	0	0	0	0	/data/data/cratonvm/apps/spring-boot-suite-runner/.suite/results/craton-fullsuite-azure-20260805-s4/all-jit/logs/module_spring-boot-data-jpa-test.org.springframework.boot.data.jpa.test.autoconfigure.DataJpaTestPropertie-46b3bdbbf3aa.out.log	/data/data/cratonvm/apps/spring-boot-suite-runner/.suite/results/craton-fullsuite-azure-20260805-s4/all-jit/logs/module_spring-boot-data-jpa-test.org.springframework.boot.data.jpa.test.autoconfigure.DataJpaTestPropertie-46b3bdbbf3aa.err.log	
191	module/spring-boot-data-jpa-test	org.springframework.boot.data.jpa.test.autoconfigure.DataJpaTestSchemaCredentialsIntegrationTests	craton	on	0	PASS	12.480	1	0	0	0	0	/data/data/cratonvm/apps/spring-boot-suite-runner/.suite/results/craton-fullsuite-azure-20260805-s4/all-jit/logs/module_spring-boot-data-jpa-test.org.springframework.boot.data.jpa.test.autoconfigure.DataJpaTestSchemaCre-3b1db94bbec3.out.log	/data/data/cratonvm/apps/spring-boot-suite-runner/.suite/results/craton-fullsuite-azure-20260805-s4/all-jit/logs/module_spring-boot-data-jpa-test.org.springframework.boot.data.jpa.test.autoconfigure.DataJpaTestSchemaCre-3b1db94bbec3.err.log	
192	module/spring-boot-data-ldap	org.springframework.boot.data.ldap.autoconfigure.DataLdapRepositoriesAutoConfigurationTests	craton	on	0	PASS	3.632	3	0	0	0	0	/data/data/cratonvm/apps/spring-boot-suite-runner/.suite/results/craton-fullsuite-azure-20260805-s4/all-jit/logs/module_spring-boot-data-ldap.org.springframework.boot.data.ldap.autoconfigure.DataLdapRepositoriesAutoConf-2a8e86c0bbb5.out.log	/data/data/cratonvm/apps/spring-boot-suite-runner/.suite/results/craton-fullsuite-azure-20260805-s4/all-jit/logs/module_spring-boot-data-ldap.org.springframework.boot.data.ldap.autoconfigure.DataLdapRepositoriesAutoConf-2a8e86c0bbb5.err.log	
193	module/spring-boot-data-ldap-test	org.springframework.boot.data.ldap.test.autoconfigure.DataLdapTestIntegrationTests	craton	on	0	PASS	6.239	2	0	0	0	0	/data/data/cratonvm/apps/spring-boot-suite-runner/.suite/results/craton-fullsuite-azure-20260805-s4/all-jit/logs/module_spring-boot-data-ldap-test.org.springframework.boot.data.ldap.test.autoconfigure.DataLdapTestIntegrationTests.out.log	/data/data/cratonvm/apps/spring-boot-suite-runner/.suite/results/craton-fullsuite-azure-20260805-s4/all-jit/logs/module_spring-boot-data-ldap-test.org.springframework.boot.data.ldap.test.autoconfigure.DataLdapTestIntegrationTests.err.log	
194	module/spring-boot-data-ldap-test	org.springframework.boot.data.ldap.test.autoconfigure.DataLdapTestPropertiesIntegrationTests	craton	on	0	PASS	5.838	2	0	0	0	0	/data/data/cratonvm/apps/spring-boot-suite-runner/.suite/results/craton-fullsuite-azure-20260805-s4/all-jit/logs/module_spring-boot-data-ldap-test.org.springframework.boot.data.ldap.test.autoconfigure.DataLdapTestProper-6b7d4ceabd43.out.log	/data/data/cratonvm/apps/spring-boot-suite-runner/.suite/results/craton-fullsuite-azure-20260805-s4/all-jit/logs/module_spring-boot-data-ldap-test.org.springframework.boot.data.ldap.test.autoconfigure.DataLdapTestProper-6b7d4ceabd43.err.log	
195	module/spring-boot-data-ldap-test	org.springframework.boot.data.ldap.test.autoconfigure.DataLdapTestWithIncludeFilterIntegrationTests	craton	on	0	PASS	6.242	1	0	0	0	0	/data/data/cratonvm/apps/spring-boot-suite-runner/.suite/results/craton-fullsuite-azure-20260805-s4/all-jit/logs/module_spring-boot-data-ldap-test.org.springframework.boot.data.ldap.test.autoconfigure.DataLdapTestWithIn-6117c7ca01bd.out.log	/data/data/cratonvm/apps/spring-boot-suite-runner/.suite/results/craton-fullsuite-azure-20260805-s4/all-jit/logs/module_spring-boot-data-ldap-test.org.springframework.boot.data.ldap.test.autoconfigure.DataLdapTestWithIn-6117c7ca01bd.err.log	
196	module/spring-boot-data-mongodb	org.springframework.boot.data.mongodb.autoconfigure.DataMongoPropertiesTests	craton	on	0	PASS	2.613	2	0	0	0	0	/data/data/cratonvm/apps/spring-boot-suite-runner/.suite/results/craton-fullsuite-azure-20260805-s4/all-jit/logs/module_spring-boot-data-mongodb.org.springframework.boot.data.mongodb.autoconfigure.DataMongoPropertiesTests.out.log	/data/data/cratonvm/apps/spring-boot-suite-runner/.suite/results/craton-fullsuite-azure-20260805-s4/all-jit/logs/module_spring-boot-data-mongodb.org.springframework.boot.data.mongodb.autoconfigure.DataMongoPropertiesTests.err.log	
197	module/spring-boot-data-mongodb	org.springframework.boot.data.mongodb.autoconfigure.DataMongoReactiveAndBlockingRepositoriesAutoConfigurationTests	craton	on	0	PASS	4.821	1	0	0	0	0	/data/data/cratonvm/apps/spring-boot-suite-runner/.suite/results/craton-fullsuite-azure-20260805-s4/all-jit/logs/module_spring-boot-data-mongodb.org.springframework.boot.data.mongodb.autoconfigure.DataMongoReactiveAndBl-5e8300841636.out.log	/data/data/cratonvm/apps/spring-boot-suite-runner/.suite/results/craton-fullsuite-azure-20260805-s4/all-jit/logs/module_spring-boot-data-mongodb.org.springframework.boot.data.mongodb.autoconfigure.DataMongoReactiveAndBl-5e8300841636.err.log	
198	module/spring-boot-data-mongodb	org.springframework.boot.data.mongodb.autoconfigure.DataMongoReactiveAutoConfigurationTests	craton	on	0	PASS	17.074	12	0	0	0	0	/data/data/cratonvm/apps/spring-boot-suite-runner/.suite/results/craton-fullsuite-azure-20260805-s4/all-jit/logs/module_spring-boot-data-mongodb.org.springframework.boot.data.mongodb.autoconfigure.DataMongoReactiveAutoC-6772d0fc9875.out.log	/data/data/cratonvm/apps/spring-boot-suite-runner/.suite/results/craton-fullsuite-azure-20260805-s4/all-jit/logs/module_spring-boot-data-mongodb.org.springframework.boot.data.mongodb.autoconfigure.DataMongoReactiveAutoC-6772d0fc9875.err.log	
199	module/spring-boot-data-mongodb	org.springframework.boot.data.mongodb.autoconfigure.DataMongoAutoConfigurationTests	craton	on	0	PASS	35.407	28	0	0	0	0	/data/data/cratonvm/apps/spring-boot-suite-runner/.suite/results/craton-fullsuite-azure-20260805-s4/all-jit/logs/module_spring-boot-data-mongodb.org.springframework.boot.data.mongodb.autoconfigure.DataMongoAutoConfigurationTests.out.log	/data/data/cratonvm/apps/spring-boot-suite-runner/.suite/results/craton-fullsuite-azure-20260805-s4/all-jit/logs/module_spring-boot-data-mongodb.org.springframework.boot.data.mongodb.autoconfigure.DataMongoAutoConfigurationTests.err.log	
200	module/spring-boot-data-mongodb	org.springframework.boot.data.mongodb.autoconfigure.DataMongoReactiveRepositoriesAutoConfigurationTests	craton	on	0	PASS	15.285	6	0	0	0	0	/data/data/cratonvm/apps/spring-boot-suite-runner/.suite/results/craton-fullsuite-azure-20260805-s4/all-jit/logs/module_spring-boot-data-mongodb.org.springframework.boot.data.mongodb.autoconfigure.DataMongoReactiveRepos-f169031f8da1.out.log	/data/data/cratonvm/apps/spring-boot-suite-runner/.suite/results/craton-fullsuite-azure-20260805-s4/all-jit/logs/module_spring-boot-data-mongodb.org.springframework.boot.data.mongodb.autoconfigure.DataMongoReactiveRepos-f169031f8da1.err.log	
201	module/spring-boot-data-mongodb	org.springframework.boot.data.mongodb.autoconfigure.DataMongoRepositoriesAutoConfigurationTests	craton	on	0	PASS	12.069	6	0	0	0	0	/data/data/cratonvm/apps/spring-boot-suite-runner/.suite/results/craton-fullsuite-azure-20260805-s4/all-jit/logs/module_spring-boot-data-mongodb.org.springframework.boot.data.mongodb.autoconfigure.DataMongoRepositoriesA-0cbafc1f7fe8.out.log	/data/data/cratonvm/apps/spring-boot-suite-runner/.suite/results/craton-fullsuite-azure-20260805-s4/all-jit/logs/module_spring-boot-data-mongodb.org.springframework.boot.data.mongodb.autoconfigure.DataMongoRepositoriesA-0cbafc1f7fe8.err.log	
202	module/spring-boot-data-mongodb-test	org.springframework.boot.data.mongodb.test.autoconfigure.DataMongoTestPropertiesIntegrationTests	craton	on	0	PASS	5.233	2	0	0	0	0	/data/data/cratonvm/apps/spring-boot-suite-runner/.suite/results/craton-fullsuite-azure-20260805-s4/all-jit/logs/module_spring-boot-data-mongodb-test.org.springframework.boot.data.mongodb.test.autoconfigure.DataMongoTes-7afb1a8adb60.out.log	/data/data/cratonvm/apps/spring-boot-suite-runner/.suite/results/craton-fullsuite-azure-20260805-s4/all-jit/logs/module_spring-boot-data-mongodb-test.org.springframework.boot.data.mongodb.test.autoconfigure.DataMongoTes-7afb1a8adb60.err.log	
203	module/spring-boot-data-neo4j	org.springframework.boot.data.neo4j.autoconfigure.DataNeo4jAutoConfigurationTests	craton	on	0	PASS	23.111	15	0	0	0	0	/data/data/cratonvm/apps/spring-boot-suite-runner/.suite/results/craton-fullsuite-azure-20260805-s4/all-jit/logs/module_spring-boot-data-neo4j.org.springframework.boot.data.neo4j.autoconfigure.DataNeo4jAutoConfigurationTests.out.log	/data/data/cratonvm/apps/spring-boot-suite-runner/.suite/results/craton-fullsuite-azure-20260805-s4/all-jit/logs/module_spring-boot-data-neo4j.org.springframework.boot.data.neo4j.autoconfigure.DataNeo4jAutoConfigurationTests.err.log	
204	module/spring-boot-data-neo4j	org.springframework.boot.data.neo4j.autoconfigure.DataNeo4jReactiveAutoConfigurationTests	craton	on	0	PASS	20.502	11	0	0	0	0	/data/data/cratonvm/apps/spring-boot-suite-runner/.suite/results/craton-fullsuite-azure-20260805-s4/all-jit/logs/module_spring-boot-data-neo4j.org.springframework.boot.data.neo4j.autoconfigure.DataNeo4jReactiveAutoConfigurationTests.out.log	/data/data/cratonvm/apps/spring-boot-suite-runner/.suite/results/craton-fullsuite-azure-20260805-s4/all-jit/logs/module_spring-boot-data-neo4j.org.springframework.boot.data.neo4j.autoconfigure.DataNeo4jReactiveAutoConfigurationTests.err.log	
205	module/spring-boot-data-neo4j	org.springframework.boot.data.neo4j.autoconfigure.DataNeo4jReactiveRepositoriesAutoConfigurationTests	craton	on	1	FAIL	8.442	5	4	0	0	0	/data/data/cratonvm/apps/spring-boot-suite-runner/.suite/results/craton-fullsuite-azure-20260805-s4/all-jit/logs/module_spring-boot-data-neo4j.org.springframework.boot.data.neo4j.autoconfigure.DataNeo4jReactiveRepositor-b3da07f4615e.out.log	/data/data/cratonvm/apps/spring-boot-suite-runner/.suite/results/craton-fullsuite-azure-20260805-s4/all-jit/logs/module_spring-boot-data-neo4j.org.springframework.boot.data.neo4j.autoconfigure.DataNeo4jReactiveRepositor-b3da07f4615e.err.log	11:56:15.881 [main] WARN org.springframework.context.annotation.AnnotationConfigApplicationContext -- Exception encountered during context initialization - cancelling refresh attem | hotspot-baseline: PASS 0/5
206	module/spring-boot-data-r2dbc	org.springframework.boot.data.r2dbc.autoconfigure.DataR2dbcAutoConfigurationTests	craton	on	0	PASS	2.815	2	0	0	0	0	/data/data/cratonvm/apps/spring-boot-suite-runner/.suite/results/craton-fullsuite-azure-20260805-s4/all-jit/logs/module_spring-boot-data-r2dbc.org.springframework.boot.data.r2dbc.autoconfigure.DataR2dbcAutoConfigurationTests.out.log	/data/data/cratonvm/apps/spring-boot-suite-runner/.suite/results/craton-fullsuite-azure-20260805-s4/all-jit/logs/module_spring-boot-data-r2dbc.org.springframework.boot.data.r2dbc.autoconfigure.DataR2dbcAutoConfigurationTests.err.log	
207	module/spring-boot-data-neo4j	org.springframework.boot.data.neo4j.autoconfigure.DataNeo4jRepositoriesAutoConfigurationTests	craton	on	0	PASS	12.482	5	0	0	0	0	/data/data/cratonvm/apps/spring-boot-suite-runner/.suite/results/craton-fullsuite-azure-20260805-s4/all-jit/logs/module_spring-boot-data-neo4j.org.springframework.boot.data.neo4j.autoconfigure.DataNeo4jRepositoriesAutoC-cd4368ae9c28.out.log	/data/data/cratonvm/apps/spring-boot-suite-runner/.suite/results/craton-fullsuite-azure-20260805-s4/all-jit/logs/module_spring-boot-data-neo4j.org.springframework.boot.data.neo4j.autoconfigure.DataNeo4jRepositoriesAutoC-cd4368ae9c28.err.log	
208	module/spring-boot-data-r2dbc	org.springframework.boot.data.r2dbc.autoconfigure.DataR2dbcRepositoriesAutoConfigurationTests	craton	on	0	PASS	6.038	5	0	0	0	0	/data/data/cratonvm/apps/spring-boot-suite-runner/.suite/results/craton-fullsuite-azure-20260805-s4/all-jit/logs/module_spring-boot-data-r2dbc.org.springframework.boot.data.r2dbc.autoconfigure.DataR2dbcRepositoriesAutoC-4ea549d1613f.out.log	/data/data/cratonvm/apps/spring-boot-suite-runner/.suite/results/craton-fullsuite-azure-20260805-s4/all-jit/logs/module_spring-boot-data-r2dbc.org.springframework.boot.data.r2dbc.autoconfigure.DataR2dbcRepositoriesAutoC-4ea549d1613f.err.log	
209	module/spring-boot-data-r2dbc-test	org.springframework.boot.data.r2dbc.test.autoconfigure.DataR2dbcTestIntegrationTests	craton	on	0	PASS	9.045	5	0	0	0	0	/data/data/cratonvm/apps/spring-boot-suite-runner/.suite/results/craton-fullsuite-azure-20260805-s4/all-jit/logs/module_spring-boot-data-r2dbc-test.org.springframework.boot.data.r2dbc.test.autoconfigure.DataR2dbcTestIntegrationTests.out.log	/data/data/cratonvm/apps/spring-boot-suite-runner/.suite/results/craton-fullsuite-azure-20260805-s4/all-jit/logs/module_spring-boot-data-r2dbc-test.org.springframework.boot.data.r2dbc.test.autoconfigure.DataR2dbcTestIntegrationTests.err.log	
210	module/spring-boot-data-r2dbc-test	org.springframework.boot.data.r2dbc.test.autoconfigure.DataR2dbcTestPropertiesIntegrationTests	craton	on	0	PASS	8.451	2	0	0	0	0	/data/data/cratonvm/apps/spring-boot-suite-runner/.suite/results/craton-fullsuite-azure-20260805-s4/all-jit/logs/module_spring-boot-data-r2dbc-test.org.springframework.boot.data.r2dbc.test.autoconfigure.DataR2dbcTestPro-2c501c185e19.out.log	/data/data/cratonvm/apps/spring-boot-suite-runner/.suite/results/craton-fullsuite-azure-20260805-s4/all-jit/logs/module_spring-boot-data-r2dbc-test.org.springframework.boot.data.r2dbc.test.autoconfigure.DataR2dbcTestPro-2c501c185e19.err.log	
211	module/spring-boot-data-redis	org.springframework.boot.data.redis.autoconfigure.DataRedisAnnotationDrivenConfigurationTests	craton	on	0	PASS	8.848	5	0	0	0	0	/data/data/cratonvm/apps/spring-boot-suite-runner/.suite/results/craton-fullsuite-azure-20260805-s4/all-jit/logs/module_spring-boot-data-redis.org.springframework.boot.data.redis.autoconfigure.DataRedisAnnotationDrivenC-9138ec481255.out.log	/data/data/cratonvm/apps/spring-boot-suite-runner/.suite/results/craton-fullsuite-azure-20260805-s4/all-jit/logs/module_spring-boot-data-redis.org.springframework.boot.data.redis.autoconfigure.DataRedisAnnotationDrivenC-9138ec481255.err.log	
212	module/spring-boot-data-redis	org.springframework.boot.data.redis.autoconfigure.DataRedisAutoConfigurationLettuceWithoutCommonsPool2Tests	craton	on	0	PASS	6.224	1	0	0	0	0	/data/data/cratonvm/apps/spring-boot-suite-runner/.suite/results/craton-fullsuite-azure-20260805-s4/all-jit/logs/module_spring-boot-data-redis.org.springframework.boot.data.redis.autoconfigure.DataRedisAutoConfiguration-77c693e1f2c7.out.log	/data/data/cratonvm/apps/spring-boot-suite-runner/.suite/results/craton-fullsuite-azure-20260805-s4/all-jit/logs/module_spring-boot-data-redis.org.springframework.boot.data.redis.autoconfigure.DataRedisAutoConfiguration-77c693e1f2c7.err.log	
213	module/spring-boot-data-redis	org.springframework.boot.data.redis.autoconfigure.DataRedisAutoConfigurationJedisTests	craton	on	0	PASS	65.076	23	0	0	0	0	/data/data/cratonvm/apps/spring-boot-suite-runner/.suite/results/craton-fullsuite-azure-20260805-s4/all-jit/logs/module_spring-boot-data-redis.org.springframework.boot.data.redis.autoconfigure.DataRedisAutoConfigurationJedisTests.out.log	/data/data/cratonvm/apps/spring-boot-suite-runner/.suite/results/craton-fullsuite-azure-20260805-s4/all-jit/logs/module_spring-boot-data-redis.org.springframework.boot.data.redis.autoconfigure.DataRedisAutoConfigurationJedisTests.err.log	
214	module/spring-boot-data-redis	org.springframework.boot.data.redis.autoconfigure.DataRedisReactiveAutoConfigurationTests	craton	on	0	PASS	3.614	1	0	0	0	0	/data/data/cratonvm/apps/spring-boot-suite-runner/.suite/results/craton-fullsuite-azure-20260805-s4/all-jit/logs/module_spring-boot-data-redis.org.springframework.boot.data.redis.autoconfigure.DataRedisReactiveAutoConfigurationTests.out.log	/data/data/cratonvm/apps/spring-boot-suite-runner/.suite/results/craton-fullsuite-azure-20260805-s4/all-jit/logs/module_spring-boot-data-redis.org.springframework.boot.data.redis.autoconfigure.DataRedisReactiveAutoConfigurationTests.err.log	
215	module/spring-boot-data-redis	org.springframework.boot.data.redis.autoconfigure.health.DataRedisHealthContributorAutoConfigurationTests	craton	on	0	PASS	8.433	2	0	0	0	0	/data/data/cratonvm/apps/spring-boot-suite-runner/.suite/results/craton-fullsuite-azure-20260805-s4/all-jit/logs/module_spring-boot-data-redis.org.springframework.boot.data.redis.autoconfigure.health.DataRedisHealthCont-dc6ecb50c06b.out.log	/data/data/cratonvm/apps/spring-boot-suite-runner/.suite/results/craton-fullsuite-azure-20260805-s4/all-jit/logs/module_spring-boot-data-redis.org.springframework.boot.data.redis.autoconfigure.health.DataRedisHealthCont-dc6ecb50c06b.err.log	
216	module/spring-boot-data-redis	org.springframework.boot.data.redis.autoconfigure.health.DataRedisReactiveHealthContributorAutoConfigurationTests	craton	on	0	PASS	5.022	3	0	0	0	0	/data/data/cratonvm/apps/spring-boot-suite-runner/.suite/results/craton-fullsuite-azure-20260805-s4/all-jit/logs/module_spring-boot-data-redis.org.springframework.boot.data.redis.autoconfigure.health.DataRedisReactiveHe-e81c36b7bbb3.out.log	/data/data/cratonvm/apps/spring-boot-suite-runner/.suite/results/craton-fullsuite-azure-20260805-s4/all-jit/logs/module_spring-boot-data-redis.org.springframework.boot.data.redis.autoconfigure.health.DataRedisReactiveHe-e81c36b7bbb3.err.log	
217	module/spring-boot-data-redis	org.springframework.boot.data.redis.autoconfigure.observation.LettuceObservationAutoConfigurationTests	craton	on	0	PASS	4.823	2	0	0	0	0	/data/data/cratonvm/apps/spring-boot-suite-runner/.suite/results/craton-fullsuite-azure-20260805-s4/all-jit/logs/module_spring-boot-data-redis.org.springframework.boot.data.redis.autoconfigure.observation.LettuceObserva-015484ac115d.out.log	/data/data/cratonvm/apps/spring-boot-suite-runner/.suite/results/craton-fullsuite-azure-20260805-s4/all-jit/logs/module_spring-boot-data-redis.org.springframework.boot.data.redis.autoconfigure.observation.LettuceObserva-015484ac115d.err.log	
218	module/spring-boot-data-redis	org.springframework.boot.data.redis.autoconfigure.PropertiesRedisConnectionDetailsTests	craton	on	0	PASS	2.408	16	0	0	0	0	/data/data/cratonvm/apps/spring-boot-suite-runner/.suite/results/craton-fullsuite-azure-20260805-s4/all-jit/logs/module_spring-boot-data-redis.org.springframework.boot.data.redis.autoconfigure.PropertiesRedisConnectionDetailsTests.out.log	/data/data/cratonvm/apps/spring-boot-suite-runner/.suite/results/craton-fullsuite-azure-20260805-s4/all-jit/logs/module_spring-boot-data-redis.org.springframework.boot.data.redis.autoconfigure.PropertiesRedisConnectionDetailsTests.err.log	
219	module/spring-boot-data-redis	org.springframework.boot.data.redis.autoconfigure.RedisPropertiesTests	craton	on	0	PASS	0.602	1	0	0	0	0	/data/data/cratonvm/apps/spring-boot-suite-runner/.suite/results/craton-fullsuite-azure-20260805-s4/all-jit/logs/module_spring-boot-data-redis.org.springframework.boot.data.redis.autoconfigure.RedisPropertiesTests.out.log	/data/data/cratonvm/apps/spring-boot-suite-runner/.suite/results/craton-fullsuite-azure-20260805-s4/all-jit/logs/module_spring-boot-data-redis.org.springframework.boot.data.redis.autoconfigure.RedisPropertiesTests.err.log	
220	module/spring-boot-data-redis	org.springframework.boot.data.redis.autoconfigure.RedisUrlSyntaxFailureAnalyzerTests	craton	on	0	PASS	0.603	4	0	0	0	0	/data/data/cratonvm/apps/spring-boot-suite-runner/.suite/results/craton-fullsuite-azure-20260805-s4/all-jit/logs/module_spring-boot-data-redis.org.springframework.boot.data.redis.autoconfigure.RedisUrlSyntaxFailureAnalyzerTests.out.log	/data/data/cratonvm/apps/spring-boot-suite-runner/.suite/results/craton-fullsuite-azure-20260805-s4/all-jit/logs/module_spring-boot-data-redis.org.springframework.boot.data.redis.autoconfigure.RedisUrlSyntaxFailureAnalyzerTests.err.log	
221	module/spring-boot-data-redis	org.springframework.boot.data.redis.autoconfigure.DataRedisAutoConfigurationTests	craton	on	0	PASS	79.019	56	0	0	0	0	/data/data/cratonvm/apps/spring-boot-suite-runner/.suite/results/craton-fullsuite-azure-20260805-s4/all-jit/logs/module_spring-boot-data-redis.org.springframework.boot.data.redis.autoconfigure.DataRedisAutoConfigurationTests.out.log	/data/data/cratonvm/apps/spring-boot-suite-runner/.suite/results/craton-fullsuite-azure-20260805-s4/all-jit/logs/module_spring-boot-data-redis.org.springframework.boot.data.redis.autoconfigure.DataRedisAutoConfigurationTests.err.log	
222	module/spring-boot-data-redis	org.springframework.boot.data.redis.health.DataRedisReactiveHealthIndicatorTests	craton	on	0	PASS	4.830	7	0	0	0	0	/data/data/cratonvm/apps/spring-boot-suite-runner/.suite/results/craton-fullsuite-azure-20260805-s4/all-jit/logs/module_spring-boot-data-redis.org.springframework.boot.data.redis.health.DataRedisReactiveHealthIndicatorTests.out.log	/data/data/cratonvm/apps/spring-boot-suite-runner/.suite/results/craton-fullsuite-azure-20260805-s4/all-jit/logs/module_spring-boot-data-redis.org.springframework.boot.data.redis.health.DataRedisReactiveHealthIndicatorTests.err.log	
223	module/spring-boot-data-redis	org.springframework.boot.data.redis.health.RedisHealthIndicatorTests	craton	on	0	PASS	20.694	6	0	0	0	0	/data/data/cratonvm/apps/spring-boot-suite-runner/.suite/results/craton-fullsuite-azure-20260805-s4/all-jit/logs/module_spring-boot-data-redis.org.springframework.boot.data.redis.health.RedisHealthIndicatorTests.out.log	/data/data/cratonvm/apps/spring-boot-suite-runner/.suite/results/craton-fullsuite-azure-20260805-s4/all-jit/logs/module_spring-boot-data-redis.org.springframework.boot.data.redis.health.RedisHealthIndicatorTests.err.log	
224	module/spring-boot-devtools	org.springframework.boot.devtools.autoconfigure.AbstractDevToolsDataSourceAutoConfigurationTests	craton	on	0	EMPTY	0.402	0	0	0	0	0	/data/data/cratonvm/apps/spring-boot-suite-runner/.suite/results/craton-fullsuite-azure-20260805-s4/all-jit/logs/module_spring-boot-devtools.org.springframework.boot.devtools.autoconfigure.AbstractDevToolsDataSourceAuto-1df032bdb9b1.out.log	/data/data/cratonvm/apps/spring-boot-suite-runner/.suite/results/craton-fullsuite-azure-20260805-s4/all-jit/logs/module_spring-boot-devtools.org.springframework.boot.devtools.autoconfigure.AbstractDevToolsDataSourceAuto-1df032bdb9b1.err.log	
225	module/spring-boot-devtools	org.springframework.boot.devtools.autoconfigure.DevToolsEmbeddedDataSourceAutoConfigurationTests	craton	on	0	PASS	11.647	4	0	0	0	0	/data/data/cratonvm/apps/spring-boot-suite-runner/.suite/results/craton-fullsuite-azure-20260805-s4/all-jit/logs/module_spring-boot-devtools.org.springframework.boot.devtools.autoconfigure.DevToolsEmbeddedDataSourceAuto-251ffbbaec3e.out.log	/data/data/cratonvm/apps/spring-boot-suite-runner/.suite/results/craton-fullsuite-azure-20260805-s4/all-jit/logs/module_spring-boot-devtools.org.springframework.boot.devtools.autoconfigure.DevToolsEmbeddedDataSourceAuto-251ffbbaec3e.err.log	
226	module/spring-boot-data-rest	org.springframework.boot.data.rest.autoconfigure.DataRestAutoConfigurationTests	craton	on	0	PASS	43.601	5	0	0	0	0	/data/data/cratonvm/apps/spring-boot-suite-runner/.suite/results/craton-fullsuite-azure-20260805-s4/all-jit/logs/module_spring-boot-data-rest.org.springframework.boot.data.rest.autoconfigure.DataRestAutoConfigurationTests.out.log	/data/data/cratonvm/apps/spring-boot-suite-runner/.suite/results/craton-fullsuite-azure-20260805-s4/all-jit/logs/module_spring-boot-data-rest.org.springframework.boot.data.rest.autoconfigure.DataRestAutoConfigurationTests.err.log	
227	module/spring-boot-devtools	org.springframework.boot.devtools.autoconfigure.DevToolsPropertiesTests	craton	on	0	PASS	0.602	3	0	0	0	0	/data/data/cratonvm/apps/spring-boot-suite-runner/.suite/results/craton-fullsuite-azure-20260805-s4/all-jit/logs/module_spring-boot-devtools.org.springframework.boot.devtools.autoconfigure.DevToolsPropertiesTests.out.log	/data/data/cratonvm/apps/spring-boot-suite-runner/.suite/results/craton-fullsuite-azure-20260805-s4/all-jit/logs/module_spring-boot-devtools.org.springframework.boot.devtools.autoconfigure.DevToolsPropertiesTests.err.log	
228	module/spring-boot-devtools	org.springframework.boot.devtools.autoconfigure.DevToolsR2dbcAutoConfigurationTests	craton	on	0	PASS	12.044	10	0	0	0	0	/data/data/cratonvm/apps/spring-boot-suite-runner/.suite/results/craton-fullsuite-azure-20260805-s4/all-jit/logs/module_spring-boot-devtools.org.springframework.boot.devtools.autoconfigure.DevToolsR2dbcAutoConfigurationTests.out.log	/data/data/cratonvm/apps/spring-boot-suite-runner/.suite/results/craton-fullsuite-azure-20260805-s4/all-jit/logs/module_spring-boot-devtools.org.springframework.boot.devtools.autoconfigure.DevToolsR2dbcAutoConfigurationTests.err.log	
229	module/spring-boot-devtools	org.springframework.boot.devtools.autoconfigure.DevToolsPooledDataSourceAutoConfigurationTests	craton	on	0	PASS	32.954	11	0	0	0	0	/data/data/cratonvm/apps/spring-boot-suite-runner/.suite/results/craton-fullsuite-azure-20260805-s4/all-jit/logs/module_spring-boot-devtools.org.springframework.boot.devtools.autoconfigure.DevToolsPooledDataSourceAutoCo-10b5a1277bdd.out.log	/data/data/cratonvm/apps/spring-boot-suite-runner/.suite/results/craton-fullsuite-azure-20260805-s4/all-jit/logs/module_spring-boot-devtools.org.springframework.boot.devtools.autoconfigure.DevToolsPooledDataSourceAutoCo-10b5a1277bdd.err.log	
230	module/spring-boot-devtools	org.springframework.boot.devtools.autoconfigure.OnEnabledDevToolsConditionTests	craton	on	0	PASS	1.004	2	0	0	0	0	/data/data/cratonvm/apps/spring-boot-suite-runner/.suite/results/craton-fullsuite-azure-20260805-s4/all-jit/logs/module_spring-boot-devtools.org.springframework.boot.devtools.autoconfigure.OnEnabledDevToolsConditionTests.out.log	/data/data/cratonvm/apps/spring-boot-suite-runner/.suite/results/craton-fullsuite-azure-20260805-s4/all-jit/logs/module_spring-boot-devtools.org.springframework.boot.devtools.autoconfigure.OnEnabledDevToolsConditionTests.err.log	
231	module/spring-boot-devtools	org.springframework.boot.devtools.autoconfigure.OptionalLiveReloadServerTests	craton	on	0	PASS	1.807	2	0	0	0	0	/data/data/cratonvm/apps/spring-boot-suite-runner/.suite/results/craton-fullsuite-azure-20260805-s4/all-jit/logs/module_spring-boot-devtools.org.springframework.boot.devtools.autoconfigure.OptionalLiveReloadServerTests.out.log	/data/data/cratonvm/apps/spring-boot-suite-runner/.suite/results/craton-fullsuite-azure-20260805-s4/all-jit/logs/module_spring-boot-devtools.org.springframework.boot.devtools.autoconfigure.OptionalLiveReloadServerTests.err.log	
232	module/spring-boot-devtools	org.springframework.boot.devtools.autoconfigure.RemoteDevToolsAutoConfigurationTests	craton	on	0	PASS	28.304	12	0	0	0	0	/data/data/cratonvm/apps/spring-boot-suite-runner/.suite/results/craton-fullsuite-azure-20260805-s4/all-jit/logs/module_spring-boot-devtools.org.springframework.boot.devtools.autoconfigure.RemoteDevToolsAutoConfigurationTests.out.log	/data/data/cratonvm/apps/spring-boot-suite-runner/.suite/results/craton-fullsuite-azure-20260805-s4/all-jit/logs/module_spring-boot-devtools.org.springframework.boot.devtools.autoconfigure.RemoteDevToolsAutoConfigurationTests.err.log	
233	module/spring-boot-devtools	org.springframework.boot.devtools.autoconfigure.TriggerFileFilterTests	craton	on	0	PASS	0.603	4	0	0	0	0	/data/data/cratonvm/apps/spring-boot-suite-runner/.suite/results/craton-fullsuite-azure-20260805-s4/all-jit/logs/module_spring-boot-devtools.org.springframework.boot.devtools.autoconfigure.TriggerFileFilterTests.out.log	/data/data/cratonvm/apps/spring-boot-suite-runner/.suite/results/craton-fullsuite-azure-20260805-s4/all-jit/logs/module_spring-boot-devtools.org.springframework.boot.devtools.autoconfigure.TriggerFileFilterTests.err.log	
234	module/spring-boot-devtools	org.springframework.boot.devtools.classpath.ClassPathChangedEventTests	craton	on	0	PASS	0.402	3	0	0	0	0	/data/data/cratonvm/apps/spring-boot-suite-runner/.suite/results/craton-fullsuite-azure-20260805-s4/all-jit/logs/module_spring-boot-devtools.org.springframework.boot.devtools.classpath.ClassPathChangedEventTests.out.log	/data/data/cratonvm/apps/spring-boot-suite-runner/.suite/results/craton-fullsuite-azure-20260805-s4/all-jit/logs/module_spring-boot-devtools.org.springframework.boot.devtools.classpath.ClassPathChangedEventTests.err.log	
235	module/spring-boot-devtools	org.springframework.boot.devtools.classpath.ClassPathFileChangeListenerTests	craton	on	0	PASS	1.807	4	0	0	0	0	/data/data/cratonvm/apps/spring-boot-suite-runner/.suite/results/craton-fullsuite-azure-20260805-s4/all-jit/logs/module_spring-boot-devtools.org.springframework.boot.devtools.classpath.ClassPathFileChangeListenerTests.out.log	/data/data/cratonvm/apps/spring-boot-suite-runner/.suite/results/craton-fullsuite-azure-20260805-s4/all-jit/logs/module_spring-boot-devtools.org.springframework.boot.devtools.classpath.ClassPathFileChangeListenerTests.err.log	
236	module/spring-boot-devtools	org.springframework.boot.devtools.classpath.ClassPathFileSystemWatcherTests	craton	on	0	PASS	2.810	2	0	0	0	0	/data/data/cratonvm/apps/spring-boot-suite-runner/.suite/results/craton-fullsuite-azure-20260805-s4/all-jit/logs/module_spring-boot-devtools.org.springframework.boot.devtools.classpath.ClassPathFileSystemWatcherTests.out.log	/data/data/cratonvm/apps/spring-boot-suite-runner/.suite/results/craton-fullsuite-azure-20260805-s4/all-jit/logs/module_spring-boot-devtools.org.springframework.boot.devtools.classpath.ClassPathFileSystemWatcherTests.err.log	
237	module/spring-boot-devtools	org.springframework.boot.devtools.classpath.PatternClassPathRestartStrategyTests	craton	on	0	PASS	0.602	6	0	0	0	0	/data/data/cratonvm/apps/spring-boot-suite-runner/.suite/results/craton-fullsuite-azure-20260805-s4/all-jit/logs/module_spring-boot-devtools.org.springframework.boot.devtools.classpath.PatternClassPathRestartStrategyTests.out.log	/data/data/cratonvm/apps/spring-boot-suite-runner/.suite/results/craton-fullsuite-azure-20260805-s4/all-jit/logs/module_spring-boot-devtools.org.springframework.boot.devtools.classpath.PatternClassPathRestartStrategyTests.err.log	
238	module/spring-boot-devtools	org.springframework.boot.devtools.autoconfigure.LocalDevToolsAutoConfigurationTests	craton	on	0	PASS	51.286	14	0	0	0	0	/data/data/cratonvm/apps/spring-boot-suite-runner/.suite/results/craton-fullsuite-azure-20260805-s4/all-jit/logs/module_spring-boot-devtools.org.springframework.boot.devtools.autoconfigure.LocalDevToolsAutoConfigurationTests.out.log	/data/data/cratonvm/apps/spring-boot-suite-runner/.suite/results/craton-fullsuite-azure-20260805-s4/all-jit/logs/module_spring-boot-devtools.org.springframework.boot.devtools.autoconfigure.LocalDevToolsAutoConfigurationTests.err.log	
239	module/spring-boot-devtools	org.springframework.boot.devtools.env.DevToolsHomePropertiesPostProcessorTests	craton	on	0	PASS	0.803	10	0	0	0	0	/data/data/cratonvm/apps/spring-boot-suite-runner/.suite/results/craton-fullsuite-azure-20260805-s4/all-jit/logs/module_spring-boot-devtools.org.springframework.boot.devtools.env.DevToolsHomePropertiesPostProcessorTests.out.log	/data/data/cratonvm/apps/spring-boot-suite-runner/.suite/results/craton-fullsuite-azure-20260805-s4/all-jit/logs/module_spring-boot-devtools.org.springframework.boot.devtools.env.DevToolsHomePropertiesPostProcessorTests.err.log	
240	module/spring-boot-devtools	org.springframework.boot.devtools.filewatch.ChangedFileTests	craton	on	0	PASS	0.602	6	0	0	0	0	/data/data/cratonvm/apps/spring-boot-suite-runner/.suite/results/craton-fullsuite-azure-20260805-s4/all-jit/logs/module_spring-boot-devtools.org.springframework.boot.devtools.filewatch.ChangedFileTests.out.log	/data/data/cratonvm/apps/spring-boot-suite-runner/.suite/results/craton-fullsuite-azure-20260805-s4/all-jit/logs/module_spring-boot-devtools.org.springframework.boot.devtools.filewatch.ChangedFileTests.err.log	
241	module/spring-boot-devtools	org.springframework.boot.devtools.filewatch.DirectorySnapshotTests	craton	on	0	PASS	0.603	11	0	0	0	0	/data/data/cratonvm/apps/spring-boot-suite-runner/.suite/results/craton-fullsuite-azure-20260805-s4/all-jit/logs/module_spring-boot-devtools.org.springframework.boot.devtools.filewatch.DirectorySnapshotTests.out.log	/data/data/cratonvm/apps/spring-boot-suite-runner/.suite/results/craton-fullsuite-azure-20260805-s4/all-jit/logs/module_spring-boot-devtools.org.springframework.boot.devtools.filewatch.DirectorySnapshotTests.err.log	
242	module/spring-boot-devtools	org.springframework.boot.devtools.env.DevToolPropertiesIntegrationTests	craton	on	0	PASS	11.691	5	0	0	0	0	/data/data/cratonvm/apps/spring-boot-suite-runner/.suite/results/craton-fullsuite-azure-20260805-s4/all-jit/logs/module_spring-boot-devtools.org.springframework.boot.devtools.env.DevToolPropertiesIntegrationTests.out.log	/data/data/cratonvm/apps/spring-boot-suite-runner/.suite/results/craton-fullsuite-azure-20260805-s4/all-jit/logs/module_spring-boot-devtools.org.springframework.boot.devtools.env.DevToolPropertiesIntegrationTests.err.log	
243	module/spring-boot-devtools	org.springframework.boot.devtools.filewatch.FileSnapshotTests	craton	on	0	PASS	0.604	6	0	0	0	0	/data/data/cratonvm/apps/spring-boot-suite-runner/.suite/results/craton-fullsuite-azure-20260805-s4/all-jit/logs/module_spring-boot-devtools.org.springframework.boot.devtools.filewatch.FileSnapshotTests.out.log	/data/data/cratonvm/apps/spring-boot-suite-runner/.suite/results/craton-fullsuite-azure-20260805-s4/all-jit/logs/module_spring-boot-devtools.org.springframework.boot.devtools.filewatch.FileSnapshotTests.err.log	
244	module/spring-boot-devtools	org.springframework.boot.devtools.livereload.ConnectionInputStreamTests	craton	on	0	PASS	0.602	5	0	0	0	0	/data/data/cratonvm/apps/spring-boot-suite-runner/.suite/results/craton-fullsuite-azure-20260805-s4/all-jit/logs/module_spring-boot-devtools.org.springframework.boot.devtools.livereload.ConnectionInputStreamTests.out.log	/data/data/cratonvm/apps/spring-boot-suite-runner/.suite/results/craton-fullsuite-azure-20260805-s4/all-jit/logs/module_spring-boot-devtools.org.springframework.boot.devtools.livereload.ConnectionInputStreamTests.err.log	
245	module/spring-boot-devtools	org.springframework.boot.devtools.livereload.ConnectionOutputStreamTests	craton	on	0	PASS	1.406	3	0	0	0	0	/data/data/cratonvm/apps/spring-boot-suite-runner/.suite/results/craton-fullsuite-azure-20260805-s4/all-jit/logs/module_spring-boot-devtools.org.springframework.boot.devtools.livereload.ConnectionOutputStreamTests.out.log	/data/data/cratonvm/apps/spring-boot-suite-runner/.suite/results/craton-fullsuite-azure-20260805-s4/all-jit/logs/module_spring-boot-devtools.org.springframework.boot.devtools.livereload.ConnectionOutputStreamTests.err.log	
246	module/spring-boot-devtools	org.springframework.boot.devtools.livereload.FrameTests	craton	on	0	PASS	0.602	16	0	0	0	0	/data/data/cratonvm/apps/spring-boot-suite-runner/.suite/results/craton-fullsuite-azure-20260805-s4/all-jit/logs/module_spring-boot-devtools.org.springframework.boot.devtools.livereload.FrameTests.out.log	/data/data/cratonvm/apps/spring-boot-suite-runner/.suite/results/craton-fullsuite-azure-20260805-s4/all-jit/logs/module_spring-boot-devtools.org.springframework.boot.devtools.livereload.FrameTests.err.log	
247	module/spring-boot-devtools	org.springframework.boot.devtools.filewatch.FileSystemWatcherTests	craton	on	0	PASS	3.846	19	0	0	0	0	/data/data/cratonvm/apps/spring-boot-suite-runner/.suite/results/craton-fullsuite-azure-20260805-s4/all-jit/logs/module_spring-boot-devtools.org.springframework.boot.devtools.filewatch.FileSystemWatcherTests.out.log	/data/data/cratonvm/apps/spring-boot-suite-runner/.suite/results/craton-fullsuite-azure-20260805-s4/all-jit/logs/module_spring-boot-devtools.org.springframework.boot.devtools.filewatch.FileSystemWatcherTests.err.log	
