index	module	class	vm	jit	rc	status	seconds	tests	failed	aborted	skipped	containersFailed	stdoutLog	stderrLog	note
1	module/spring-boot-security-saml2	org.springframework.boot.security.saml2.autoconfigure.Saml2RelyingPartyPropertiesTests	craton	on	0	PASS	1.666	8	0	0	0	0	/data/data/cratonvm/apps/spring-boot-suite-runner/.suite/results/craton-fullsuite-azure-20260805-s8/all-jit/logs/module_spring-boot-security-saml2.org.springframework.boot.security.saml2.autoconfigure.Saml2RelyingPartyP-8f0cdce4a71e.out.log	/data/data/cratonvm/apps/spring-boot-suite-runner/.suite/results/craton-fullsuite-azure-20260805-s8/all-jit/logs/module_spring-boot-security-saml2.org.springframework.boot.security.saml2.autoconfigure.Saml2RelyingPartyP-8f0cdce4a71e.err.log	
2	module/spring-boot-security-test	org.springframework.boot.security.test.autoconfigure.webflux.WebTestClientSecurityIntegrationTests	craton	on	0	PASS	3.456	1	0	0	0	0	/data/data/cratonvm/apps/spring-boot-suite-runner/.suite/results/craton-fullsuite-azure-20260805-s8/all-jit/logs/module_spring-boot-security-test.org.springframework.boot.security.test.autoconfigure.webflux.WebTestClien-ea2c3bea8be7.out.log	/data/data/cratonvm/apps/spring-boot-suite-runner/.suite/results/craton-fullsuite-azure-20260805-s8/all-jit/logs/module_spring-boot-security-test.org.springframework.boot.security.test.autoconfigure.webflux.WebTestClien-ea2c3bea8be7.err.log	
3	module/spring-boot-security-saml2	org.springframework.boot.security.saml2.autoconfigure.webmvc.Saml2RelyingPartyWebMvcTestIntegrationTests	craton	on	0	PASS	20.767	1	0	0	0	0	/data/data/cratonvm/apps/spring-boot-suite-runner/.suite/results/craton-fullsuite-azure-20260805-s8/all-jit/logs/module_spring-boot-security-saml2.org.springframework.boot.security.saml2.autoconfigure.webmvc.Saml2Relyin-ff01655fe643.out.log	/data/data/cratonvm/apps/spring-boot-suite-runner/.suite/results/craton-fullsuite-azure-20260805-s8/all-jit/logs/module_spring-boot-security-saml2.org.springframework.boot.security.saml2.autoconfigure.webmvc.Saml2Relyin-ff01655fe643.err.log	
4	module/spring-boot-security-test	org.springframework.boot.security.test.autoconfigure.webmvc.AutoConfigureMockMvcSecurityFilterOrderingIntegrationTests	craton	on	0	PASS	17.154	1	0	0	0	0	/data/data/cratonvm/apps/spring-boot-suite-runner/.suite/results/craton-fullsuite-azure-20260805-s8/all-jit/logs/module_spring-boot-security-test.org.springframework.boot.security.test.autoconfigure.webmvc.AutoConfigure-799264f32b75.out.log	/data/data/cratonvm/apps/spring-boot-suite-runner/.suite/results/craton-fullsuite-azure-20260805-s8/all-jit/logs/module_spring-boot-security-test.org.springframework.boot.security.test.autoconfigure.webmvc.AutoConfigure-799264f32b75.err.log	
5	module/spring-boot-security-test	org.springframework.boot.security.test.autoconfigure.webmvc.MockMvcSecurityIntegrationTests	craton	on	0	PASS	16.334	4	0	0	0	0	/data/data/cratonvm/apps/spring-boot-suite-runner/.suite/results/craton-fullsuite-azure-20260805-s8/all-jit/logs/module_spring-boot-security-test.org.springframework.boot.security.test.autoconfigure.webmvc.MockMvcSecuri-8f04c02d354e.out.log	/data/data/cratonvm/apps/spring-boot-suite-runner/.suite/results/craton-fullsuite-azure-20260805-s8/all-jit/logs/module_spring-boot-security-test.org.springframework.boot.security.test.autoconfigure.webmvc.MockMvcSecuri-8f04c02d354e.err.log	
6	module/spring-boot-security-test	org.springframework.boot.security.test.autoconfigure.webmvc.SecurityWebMvcTestIntegrationTests	craton	on	0	PASS	15.522	3	0	0	0	0	/data/data/cratonvm/apps/spring-boot-suite-runner/.suite/results/craton-fullsuite-azure-20260805-s8/all-jit/logs/module_spring-boot-security-test.org.springframework.boot.security.test.autoconfigure.webmvc.SecurityWebMv-2cc9de7b520c.out.log	/data/data/cratonvm/apps/spring-boot-suite-runner/.suite/results/craton-fullsuite-azure-20260805-s8/all-jit/logs/module_spring-boot-security-test.org.springframework.boot.security.test.autoconfigure.webmvc.SecurityWebMv-2cc9de7b520c.err.log	
7	module/spring-boot-servlet	org.springframework.boot.servlet.actuate.web.exchanges.HttpExchangesFilterTests	craton	on	0	PASS	1.811	5	0	0	0	0	/data/data/cratonvm/apps/spring-boot-suite-runner/.suite/results/craton-fullsuite-azure-20260805-s8/all-jit/logs/module_spring-boot-servlet.org.springframework.boot.servlet.actuate.web.exchanges.HttpExchangesFilterTests.out.log	/data/data/cratonvm/apps/spring-boot-suite-runner/.suite/results/craton-fullsuite-azure-20260805-s8/all-jit/logs/module_spring-boot-servlet.org.springframework.boot.servlet.actuate.web.exchanges.HttpExchangesFilterTests.err.log	
8	module/spring-boot-sendgrid	org.springframework.boot.sendgrid.autoconfigure.SendGridAutoConfigurationTests	craton	on	0	PASS	2.661	4	0	0	0	0	/data/data/cratonvm/apps/spring-boot-suite-runner/.suite/results/craton-fullsuite-azure-20260805-s8/all-jit/logs/module_spring-boot-sendgrid.org.springframework.boot.sendgrid.autoconfigure.SendGridAutoConfigurationTests.out.log	/data/data/cratonvm/apps/spring-boot-suite-runner/.suite/results/craton-fullsuite-azure-20260805-s8/all-jit/logs/module_spring-boot-sendgrid.org.springframework.boot.sendgrid.autoconfigure.SendGridAutoConfigurationTests.err.log	
9	module/spring-boot-servlet	org.springframework.boot.servlet.actuate.web.mappings.FiltersMappingDescriptionProviderTests	craton	on	0	PASS	0.609	1	0	0	0	0	/data/data/cratonvm/apps/spring-boot-suite-runner/.suite/results/craton-fullsuite-azure-20260805-s8/all-jit/logs/module_spring-boot-servlet.org.springframework.boot.servlet.actuate.web.mappings.FiltersMappingDescriptionProviderTests.out.log	/data/data/cratonvm/apps/spring-boot-suite-runner/.suite/results/craton-fullsuite-azure-20260805-s8/all-jit/logs/module_spring-boot-servlet.org.springframework.boot.servlet.actuate.web.mappings.FiltersMappingDescriptionProviderTests.err.log	
10	module/spring-boot-servlet	org.springframework.boot.servlet.actuate.web.exchanges.RecordableServletHttpRequestTests	craton	on	0	PASS	0.638	4	0	0	0	0	/data/data/cratonvm/apps/spring-boot-suite-runner/.suite/results/craton-fullsuite-azure-20260805-s8/all-jit/logs/module_spring-boot-servlet.org.springframework.boot.servlet.actuate.web.exchanges.RecordableServletHttpRequestTests.out.log	/data/data/cratonvm/apps/spring-boot-suite-runner/.suite/results/craton-fullsuite-azure-20260805-s8/all-jit/logs/module_spring-boot-servlet.org.springframework.boot.servlet.actuate.web.exchanges.RecordableServletHttpRequestTests.err.log	
11	module/spring-boot-servlet	org.springframework.boot.servlet.actuate.web.mappings.ServletsMappingDescriptionProviderTests	craton	on	0	PASS	0.619	1	0	0	0	0	/data/data/cratonvm/apps/spring-boot-suite-runner/.suite/results/craton-fullsuite-azure-20260805-s8/all-jit/logs/module_spring-boot-servlet.org.springframework.boot.servlet.actuate.web.mappings.ServletsMappingDescriptio-b43467648680.out.log	/data/data/cratonvm/apps/spring-boot-suite-runner/.suite/results/craton-fullsuite-azure-20260805-s8/all-jit/logs/module_spring-boot-servlet.org.springframework.boot.servlet.actuate.web.mappings.ServletsMappingDescriptio-b43467648680.err.log	
12	module/spring-boot-servlet	org.springframework.boot.servlet.autoconfigure.actuate.web.exchanges.ServletHttpExchangesAutoConfigurationTests	craton	on	0	PASS	2.234	4	0	0	0	0	/data/data/cratonvm/apps/spring-boot-suite-runner/.suite/results/craton-fullsuite-azure-20260805-s8/all-jit/logs/module_spring-boot-servlet.org.springframework.boot.servlet.autoconfigure.actuate.web.exchanges.ServletHtt-e772cf64eb55.out.log	/data/data/cratonvm/apps/spring-boot-suite-runner/.suite/results/craton-fullsuite-azure-20260805-s8/all-jit/logs/module_spring-boot-servlet.org.springframework.boot.servlet.autoconfigure.actuate.web.exchanges.ServletHtt-e772cf64eb55.err.log	
13	module/spring-boot-servlet	org.springframework.boot.servlet.autoconfigure.actuate.web.mappings.ServletMappingsAutoConfigurationTests	craton	on	0	PASS	1.849	2	0	0	0	0	/data/data/cratonvm/apps/spring-boot-suite-runner/.suite/results/craton-fullsuite-azure-20260805-s8/all-jit/logs/module_spring-boot-servlet.org.springframework.boot.servlet.autoconfigure.actuate.web.mappings.ServletMapp-9a98d416a15a.out.log	/data/data/cratonvm/apps/spring-boot-suite-runner/.suite/results/craton-fullsuite-azure-20260805-s8/all-jit/logs/module_spring-boot-servlet.org.springframework.boot.servlet.autoconfigure.actuate.web.mappings.ServletMapp-9a98d416a15a.err.log	
14	module/spring-boot-servlet	org.springframework.boot.servlet.autoconfigure.actuate.web.ServletManagementChildContextConfigurationTests	craton	on	0	PASS	1.223	1	0	0	0	0	/data/data/cratonvm/apps/spring-boot-suite-runner/.suite/results/craton-fullsuite-azure-20260805-s8/all-jit/logs/module_spring-boot-servlet.org.springframework.boot.servlet.autoconfigure.actuate.web.ServletManagementChi-47a9e3e0d252.out.log	/data/data/cratonvm/apps/spring-boot-suite-runner/.suite/results/craton-fullsuite-azure-20260805-s8/all-jit/logs/module_spring-boot-servlet.org.springframework.boot.servlet.autoconfigure.actuate.web.ServletManagementChi-47a9e3e0d252.err.log	
15	module/spring-boot-servlet	org.springframework.boot.servlet.autoconfigure.HttpEncodingAutoConfigurationTests	craton	on	0	PASS	4.238	9	0	0	0	0	/data/data/cratonvm/apps/spring-boot-suite-runner/.suite/results/craton-fullsuite-azure-20260805-s8/all-jit/logs/module_spring-boot-servlet.org.springframework.boot.servlet.autoconfigure.HttpEncodingAutoConfigurationTests.out.log	/data/data/cratonvm/apps/spring-boot-suite-runner/.suite/results/craton-fullsuite-azure-20260805-s8/all-jit/logs/module_spring-boot-servlet.org.springframework.boot.servlet.autoconfigure.HttpEncodingAutoConfigurationTests.err.log	
16	module/spring-boot-servlet	org.springframework.boot.servlet.autoconfigure.actuate.web.ServletManagementContextAutoConfigurationIntegrationTests	craton	on	0	PASS	19.593	5	0	0	0	0	/data/data/cratonvm/apps/spring-boot-suite-runner/.suite/results/craton-fullsuite-azure-20260805-s8/all-jit/logs/module_spring-boot-servlet.org.springframework.boot.servlet.autoconfigure.actuate.web.ServletManagementCon-74666079edd6.out.log	/data/data/cratonvm/apps/spring-boot-suite-runner/.suite/results/craton-fullsuite-azure-20260805-s8/all-jit/logs/module_spring-boot-servlet.org.springframework.boot.servlet.autoconfigure.actuate.web.ServletManagementCon-74666079edd6.err.log	
17	module/spring-boot-servlet	org.springframework.boot.servlet.filter.OrderedFilterOrderingTests	craton	on	0	PASS	0.604	2	0	0	0	0	/data/data/cratonvm/apps/spring-boot-suite-runner/.suite/results/craton-fullsuite-azure-20260805-s8/all-jit/logs/module_spring-boot-servlet.org.springframework.boot.servlet.filter.OrderedFilterOrderingTests.out.log	/data/data/cratonvm/apps/spring-boot-suite-runner/.suite/results/craton-fullsuite-azure-20260805-s8/all-jit/logs/module_spring-boot-servlet.org.springframework.boot.servlet.filter.OrderedFilterOrderingTests.err.log	
18	module/spring-boot-servlet	org.springframework.boot.servlet.MultipartConfigFactoryTests	craton	on	0	PASS	0.603	3	0	0	0	0	/data/data/cratonvm/apps/spring-boot-suite-runner/.suite/results/craton-fullsuite-azure-20260805-s8/all-jit/logs/module_spring-boot-servlet.org.springframework.boot.servlet.MultipartConfigFactoryTests.out.log	/data/data/cratonvm/apps/spring-boot-suite-runner/.suite/results/craton-fullsuite-azure-20260805-s8/all-jit/logs/module_spring-boot-servlet.org.springframework.boot.servlet.MultipartConfigFactoryTests.err.log	
19	module/spring-boot-session	org.springframework.boot.session.actuate.endpoint.ReactiveSessionsEndpointTests	craton	on	0	PASS	2.416	5	0	0	0	0	/data/data/cratonvm/apps/spring-boot-suite-runner/.suite/results/craton-fullsuite-azure-20260805-s8/all-jit/logs/module_spring-boot-session.org.springframework.boot.session.actuate.endpoint.ReactiveSessionsEndpointTests.out.log	/data/data/cratonvm/apps/spring-boot-suite-runner/.suite/results/craton-fullsuite-azure-20260805-s8/all-jit/logs/module_spring-boot-session.org.springframework.boot.session.actuate.endpoint.ReactiveSessionsEndpointTests.err.log	
20	module/spring-boot-session	org.springframework.boot.session.actuate.endpoint.ReactiveSessionsEndpointWebIntegrationTests	craton	on	0	PASS	21.529	6	0	0	0	0	/data/data/cratonvm/apps/spring-boot-suite-runner/.suite/results/craton-fullsuite-azure-20260805-s8/all-jit/logs/module_spring-boot-session.org.springframework.boot.session.actuate.endpoint.ReactiveSessionsEndpointWebIn-66556db1fa1d.out.log	/data/data/cratonvm/apps/spring-boot-suite-runner/.suite/results/craton-fullsuite-azure-20260805-s8/all-jit/logs/module_spring-boot-session.org.springframework.boot.session.actuate.endpoint.ReactiveSessionsEndpointWebIn-66556db1fa1d.err.log	
21	module/spring-boot-servlet	org.springframework.boot.servlet.autoconfigure.MultipartAutoConfigurationTests	craton	on	0	PASS	40.351	12	0	0	0	0	/data/data/cratonvm/apps/spring-boot-suite-runner/.suite/results/craton-fullsuite-azure-20260805-s8/all-jit/logs/module_spring-boot-servlet.org.springframework.boot.servlet.autoconfigure.MultipartAutoConfigurationTests.out.log	/data/data/cratonvm/apps/spring-boot-suite-runner/.suite/results/craton-fullsuite-azure-20260805-s8/all-jit/logs/module_spring-boot-servlet.org.springframework.boot.servlet.autoconfigure.MultipartAutoConfigurationTests.err.log	
22	module/spring-boot-session	org.springframework.boot.session.actuate.endpoint.SessionsEndpointTests	craton	on	0	PASS	2.430	5	0	0	0	0	/data/data/cratonvm/apps/spring-boot-suite-runner/.suite/results/craton-fullsuite-azure-20260805-s8/all-jit/logs/module_spring-boot-session.org.springframework.boot.session.actuate.endpoint.SessionsEndpointTests.out.log	/data/data/cratonvm/apps/spring-boot-suite-runner/.suite/results/craton-fullsuite-azure-20260805-s8/all-jit/logs/module_spring-boot-session.org.springframework.boot.session.actuate.endpoint.SessionsEndpointTests.err.log	
23	module/spring-boot-session	org.springframework.boot.session.autoconfigure.SessionAutoConfigurationEarlyInitializationIntegrationTests	craton	on	0	PASS	3.824	1	0	0	0	0	/data/data/cratonvm/apps/spring-boot-suite-runner/.suite/results/craton-fullsuite-azure-20260805-s8/all-jit/logs/module_spring-boot-session.org.springframework.boot.session.autoconfigure.SessionAutoConfigurationEarlyIni-f4db24bfff8d.out.log	/data/data/cratonvm/apps/spring-boot-suite-runner/.suite/results/craton-fullsuite-azure-20260805-s8/all-jit/logs/module_spring-boot-session.org.springframework.boot.session.autoconfigure.SessionAutoConfigurationEarlyIni-f4db24bfff8d.err.log	
24	module/spring-boot-session	org.springframework.boot.session.autoconfigure.SessionAutoConfigurationTests	craton	on	0	PASS	18.306	15	0	0	0	0	/data/data/cratonvm/apps/spring-boot-suite-runner/.suite/results/craton-fullsuite-azure-20260805-s8/all-jit/logs/module_spring-boot-session.org.springframework.boot.session.autoconfigure.SessionAutoConfigurationTests.out.log	/data/data/cratonvm/apps/spring-boot-suite-runner/.suite/results/craton-fullsuite-azure-20260805-s8/all-jit/logs/module_spring-boot-session.org.springframework.boot.session.autoconfigure.SessionAutoConfigurationTests.err.log	
25	module/spring-boot-session	org.springframework.boot.session.autoconfigure.SessionAutoConfigurationWithoutSecurityTests	craton	on	0	PASS	3.620	1	0	0	0	0	/data/data/cratonvm/apps/spring-boot-suite-runner/.suite/results/craton-fullsuite-azure-20260805-s8/all-jit/logs/module_spring-boot-session.org.springframework.boot.session.autoconfigure.SessionAutoConfigurationWithoutSecurityTests.out.log	/data/data/cratonvm/apps/spring-boot-suite-runner/.suite/results/craton-fullsuite-azure-20260805-s8/all-jit/logs/module_spring-boot-session.org.springframework.boot.session.autoconfigure.SessionAutoConfigurationWithoutSecurityTests.err.log	
26	module/spring-boot-session	org.springframework.boot.session.autoconfigure.SessionPropertiesTests	craton	on	0	PASS	1.612	3	0	0	0	0	/data/data/cratonvm/apps/spring-boot-suite-runner/.suite/results/craton-fullsuite-azure-20260805-s8/all-jit/logs/module_spring-boot-session.org.springframework.boot.session.autoconfigure.SessionPropertiesTests.out.log	/data/data/cratonvm/apps/spring-boot-suite-runner/.suite/results/craton-fullsuite-azure-20260805-s8/all-jit/logs/module_spring-boot-session.org.springframework.boot.session.autoconfigure.SessionPropertiesTests.err.log	
27	module/spring-boot-session	org.springframework.boot.session.autoconfigure.SessionsEndpointAutoConfigurationTests	craton	on	0	PASS	6.433	8	0	0	0	0	/data/data/cratonvm/apps/spring-boot-suite-runner/.suite/results/craton-fullsuite-azure-20260805-s8/all-jit/logs/module_spring-boot-session.org.springframework.boot.session.autoconfigure.SessionsEndpointAutoConfigurationTests.out.log	/data/data/cratonvm/apps/spring-boot-suite-runner/.suite/results/craton-fullsuite-azure-20260805-s8/all-jit/logs/module_spring-boot-session.org.springframework.boot.session.autoconfigure.SessionsEndpointAutoConfigurationTests.err.log	
28	module/spring-boot-session	org.springframework.boot.session.actuate.endpoint.SessionsEndpointWebIntegrationTests	craton	on	0	PASS	45.387	10	0	0	0	0	/data/data/cratonvm/apps/spring-boot-suite-runner/.suite/results/craton-fullsuite-azure-20260805-s8/all-jit/logs/module_spring-boot-session.org.springframework.boot.session.actuate.endpoint.SessionsEndpointWebIntegrationTests.out.log	/data/data/cratonvm/apps/spring-boot-suite-runner/.suite/results/craton-fullsuite-azure-20260805-s8/all-jit/logs/module_spring-boot-session.org.springframework.boot.session.actuate.endpoint.SessionsEndpointWebIntegrationTests.err.log	
29	module/spring-boot-session-jdbc	org.springframework.boot.session.jdbc.autoconfigure.JdbcSessionDataSourceScriptDatabaseInitializerTests	craton	on	0	PASS	2.013	1	0	0	0	0	/data/data/cratonvm/apps/spring-boot-suite-runner/.suite/results/craton-fullsuite-azure-20260805-s8/all-jit/logs/module_spring-boot-session-jdbc.org.springframework.boot.session.jdbc.autoconfigure.JdbcSessionDataSourceS-6958238aee60.out.log	/data/data/cratonvm/apps/spring-boot-suite-runner/.suite/results/craton-fullsuite-azure-20260805-s8/all-jit/logs/module_spring-boot-session-jdbc.org.springframework.boot.session.jdbc.autoconfigure.JdbcSessionDataSourceS-6958238aee60.err.log	
30	module/spring-boot-sql	org.springframework.boot.sql.autoconfigure.init.OnDatabaseInitializationConditionTests	craton	on	0	PASS	2.820	8	0	0	0	0	/data/data/cratonvm/apps/spring-boot-suite-runner/.suite/results/craton-fullsuite-azure-20260805-s8/all-jit/logs/module_spring-boot-sql.org.springframework.boot.sql.autoconfigure.init.OnDatabaseInitializationConditionTests.out.log	/data/data/cratonvm/apps/spring-boot-suite-runner/.suite/results/craton-fullsuite-azure-20260805-s8/all-jit/logs/module_spring-boot-sql.org.springframework.boot.sql.autoconfigure.init.OnDatabaseInitializationConditionTests.err.log	
31	module/spring-boot-sql	org.springframework.boot.sql.autoconfigure.init.SqlInitializationScriptsRuntimeHintsTests	craton	on	0	PASS	0.604	2	0	0	0	0	/data/data/cratonvm/apps/spring-boot-suite-runner/.suite/results/craton-fullsuite-azure-20260805-s8/all-jit/logs/module_spring-boot-sql.org.springframework.boot.sql.autoconfigure.init.SqlInitializationScriptsRuntimeHintsTests.out.log	/data/data/cratonvm/apps/spring-boot-suite-runner/.suite/results/craton-fullsuite-azure-20260805-s8/all-jit/logs/module_spring-boot-sql.org.springframework.boot.sql.autoconfigure.init.SqlInitializationScriptsRuntimeHintsTests.err.log	
32	module/spring-boot-sql	org.springframework.boot.sql.init.dependency.DatabaseInitializationDependencyConfigurerTests	craton	on	0	PASS	2.821	5	0	0	0	0	/data/data/cratonvm/apps/spring-boot-suite-runner/.suite/results/craton-fullsuite-azure-20260805-s8/all-jit/logs/module_spring-boot-sql.org.springframework.boot.sql.init.dependency.DatabaseInitializationDependencyConfigurerTests.out.log	/data/data/cratonvm/apps/spring-boot-suite-runner/.suite/results/craton-fullsuite-azure-20260805-s8/all-jit/logs/module_spring-boot-sql.org.springframework.boot.sql.init.dependency.DatabaseInitializationDependencyConfigurerTests.err.log	
33	module/spring-boot-session-jdbc	org.springframework.boot.session.jdbc.autoconfigure.JdbcSessionAutoConfigurationTests	craton	on	0	PASS	61.961	16	0	0	0	0	/data/data/cratonvm/apps/spring-boot-suite-runner/.suite/results/craton-fullsuite-azure-20260805-s8/all-jit/logs/module_spring-boot-session-jdbc.org.springframework.boot.session.jdbc.autoconfigure.JdbcSessionAutoConfigurationTests.out.log	/data/data/cratonvm/apps/spring-boot-suite-runner/.suite/results/craton-fullsuite-azure-20260805-s8/all-jit/logs/module_spring-boot-session-jdbc.org.springframework.boot.session.jdbc.autoconfigure.JdbcSessionAutoConfigurationTests.err.log	
34	module/spring-boot-thymeleaf	org.springframework.boot.thymeleaf.autoconfigure.ThymeleafReactiveAutoConfigurationTests	craton	on	0	PASS	50.180	21	0	0	0	0	/data/data/cratonvm/apps/spring-boot-suite-runner/.suite/results/craton-fullsuite-azure-20260805-s8/all-jit/logs/module_spring-boot-thymeleaf.org.springframework.boot.thymeleaf.autoconfigure.ThymeleafReactiveAutoConfigurationTests.out.log	/data/data/cratonvm/apps/spring-boot-suite-runner/.suite/results/craton-fullsuite-azure-20260805-s8/all-jit/logs/module_spring-boot-thymeleaf.org.springframework.boot.thymeleaf.autoconfigure.ThymeleafReactiveAutoConfigurationTests.err.log	
35	module/spring-boot-thymeleaf	org.springframework.boot.thymeleaf.autoconfigure.ThymeleafTemplateAvailabilityProviderTests	craton	on	0	PASS	1.005	4	0	0	0	0	/data/data/cratonvm/apps/spring-boot-suite-runner/.suite/results/craton-fullsuite-azure-20260805-s8/all-jit/logs/module_spring-boot-thymeleaf.org.springframework.boot.thymeleaf.autoconfigure.ThymeleafTemplateAvailabilit-b7035ac94f3a.out.log	/data/data/cratonvm/apps/spring-boot-suite-runner/.suite/results/craton-fullsuite-azure-20260805-s8/all-jit/logs/module_spring-boot-thymeleaf.org.springframework.boot.thymeleaf.autoconfigure.ThymeleafTemplateAvailabilit-b7035ac94f3a.err.log	
36	module/spring-boot-thymeleaf	org.springframework.boot.thymeleaf.autoconfigure.ThymeleafWebMvcTestIntegrationTests	craton	on	0	PASS	11.483	1	0	0	0	0	/data/data/cratonvm/apps/spring-boot-suite-runner/.suite/results/craton-fullsuite-azure-20260805-s8/all-jit/logs/module_spring-boot-thymeleaf.org.springframework.boot.thymeleaf.autoconfigure.ThymeleafWebMvcTestIntegrationTests.out.log	/data/data/cratonvm/apps/spring-boot-suite-runner/.suite/results/craton-fullsuite-azure-20260805-s8/all-jit/logs/module_spring-boot-thymeleaf.org.springframework.boot.thymeleaf.autoconfigure.ThymeleafWebMvcTestIntegrationTests.err.log	
37	module/spring-boot-thymeleaf	org.springframework.boot.thymeleaf.autoconfigure.webfluxtest.ThymeleafWebFluxTestIntegrationTests	craton	on	0	PASS	9.264	2	0	0	0	0	/data/data/cratonvm/apps/spring-boot-suite-runner/.suite/results/craton-fullsuite-azure-20260805-s8/all-jit/logs/module_spring-boot-thymeleaf.org.springframework.boot.thymeleaf.autoconfigure.webfluxtest.ThymeleafWebFlux-7c4837eb3af6.out.log	/data/data/cratonvm/apps/spring-boot-suite-runner/.suite/results/craton-fullsuite-azure-20260805-s8/all-jit/logs/module_spring-boot-thymeleaf.org.springframework.boot.thymeleaf.autoconfigure.webfluxtest.ThymeleafWebFlux-7c4837eb3af6.err.log	
38	module/spring-boot-thymeleaf	org.springframework.boot.thymeleaf.autoconfigure.webmvctest.ThymeleafWebMvcTestIntegrationTests	craton	on	0	PASS	12.097	2	0	0	0	0	/data/data/cratonvm/apps/spring-boot-suite-runner/.suite/results/craton-fullsuite-azure-20260805-s8/all-jit/logs/module_spring-boot-thymeleaf.org.springframework.boot.thymeleaf.autoconfigure.webmvctest.ThymeleafWebMvcTe-77e7c2938d28.out.log	/data/data/cratonvm/apps/spring-boot-suite-runner/.suite/results/craton-fullsuite-azure-20260805-s8/all-jit/logs/module_spring-boot-thymeleaf.org.springframework.boot.thymeleaf.autoconfigure.webmvctest.ThymeleafWebMvcTe-77e7c2938d28.err.log	
39	module/spring-boot-tomcat	org.springframework.boot.tomcat.autoconfigure.actuate.web.server.TomcatManagementServerPropertiesTests	craton	on	0	PASS	0.604	1	0	0	0	0	/data/data/cratonvm/apps/spring-boot-suite-runner/.suite/results/craton-fullsuite-azure-20260805-s8/all-jit/logs/module_spring-boot-tomcat.org.springframework.boot.tomcat.autoconfigure.actuate.web.server.TomcatManagemen-1a0c8c6297fa.out.log	/data/data/cratonvm/apps/spring-boot-suite-runner/.suite/results/craton-fullsuite-azure-20260805-s8/all-jit/logs/module_spring-boot-tomcat.org.springframework.boot.tomcat.autoconfigure.actuate.web.server.TomcatManagemen-1a0c8c6297fa.err.log	
40	module/spring-boot-tomcat	org.springframework.boot.tomcat.autoconfigure.AutoConfigureWebServerTomcatReactiveTests	craton	on	0	PASS	7.654	1	0	0	0	0	/data/data/cratonvm/apps/spring-boot-suite-runner/.suite/results/craton-fullsuite-azure-20260805-s8/all-jit/logs/module_spring-boot-tomcat.org.springframework.boot.tomcat.autoconfigure.AutoConfigureWebServerTomcatReactiveTests.out.log	/data/data/cratonvm/apps/spring-boot-suite-runner/.suite/results/craton-fullsuite-azure-20260805-s8/all-jit/logs/module_spring-boot-tomcat.org.springframework.boot.tomcat.autoconfigure.AutoConfigureWebServerTomcatReactiveTests.err.log	
41	module/spring-boot-tomcat	org.springframework.boot.tomcat.autoconfigure.AutoConfigureWebServerTomcatServletTests	craton	on	0	PASS	9.458	1	0	0	0	0	/data/data/cratonvm/apps/spring-boot-suite-runner/.suite/results/craton-fullsuite-azure-20260805-s8/all-jit/logs/module_spring-boot-tomcat.org.springframework.boot.tomcat.autoconfigure.AutoConfigureWebServerTomcatServletTests.out.log	/data/data/cratonvm/apps/spring-boot-suite-runner/.suite/results/craton-fullsuite-azure-20260805-s8/all-jit/logs/module_spring-boot-tomcat.org.springframework.boot.tomcat.autoconfigure.AutoConfigureWebServerTomcatServletTests.err.log	
42	module/spring-boot-thymeleaf	org.springframework.boot.thymeleaf.autoconfigure.ThymeleafServletAutoConfigurationTests	craton	on	0	PASS	63.059	27	0	0	0	0	/data/data/cratonvm/apps/spring-boot-suite-runner/.suite/results/craton-fullsuite-azure-20260805-s8/all-jit/logs/module_spring-boot-thymeleaf.org.springframework.boot.thymeleaf.autoconfigure.ThymeleafServletAutoConfigurationTests.out.log	/data/data/cratonvm/apps/spring-boot-suite-runner/.suite/results/craton-fullsuite-azure-20260805-s8/all-jit/logs/module_spring-boot-thymeleaf.org.springframework.boot.thymeleaf.autoconfigure.ThymeleafServletAutoConfigurationTests.err.log	
43	module/spring-boot-tomcat	org.springframework.boot.tomcat.autoconfigure.metrics.TomcatMetricsAutoConfigurationTests	craton	on	0	PASS	18.169	5	0	0	0	0	/data/data/cratonvm/apps/spring-boot-suite-runner/.suite/results/craton-fullsuite-azure-20260805-s8/all-jit/logs/module_spring-boot-tomcat.org.springframework.boot.tomcat.autoconfigure.metrics.TomcatMetricsAutoConfigurationTests.out.log	/data/data/cratonvm/apps/spring-boot-suite-runner/.suite/results/craton-fullsuite-azure-20260805-s8/all-jit/logs/module_spring-boot-tomcat.org.springframework.boot.tomcat.autoconfigure.metrics.TomcatMetricsAutoConfigurationTests.err.log	
44	module/spring-boot-tomcat	org.springframework.boot.tomcat.autoconfigure.reactive.TomcatReactiveWebServerAutoConfigurationTests	craton	on	0	PASS	22.983	15	0	0	0	0	/data/data/cratonvm/apps/spring-boot-suite-runner/.suite/results/craton-fullsuite-azure-20260805-s8/all-jit/logs/module_spring-boot-tomcat.org.springframework.boot.tomcat.autoconfigure.reactive.TomcatReactiveWebServerAu-c4defaa10ec6.out.log	/data/data/cratonvm/apps/spring-boot-suite-runner/.suite/results/craton-fullsuite-azure-20260805-s8/all-jit/logs/module_spring-boot-tomcat.org.springframework.boot.tomcat.autoconfigure.reactive.TomcatReactiveWebServerAu-c4defaa10ec6.err.log	
45	module/spring-boot-tomcat	org.springframework.boot.tomcat.autoconfigure.servlet.TomcatServletWebServerFactoryCustomizerTests	craton	on	0	PASS	5.245	4	0	0	0	0	/data/data/cratonvm/apps/spring-boot-suite-runner/.suite/results/craton-fullsuite-azure-20260805-s8/all-jit/logs/module_spring-boot-tomcat.org.springframework.boot.tomcat.autoconfigure.servlet.TomcatServletWebServerFact-4cac72312e97.out.log	/data/data/cratonvm/apps/spring-boot-suite-runner/.suite/results/craton-fullsuite-azure-20260805-s8/all-jit/logs/module_spring-boot-tomcat.org.springframework.boot.tomcat.autoconfigure.servlet.TomcatServletWebServerFact-4cac72312e97.err.log	
46	module/spring-boot-tomcat	org.springframework.boot.tomcat.autoconfigure.TomcatServerPropertiesTests	craton	on	0	PASS	2.218	28	0	0	0	0	/data/data/cratonvm/apps/spring-boot-suite-runner/.suite/results/craton-fullsuite-azure-20260805-s8/all-jit/logs/module_spring-boot-tomcat.org.springframework.boot.tomcat.autoconfigure.TomcatServerPropertiesTests.out.log	/data/data/cratonvm/apps/spring-boot-suite-runner/.suite/results/craton-fullsuite-azure-20260805-s8/all-jit/logs/module_spring-boot-tomcat.org.springframework.boot.tomcat.autoconfigure.TomcatServerPropertiesTests.err.log	
47	module/spring-boot-tomcat	org.springframework.boot.tomcat.autoconfigure.TomcatVirtualThreadsWebServerFactoryCustomizerTests	craton	on	0	PASS	3.224	1	0	0	0	0	/data/data/cratonvm/apps/spring-boot-suite-runner/.suite/results/craton-fullsuite-azure-20260805-s8/all-jit/logs/module_spring-boot-tomcat.org.springframework.boot.tomcat.autoconfigure.TomcatVirtualThreadsWebServerFacto-e6a7007301b7.out.log	/data/data/cratonvm/apps/spring-boot-suite-runner/.suite/results/craton-fullsuite-azure-20260805-s8/all-jit/logs/module_spring-boot-tomcat.org.springframework.boot.tomcat.autoconfigure.TomcatVirtualThreadsWebServerFacto-e6a7007301b7.err.log	
48	module/spring-boot-tomcat	org.springframework.boot.tomcat.autoconfigure.servlet.TomcatServletWebServerAutoConfigurationTests	craton	on	1	FAIL	36.378	18	8	0	0	0	/data/data/cratonvm/apps/spring-boot-suite-runner/.suite/results/craton-fullsuite-azure-20260805-s8/all-jit/logs/module_spring-boot-tomcat.org.springframework.boot.tomcat.autoconfigure.servlet.TomcatServletWebServerAuto-63e2ed758b7b.out.log	/data/data/cratonvm/apps/spring-boot-suite-runner/.suite/results/craton-fullsuite-azure-20260805-s8/all-jit/logs/module_spring-boot-tomcat.org.springframework.boot.tomcat.autoconfigure.servlet.TomcatServletWebServerAuto-63e2ed758b7b.err.log	11:41:33.430 [main] WARN org.springframework.boot.web.server.servlet.context.AnnotationConfigServletWebServerApplicationContext -- Exception encountered during context initializati | hotspot-baseline: PASS 0/18
49	module/spring-boot-tomcat	org.springframework.boot.tomcat.CompressionConnectorCustomizerTests	craton	on	0	PASS	0.609	1	0	0	0	0	/data/data/cratonvm/apps/spring-boot-suite-runner/.suite/results/craton-fullsuite-azure-20260805-s8/all-jit/logs/module_spring-boot-tomcat.org.springframework.boot.tomcat.CompressionConnectorCustomizerTests.out.log	/data/data/cratonvm/apps/spring-boot-suite-runner/.suite/results/craton-fullsuite-azure-20260805-s8/all-jit/logs/module_spring-boot-tomcat.org.springframework.boot.tomcat.CompressionConnectorCustomizerTests.err.log	
50	module/spring-boot-tomcat	org.springframework.boot.tomcat.metrics.TomcatMetricsBinderTests	craton	on	0	PASS	5.438	1	0	0	0	0	/data/data/cratonvm/apps/spring-boot-suite-runner/.suite/results/craton-fullsuite-azure-20260805-s8/all-jit/logs/module_spring-boot-tomcat.org.springframework.boot.tomcat.metrics.TomcatMetricsBinderTests.out.log	/data/data/cratonvm/apps/spring-boot-suite-runner/.suite/results/craton-fullsuite-azure-20260805-s8/all-jit/logs/module_spring-boot-tomcat.org.springframework.boot.tomcat.metrics.TomcatMetricsBinderTests.err.log	
51	module/spring-boot-tomcat	org.springframework.boot.tomcat.reactive.TomcatReactiveWebServerFactoryTests	craton	on	1	FAIL	48.798	46	1	0	0	0	/data/data/cratonvm/apps/spring-boot-suite-runner/.suite/results/craton-fullsuite-azure-20260805-s8/all-jit/logs/module_spring-boot-tomcat.org.springframework.boot.tomcat.reactive.TomcatReactiveWebServerFactoryTests.out.log	/data/data/cratonvm/apps/spring-boot-suite-runner/.suite/results/craton-fullsuite-azure-20260805-s8/all-jit/logs/module_spring-boot-tomcat.org.springframework.boot.tomcat.reactive.TomcatReactiveWebServerFactoryTests.err.log	11:42:16.742 [reactor-http-nio-2] WARN reactor.netty.http.client.HttpClientConnect -- [f1026ee3-1] The connection observed an error | hotspot-baseline: PASS 0/46
52	module/spring-boot-tomcat	org.springframework.boot.tomcat.servlet.TldPatternsTests	craton	on	0	PASS	0.807	2	0	0	0	0	/data/data/cratonvm/apps/spring-boot-suite-runner/.suite/results/craton-fullsuite-azure-20260805-s8/all-jit/logs/module_spring-boot-tomcat.org.springframework.boot.tomcat.servlet.TldPatternsTests.out.log	/data/data/cratonvm/apps/spring-boot-suite-runner/.suite/results/craton-fullsuite-azure-20260805-s8/all-jit/logs/module_spring-boot-tomcat.org.springframework.boot.tomcat.servlet.TldPatternsTests.err.log	
53	module/spring-boot-tomcat	org.springframework.boot.tomcat.autoconfigure.TomcatWebServerFactoryCustomizerTests	craton	on	0	PASS	79.982	66	0	0	0	0	/data/data/cratonvm/apps/spring-boot-suite-runner/.suite/results/craton-fullsuite-azure-20260805-s8/all-jit/logs/module_spring-boot-tomcat.org.springframework.boot.tomcat.autoconfigure.TomcatWebServerFactoryCustomizerTests.out.log	/data/data/cratonvm/apps/spring-boot-suite-runner/.suite/results/craton-fullsuite-azure-20260805-s8/all-jit/logs/module_spring-boot-tomcat.org.springframework.boot.tomcat.autoconfigure.TomcatWebServerFactoryCustomizerTests.err.log	
54	module/spring-boot-tomcat	org.springframework.boot.tomcat.servlet.TomcatServletWebServerMvcIntegrationTests	craton	on	0	PASS	8.255	2	0	0	0	0	/data/data/cratonvm/apps/spring-boot-suite-runner/.suite/results/craton-fullsuite-azure-20260805-s8/all-jit/logs/module_spring-boot-tomcat.org.springframework.boot.tomcat.servlet.TomcatServletWebServerMvcIntegrationTests.out.log	/data/data/cratonvm/apps/spring-boot-suite-runner/.suite/results/craton-fullsuite-azure-20260805-s8/all-jit/logs/module_spring-boot-tomcat.org.springframework.boot.tomcat.servlet.TomcatServletWebServerMvcIntegrationTests.err.log	
55	module/spring-boot-tomcat	org.springframework.boot.tomcat.servlet.TomcatServletWebServerServletContextListenerTests	craton	on	0	PASS	43.382	2	0	0	0	0	/data/data/cratonvm/apps/spring-boot-suite-runner/.suite/results/craton-fullsuite-azure-20260805-s8/all-jit/logs/module_spring-boot-tomcat.org.springframework.boot.tomcat.servlet.TomcatServletWebServerServletContextListenerTests.out.log	/data/data/cratonvm/apps/spring-boot-suite-runner/.suite/results/craton-fullsuite-azure-20260805-s8/all-jit/logs/module_spring-boot-tomcat.org.springframework.boot.tomcat.servlet.TomcatServletWebServerServletContextListenerTests.err.log	
56	module/spring-boot-tomcat	org.springframework.boot.tomcat.SslConnectorCustomizerTests	craton	on	0	PASS	5.436	8	0	0	0	0	/data/data/cratonvm/apps/spring-boot-suite-runner/.suite/results/craton-fullsuite-azure-20260805-s8/all-jit/logs/module_spring-boot-tomcat.org.springframework.boot.tomcat.SslConnectorCustomizerTests.out.log	/data/data/cratonvm/apps/spring-boot-suite-runner/.suite/results/craton-fullsuite-azure-20260805-s8/all-jit/logs/module_spring-boot-tomcat.org.springframework.boot.tomcat.SslConnectorCustomizerTests.err.log	
57	module/spring-boot-tomcat	org.springframework.boot.tomcat.TomcatEmbeddedWebappClassLoaderTests	craton	on	0	PASS	1.209	2	0	0	0	0	/data/data/cratonvm/apps/spring-boot-suite-runner/.suite/results/craton-fullsuite-azure-20260805-s8/all-jit/logs/module_spring-boot-tomcat.org.springframework.boot.tomcat.TomcatEmbeddedWebappClassLoaderTests.out.log	/data/data/cratonvm/apps/spring-boot-suite-runner/.suite/results/craton-fullsuite-azure-20260805-s8/all-jit/logs/module_spring-boot-tomcat.org.springframework.boot.tomcat.TomcatEmbeddedWebappClassLoaderTests.err.log	
58	module/spring-boot-transaction	org.springframework.boot.transaction.autoconfigure.ExecutionListenersTransactionManagerCustomizerTests	craton	on	0	PASS	2.211	1	0	0	0	0	/data/data/cratonvm/apps/spring-boot-suite-runner/.suite/results/craton-fullsuite-azure-20260805-s8/all-jit/logs/module_spring-boot-transaction.org.springframework.boot.transaction.autoconfigure.ExecutionListenersTransa-35fed65fb1c6.out.log	/data/data/cratonvm/apps/spring-boot-suite-runner/.suite/results/craton-fullsuite-azure-20260805-s8/all-jit/logs/module_spring-boot-transaction.org.springframework.boot.transaction.autoconfigure.ExecutionListenersTransa-35fed65fb1c6.err.log	
59	module/spring-boot-transaction	org.springframework.boot.transaction.autoconfigure.TransactionAutoConfigurationTests	craton	on	0	PASS	15.092	13	0	0	0	0	/data/data/cratonvm/apps/spring-boot-suite-runner/.suite/results/craton-fullsuite-azure-20260805-s8/all-jit/logs/module_spring-boot-transaction.org.springframework.boot.transaction.autoconfigure.TransactionAutoConfigurationTests.out.log	/data/data/cratonvm/apps/spring-boot-suite-runner/.suite/results/craton-fullsuite-azure-20260805-s8/all-jit/logs/module_spring-boot-transaction.org.springframework.boot.transaction.autoconfigure.TransactionAutoConfigurationTests.err.log	
60	module/spring-boot-transaction	org.springframework.boot.transaction.autoconfigure.TransactionManagerCustomizationAutoConfigurationTests	craton	on	0	PASS	1.808	2	0	0	0	0	/data/data/cratonvm/apps/spring-boot-suite-runner/.suite/results/craton-fullsuite-azure-20260805-s8/all-jit/logs/module_spring-boot-transaction.org.springframework.boot.transaction.autoconfigure.TransactionManagerCustom-5ce0052a947b.out.log	/data/data/cratonvm/apps/spring-boot-suite-runner/.suite/results/craton-fullsuite-azure-20260805-s8/all-jit/logs/module_spring-boot-transaction.org.springframework.boot.transaction.autoconfigure.TransactionManagerCustom-5ce0052a947b.err.log	
61	module/spring-boot-transaction	org.springframework.boot.transaction.autoconfigure.TransactionManagerCustomizersTests	craton	on	0	PASS	6.848	2	0	0	0	0	/data/data/cratonvm/apps/spring-boot-suite-runner/.suite/results/craton-fullsuite-azure-20260805-s8/all-jit/logs/module_spring-boot-transaction.org.springframework.boot.transaction.autoconfigure.TransactionManagerCustomizersTests.out.log	/data/data/cratonvm/apps/spring-boot-suite-runner/.suite/results/craton-fullsuite-azure-20260805-s8/all-jit/logs/module_spring-boot-transaction.org.springframework.boot.transaction.autoconfigure.TransactionManagerCustomizersTests.err.log	
62	module/spring-boot-transaction	org.springframework.boot.transaction.jta.autoconfigure.JtaAutoConfigurationTests	craton	on	0	PASS	9.659	6	0	0	0	0	/data/data/cratonvm/apps/spring-boot-suite-runner/.suite/results/craton-fullsuite-azure-20260805-s8/all-jit/logs/module_spring-boot-transaction.org.springframework.boot.transaction.jta.autoconfigure.JtaAutoConfigurationTests.out.log	/data/data/cratonvm/apps/spring-boot-suite-runner/.suite/results/craton-fullsuite-azure-20260805-s8/all-jit/logs/module_spring-boot-transaction.org.springframework.boot.transaction.jta.autoconfigure.JtaAutoConfigurationTests.err.log	
63	module/spring-boot-validation	org.springframework.boot.validation.autoconfigure.ValidationAutoConfigurationTests	craton	on	0	PASS	11.670	18	0	0	0	0	/data/data/cratonvm/apps/spring-boot-suite-runner/.suite/results/craton-fullsuite-azure-20260805-s8/all-jit/logs/module_spring-boot-validation.org.springframework.boot.validation.autoconfigure.ValidationAutoConfigurationTests.out.log	/data/data/cratonvm/apps/spring-boot-suite-runner/.suite/results/craton-fullsuite-azure-20260805-s8/all-jit/logs/module_spring-boot-validation.org.springframework.boot.validation.autoconfigure.ValidationAutoConfigurationTests.err.log	
64	module/spring-boot-validation	org.springframework.boot.validation.autoconfigure.ValidationAutoConfigurationWithHibernateValidatorMissingElImplTests	craton	on	0	PASS	2.618	1	0	0	0	0	/data/data/cratonvm/apps/spring-boot-suite-runner/.suite/results/craton-fullsuite-azure-20260805-s8/all-jit/logs/module_spring-boot-validation.org.springframework.boot.validation.autoconfigure.ValidationAutoConfiguratio-e202b3d6114c.out.log	/data/data/cratonvm/apps/spring-boot-suite-runner/.suite/results/craton-fullsuite-azure-20260805-s8/all-jit/logs/module_spring-boot-validation.org.springframework.boot.validation.autoconfigure.ValidationAutoConfiguratio-e202b3d6114c.err.log	
65	module/spring-boot-validation	org.springframework.boot.validation.autoconfigure.ValidationAutoConfigurationWithoutValidatorTests	craton	on	0	PASS	1.611	1	0	0	0	0	/data/data/cratonvm/apps/spring-boot-suite-runner/.suite/results/craton-fullsuite-azure-20260805-s8/all-jit/logs/module_spring-boot-validation.org.springframework.boot.validation.autoconfigure.ValidationAutoConfiguratio-b928293bdb61.out.log	/data/data/cratonvm/apps/spring-boot-suite-runner/.suite/results/craton-fullsuite-azure-20260805-s8/all-jit/logs/module_spring-boot-validation.org.springframework.boot.validation.autoconfigure.ValidationAutoConfiguratio-b928293bdb61.err.log	
66	module/spring-boot-validation	org.springframework.boot.validation.autoconfigure.ValidatorAdapterTests	craton	on	0	PASS	6.846	7	0	0	0	0	/data/data/cratonvm/apps/spring-boot-suite-runner/.suite/results/craton-fullsuite-azure-20260805-s8/all-jit/logs/module_spring-boot-validation.org.springframework.boot.validation.autoconfigure.ValidatorAdapterTests.out.log	/data/data/cratonvm/apps/spring-boot-suite-runner/.suite/results/craton-fullsuite-azure-20260805-s8/all-jit/logs/module_spring-boot-validation.org.springframework.boot.validation.autoconfigure.ValidatorAdapterTests.err.log	
67	module/spring-boot-web-server	org.springframework.boot.web.server.AbstractConfigurableWebServerFactoryTests	craton	on	0	PASS	0.806	1	0	0	0	0	/data/data/cratonvm/apps/spring-boot-suite-runner/.suite/results/craton-fullsuite-azure-20260805-s8/all-jit/logs/module_spring-boot-web-server.org.springframework.boot.web.server.AbstractConfigurableWebServerFactoryTests.out.log	/data/data/cratonvm/apps/spring-boot-suite-runner/.suite/results/craton-fullsuite-azure-20260805-s8/all-jit/logs/module_spring-boot-web-server.org.springframework.boot.web.server.AbstractConfigurableWebServerFactoryTests.err.log	
68	module/spring-boot-web-server	org.springframework.boot.web.server.autoconfigure.reactive.ReactiveWebServerFactoryCustomizerTests	craton	on	0	PASS	4.427	4	0	0	0	0	/data/data/cratonvm/apps/spring-boot-suite-runner/.suite/results/craton-fullsuite-azure-20260805-s8/all-jit/logs/module_spring-boot-web-server.org.springframework.boot.web.server.autoconfigure.reactive.ReactiveWebServer-5c26788687bc.out.log	/data/data/cratonvm/apps/spring-boot-suite-runner/.suite/results/craton-fullsuite-azure-20260805-s8/all-jit/logs/module_spring-boot-web-server.org.springframework.boot.web.server.autoconfigure.reactive.ReactiveWebServer-5c26788687bc.err.log	
69	module/spring-boot-web-server	org.springframework.boot.web.server.autoconfigure.ServerPropertiesTests	craton	on	0	PASS	1.612	16	0	0	0	0	/data/data/cratonvm/apps/spring-boot-suite-runner/.suite/results/craton-fullsuite-azure-20260805-s8/all-jit/logs/module_spring-boot-web-server.org.springframework.boot.web.server.autoconfigure.ServerPropertiesTests.out.log	/data/data/cratonvm/apps/spring-boot-suite-runner/.suite/results/craton-fullsuite-azure-20260805-s8/all-jit/logs/module_spring-boot-web-server.org.springframework.boot.web.server.autoconfigure.ServerPropertiesTests.err.log	
70	module/spring-boot-web-server	org.springframework.boot.web.server.autoconfigure.servlet.ServletWebServerFactoryCustomizerTests	craton	on	0	PASS	6.446	14	0	0	0	0	/data/data/cratonvm/apps/spring-boot-suite-runner/.suite/results/craton-fullsuite-azure-20260805-s8/all-jit/logs/module_spring-boot-web-server.org.springframework.boot.web.server.autoconfigure.servlet.ServletWebServerFa-3fc396dec04e.out.log	/data/data/cratonvm/apps/spring-boot-suite-runner/.suite/results/craton-fullsuite-azure-20260805-s8/all-jit/logs/module_spring-boot-web-server.org.springframework.boot.web.server.autoconfigure.servlet.ServletWebServerFa-3fc396dec04e.err.log	
71	module/spring-boot-web-server	org.springframework.boot.web.server.CompressionTests	craton	on	0	PASS	0.604	1	0	0	0	0	/data/data/cratonvm/apps/spring-boot-suite-runner/.suite/results/craton-fullsuite-azure-20260805-s8/all-jit/logs/module_spring-boot-web-server.org.springframework.boot.web.server.CompressionTests.out.log	/data/data/cratonvm/apps/spring-boot-suite-runner/.suite/results/craton-fullsuite-azure-20260805-s8/all-jit/logs/module_spring-boot-web-server.org.springframework.boot.web.server.CompressionTests.err.log	
72	module/spring-boot-web-server	org.springframework.boot.web.server.context.MissingWebServerFactoryBeanFailureAnalyzerTests	craton	on	0	PASS	0.809	2	0	0	0	0	/data/data/cratonvm/apps/spring-boot-suite-runner/.suite/results/craton-fullsuite-azure-20260805-s8/all-jit/logs/module_spring-boot-web-server.org.springframework.boot.web.server.context.MissingWebServerFactoryBeanFailu-4d761e848b02.out.log	/data/data/cratonvm/apps/spring-boot-suite-runner/.suite/results/craton-fullsuite-azure-20260805-s8/all-jit/logs/module_spring-boot-web-server.org.springframework.boot.web.server.context.MissingWebServerFactoryBeanFailu-4d761e848b02.err.log	
73	module/spring-boot-web-server	org.springframework.boot.web.server.context.SpringBootTestRandomPortContextCustomizerTests	craton	on	0	PASS	1.812	14	0	0	0	0	/data/data/cratonvm/apps/spring-boot-suite-runner/.suite/results/craton-fullsuite-azure-20260805-s8/all-jit/logs/module_spring-boot-web-server.org.springframework.boot.web.server.context.SpringBootTestRandomPortContextC-a8072676bd19.out.log	/data/data/cratonvm/apps/spring-boot-suite-runner/.suite/results/craton-fullsuite-azure-20260805-s8/all-jit/logs/module_spring-boot-web-server.org.springframework.boot.web.server.context.SpringBootTestRandomPortContextC-a8072676bd19.err.log	
74	module/spring-boot-web-server	org.springframework.boot.web.server.context.WebServerApplicationContextTests	craton	on	0	PASS	6.048	3	0	0	0	0	/data/data/cratonvm/apps/spring-boot-suite-runner/.suite/results/craton-fullsuite-azure-20260805-s8/all-jit/logs/module_spring-boot-web-server.org.springframework.boot.web.server.context.WebServerApplicationContextTests.out.log	/data/data/cratonvm/apps/spring-boot-suite-runner/.suite/results/craton-fullsuite-azure-20260805-s8/all-jit/logs/module_spring-boot-web-server.org.springframework.boot.web.server.context.WebServerApplicationContextTests.err.log	
75	module/spring-boot-web-server	org.springframework.boot.web.server.context.WebServerPortFileWriterTests	craton	on	0	PASS	5.438	6	0	0	0	0	/data/data/cratonvm/apps/spring-boot-suite-runner/.suite/results/craton-fullsuite-azure-20260805-s8/all-jit/logs/module_spring-boot-web-server.org.springframework.boot.web.server.context.WebServerPortFileWriterTests.out.log	/data/data/cratonvm/apps/spring-boot-suite-runner/.suite/results/craton-fullsuite-azure-20260805-s8/all-jit/logs/module_spring-boot-web-server.org.springframework.boot.web.server.context.WebServerPortFileWriterTests.err.log	
76	module/spring-boot-web-server	org.springframework.boot.web.server.MimeMappingsTests	craton	on	0	PASS	2.423	21	0	0	0	0	/data/data/cratonvm/apps/spring-boot-suite-runner/.suite/results/craton-fullsuite-azure-20260805-s8/all-jit/logs/module_spring-boot-web-server.org.springframework.boot.web.server.MimeMappingsTests.out.log	/data/data/cratonvm/apps/spring-boot-suite-runner/.suite/results/craton-fullsuite-azure-20260805-s8/all-jit/logs/module_spring-boot-web-server.org.springframework.boot.web.server.MimeMappingsTests.err.log	
77	module/spring-boot-web-server	org.springframework.boot.web.server.reactive.context.AnnotationConfigReactiveWebServerApplicationContextTests	craton	on	0	PASS	3.828	6	0	0	0	0	/data/data/cratonvm/apps/spring-boot-suite-runner/.suite/results/craton-fullsuite-azure-20260805-s8/all-jit/logs/module_spring-boot-web-server.org.springframework.boot.web.server.reactive.context.AnnotationConfigReactiv-569c2747948e.out.log	/data/data/cratonvm/apps/spring-boot-suite-runner/.suite/results/craton-fullsuite-azure-20260805-s8/all-jit/logs/module_spring-boot-web-server.org.springframework.boot.web.server.reactive.context.AnnotationConfigReactiv-569c2747948e.err.log	
78	module/spring-boot-web-server	org.springframework.boot.web.server.reactive.context.ApplicationReactiveWebEnvironmentTests	craton	on	0	PASS	0.808	3	0	0	0	0	/data/data/cratonvm/apps/spring-boot-suite-runner/.suite/results/craton-fullsuite-azure-20260805-s8/all-jit/logs/module_spring-boot-web-server.org.springframework.boot.web.server.reactive.context.ApplicationReactiveWebE-ec0b64d57bd6.out.log	/data/data/cratonvm/apps/spring-boot-suite-runner/.suite/results/craton-fullsuite-azure-20260805-s8/all-jit/logs/module_spring-boot-web-server.org.springframework.boot.web.server.reactive.context.ApplicationReactiveWebE-ec0b64d57bd6.err.log	
79	module/spring-boot-web-server	org.springframework.boot.web.server.reactive.context.ReactiveWebServerApplicationContextTests	craton	on	0	PASS	3.018	13	0	0	0	0	/data/data/cratonvm/apps/spring-boot-suite-runner/.suite/results/craton-fullsuite-azure-20260805-s8/all-jit/logs/module_spring-boot-web-server.org.springframework.boot.web.server.reactive.context.ReactiveWebServerApplic-2bc7f172ab67.out.log	/data/data/cratonvm/apps/spring-boot-suite-runner/.suite/results/craton-fullsuite-azure-20260805-s8/all-jit/logs/module_spring-boot-web-server.org.springframework.boot.web.server.reactive.context.ReactiveWebServerApplic-2bc7f172ab67.err.log	
80	module/spring-boot-web-server	org.springframework.boot.web.server.servlet.context.AnnotationConfigServletWebServerApplicationContextTests	craton	on	1	FAIL	5.843	9	9	0	0	0	/data/data/cratonvm/apps/spring-boot-suite-runner/.suite/results/craton-fullsuite-azure-20260805-s8/all-jit/logs/module_spring-boot-web-server.org.springframework.boot.web.server.servlet.context.AnnotationConfigServletW-40b31344a728.out.log	/data/data/cratonvm/apps/spring-boot-suite-runner/.suite/results/craton-fullsuite-azure-20260805-s8/all-jit/logs/module_spring-boot-web-server.org.springframework.boot.web.server.servlet.context.AnnotationConfigServletW-40b31344a728.err.log	11:45:47.186 [main] WARN org.springframework.boot.web.server.servlet.context.AnnotationConfigServletWebServerApplicationContext -- Exception encountered during context initializati | hotspot-baseline: PASS 0/9
81	module/spring-boot-web-server	org.springframework.boot.web.server.servlet.context.ApplicationServletEnvironmentTests	craton	on	0	PASS	0.804	3	0	0	0	0	/data/data/cratonvm/apps/spring-boot-suite-runner/.suite/results/craton-fullsuite-azure-20260805-s8/all-jit/logs/module_spring-boot-web-server.org.springframework.boot.web.server.servlet.context.ApplicationServletEnvironmentTests.out.log	/data/data/cratonvm/apps/spring-boot-suite-runner/.suite/results/craton-fullsuite-azure-20260805-s8/all-jit/logs/module_spring-boot-web-server.org.springframework.boot.web.server.servlet.context.ApplicationServletEnvironmentTests.err.log	
82	module/spring-boot-web-server	org.springframework.boot.web.server.servlet.context.MockWebEnvironmentServletComponentScanIntegrationTests	craton	on	0	PASS	8.658	3	0	0	0	0	/data/data/cratonvm/apps/spring-boot-suite-runner/.suite/results/craton-fullsuite-azure-20260805-s8/all-jit/logs/module_spring-boot-web-server.org.springframework.boot.web.server.servlet.context.MockWebEnvironmentServle-193379f83f8a.out.log	/data/data/cratonvm/apps/spring-boot-suite-runner/.suite/results/craton-fullsuite-azure-20260805-s8/all-jit/logs/module_spring-boot-web-server.org.springframework.boot.web.server.servlet.context.MockWebEnvironmentServle-193379f83f8a.err.log	
83	module/spring-boot-web-server	org.springframework.boot.web.server.servlet.context.ServletComponentScanIntegrationTests	craton	on	1	FAIL	7.658	3	2	0	0	0	/data/data/cratonvm/apps/spring-boot-suite-runner/.suite/results/craton-fullsuite-azure-20260805-s8/all-jit/logs/module_spring-boot-web-server.org.springframework.boot.web.server.servlet.context.ServletComponentScanIntegrationTests.out.log	/data/data/cratonvm/apps/spring-boot-suite-runner/.suite/results/craton-fullsuite-azure-20260805-s8/all-jit/logs/module_spring-boot-web-server.org.springframework.boot.web.server.servlet.context.ServletComponentScanIntegrationTests.err.log	11:46:06.359 [main] WARN org.springframework.boot.web.server.servlet.context.AnnotationConfigServletWebServerApplicationContext -- Exception encountered during context initializati | hotspot-baseline: PASS 0/3
84	module/spring-boot-web-server	org.springframework.boot.web.server.servlet.context.ServletComponentScanRegistrarTests	craton	on	0	PASS	15.112	12	0	0	0	0	/data/data/cratonvm/apps/spring-boot-suite-runner/.suite/results/craton-fullsuite-azure-20260805-s8/all-jit/logs/module_spring-boot-web-server.org.springframework.boot.web.server.servlet.context.ServletComponentScanRegistrarTests.out.log	/data/data/cratonvm/apps/spring-boot-suite-runner/.suite/results/craton-fullsuite-azure-20260805-s8/all-jit/logs/module_spring-boot-web-server.org.springframework.boot.web.server.servlet.context.ServletComponentScanRegistrarTests.err.log	
85	module/spring-boot-web-server	org.springframework.boot.web.server.servlet.context.ServletWebServerApplicationContextTests	craton	on	1	FAIL	16.144	32	2	0	0	0	/data/data/cratonvm/apps/spring-boot-suite-runner/.suite/results/craton-fullsuite-azure-20260805-s8/all-jit/logs/module_spring-boot-web-server.org.springframework.boot.web.server.servlet.context.ServletWebServerApplicat-8b4b7fae3fac.out.log	/data/data/cratonvm/apps/spring-boot-suite-runner/.suite/results/craton-fullsuite-azure-20260805-s8/all-jit/logs/module_spring-boot-web-server.org.springframework.boot.web.server.servlet.context.ServletWebServerApplicat-8b4b7fae3fac.err.log	11:46:27.266 [main] WARN org.springframework.boot.web.server.servlet.context.ServletWebServerApplicationContext -- Exception encountered during context initialization - cancelling  | hotspot-baseline: PASS 0/32
86	module/spring-boot-web-server	org.springframework.boot.web.server.servlet.context.WebFilterHandlerTests	craton	on	0	PASS	3.828	9	0	0	0	0	/data/data/cratonvm/apps/spring-boot-suite-runner/.suite/results/craton-fullsuite-azure-20260805-s8/all-jit/logs/module_spring-boot-web-server.org.springframework.boot.web.server.servlet.context.WebFilterHandlerTests.out.log	/data/data/cratonvm/apps/spring-boot-suite-runner/.suite/results/craton-fullsuite-azure-20260805-s8/all-jit/logs/module_spring-boot-web-server.org.springframework.boot.web.server.servlet.context.WebFilterHandlerTests.err.log	
87	module/spring-boot-web-server	org.springframework.boot.web.server.servlet.context.WebListenerHandlerTests	craton	on	0	PASS	3.825	1	0	0	0	0	/data/data/cratonvm/apps/spring-boot-suite-runner/.suite/results/craton-fullsuite-azure-20260805-s8/all-jit/logs/module_spring-boot-web-server.org.springframework.boot.web.server.servlet.context.WebListenerHandlerTests.out.log	/data/data/cratonvm/apps/spring-boot-suite-runner/.suite/results/craton-fullsuite-azure-20260805-s8/all-jit/logs/module_spring-boot-web-server.org.springframework.boot.web.server.servlet.context.WebListenerHandlerTests.err.log	
88	module/spring-boot-web-server	org.springframework.boot.web.server.servlet.context.WebServletHandlerTests	craton	on	0	PASS	3.830	7	0	0	0	0	/data/data/cratonvm/apps/spring-boot-suite-runner/.suite/results/craton-fullsuite-azure-20260805-s8/all-jit/logs/module_spring-boot-web-server.org.springframework.boot.web.server.servlet.context.WebServletHandlerTests.out.log	/data/data/cratonvm/apps/spring-boot-suite-runner/.suite/results/craton-fullsuite-azure-20260805-s8/all-jit/logs/module_spring-boot-web-server.org.springframework.boot.web.server.servlet.context.WebServletHandlerTests.err.log	
89	module/spring-boot-web-server	org.springframework.boot.web.server.servlet.context.XmlServletWebServerApplicationContextTests	craton	on	0	PASS	8.051	6	0	0	0	0	/data/data/cratonvm/apps/spring-boot-suite-runner/.suite/results/craton-fullsuite-azure-20260805-s8/all-jit/logs/module_spring-boot-web-server.org.springframework.boot.web.server.servlet.context.XmlServletWebServerAppli-680e626cf1fe.out.log	/data/data/cratonvm/apps/spring-boot-suite-runner/.suite/results/craton-fullsuite-azure-20260805-s8/all-jit/logs/module_spring-boot-web-server.org.springframework.boot.web.server.servlet.context.XmlServletWebServerAppli-680e626cf1fe.err.log	
90	module/spring-boot-web-server	org.springframework.boot.web.server.servlet.CookieSameSiteSupplierTests	craton	on	0	PASS	1.006	22	0	0	0	0	/data/data/cratonvm/apps/spring-boot-suite-runner/.suite/results/craton-fullsuite-azure-20260805-s8/all-jit/logs/module_spring-boot-web-server.org.springframework.boot.web.server.servlet.CookieSameSiteSupplierTests.out.log	/data/data/cratonvm/apps/spring-boot-suite-runner/.suite/results/craton-fullsuite-azure-20260805-s8/all-jit/logs/module_spring-boot-web-server.org.springframework.boot.web.server.servlet.CookieSameSiteSupplierTests.err.log	
91	module/spring-boot-web-server	org.springframework.boot.web.server.servlet.DocumentRootTests	craton	on	0	PASS	0.808	6	0	0	0	0	/data/data/cratonvm/apps/spring-boot-suite-runner/.suite/results/craton-fullsuite-azure-20260805-s8/all-jit/logs/module_spring-boot-web-server.org.springframework.boot.web.server.servlet.DocumentRootTests.out.log	/data/data/cratonvm/apps/spring-boot-suite-runner/.suite/results/craton-fullsuite-azure-20260805-s8/all-jit/logs/module_spring-boot-web-server.org.springframework.boot.web.server.servlet.DocumentRootTests.err.log	
92	module/spring-boot-web-server	org.springframework.boot.web.server.servlet.StaticResourceJarsTests	craton	on	0	PASS	0.804	7	0	0	1	0	/data/data/cratonvm/apps/spring-boot-suite-runner/.suite/results/craton-fullsuite-azure-20260805-s8/all-jit/logs/module_spring-boot-web-server.org.springframework.boot.web.server.servlet.StaticResourceJarsTests.out.log	/data/data/cratonvm/apps/spring-boot-suite-runner/.suite/results/craton-fullsuite-azure-20260805-s8/all-jit/logs/module_spring-boot-web-server.org.springframework.boot.web.server.servlet.StaticResourceJarsTests.err.log	
93	module/spring-boot-web-server	org.springframework.boot.web.server.SpringApplicationWebServerTests	craton	on	1	FAIL	19.544	8	1	0	0	0	/data/data/cratonvm/apps/spring-boot-suite-runner/.suite/results/craton-fullsuite-azure-20260805-s8/all-jit/logs/module_spring-boot-web-server.org.springframework.boot.web.server.SpringApplicationWebServerTests.out.log	/data/data/cratonvm/apps/spring-boot-suite-runner/.suite/results/craton-fullsuite-azure-20260805-s8/all-jit/logs/module_spring-boot-web-server.org.springframework.boot.web.server.SpringApplicationWebServerTests.err.log	2026-08-05T11:47:04.857Z  WARN 394241 --- [           main] onfigReactiveWebServerApplicationContext : Exception encountered during context initialization - cancelling refresh atte | hotspot-baseline: PASS 0/8
94	module/spring-boot-web-server	org.springframework.boot.web.server.WebServerFactoryCustomizerBeanPostProcessorTests	craton	on	0	PASS	5.239	9	0	0	0	0	/data/data/cratonvm/apps/spring-boot-suite-runner/.suite/results/craton-fullsuite-azure-20260805-s8/all-jit/logs/module_spring-boot-web-server.org.springframework.boot.web.server.WebServerFactoryCustomizerBeanPostProcessorTests.out.log	/data/data/cratonvm/apps/spring-boot-suite-runner/.suite/results/craton-fullsuite-azure-20260805-s8/all-jit/logs/module_spring-boot-web-server.org.springframework.boot.web.server.WebServerFactoryCustomizerBeanPostProcessorTests.err.log	
95	module/spring-boot-web-server	org.springframework.boot.web.server.WebServerSslBundleTests	craton	on	0	PASS	1.208	8	0	0	0	0	/data/data/cratonvm/apps/spring-boot-suite-runner/.suite/results/craton-fullsuite-azure-20260805-s8/all-jit/logs/module_spring-boot-web-server.org.springframework.boot.web.server.WebServerSslBundleTests.out.log	/data/data/cratonvm/apps/spring-boot-suite-runner/.suite/results/craton-fullsuite-azure-20260805-s8/all-jit/logs/module_spring-boot-web-server.org.springframework.boot.web.server.WebServerSslBundleTests.err.log	
96	module/spring-boot-webclient	org.springframework.boot.webclient.autoconfigure.service.ReactiveHttpServiceClientAutoConfigurationTests	craton	on	0	PASS	19.335	7	0	0	0	0	/data/data/cratonvm/apps/spring-boot-suite-runner/.suite/results/craton-fullsuite-azure-20260805-s8/all-jit/logs/module_spring-boot-webclient.org.springframework.boot.webclient.autoconfigure.service.ReactiveHttpServiceC-10289f527353.out.log	/data/data/cratonvm/apps/spring-boot-suite-runner/.suite/results/craton-fullsuite-azure-20260805-s8/all-jit/logs/module_spring-boot-webclient.org.springframework.boot.webclient.autoconfigure.service.ReactiveHttpServiceC-10289f527353.err.log	
97	module/spring-boot-tomcat	org.springframework.boot.tomcat.servlet.TomcatServletWebServerFactoryTests	craton	on	TIMEOUT	HANG	300.110	0	0	0	0	0	/data/data/cratonvm/apps/spring-boot-suite-runner/.suite/results/craton-fullsuite-azure-20260805-s8/all-jit/logs/module_spring-boot-tomcat.org.springframework.boot.tomcat.servlet.TomcatServletWebServerFactoryTests.out.log	/data/data/cratonvm/apps/spring-boot-suite-runner/.suite/results/craton-fullsuite-azure-20260805-s8/all-jit/logs/module_spring-boot-tomcat.org.springframework.boot.tomcat.servlet.TomcatServletWebServerFactoryTests.err.log	ERROR [org.apache.catalina.core.ContainerBase.[Tomcat].[localhost].[/].[error]] Servlet.service() for servlet [error] in context with path [] threw exception (java/lang/RuntimeExce | hotspot-baseline: PASS 0/132
98	module/spring-boot-webclient	org.springframework.boot.webclient.autoconfigure.WebClientAutoConfigurationTests	craton	on	0	PASS	18.673	6	0	0	0	0	/data/data/cratonvm/apps/spring-boot-suite-runner/.suite/results/craton-fullsuite-azure-20260805-s8/all-jit/logs/module_spring-boot-webclient.org.springframework.boot.webclient.autoconfigure.WebClientAutoConfigurationTests.out.log	/data/data/cratonvm/apps/spring-boot-suite-runner/.suite/results/craton-fullsuite-azure-20260805-s8/all-jit/logs/module_spring-boot-webclient.org.springframework.boot.webclient.autoconfigure.WebClientAutoConfigurationTests.err.log	
99	module/spring-boot-webclient	org.springframework.boot.webclient.autoconfigure.WebClientObservationAutoConfigurationTests	craton	on	0	PASS	4.645	3	0	0	0	0	/data/data/cratonvm/apps/spring-boot-suite-runner/.suite/results/craton-fullsuite-azure-20260805-s8/all-jit/logs/module_spring-boot-webclient.org.springframework.boot.webclient.autoconfigure.WebClientObservationAutoConf-73caebbbb62a.out.log	/data/data/cratonvm/apps/spring-boot-suite-runner/.suite/results/craton-fullsuite-azure-20260805-s8/all-jit/logs/module_spring-boot-webclient.org.springframework.boot.webclient.autoconfigure.WebClientObservationAutoConf-73caebbbb62a.err.log	
100	module/spring-boot-webclient	org.springframework.boot.webclient.observation.ObservationWebClientCustomizerTests	craton	on	0	PASS	0.819	1	0	0	0	0	/data/data/cratonvm/apps/spring-boot-suite-runner/.suite/results/craton-fullsuite-azure-20260805-s8/all-jit/logs/module_spring-boot-webclient.org.springframework.boot.webclient.observation.ObservationWebClientCustomizerTests.out.log	/data/data/cratonvm/apps/spring-boot-suite-runner/.suite/results/craton-fullsuite-azure-20260805-s8/all-jit/logs/module_spring-boot-webclient.org.springframework.boot.webclient.observation.ObservationWebClientCustomizerTests.err.log	
101	module/spring-boot-webclient-test	org.springframework.boot.webclient.test.autoconfigure.WebClientTestIntegrationTests	craton	on	0	PASS	7.464	3	0	0	0	0	/data/data/cratonvm/apps/spring-boot-suite-runner/.suite/results/craton-fullsuite-azure-20260805-s8/all-jit/logs/module_spring-boot-webclient-test.org.springframework.boot.webclient.test.autoconfigure.WebClientTestIntegrationTests.out.log	/data/data/cratonvm/apps/spring-boot-suite-runner/.suite/results/craton-fullsuite-azure-20260805-s8/all-jit/logs/module_spring-boot-webclient-test.org.springframework.boot.webclient.test.autoconfigure.WebClientTestIntegrationTests.err.log	
102	module/spring-boot-webclient-test	org.springframework.boot.webclient.test.autoconfigure.WebClientTestNoComponentIntegrationTests	craton	on	0	PASS	7.464	3	0	0	0	0	/data/data/cratonvm/apps/spring-boot-suite-runner/.suite/results/craton-fullsuite-azure-20260805-s8/all-jit/logs/module_spring-boot-webclient-test.org.springframework.boot.webclient.test.autoconfigure.WebClientTestNoCom-d0c076796492.out.log	/data/data/cratonvm/apps/spring-boot-suite-runner/.suite/results/craton-fullsuite-azure-20260805-s8/all-jit/logs/module_spring-boot-webclient-test.org.springframework.boot.webclient.test.autoconfigure.WebClientTestNoCom-d0c076796492.err.log	
103	module/spring-boot-webclient-test	org.springframework.boot.webclient.test.autoconfigure.WebClientTestPropertiesIntegrationTests	craton	on	0	PASS	6.447	2	0	0	0	0	/data/data/cratonvm/apps/spring-boot-suite-runner/.suite/results/craton-fullsuite-azure-20260805-s8/all-jit/logs/module_spring-boot-webclient-test.org.springframework.boot.webclient.test.autoconfigure.WebClientTestPrope-5ec7944a9683.out.log	/data/data/cratonvm/apps/spring-boot-suite-runner/.suite/results/craton-fullsuite-azure-20260805-s8/all-jit/logs/module_spring-boot-webclient-test.org.springframework.boot.webclient.test.autoconfigure.WebClientTestPrope-5ec7944a9683.err.log	
104	module/spring-boot-webclient-test	org.springframework.boot.webclient.test.autoconfigure.WebClientTestWithConfigurationPropertiesIntegrationTests	craton	on	0	PASS	6.445	1	0	0	0	0	/data/data/cratonvm/apps/spring-boot-suite-runner/.suite/results/craton-fullsuite-azure-20260805-s8/all-jit/logs/module_spring-boot-webclient-test.org.springframework.boot.webclient.test.autoconfigure.WebClientTestWithC-82fb52c8b467.out.log	/data/data/cratonvm/apps/spring-boot-suite-runner/.suite/results/craton-fullsuite-azure-20260805-s8/all-jit/logs/module_spring-boot-webclient-test.org.springframework.boot.webclient.test.autoconfigure.WebClientTestWithC-82fb52c8b467.err.log	
105	module/spring-boot-webflux	org.springframework.boot.webflux.actuate.endpoint.web.AbstractWebFluxEndpointHandlerMappingTests	craton	on	0	PASS	0.805	1	0	0	0	0	/data/data/cratonvm/apps/spring-boot-suite-runner/.suite/results/craton-fullsuite-azure-20260805-s8/all-jit/logs/module_spring-boot-webflux.org.springframework.boot.webflux.actuate.endpoint.web.AbstractWebFluxEndpointHa-5068c383f96e.out.log	/data/data/cratonvm/apps/spring-boot-suite-runner/.suite/results/craton-fullsuite-azure-20260805-s8/all-jit/logs/module_spring-boot-webflux.org.springframework.boot.webflux.actuate.endpoint.web.AbstractWebFluxEndpointHa-5068c383f96e.err.log	
106	module/spring-boot-webflux	org.springframework.boot.webflux.actuate.endpoint.web.ControllerEndpointHandlerMappingTests	craton	on	0	PASS	2.215	4	0	0	0	0	/data/data/cratonvm/apps/spring-boot-suite-runner/.suite/results/craton-fullsuite-azure-20260805-s8/all-jit/logs/module_spring-boot-webflux.org.springframework.boot.webflux.actuate.endpoint.web.ControllerEndpointHandlerMappingTests.out.log	/data/data/cratonvm/apps/spring-boot-suite-runner/.suite/results/craton-fullsuite-azure-20260805-s8/all-jit/logs/module_spring-boot-webflux.org.springframework.boot.webflux.actuate.endpoint.web.ControllerEndpointHandlerMappingTests.err.log	
107	module/spring-boot-webflux	org.springframework.boot.webflux.actuate.endpoint.web.WebFluxEndpointHandlerMappingTests	craton	on	0	PASS	0.603	1	0	0	0	0	/data/data/cratonvm/apps/spring-boot-suite-runner/.suite/results/craton-fullsuite-azure-20260805-s8/all-jit/logs/module_spring-boot-webflux.org.springframework.boot.webflux.actuate.endpoint.web.WebFluxEndpointHandlerMappingTests.out.log	/data/data/cratonvm/apps/spring-boot-suite-runner/.suite/results/craton-fullsuite-azure-20260805-s8/all-jit/logs/module_spring-boot-webflux.org.springframework.boot.webflux.actuate.endpoint.web.WebFluxEndpointHandlerMappingTests.err.log	
108	module/spring-boot-webflux	org.springframework.boot.webflux.actuate.web.exchanges.HttpExchangesWebFilterIntegrationTests	craton	on	0	PASS	3.622	3	0	0	0	0	/data/data/cratonvm/apps/spring-boot-suite-runner/.suite/results/craton-fullsuite-azure-20260805-s8/all-jit/logs/module_spring-boot-webflux.org.springframework.boot.webflux.actuate.web.exchanges.HttpExchangesWebFilterIn-a0088a0b5258.out.log	/data/data/cratonvm/apps/spring-boot-suite-runner/.suite/results/craton-fullsuite-azure-20260805-s8/all-jit/logs/module_spring-boot-webflux.org.springframework.boot.webflux.actuate.web.exchanges.HttpExchangesWebFilterIn-a0088a0b5258.err.log	
109	module/spring-boot-webflux	org.springframework.boot.webflux.actuate.web.exchanges.HttpExchangesWebFilterTests	craton	on	0	PASS	2.214	4	0	0	0	0	/data/data/cratonvm/apps/spring-boot-suite-runner/.suite/results/craton-fullsuite-azure-20260805-s8/all-jit/logs/module_spring-boot-webflux.org.springframework.boot.webflux.actuate.web.exchanges.HttpExchangesWebFilterTests.out.log	/data/data/cratonvm/apps/spring-boot-suite-runner/.suite/results/craton-fullsuite-azure-20260805-s8/all-jit/logs/module_spring-boot-webflux.org.springframework.boot.webflux.actuate.web.exchanges.HttpExchangesWebFilterTests.err.log	
110	module/spring-boot-webflux	org.springframework.boot.webflux.actuate.web.exchanges.RecordableServerHttpRequestTests	craton	on	0	PASS	3.220	5	0	0	0	0	/data/data/cratonvm/apps/spring-boot-suite-runner/.suite/results/craton-fullsuite-azure-20260805-s8/all-jit/logs/module_spring-boot-webflux.org.springframework.boot.webflux.actuate.web.exchanges.RecordableServerHttpRequestTests.out.log	/data/data/cratonvm/apps/spring-boot-suite-runner/.suite/results/craton-fullsuite-azure-20260805-s8/all-jit/logs/module_spring-boot-webflux.org.springframework.boot.webflux.actuate.web.exchanges.RecordableServerHttpRequestTests.err.log	
111	module/spring-boot-webclient-test	org.springframework.boot.webclient.test.autoconfigure.WebClientTestWithoutJacksonIntegrationTests	craton	on	0	PASS	15.598	1	0	0	0	0	/data/data/cratonvm/apps/spring-boot-suite-runner/.suite/results/craton-fullsuite-azure-20260805-s8/all-jit/logs/module_spring-boot-webclient-test.org.springframework.boot.webclient.test.autoconfigure.WebClientTestWitho-e4e94a9f1359.out.log	/data/data/cratonvm/apps/spring-boot-suite-runner/.suite/results/craton-fullsuite-azure-20260805-s8/all-jit/logs/module_spring-boot-webclient-test.org.springframework.boot.webclient.test.autoconfigure.WebClientTestWitho-e4e94a9f1359.err.log	
112	module/spring-boot-webflux	org.springframework.boot.webflux.actuate.web.mappings.DispatcherHandlersMappingDescriptionProviderTests	craton	on	0	PASS	3.247	3	0	0	0	0	/data/data/cratonvm/apps/spring-boot-suite-runner/.suite/results/craton-fullsuite-azure-20260805-s8/all-jit/logs/module_spring-boot-webflux.org.springframework.boot.webflux.actuate.web.mappings.DispatcherHandlersMapping-c83635d613b0.out.log	/data/data/cratonvm/apps/spring-boot-suite-runner/.suite/results/craton-fullsuite-azure-20260805-s8/all-jit/logs/module_spring-boot-webflux.org.springframework.boot.webflux.actuate.web.mappings.DispatcherHandlersMapping-c83635d613b0.err.log	
113	module/spring-boot-webflux	org.springframework.boot.webflux.autoconfigure.actuate.endpoint.web.WebFluxHealthEndpointExtensionAutoConfigurationTests	craton	on	0	PASS	5.028	2	0	0	0	0	/data/data/cratonvm/apps/spring-boot-suite-runner/.suite/results/craton-fullsuite-azure-20260805-s8/all-jit/logs/module_spring-boot-webflux.org.springframework.boot.webflux.autoconfigure.actuate.endpoint.web.WebFluxHeal-358a884ab0a7.out.log	/data/data/cratonvm/apps/spring-boot-suite-runner/.suite/results/craton-fullsuite-azure-20260805-s8/all-jit/logs/module_spring-boot-webflux.org.springframework.boot.webflux.autoconfigure.actuate.endpoint.web.WebFluxHeal-358a884ab0a7.err.log	
114	module/spring-boot-webflux	org.springframework.boot.webflux.autoconfigure.actuate.web.ControllerEndpointWebFluxIntegrationTests	craton	on	0	PASS	5.626	1	0	0	0	0	/data/data/cratonvm/apps/spring-boot-suite-runner/.suite/results/craton-fullsuite-azure-20260805-s8/all-jit/logs/module_spring-boot-webflux.org.springframework.boot.webflux.autoconfigure.actuate.web.ControllerEndpointWe-bb7ad7c6567e.out.log	/data/data/cratonvm/apps/spring-boot-suite-runner/.suite/results/craton-fullsuite-azure-20260805-s8/all-jit/logs/module_spring-boot-webflux.org.springframework.boot.webflux.autoconfigure.actuate.web.ControllerEndpointWe-bb7ad7c6567e.err.log	
115	module/spring-boot-webflux	org.springframework.boot.webflux.autoconfigure.actuate.web.exchanges.WebFluxHttpExchangesAutoConfigurationTests	craton	on	0	PASS	2.008	4	0	0	0	0	/data/data/cratonvm/apps/spring-boot-suite-runner/.suite/results/craton-fullsuite-azure-20260805-s8/all-jit/logs/module_spring-boot-webflux.org.springframework.boot.webflux.autoconfigure.actuate.web.exchanges.WebFluxHtt-afff90ce92b9.out.log	/data/data/cratonvm/apps/spring-boot-suite-runner/.suite/results/craton-fullsuite-azure-20260805-s8/all-jit/logs/module_spring-boot-webflux.org.springframework.boot.webflux.autoconfigure.actuate.web.exchanges.WebFluxHtt-afff90ce92b9.err.log	
116	module/spring-boot-webflux	org.springframework.boot.webflux.autoconfigure.actuate.web.mappings.WebFluxMappingsAutoConfigurationTests	craton	on	0	PASS	2.210	3	0	0	0	0	/data/data/cratonvm/apps/spring-boot-suite-runner/.suite/results/craton-fullsuite-azure-20260805-s8/all-jit/logs/module_spring-boot-webflux.org.springframework.boot.webflux.autoconfigure.actuate.web.mappings.WebFluxMapp-31530d28c65c.out.log	/data/data/cratonvm/apps/spring-boot-suite-runner/.suite/results/craton-fullsuite-azure-20260805-s8/all-jit/logs/module_spring-boot-webflux.org.springframework.boot.webflux.autoconfigure.actuate.web.mappings.WebFluxMapp-31530d28c65c.err.log	
117	module/spring-boot-webflux	org.springframework.boot.webflux.autoconfigure.actuate.web.WebFluxEndpointAccessIntegrationTests	craton	on	0	PASS	43.790	6	0	0	0	0	/data/data/cratonvm/apps/spring-boot-suite-runner/.suite/results/craton-fullsuite-azure-20260805-s8/all-jit/logs/module_spring-boot-webflux.org.springframework.boot.webflux.autoconfigure.actuate.web.WebFluxEndpointAcces-3194f56f9b2e.out.log	/data/data/cratonvm/apps/spring-boot-suite-runner/.suite/results/craton-fullsuite-azure-20260805-s8/all-jit/logs/module_spring-boot-webflux.org.springframework.boot.webflux.autoconfigure.actuate.web.WebFluxEndpointAcces-3194f56f9b2e.err.log	
118	module/spring-boot-webflux	org.springframework.boot.webflux.autoconfigure.actuate.endpoint.web.WebFluxHealthEndpointAdditionalPathIntegrationTests	craton	on	0	PASS	75.824	8	0	0	0	0	/data/data/cratonvm/apps/spring-boot-suite-runner/.suite/results/craton-fullsuite-azure-20260805-s8/all-jit/logs/module_spring-boot-webflux.org.springframework.boot.webflux.autoconfigure.actuate.endpoint.web.WebFluxHeal-18c5a07f75d6.out.log	/data/data/cratonvm/apps/spring-boot-suite-runner/.suite/results/craton-fullsuite-azure-20260805-s8/all-jit/logs/module_spring-boot-webflux.org.springframework.boot.webflux.autoconfigure.actuate.endpoint.web.WebFluxHeal-18c5a07f75d6.err.log	
119	module/spring-boot-webflux	org.springframework.boot.webflux.autoconfigure.actuate.web.WebFluxEndpointIntegrationTests	craton	on	0	PASS	19.312	3	0	0	0	0	/data/data/cratonvm/apps/spring-boot-suite-runner/.suite/results/craton-fullsuite-azure-20260805-s8/all-jit/logs/module_spring-boot-webflux.org.springframework.boot.webflux.autoconfigure.actuate.web.WebFluxEndpointIntegrationTests.out.log	/data/data/cratonvm/apps/spring-boot-suite-runner/.suite/results/craton-fullsuite-azure-20260805-s8/all-jit/logs/module_spring-boot-webflux.org.springframework.boot.webflux.autoconfigure.actuate.web.WebFluxEndpointIntegrationTests.err.log	
120	module/spring-boot-webflux	org.springframework.boot.webflux.autoconfigure.actuate.web.WebFluxEndpointCorsIntegrationTests	craton	on	0	PASS	54.341	11	0	0	0	0	/data/data/cratonvm/apps/spring-boot-suite-runner/.suite/results/craton-fullsuite-azure-20260805-s8/all-jit/logs/module_spring-boot-webflux.org.springframework.boot.webflux.autoconfigure.actuate.web.WebFluxEndpointCorsI-9c6bc9ca1dcd.out.log	/data/data/cratonvm/apps/spring-boot-suite-runner/.suite/results/craton-fullsuite-azure-20260805-s8/all-jit/logs/module_spring-boot-webflux.org.springframework.boot.webflux.autoconfigure.actuate.web.WebFluxEndpointCorsI-9c6bc9ca1dcd.err.log	
121	module/spring-boot-webflux	org.springframework.boot.webflux.autoconfigure.actuate.web.WebFluxManagementChildContextConfigurationTests	craton	on	0	PASS	5.631	2	0	0	0	0	/data/data/cratonvm/apps/spring-boot-suite-runner/.suite/results/craton-fullsuite-azure-20260805-s8/all-jit/logs/module_spring-boot-webflux.org.springframework.boot.webflux.autoconfigure.actuate.web.WebFluxManagementChi-48e1bbb3bb50.out.log	/data/data/cratonvm/apps/spring-boot-suite-runner/.suite/results/craton-fullsuite-azure-20260805-s8/all-jit/logs/module_spring-boot-webflux.org.springframework.boot.webflux.autoconfigure.actuate.web.WebFluxManagementChi-48e1bbb3bb50.err.log	
122	module/spring-boot-webflux	org.springframework.boot.webflux.autoconfigure.actuate.web.WebFluxManagementChildContextConfigurationIntegrationTests	craton	on	0	PASS	59.655	5	0	0	0	0	/data/data/cratonvm/apps/spring-boot-suite-runner/.suite/results/craton-fullsuite-azure-20260805-s8/all-jit/logs/module_spring-boot-webflux.org.springframework.boot.webflux.autoconfigure.actuate.web.WebFluxManagementChi-4f03cf739f2e.out.log	/data/data/cratonvm/apps/spring-boot-suite-runner/.suite/results/craton-fullsuite-azure-20260805-s8/all-jit/logs/module_spring-boot-webflux.org.springframework.boot.webflux.autoconfigure.actuate.web.WebFluxManagementChi-4f03cf739f2e.err.log	
123	module/spring-boot-webflux	org.springframework.boot.webflux.autoconfigure.error.DefaultErrorWebExceptionHandlerTests	craton	on	0	PASS	5.030	2	0	0	0	0	/data/data/cratonvm/apps/spring-boot-suite-runner/.suite/results/craton-fullsuite-azure-20260805-s8/all-jit/logs/module_spring-boot-webflux.org.springframework.boot.webflux.autoconfigure.error.DefaultErrorWebExceptionHandlerTests.out.log	/data/data/cratonvm/apps/spring-boot-suite-runner/.suite/results/craton-fullsuite-azure-20260805-s8/all-jit/logs/module_spring-boot-webflux.org.springframework.boot.webflux.autoconfigure.error.DefaultErrorWebExceptionHandlerTests.err.log	
124	module/spring-boot-webflux	org.springframework.boot.webflux.autoconfigure.HttpHandlerAutoConfigurationTests	craton	on	0	PASS	11.675	8	0	0	0	0	/data/data/cratonvm/apps/spring-boot-suite-runner/.suite/results/craton-fullsuite-azure-20260805-s8/all-jit/logs/module_spring-boot-webflux.org.springframework.boot.webflux.autoconfigure.HttpHandlerAutoConfigurationTests.out.log	/data/data/cratonvm/apps/spring-boot-suite-runner/.suite/results/craton-fullsuite-azure-20260805-s8/all-jit/logs/module_spring-boot-webflux.org.springframework.boot.webflux.autoconfigure.HttpHandlerAutoConfigurationTests.err.log	
125	module/spring-boot-webflux	org.springframework.boot.webflux.autoconfigure.ReactiveMultipartAutoConfigurationTests	craton	on	0	PASS	2.013	4	0	0	0	0	/data/data/cratonvm/apps/spring-boot-suite-runner/.suite/results/craton-fullsuite-azure-20260805-s8/all-jit/logs/module_spring-boot-webflux.org.springframework.boot.webflux.autoconfigure.ReactiveMultipartAutoConfigurationTests.out.log	/data/data/cratonvm/apps/spring-boot-suite-runner/.suite/results/craton-fullsuite-azure-20260805-s8/all-jit/logs/module_spring-boot-webflux.org.springframework.boot.webflux.autoconfigure.ReactiveMultipartAutoConfigurationTests.err.log	
126	module/spring-boot-webflux	org.springframework.boot.webflux.autoconfigure.ReactiveMultipartPropertiesTests	craton	on	0	PASS	0.603	1	0	0	0	0	/data/data/cratonvm/apps/spring-boot-suite-runner/.suite/results/craton-fullsuite-azure-20260805-s8/all-jit/logs/module_spring-boot-webflux.org.springframework.boot.webflux.autoconfigure.ReactiveMultipartPropertiesTests.out.log	/data/data/cratonvm/apps/spring-boot-suite-runner/.suite/results/craton-fullsuite-azure-20260805-s8/all-jit/logs/module_spring-boot-webflux.org.springframework.boot.webflux.autoconfigure.ReactiveMultipartPropertiesTests.err.log	
127	module/spring-boot-webflux	org.springframework.boot.webflux.autoconfigure.error.DefaultErrorWebExceptionHandlerIntegrationTests	craton	on	0	PASS	77.985	22	0	0	0	0	/data/data/cratonvm/apps/spring-boot-suite-runner/.suite/results/craton-fullsuite-azure-20260805-s8/all-jit/logs/module_spring-boot-webflux.org.springframework.boot.webflux.autoconfigure.error.DefaultErrorWebExceptionHa-46f162b6dcb4.out.log	/data/data/cratonvm/apps/spring-boot-suite-runner/.suite/results/craton-fullsuite-azure-20260805-s8/all-jit/logs/module_spring-boot-webflux.org.springframework.boot.webflux.autoconfigure.error.DefaultErrorWebExceptionHa-46f162b6dcb4.err.log	
128	module/spring-boot-webflux	org.springframework.boot.webflux.autoconfigure.WebFluxObservationAutoConfigurationTests	craton	on	0	PASS	12.265	5	0	0	0	0	/data/data/cratonvm/apps/spring-boot-suite-runner/.suite/results/craton-fullsuite-azure-20260805-s8/all-jit/logs/module_spring-boot-webflux.org.springframework.boot.webflux.autoconfigure.WebFluxObservationAutoConfigurationTests.out.log	/data/data/cratonvm/apps/spring-boot-suite-runner/.suite/results/craton-fullsuite-azure-20260805-s8/all-jit/logs/module_spring-boot-webflux.org.springframework.boot.webflux.autoconfigure.WebFluxObservationAutoConfigurationTests.err.log	
129	module/spring-boot-webflux	org.springframework.boot.webflux.autoconfigure.WebFluxPropertiesTests	craton	on	0	PASS	0.806	2	0	0	0	0	/data/data/cratonvm/apps/spring-boot-suite-runner/.suite/results/craton-fullsuite-azure-20260805-s8/all-jit/logs/module_spring-boot-webflux.org.springframework.boot.webflux.autoconfigure.WebFluxPropertiesTests.out.log	/data/data/cratonvm/apps/spring-boot-suite-runner/.suite/results/craton-fullsuite-azure-20260805-s8/all-jit/logs/module_spring-boot-webflux.org.springframework.boot.webflux.autoconfigure.WebFluxPropertiesTests.err.log	
130	module/spring-boot-webflux	org.springframework.boot.webflux.autoconfigure.WelcomePageRouterFunctionFactoryTests	craton	on	0	PASS	2.211	9	0	0	0	0	/data/data/cratonvm/apps/spring-boot-suite-runner/.suite/results/craton-fullsuite-azure-20260805-s8/all-jit/logs/module_spring-boot-webflux.org.springframework.boot.webflux.autoconfigure.WelcomePageRouterFunctionFactoryTests.out.log	/data/data/cratonvm/apps/spring-boot-suite-runner/.suite/results/craton-fullsuite-azure-20260805-s8/all-jit/logs/module_spring-boot-webflux.org.springframework.boot.webflux.autoconfigure.WelcomePageRouterFunctionFactoryTests.err.log	
131	module/spring-boot-webflux	org.springframework.boot.webflux.error.DefaultErrorAttributesTests	craton	on	0	PASS	2.412	26	0	0	0	0	/data/data/cratonvm/apps/spring-boot-suite-runner/.suite/results/craton-fullsuite-azure-20260805-s8/all-jit/logs/module_spring-boot-webflux.org.springframework.boot.webflux.error.DefaultErrorAttributesTests.out.log	/data/data/cratonvm/apps/spring-boot-suite-runner/.suite/results/craton-fullsuite-azure-20260805-s8/all-jit/logs/module_spring-boot-webflux.org.springframework.boot.webflux.error.DefaultErrorAttributesTests.err.log	
132	module/spring-boot-webflux-test	org.springframework.boot.webflux.test.autoconfigure.WebFluxTestAllControllersIntegrationTests	craton	on	0	PASS	10.655	4	0	0	0	0	/data/data/cratonvm/apps/spring-boot-suite-runner/.suite/results/craton-fullsuite-azure-20260805-s8/all-jit/logs/module_spring-boot-webflux-test.org.springframework.boot.webflux.test.autoconfigure.WebFluxTestAllControll-5a8d2d33790e.out.log	/data/data/cratonvm/apps/spring-boot-suite-runner/.suite/results/craton-fullsuite-azure-20260805-s8/all-jit/logs/module_spring-boot-webflux-test.org.springframework.boot.webflux.test.autoconfigure.WebFluxTestAllControll-5a8d2d33790e.err.log	
133	module/spring-boot-webflux-test	org.springframework.boot.webflux.test.autoconfigure.WebFluxTestAutoConfigurationIntegrationTests	craton	on	0	PASS	11.265	3	0	0	0	0	/data/data/cratonvm/apps/spring-boot-suite-runner/.suite/results/craton-fullsuite-azure-20260805-s8/all-jit/logs/module_spring-boot-webflux-test.org.springframework.boot.webflux.test.autoconfigure.WebFluxTestAutoConfigu-e4100f6a2270.out.log	/data/data/cratonvm/apps/spring-boot-suite-runner/.suite/results/craton-fullsuite-azure-20260805-s8/all-jit/logs/module_spring-boot-webflux-test.org.springframework.boot.webflux.test.autoconfigure.WebFluxTestAutoConfigu-e4100f6a2270.err.log	
134	module/spring-boot-webflux-test	org.springframework.boot.webflux.test.autoconfigure.WebFluxTestConverterIntegrationTests	craton	on	0	PASS	10.858	1	0	0	0	0	/data/data/cratonvm/apps/spring-boot-suite-runner/.suite/results/craton-fullsuite-azure-20260805-s8/all-jit/logs/module_spring-boot-webflux-test.org.springframework.boot.webflux.test.autoconfigure.WebFluxTestConverterIn-a00dbc8edb85.out.log	/data/data/cratonvm/apps/spring-boot-suite-runner/.suite/results/craton-fullsuite-azure-20260805-s8/all-jit/logs/module_spring-boot-webflux-test.org.springframework.boot.webflux.test.autoconfigure.WebFluxTestConverterIn-a00dbc8edb85.err.log	
135	module/spring-boot-webflux-test	org.springframework.boot.webflux.test.autoconfigure.WebFluxTestJacksonComponentIntegrationTests	craton	on	0	PASS	10.871	1	0	0	0	0	/data/data/cratonvm/apps/spring-boot-suite-runner/.suite/results/craton-fullsuite-azure-20260805-s8/all-jit/logs/module_spring-boot-webflux-test.org.springframework.boot.webflux.test.autoconfigure.WebFluxTestJacksonComp-9bff0f2613b0.out.log	/data/data/cratonvm/apps/spring-boot-suite-runner/.suite/results/craton-fullsuite-azure-20260805-s8/all-jit/logs/module_spring-boot-webflux-test.org.springframework.boot.webflux.test.autoconfigure.WebFluxTestJacksonComp-9bff0f2613b0.err.log	
136	module/spring-boot-webflux-test	org.springframework.boot.webflux.test.autoconfigure.WebFluxTestJsonComponentIntegrationTests	craton	on	0	PASS	10.664	1	0	0	0	0	/data/data/cratonvm/apps/spring-boot-suite-runner/.suite/results/craton-fullsuite-azure-20260805-s8/all-jit/logs/module_spring-boot-webflux-test.org.springframework.boot.webflux.test.autoconfigure.WebFluxTestJsonCompone-0a28c47ab292.out.log	/data/data/cratonvm/apps/spring-boot-suite-runner/.suite/results/craton-fullsuite-azure-20260805-s8/all-jit/logs/module_spring-boot-webflux-test.org.springframework.boot.webflux.test.autoconfigure.WebFluxTestJsonCompone-0a28c47ab292.err.log	
137	module/spring-boot-webflux-test	org.springframework.boot.webflux.test.autoconfigure.WebFluxTestMessageSourceIntegrationTests	craton	on	0	PASS	11.066	1	0	0	0	0	/data/data/cratonvm/apps/spring-boot-suite-runner/.suite/results/craton-fullsuite-azure-20260805-s8/all-jit/logs/module_spring-boot-webflux-test.org.springframework.boot.webflux.test.autoconfigure.WebFluxTestMessageSour-636ac14cd917.out.log	/data/data/cratonvm/apps/spring-boot-suite-runner/.suite/results/craton-fullsuite-azure-20260805-s8/all-jit/logs/module_spring-boot-webflux-test.org.springframework.boot.webflux.test.autoconfigure.WebFluxTestMessageSour-636ac14cd917.err.log	
138	module/spring-boot-webflux-test	org.springframework.boot.webflux.test.autoconfigure.WebFluxTestOneControllerIntegrationTests	craton	on	0	PASS	10.660	2	0	0	0	0	/data/data/cratonvm/apps/spring-boot-suite-runner/.suite/results/craton-fullsuite-azure-20260805-s8/all-jit/logs/module_spring-boot-webflux-test.org.springframework.boot.webflux.test.autoconfigure.WebFluxTestOneControll-9befbc67ab3c.out.log	/data/data/cratonvm/apps/spring-boot-suite-runner/.suite/results/craton-fullsuite-azure-20260805-s8/all-jit/logs/module_spring-boot-webflux-test.org.springframework.boot.webflux.test.autoconfigure.WebFluxTestOneControll-9befbc67ab3c.err.log	
139	module/spring-boot-webflux-test	org.springframework.boot.webflux.test.autoconfigure.WebFluxTestPropertiesIntegrationTests	craton	on	0	PASS	11.263	2	0	0	0	0	/data/data/cratonvm/apps/spring-boot-suite-runner/.suite/results/craton-fullsuite-azure-20260805-s8/all-jit/logs/module_spring-boot-webflux-test.org.springframework.boot.webflux.test.autoconfigure.WebFluxTestPropertiesI-ae7b17957691.out.log	/data/data/cratonvm/apps/spring-boot-suite-runner/.suite/results/craton-fullsuite-azure-20260805-s8/all-jit/logs/module_spring-boot-webflux-test.org.springframework.boot.webflux.test.autoconfigure.WebFluxTestPropertiesI-ae7b17957691.err.log	
140	module/spring-boot-webflux	org.springframework.boot.webflux.autoconfigure.WebFluxAutoConfigurationTests	craton	on	0	PASS	129.099	70	0	0	0	0	/data/data/cratonvm/apps/spring-boot-suite-runner/.suite/results/craton-fullsuite-azure-20260805-s8/all-jit/logs/module_spring-boot-webflux.org.springframework.boot.webflux.autoconfigure.WebFluxAutoConfigurationTests.out.log	/data/data/cratonvm/apps/spring-boot-suite-runner/.suite/results/craton-fullsuite-azure-20260805-s8/all-jit/logs/module_spring-boot-webflux.org.springframework.boot.webflux.autoconfigure.WebFluxAutoConfigurationTests.err.log	
141	module/spring-boot-webflux-test	org.springframework.boot.webflux.test.autoconfigure.WebFluxTypeExcludeFilterTests	craton	on	0	PASS	1.406	5	0	0	0	0	/data/data/cratonvm/apps/spring-boot-suite-runner/.suite/results/craton-fullsuite-azure-20260805-s8/all-jit/logs/module_spring-boot-webflux-test.org.springframework.boot.webflux.test.autoconfigure.WebFluxTypeExcludeFilterTests.out.log	/data/data/cratonvm/apps/spring-boot-suite-runner/.suite/results/craton-fullsuite-azure-20260805-s8/all-jit/logs/module_spring-boot-webflux-test.org.springframework.boot.webflux.test.autoconfigure.WebFluxTypeExcludeFilterTests.err.log	
142	module/spring-boot-webmvc	org.springframework.boot.webmvc.actuate.endpoint.web.AbstractWebMvcEndpointHandlerMappingTests	craton	on	0	PASS	0.805	1	0	0	0	0	/data/data/cratonvm/apps/spring-boot-suite-runner/.suite/results/craton-fullsuite-azure-20260805-s8/all-jit/logs/module_spring-boot-webmvc.org.springframework.boot.webmvc.actuate.endpoint.web.AbstractWebMvcEndpointHandl-02015acb51c9.out.log	/data/data/cratonvm/apps/spring-boot-suite-runner/.suite/results/craton-fullsuite-azure-20260805-s8/all-jit/logs/module_spring-boot-webmvc.org.springframework.boot.webmvc.actuate.endpoint.web.AbstractWebMvcEndpointHandl-02015acb51c9.err.log	
143	module/spring-boot-webmvc	org.springframework.boot.webmvc.actuate.endpoint.web.ControllerEndpointHandlerMappingTests	craton	on	0	PASS	2.211	4	0	0	0	0	/data/data/cratonvm/apps/spring-boot-suite-runner/.suite/results/craton-fullsuite-azure-20260805-s8/all-jit/logs/module_spring-boot-webmvc.org.springframework.boot.webmvc.actuate.endpoint.web.ControllerEndpointHandlerMappingTests.out.log	/data/data/cratonvm/apps/spring-boot-suite-runner/.suite/results/craton-fullsuite-azure-20260805-s8/all-jit/logs/module_spring-boot-webmvc.org.springframework.boot.webmvc.actuate.endpoint.web.ControllerEndpointHandlerMappingTests.err.log	
144	module/spring-boot-webmvc	org.springframework.boot.webmvc.actuate.endpoint.web.WebMvcEndpointHandlerMappingTests	craton	on	0	PASS	0.603	1	0	0	0	0	/data/data/cratonvm/apps/spring-boot-suite-runner/.suite/results/craton-fullsuite-azure-20260805-s8/all-jit/logs/module_spring-boot-webmvc.org.springframework.boot.webmvc.actuate.endpoint.web.WebMvcEndpointHandlerMappingTests.out.log	/data/data/cratonvm/apps/spring-boot-suite-runner/.suite/results/craton-fullsuite-azure-20260805-s8/all-jit/logs/module_spring-boot-webmvc.org.springframework.boot.webmvc.actuate.endpoint.web.WebMvcEndpointHandlerMappingTests.err.log	
145	module/spring-boot-webflux-test	org.springframework.boot.webflux.test.autoconfigure.WebFluxTestWebTestClientCodecCustomizationIntegrationTests	craton	on	0	PASS	10.316	1	0	0	0	0	/data/data/cratonvm/apps/spring-boot-suite-runner/.suite/results/craton-fullsuite-azure-20260805-s8/all-jit/logs/module_spring-boot-webflux-test.org.springframework.boot.webflux.test.autoconfigure.WebFluxTestWebTestClie-c6eef02967b4.out.log	/data/data/cratonvm/apps/spring-boot-suite-runner/.suite/results/craton-fullsuite-azure-20260805-s8/all-jit/logs/module_spring-boot-webflux-test.org.springframework.boot.webflux.test.autoconfigure.WebFluxTestWebTestClie-c6eef02967b4.err.log	
146	module/spring-boot-webmvc	org.springframework.boot.webmvc.actuate.web.mappings.DispatcherServletsMappingDescriptionProviderTests	craton	on	0	PASS	7.646	3	0	0	0	0	/data/data/cratonvm/apps/spring-boot-suite-runner/.suite/results/craton-fullsuite-azure-20260805-s8/all-jit/logs/module_spring-boot-webmvc.org.springframework.boot.webmvc.actuate.web.mappings.DispatcherServletsMappingDe-e385a3908dee.out.log	/data/data/cratonvm/apps/spring-boot-suite-runner/.suite/results/craton-fullsuite-azure-20260805-s8/all-jit/logs/module_spring-boot-webmvc.org.springframework.boot.webmvc.actuate.web.mappings.DispatcherServletsMappingDe-e385a3908dee.err.log	
147	module/spring-boot-webmvc	org.springframework.boot.webmvc.autoconfigure.actuate.endpoint.web.WebMvcHealthEndpointExtensionAutoConfigurationTests	craton	on	0	PASS	4.830	2	0	0	0	0	/data/data/cratonvm/apps/spring-boot-suite-runner/.suite/results/craton-fullsuite-azure-20260805-s8/all-jit/logs/module_spring-boot-webmvc.org.springframework.boot.webmvc.autoconfigure.actuate.endpoint.web.WebMvcHealthE-8a67dc7f56f5.out.log	/data/data/cratonvm/apps/spring-boot-suite-runner/.suite/results/craton-fullsuite-azure-20260805-s8/all-jit/logs/module_spring-boot-webmvc.org.springframework.boot.webmvc.autoconfigure.actuate.endpoint.web.WebMvcHealthE-8a67dc7f56f5.err.log	
148	module/spring-boot-webmvc	org.springframework.boot.webmvc.autoconfigure.actuate.web.CompositeHandlerExceptionResolverTests	craton	on	0	PASS	1.006	2	0	0	0	0	/data/data/cratonvm/apps/spring-boot-suite-runner/.suite/results/craton-fullsuite-azure-20260805-s8/all-jit/logs/module_spring-boot-webmvc.org.springframework.boot.webmvc.autoconfigure.actuate.web.CompositeHandlerExcept-692ac3a2cec3.out.log	/data/data/cratonvm/apps/spring-boot-suite-runner/.suite/results/craton-fullsuite-azure-20260805-s8/all-jit/logs/module_spring-boot-webmvc.org.springframework.boot.webmvc.autoconfigure.actuate.web.CompositeHandlerExcept-692ac3a2cec3.err.log	
149	module/spring-boot-webmvc	org.springframework.boot.webmvc.autoconfigure.actuate.web.ControllerEndpointWebMvcIntegrationTests	craton	on	0	PASS	8.237	1	0	0	0	0	/data/data/cratonvm/apps/spring-boot-suite-runner/.suite/results/craton-fullsuite-azure-20260805-s8/all-jit/logs/module_spring-boot-webmvc.org.springframework.boot.webmvc.autoconfigure.actuate.web.ControllerEndpointWebM-772b6c8e3cc8.out.log	/data/data/cratonvm/apps/spring-boot-suite-runner/.suite/results/craton-fullsuite-azure-20260805-s8/all-jit/logs/module_spring-boot-webmvc.org.springframework.boot.webmvc.autoconfigure.actuate.web.ControllerEndpointWebM-772b6c8e3cc8.err.log	
150	module/spring-boot-webmvc	org.springframework.boot.webmvc.autoconfigure.actuate.web.ManagementErrorEndpointTests	craton	on	0	PASS	0.804	8	0	0	0	0	/data/data/cratonvm/apps/spring-boot-suite-runner/.suite/results/craton-fullsuite-azure-20260805-s8/all-jit/logs/module_spring-boot-webmvc.org.springframework.boot.webmvc.autoconfigure.actuate.web.ManagementErrorEndpointTests.out.log	/data/data/cratonvm/apps/spring-boot-suite-runner/.suite/results/craton-fullsuite-azure-20260805-s8/all-jit/logs/module_spring-boot-webmvc.org.springframework.boot.webmvc.autoconfigure.actuate.web.ManagementErrorEndpointTests.err.log	
151	module/spring-boot-webmvc	org.springframework.boot.webmvc.autoconfigure.actuate.web.mappings.WebMvcMappingsAutoConfigurationTests	craton	on	0	PASS	2.008	3	0	0	0	0	/data/data/cratonvm/apps/spring-boot-suite-runner/.suite/results/craton-fullsuite-azure-20260805-s8/all-jit/logs/module_spring-boot-webmvc.org.springframework.boot.webmvc.autoconfigure.actuate.web.mappings.WebMvcMapping-8a90ace711e6.out.log	/data/data/cratonvm/apps/spring-boot-suite-runner/.suite/results/craton-fullsuite-azure-20260805-s8/all-jit/logs/module_spring-boot-webmvc.org.springframework.boot.webmvc.autoconfigure.actuate.web.mappings.WebMvcMapping-8a90ace711e6.err.log	
152	module/spring-boot-webmvc	org.springframework.boot.webmvc.autoconfigure.actuate.web.WebMvcEndpointAccessIntegrationTests	craton	on	0	PASS	55.675	6	0	0	0	0	/data/data/cratonvm/apps/spring-boot-suite-runner/.suite/results/craton-fullsuite-azure-20260805-s8/all-jit/logs/module_spring-boot-webmvc.org.springframework.boot.webmvc.autoconfigure.actuate.web.WebMvcEndpointAccessIn-84b338b82500.out.log	/data/data/cratonvm/apps/spring-boot-suite-runner/.suite/results/craton-fullsuite-azure-20260805-s8/all-jit/logs/module_spring-boot-webmvc.org.springframework.boot.webmvc.autoconfigure.actuate.web.WebMvcEndpointAccessIn-84b338b82500.err.log	
153	module/spring-boot-webmvc	org.springframework.boot.webmvc.autoconfigure.actuate.endpoint.web.WebMvcHealthEndpointAdditionalPathIntegrationTests	craton	on	0	PASS	95.546	8	0	0	0	0	/data/data/cratonvm/apps/spring-boot-suite-runner/.suite/results/craton-fullsuite-azure-20260805-s8/all-jit/logs/module_spring-boot-webmvc.org.springframework.boot.webmvc.autoconfigure.actuate.endpoint.web.WebMvcHealthE-5454e505205d.out.log	/data/data/cratonvm/apps/spring-boot-suite-runner/.suite/results/craton-fullsuite-azure-20260805-s8/all-jit/logs/module_spring-boot-webmvc.org.springframework.boot.webmvc.autoconfigure.actuate.endpoint.web.WebMvcHealthE-5454e505205d.err.log	
154	module/spring-boot-webmvc	org.springframework.boot.webmvc.autoconfigure.actuate.web.WebMvcEndpointChildContextConfigurationTests	craton	on	0	PASS	5.624	4	0	0	0	0	/data/data/cratonvm/apps/spring-boot-suite-runner/.suite/results/craton-fullsuite-azure-20260805-s8/all-jit/logs/module_spring-boot-webmvc.org.springframework.boot.webmvc.autoconfigure.actuate.web.WebMvcEndpointChildCon-bb1e0732811a.out.log	/data/data/cratonvm/apps/spring-boot-suite-runner/.suite/results/craton-fullsuite-azure-20260805-s8/all-jit/logs/module_spring-boot-webmvc.org.springframework.boot.webmvc.autoconfigure.actuate.web.WebMvcEndpointChildCon-bb1e0732811a.err.log	
155	module/spring-boot-webmvc	org.springframework.boot.webmvc.autoconfigure.actuate.web.WebMvcEndpointChildContextConfigurationIntegrationTests	craton	on	0	PASS	54.660	6	0	0	0	0	/data/data/cratonvm/apps/spring-boot-suite-runner/.suite/results/craton-fullsuite-azure-20260805-s8/all-jit/logs/module_spring-boot-webmvc.org.springframework.boot.webmvc.autoconfigure.actuate.web.WebMvcEndpointChildCon-94b6f8c3a530.out.log	/data/data/cratonvm/apps/spring-boot-suite-runner/.suite/results/craton-fullsuite-azure-20260805-s8/all-jit/logs/module_spring-boot-webmvc.org.springframework.boot.webmvc.autoconfigure.actuate.web.WebMvcEndpointChildCon-94b6f8c3a530.err.log	
156	module/spring-boot-webmvc	org.springframework.boot.webmvc.autoconfigure.actuate.web.WebMvcEndpointCorsIntegrationTests	craton	on	0	PASS	59.459	11	0	0	0	0	/data/data/cratonvm/apps/spring-boot-suite-runner/.suite/results/craton-fullsuite-azure-20260805-s8/all-jit/logs/module_spring-boot-webmvc.org.springframework.boot.webmvc.autoconfigure.actuate.web.WebMvcEndpointCorsIntegrationTests.out.log	/data/data/cratonvm/apps/spring-boot-suite-runner/.suite/results/craton-fullsuite-azure-20260805-s8/all-jit/logs/module_spring-boot-webmvc.org.springframework.boot.webmvc.autoconfigure.actuate.web.WebMvcEndpointCorsIntegrationTests.err.log	
157	module/spring-boot-webmvc	org.springframework.boot.webmvc.autoconfigure.actuate.web.WebMvcEndpointExposureIntegrationTests	craton	on	0	PASS	36.159	4	0	0	0	0	/data/data/cratonvm/apps/spring-boot-suite-runner/.suite/results/craton-fullsuite-azure-20260805-s8/all-jit/logs/module_spring-boot-webmvc.org.springframework.boot.webmvc.autoconfigure.actuate.web.WebMvcEndpointExposure-83a3d355444e.out.log	/data/data/cratonvm/apps/spring-boot-suite-runner/.suite/results/craton-fullsuite-azure-20260805-s8/all-jit/logs/module_spring-boot-webmvc.org.springframework.boot.webmvc.autoconfigure.actuate.web.WebMvcEndpointExposure-83a3d355444e.err.log	
158	module/spring-boot-webmvc	org.springframework.boot.webmvc.autoconfigure.actuate.web.WebMvcEndpointManagementContextConfigurationTests	craton	on	0	PASS	7.430	3	0	0	0	0	/data/data/cratonvm/apps/spring-boot-suite-runner/.suite/results/craton-fullsuite-azure-20260805-s8/all-jit/logs/module_spring-boot-webmvc.org.springframework.boot.webmvc.autoconfigure.actuate.web.WebMvcEndpointManageme-ca7e5fc94069.out.log	/data/data/cratonvm/apps/spring-boot-suite-runner/.suite/results/craton-fullsuite-azure-20260805-s8/all-jit/logs/module_spring-boot-webmvc.org.springframework.boot.webmvc.autoconfigure.actuate.web.WebMvcEndpointManageme-ca7e5fc94069.err.log	
159	module/spring-boot-webmvc	org.springframework.boot.webmvc.autoconfigure.DispatcherServletAutoConfigurationTests	craton	on	0	PASS	9.236	13	0	0	0	0	/data/data/cratonvm/apps/spring-boot-suite-runner/.suite/results/craton-fullsuite-azure-20260805-s8/all-jit/logs/module_spring-boot-webmvc.org.springframework.boot.webmvc.autoconfigure.DispatcherServletAutoConfigurationTests.out.log	/data/data/cratonvm/apps/spring-boot-suite-runner/.suite/results/craton-fullsuite-azure-20260805-s8/all-jit/logs/module_spring-boot-webmvc.org.springframework.boot.webmvc.autoconfigure.DispatcherServletAutoConfigurationTests.err.log	
160	module/spring-boot-webmvc	org.springframework.boot.webmvc.autoconfigure.DispatcherServletPathTests	craton	on	0	PASS	0.803	9	0	0	0	0	/data/data/cratonvm/apps/spring-boot-suite-runner/.suite/results/craton-fullsuite-azure-20260805-s8/all-jit/logs/module_spring-boot-webmvc.org.springframework.boot.webmvc.autoconfigure.DispatcherServletPathTests.out.log	/data/data/cratonvm/apps/spring-boot-suite-runner/.suite/results/craton-fullsuite-azure-20260805-s8/all-jit/logs/module_spring-boot-webmvc.org.springframework.boot.webmvc.autoconfigure.DispatcherServletPathTests.err.log	
161	module/spring-boot-webmvc	org.springframework.boot.webmvc.autoconfigure.DispatcherServletRegistrationBeanTests	craton	on	0	PASS	0.602	5	0	0	0	0	/data/data/cratonvm/apps/spring-boot-suite-runner/.suite/results/craton-fullsuite-azure-20260805-s8/all-jit/logs/module_spring-boot-webmvc.org.springframework.boot.webmvc.autoconfigure.DispatcherServletRegistrationBeanTests.out.log	/data/data/cratonvm/apps/spring-boot-suite-runner/.suite/results/craton-fullsuite-azure-20260805-s8/all-jit/logs/module_spring-boot-webmvc.org.springframework.boot.webmvc.autoconfigure.DispatcherServletRegistrationBeanTests.err.log	
162	module/spring-boot-webmvc	org.springframework.boot.webmvc.autoconfigure.actuate.web.WebMvcEndpointIntegrationTests	craton	on	0	PASS	24.361	4	0	0	0	0	/data/data/cratonvm/apps/spring-boot-suite-runner/.suite/results/craton-fullsuite-azure-20260805-s8/all-jit/logs/module_spring-boot-webmvc.org.springframework.boot.webmvc.autoconfigure.actuate.web.WebMvcEndpointIntegrationTests.out.log	/data/data/cratonvm/apps/spring-boot-suite-runner/.suite/results/craton-fullsuite-azure-20260805-s8/all-jit/logs/module_spring-boot-webmvc.org.springframework.boot.webmvc.autoconfigure.actuate.web.WebMvcEndpointIntegrationTests.err.log	
163	module/spring-boot-webmvc	org.springframework.boot.webmvc.autoconfigure.error.BasicErrorControllerDirectMockMvcTests	craton	on	0	PASS	27.741	4	0	0	0	0	/data/data/cratonvm/apps/spring-boot-suite-runner/.suite/results/craton-fullsuite-azure-20260805-s8/all-jit/logs/module_spring-boot-webmvc.org.springframework.boot.webmvc.autoconfigure.error.BasicErrorControllerDirectMockMvcTests.out.log	/data/data/cratonvm/apps/spring-boot-suite-runner/.suite/results/craton-fullsuite-azure-20260805-s8/all-jit/logs/module_spring-boot-webmvc.org.springframework.boot.webmvc.autoconfigure.error.BasicErrorControllerDirectMockMvcTests.err.log	
164	module/spring-boot-webmvc	org.springframework.boot.webmvc.autoconfigure.error.BasicErrorControllerMockMvcTests	craton	on	0	PASS	6.024	5	0	0	0	0	/data/data/cratonvm/apps/spring-boot-suite-runner/.suite/results/craton-fullsuite-azure-20260805-s8/all-jit/logs/module_spring-boot-webmvc.org.springframework.boot.webmvc.autoconfigure.error.BasicErrorControllerMockMvcTests.out.log	/data/data/cratonvm/apps/spring-boot-suite-runner/.suite/results/craton-fullsuite-azure-20260805-s8/all-jit/logs/module_spring-boot-webmvc.org.springframework.boot.webmvc.autoconfigure.error.BasicErrorControllerMockMvcTests.err.log	
165	module/spring-boot-webmvc	org.springframework.boot.webmvc.autoconfigure.error.DefaultErrorViewIntegrationTests	craton	on	0	PASS	7.837	3	0	0	0	0	/data/data/cratonvm/apps/spring-boot-suite-runner/.suite/results/craton-fullsuite-azure-20260805-s8/all-jit/logs/module_spring-boot-webmvc.org.springframework.boot.webmvc.autoconfigure.error.DefaultErrorViewIntegrationTests.out.log	/data/data/cratonvm/apps/spring-boot-suite-runner/.suite/results/craton-fullsuite-azure-20260805-s8/all-jit/logs/module_spring-boot-webmvc.org.springframework.boot.webmvc.autoconfigure.error.DefaultErrorViewIntegrationTests.err.log	
166	module/spring-boot-webmvc	org.springframework.boot.webmvc.autoconfigure.error.DefaultErrorViewResolverTests	craton	on	0	PASS	4.821	13	0	0	0	0	/data/data/cratonvm/apps/spring-boot-suite-runner/.suite/results/craton-fullsuite-azure-20260805-s8/all-jit/logs/module_spring-boot-webmvc.org.springframework.boot.webmvc.autoconfigure.error.DefaultErrorViewResolverTests.out.log	/data/data/cratonvm/apps/spring-boot-suite-runner/.suite/results/craton-fullsuite-azure-20260805-s8/all-jit/logs/module_spring-boot-webmvc.org.springframework.boot.webmvc.autoconfigure.error.DefaultErrorViewResolverTests.err.log	
167	module/spring-boot-webmvc	org.springframework.boot.webmvc.autoconfigure.error.ErrorMvcAutoConfigurationTests	craton	on	0	PASS	5.020	4	0	0	0	0	/data/data/cratonvm/apps/spring-boot-suite-runner/.suite/results/craton-fullsuite-azure-20260805-s8/all-jit/logs/module_spring-boot-webmvc.org.springframework.boot.webmvc.autoconfigure.error.ErrorMvcAutoConfigurationTests.out.log	/data/data/cratonvm/apps/spring-boot-suite-runner/.suite/results/craton-fullsuite-azure-20260805-s8/all-jit/logs/module_spring-boot-webmvc.org.springframework.boot.webmvc.autoconfigure.error.ErrorMvcAutoConfigurationTests.err.log	
168	module/spring-boot-webmvc	org.springframework.boot.webmvc.autoconfigure.error.RemappedErrorViewIntegrationTests	craton	on	0	PASS	9.838	2	0	0	0	0	/data/data/cratonvm/apps/spring-boot-suite-runner/.suite/results/craton-fullsuite-azure-20260805-s8/all-jit/logs/module_spring-boot-webmvc.org.springframework.boot.webmvc.autoconfigure.error.RemappedErrorViewIntegrationTests.out.log	/data/data/cratonvm/apps/spring-boot-suite-runner/.suite/results/craton-fullsuite-azure-20260805-s8/all-jit/logs/module_spring-boot-webmvc.org.springframework.boot.webmvc.autoconfigure.error.RemappedErrorViewIntegrationTests.err.log	
169	module/spring-boot-webmvc	org.springframework.boot.webmvc.autoconfigure.JspTemplateAvailabilityProviderTests	craton	on	0	PASS	0.603	5	0	0	0	0	/data/data/cratonvm/apps/spring-boot-suite-runner/.suite/results/craton-fullsuite-azure-20260805-s8/all-jit/logs/module_spring-boot-webmvc.org.springframework.boot.webmvc.autoconfigure.JspTemplateAvailabilityProviderTests.out.log	/data/data/cratonvm/apps/spring-boot-suite-runner/.suite/results/craton-fullsuite-azure-20260805-s8/all-jit/logs/module_spring-boot-webmvc.org.springframework.boot.webmvc.autoconfigure.JspTemplateAvailabilityProviderTests.err.log	
170	module/spring-boot-webmvc	org.springframework.boot.webmvc.autoconfigure.WebMvcAutoConfigurationTests	craton	on	1	FAIL	33.540	93	88	0	0	0	/data/data/cratonvm/apps/spring-boot-suite-runner/.suite/results/craton-fullsuite-azure-20260805-s8/all-jit/logs/module_spring-boot-webmvc.org.springframework.boot.webmvc.autoconfigure.WebMvcAutoConfigurationTests.out.log	/data/data/cratonvm/apps/spring-boot-suite-runner/.suite/results/craton-fullsuite-azure-20260805-s8/all-jit/logs/module_spring-boot-webmvc.org.springframework.boot.webmvc.autoconfigure.WebMvcAutoConfigurationTests.err.log	11:58:08.062 [main] WARN org.springframework.boot.web.context.servlet.AnnotationConfigServletWebApplicationContext -- Exception encountered during context initialization - cancelli | hotspot-baseline: PASS 0/93
171	module/spring-boot-webmvc	org.springframework.boot.webmvc.autoconfigure.WebMvcObservationAutoConfigurationTests	craton	on	1	FAIL	12.050	13	12	0	0	0	/data/data/cratonvm/apps/spring-boot-suite-runner/.suite/results/craton-fullsuite-azure-20260805-s8/all-jit/logs/module_spring-boot-webmvc.org.springframework.boot.webmvc.autoconfigure.WebMvcObservationAutoConfigurationTests.out.log	/data/data/cratonvm/apps/spring-boot-suite-runner/.suite/results/craton-fullsuite-azure-20260805-s8/all-jit/logs/module_spring-boot-webmvc.org.springframework.boot.webmvc.autoconfigure.WebMvcObservationAutoConfigurationTests.err.log	11:58:30.917 [main] WARN org.springframework.boot.web.context.servlet.AnnotationConfigServletWebApplicationContext -- Exception encountered during context initialization - cancelli | hotspot-baseline: PASS 0/13
172	module/spring-boot-webmvc	org.springframework.boot.webmvc.autoconfigure.WebMvcPropertiesTests	craton	on	0	PASS	1.004	3	0	0	0	0	/data/data/cratonvm/apps/spring-boot-suite-runner/.suite/results/craton-fullsuite-azure-20260805-s8/all-jit/logs/module_spring-boot-webmvc.org.springframework.boot.webmvc.autoconfigure.WebMvcPropertiesTests.out.log	/data/data/cratonvm/apps/spring-boot-suite-runner/.suite/results/craton-fullsuite-azure-20260805-s8/all-jit/logs/module_spring-boot-webmvc.org.springframework.boot.webmvc.autoconfigure.WebMvcPropertiesTests.err.log	
173	module/spring-boot-webmvc	org.springframework.boot.webmvc.autoconfigure.WelcomePageHandlerMappingTests	craton	on	0	PASS	5.421	12	0	0	0	0	/data/data/cratonvm/apps/spring-boot-suite-runner/.suite/results/craton-fullsuite-azure-20260805-s8/all-jit/logs/module_spring-boot-webmvc.org.springframework.boot.webmvc.autoconfigure.WelcomePageHandlerMappingTests.out.log	/data/data/cratonvm/apps/spring-boot-suite-runner/.suite/results/craton-fullsuite-azure-20260805-s8/all-jit/logs/module_spring-boot-webmvc.org.springframework.boot.webmvc.autoconfigure.WelcomePageHandlerMappingTests.err.log	
174	module/spring-boot-webmvc	org.springframework.boot.webmvc.autoconfigure.WelcomePageIntegrationTests	craton	on	0	PASS	10.840	2	0	0	0	0	/data/data/cratonvm/apps/spring-boot-suite-runner/.suite/results/craton-fullsuite-azure-20260805-s8/all-jit/logs/module_spring-boot-webmvc.org.springframework.boot.webmvc.autoconfigure.WelcomePageIntegrationTests.out.log	/data/data/cratonvm/apps/spring-boot-suite-runner/.suite/results/craton-fullsuite-azure-20260805-s8/all-jit/logs/module_spring-boot-webmvc.org.springframework.boot.webmvc.autoconfigure.WelcomePageIntegrationTests.err.log	
175	module/spring-boot-webmvc	org.springframework.boot.webmvc.autoconfigure.WelcomePageNotAcceptableHandlerMappingTests	craton	on	0	PASS	5.823	7	0	0	0	0	/data/data/cratonvm/apps/spring-boot-suite-runner/.suite/results/craton-fullsuite-azure-20260805-s8/all-jit/logs/module_spring-boot-webmvc.org.springframework.boot.webmvc.autoconfigure.WelcomePageNotAcceptableHandlerMappingTests.out.log	/data/data/cratonvm/apps/spring-boot-suite-runner/.suite/results/craton-fullsuite-azure-20260805-s8/all-jit/logs/module_spring-boot-webmvc.org.springframework.boot.webmvc.autoconfigure.WelcomePageNotAcceptableHandlerMappingTests.err.log	
176	module/spring-boot-webmvc	org.springframework.boot.webmvc.error.DefaultErrorAttributesTests	craton	on	0	PASS	3.212	25	0	0	0	0	/data/data/cratonvm/apps/spring-boot-suite-runner/.suite/results/craton-fullsuite-azure-20260805-s8/all-jit/logs/module_spring-boot-webmvc.org.springframework.boot.webmvc.error.DefaultErrorAttributesTests.out.log	/data/data/cratonvm/apps/spring-boot-suite-runner/.suite/results/craton-fullsuite-azure-20260805-s8/all-jit/logs/module_spring-boot-webmvc.org.springframework.boot.webmvc.error.DefaultErrorAttributesTests.err.log	
177	module/spring-boot-webmvc-test	org.springframework.boot.webmvc.test.autoconfigure.mockmvc.MockMvcSpringBootTestIntegrationTests	craton	on	0	PASS	16.861	6	0	0	0	0	/data/data/cratonvm/apps/spring-boot-suite-runner/.suite/results/craton-fullsuite-azure-20260805-s8/all-jit/logs/module_spring-boot-webmvc-test.org.springframework.boot.webmvc.test.autoconfigure.mockmvc.MockMvcSpringBoo-13242e234abc.out.log	/data/data/cratonvm/apps/spring-boot-suite-runner/.suite/results/craton-fullsuite-azure-20260805-s8/all-jit/logs/module_spring-boot-webmvc-test.org.springframework.boot.webmvc.test.autoconfigure.mockmvc.MockMvcSpringBoo-13242e234abc.err.log	
178	module/spring-boot-webmvc-test	org.springframework.boot.webmvc.test.autoconfigure.mockmvc.MockMvcTesterSpringBootTestIntegrationTests	craton	on	0	PASS	15.053	6	0	0	0	0	/data/data/cratonvm/apps/spring-boot-suite-runner/.suite/results/craton-fullsuite-azure-20260805-s8/all-jit/logs/module_spring-boot-webmvc-test.org.springframework.boot.webmvc.test.autoconfigure.mockmvc.MockMvcTesterSpr-dde51d6ee296.out.log	/data/data/cratonvm/apps/spring-boot-suite-runner/.suite/results/craton-fullsuite-azure-20260805-s8/all-jit/logs/module_spring-boot-webmvc-test.org.springframework.boot.webmvc.test.autoconfigure.mockmvc.MockMvcTesterSpr-dde51d6ee296.err.log	
179	module/spring-boot-webmvc-test	org.springframework.boot.webmvc.test.autoconfigure.mockmvc.WebMvcTestAllControllersIntegrationTests	craton	on	0	PASS	11.441	6	0	0	0	0	/data/data/cratonvm/apps/spring-boot-suite-runner/.suite/results/craton-fullsuite-azure-20260805-s8/all-jit/logs/module_spring-boot-webmvc-test.org.springframework.boot.webmvc.test.autoconfigure.mockmvc.WebMvcTestAllCon-acd151fd5ebf.out.log	/data/data/cratonvm/apps/spring-boot-suite-runner/.suite/results/craton-fullsuite-azure-20260805-s8/all-jit/logs/module_spring-boot-webmvc-test.org.springframework.boot.webmvc.test.autoconfigure.mockmvc.WebMvcTestAllCon-acd151fd5ebf.err.log	
180	module/spring-boot-webmvc	org.springframework.boot.webmvc.autoconfigure.error.BasicErrorControllerIntegrationTests	craton	on	0	PASS	177.582	26	0	0	0	0	/data/data/cratonvm/apps/spring-boot-suite-runner/.suite/results/craton-fullsuite-azure-20260805-s8/all-jit/logs/module_spring-boot-webmvc.org.springframework.boot.webmvc.autoconfigure.error.BasicErrorControllerIntegrationTests.out.log	/data/data/cratonvm/apps/spring-boot-suite-runner/.suite/results/craton-fullsuite-azure-20260805-s8/all-jit/logs/module_spring-boot-webmvc.org.springframework.boot.webmvc.autoconfigure.error.BasicErrorControllerIntegrationTests.err.log	
181	module/spring-boot-webmvc-test	org.springframework.boot.webmvc.test.autoconfigure.mockmvc.WebMvcTestConverterIntegrationTests	craton	on	0	PASS	10.654	1	0	0	0	0	/data/data/cratonvm/apps/spring-boot-suite-runner/.suite/results/craton-fullsuite-azure-20260805-s8/all-jit/logs/module_spring-boot-webmvc-test.org.springframework.boot.webmvc.test.autoconfigure.mockmvc.WebMvcTestConver-825c7d5ce8e7.out.log	/data/data/cratonvm/apps/spring-boot-suite-runner/.suite/results/craton-fullsuite-azure-20260805-s8/all-jit/logs/module_spring-boot-webmvc-test.org.springframework.boot.webmvc.test.autoconfigure.mockmvc.WebMvcTestConver-825c7d5ce8e7.err.log	
182	module/spring-boot-webmvc-test	org.springframework.boot.webmvc.test.autoconfigure.mockmvc.WebMvcTestCustomDispatcherServletIntegrationTests	craton	on	0	PASS	10.851	1	0	0	0	0	/data/data/cratonvm/apps/spring-boot-suite-runner/.suite/results/craton-fullsuite-azure-20260805-s8/all-jit/logs/module_spring-boot-webmvc-test.org.springframework.boot.webmvc.test.autoconfigure.mockmvc.WebMvcTestCustom-968556564c83.out.log	/data/data/cratonvm/apps/spring-boot-suite-runner/.suite/results/craton-fullsuite-azure-20260805-s8/all-jit/logs/module_spring-boot-webmvc-test.org.springframework.boot.webmvc.test.autoconfigure.mockmvc.WebMvcTestCustom-968556564c83.err.log	
183	module/spring-boot-webmvc-test	org.springframework.boot.webmvc.test.autoconfigure.mockmvc.WebMvcTestHtmlUnitWebDriverCustomScopeIntegrationTests	craton	on	0	PASS	9.433	2	0	0	0	0	/data/data/cratonvm/apps/spring-boot-suite-runner/.suite/results/craton-fullsuite-azure-20260805-s8/all-jit/logs/module_spring-boot-webmvc-test.org.springframework.boot.webmvc.test.autoconfigure.mockmvc.WebMvcTestHtmlUn-4ded5e6e5fb0.out.log	/data/data/cratonvm/apps/spring-boot-suite-runner/.suite/results/craton-fullsuite-azure-20260805-s8/all-jit/logs/module_spring-boot-webmvc-test.org.springframework.boot.webmvc.test.autoconfigure.mockmvc.WebMvcTestHtmlUn-4ded5e6e5fb0.err.log	
184	module/spring-boot-webmvc-test	org.springframework.boot.webmvc.test.autoconfigure.mockmvc.WebMvcTestHtmlUnitWebClientIntegrationTests	craton	on	0	PASS	11.657	1	0	0	0	0	/data/data/cratonvm/apps/spring-boot-suite-runner/.suite/results/craton-fullsuite-azure-20260805-s8/all-jit/logs/module_spring-boot-webmvc-test.org.springframework.boot.webmvc.test.autoconfigure.mockmvc.WebMvcTestHtmlUn-a6f07fa1d3a8.out.log	/data/data/cratonvm/apps/spring-boot-suite-runner/.suite/results/craton-fullsuite-azure-20260805-s8/all-jit/logs/module_spring-boot-webmvc-test.org.springframework.boot.webmvc.test.autoconfigure.mockmvc.WebMvcTestHtmlUn-a6f07fa1d3a8.err.log	
185	module/spring-boot-webmvc-test	org.springframework.boot.webmvc.test.autoconfigure.mockmvc.WebMvcTestJacksonComponentIntegrationTests	craton	on	0	PASS	10.435	1	0	0	0	0	/data/data/cratonvm/apps/spring-boot-suite-runner/.suite/results/craton-fullsuite-azure-20260805-s8/all-jit/logs/module_spring-boot-webmvc-test.org.springframework.boot.webmvc.test.autoconfigure.mockmvc.WebMvcTestJackso-79325c206d8e.out.log	/data/data/cratonvm/apps/spring-boot-suite-runner/.suite/results/craton-fullsuite-azure-20260805-s8/all-jit/logs/module_spring-boot-webmvc-test.org.springframework.boot.webmvc.test.autoconfigure.mockmvc.WebMvcTestJackso-79325c206d8e.err.log	
186	module/spring-boot-webmvc-test	org.springframework.boot.webmvc.test.autoconfigure.mockmvc.WebMvcTestHtmlUnitWebDriverIntegrationTests	craton	on	0	PASS	14.666	2	0	0	0	0	/data/data/cratonvm/apps/spring-boot-suite-runner/.suite/results/craton-fullsuite-azure-20260805-s8/all-jit/logs/module_spring-boot-webmvc-test.org.springframework.boot.webmvc.test.autoconfigure.mockmvc.WebMvcTestHtmlUn-1614f7c92a30.out.log	/data/data/cratonvm/apps/spring-boot-suite-runner/.suite/results/craton-fullsuite-azure-20260805-s8/all-jit/logs/module_spring-boot-webmvc-test.org.springframework.boot.webmvc.test.autoconfigure.mockmvc.WebMvcTestHtmlUn-1614f7c92a30.err.log	
187	module/spring-boot-webmvc-test	org.springframework.boot.webmvc.test.autoconfigure.mockmvc.WebMvcTestJsonComponentIntegrationTests	craton	on	0	PASS	10.044	1	0	0	0	0	/data/data/cratonvm/apps/spring-boot-suite-runner/.suite/results/craton-fullsuite-azure-20260805-s8/all-jit/logs/module_spring-boot-webmvc-test.org.springframework.boot.webmvc.test.autoconfigure.mockmvc.WebMvcTestJsonCo-69b80865c69c.out.log	/data/data/cratonvm/apps/spring-boot-suite-runner/.suite/results/craton-fullsuite-azure-20260805-s8/all-jit/logs/module_spring-boot-webmvc-test.org.springframework.boot.webmvc.test.autoconfigure.mockmvc.WebMvcTestJsonCo-69b80865c69c.err.log	
188	module/spring-boot-webmvc-test	org.springframework.boot.webmvc.test.autoconfigure.mockmvc.WebMvcTestMessageSourceIntegrationTests	craton	on	0	PASS	10.445	1	0	0	0	0	/data/data/cratonvm/apps/spring-boot-suite-runner/.suite/results/craton-fullsuite-azure-20260805-s8/all-jit/logs/module_spring-boot-webmvc-test.org.springframework.boot.webmvc.test.autoconfigure.mockmvc.WebMvcTestMessag-5cf4cfc55be5.out.log	/data/data/cratonvm/apps/spring-boot-suite-runner/.suite/results/craton-fullsuite-azure-20260805-s8/all-jit/logs/module_spring-boot-webmvc-test.org.springframework.boot.webmvc.test.autoconfigure.mockmvc.WebMvcTestMessag-5cf4cfc55be5.err.log	
189	module/spring-boot-webmvc-test	org.springframework.boot.webmvc.test.autoconfigure.mockmvc.WebMvcTestNestedIntegrationTests	craton	on	0	PASS	10.844	4	0	0	0	0	/data/data/cratonvm/apps/spring-boot-suite-runner/.suite/results/craton-fullsuite-azure-20260805-s8/all-jit/logs/module_spring-boot-webmvc-test.org.springframework.boot.webmvc.test.autoconfigure.mockmvc.WebMvcTestNested-13f5194f1d12.out.log	/data/data/cratonvm/apps/spring-boot-suite-runner/.suite/results/craton-fullsuite-azure-20260805-s8/all-jit/logs/module_spring-boot-webmvc-test.org.springframework.boot.webmvc.test.autoconfigure.mockmvc.WebMvcTestNested-13f5194f1d12.err.log	
190	module/spring-boot-webmvc-test	org.springframework.boot.webmvc.test.autoconfigure.mockmvc.WebMvcTestOneControllerIntegrationTests	craton	on	0	PASS	10.247	2	0	0	0	0	/data/data/cratonvm/apps/spring-boot-suite-runner/.suite/results/craton-fullsuite-azure-20260805-s8/all-jit/logs/module_spring-boot-webmvc-test.org.springframework.boot.webmvc.test.autoconfigure.mockmvc.WebMvcTestOneCon-8416127d065a.out.log	/data/data/cratonvm/apps/spring-boot-suite-runner/.suite/results/craton-fullsuite-azure-20260805-s8/all-jit/logs/module_spring-boot-webmvc-test.org.springframework.boot.webmvc.test.autoconfigure.mockmvc.WebMvcTestOneCon-8416127d065a.err.log	
191	module/spring-boot-webmvc-test	org.springframework.boot.webmvc.test.autoconfigure.mockmvc.WebMvcTestPrintAlwaysIntegrationTests	craton	on	0	PASS	10.241	1	0	0	0	0	/data/data/cratonvm/apps/spring-boot-suite-runner/.suite/results/craton-fullsuite-azure-20260805-s8/all-jit/logs/module_spring-boot-webmvc-test.org.springframework.boot.webmvc.test.autoconfigure.mockmvc.WebMvcTestPrintA-f1107be3d125.out.log	/data/data/cratonvm/apps/spring-boot-suite-runner/.suite/results/craton-fullsuite-azure-20260805-s8/all-jit/logs/module_spring-boot-webmvc-test.org.springframework.boot.webmvc.test.autoconfigure.mockmvc.WebMvcTestPrintA-f1107be3d125.err.log	
192	module/spring-boot-webmvc-test	org.springframework.boot.webmvc.test.autoconfigure.mockmvc.WebMvcTestPrintDefaultIntegrationTests	craton	on	0	PASS	12.447	2	0	0	0	0	/data/data/cratonvm/apps/spring-boot-suite-runner/.suite/results/craton-fullsuite-azure-20260805-s8/all-jit/logs/module_spring-boot-webmvc-test.org.springframework.boot.webmvc.test.autoconfigure.mockmvc.WebMvcTestPrintD-e360026c5339.out.log	/data/data/cratonvm/apps/spring-boot-suite-runner/.suite/results/craton-fullsuite-azure-20260805-s8/all-jit/logs/module_spring-boot-webmvc-test.org.springframework.boot.webmvc.test.autoconfigure.mockmvc.WebMvcTestPrintD-e360026c5339.err.log	
193	module/spring-boot-webmvc-test	org.springframework.boot.webmvc.test.autoconfigure.mockmvc.WebMvcTestPrintDefaultOverrideIntegrationTests	craton	on	0	PASS	10.644	1	0	0	0	0	/data/data/cratonvm/apps/spring-boot-suite-runner/.suite/results/craton-fullsuite-azure-20260805-s8/all-jit/logs/module_spring-boot-webmvc-test.org.springframework.boot.webmvc.test.autoconfigure.mockmvc.WebMvcTestPrintD-e3bdf39698a7.out.log	/data/data/cratonvm/apps/spring-boot-suite-runner/.suite/results/craton-fullsuite-azure-20260805-s8/all-jit/logs/module_spring-boot-webmvc-test.org.springframework.boot.webmvc.test.autoconfigure.mockmvc.WebMvcTestPrintD-e3bdf39698a7.err.log	
194	module/spring-boot-webmvc-test	org.springframework.boot.webmvc.test.autoconfigure.mockmvc.WebMvcTestPrintOverrideIntegrationTests	craton	on	0	PASS	10.244	1	0	0	0	0	/data/data/cratonvm/apps/spring-boot-suite-runner/.suite/results/craton-fullsuite-azure-20260805-s8/all-jit/logs/module_spring-boot-webmvc-test.org.springframework.boot.webmvc.test.autoconfigure.mockmvc.WebMvcTestPrintO-117e283762b2.out.log	/data/data/cratonvm/apps/spring-boot-suite-runner/.suite/results/craton-fullsuite-azure-20260805-s8/all-jit/logs/module_spring-boot-webmvc-test.org.springframework.boot.webmvc.test.autoconfigure.mockmvc.WebMvcTestPrintO-117e283762b2.err.log	
195	module/spring-boot-webmvc-test	org.springframework.boot.webmvc.test.autoconfigure.mockmvc.WebMvcTestServletContextResourceTests	craton	on	0	PASS	10.239	1	0	0	0	0	/data/data/cratonvm/apps/spring-boot-suite-runner/.suite/results/craton-fullsuite-azure-20260805-s8/all-jit/logs/module_spring-boot-webmvc-test.org.springframework.boot.webmvc.test.autoconfigure.mockmvc.WebMvcTestServle-aa015b67f53f.out.log	/data/data/cratonvm/apps/spring-boot-suite-runner/.suite/results/craton-fullsuite-azure-20260805-s8/all-jit/logs/module_spring-boot-webmvc-test.org.springframework.boot.webmvc.test.autoconfigure.mockmvc.WebMvcTestServle-aa015b67f53f.err.log	
196	module/spring-boot-webmvc-test	org.springframework.boot.webmvc.test.autoconfigure.mockmvc.WebMvcTestServletFilterIntegrationTests	craton	on	0	PASS	10.242	1	0	0	0	0	/data/data/cratonvm/apps/spring-boot-suite-runner/.suite/results/craton-fullsuite-azure-20260805-s8/all-jit/logs/module_spring-boot-webmvc-test.org.springframework.boot.webmvc.test.autoconfigure.mockmvc.WebMvcTestServle-22f83954d6ec.out.log	/data/data/cratonvm/apps/spring-boot-suite-runner/.suite/results/craton-fullsuite-azure-20260805-s8/all-jit/logs/module_spring-boot-webmvc-test.org.springframework.boot.webmvc.test.autoconfigure.mockmvc.WebMvcTestServle-22f83954d6ec.err.log	
197	module/spring-boot-webmvc-test	org.springframework.boot.webmvc.test.autoconfigure.mockmvc.WebMvcTestServletFilterRegistrationDisabledIntegrationTests	craton	on	0	PASS	10.447	1	0	0	0	0	/data/data/cratonvm/apps/spring-boot-suite-runner/.suite/results/craton-fullsuite-azure-20260805-s8/all-jit/logs/module_spring-boot-webmvc-test.org.springframework.boot.webmvc.test.autoconfigure.mockmvc.WebMvcTestServle-af76c694ade2.out.log	/data/data/cratonvm/apps/spring-boot-suite-runner/.suite/results/craton-fullsuite-azure-20260805-s8/all-jit/logs/module_spring-boot-webmvc-test.org.springframework.boot.webmvc.test.autoconfigure.mockmvc.WebMvcTestServle-af76c694ade2.err.log	
198	module/spring-boot-webmvc-test	org.springframework.boot.webmvc.test.autoconfigure.mockmvc.WebMvcTestServletFilterRegistrationIntegrationTests	craton	on	0	PASS	10.243	2	0	0	0	0	/data/data/cratonvm/apps/spring-boot-suite-runner/.suite/results/craton-fullsuite-azure-20260805-s8/all-jit/logs/module_spring-boot-webmvc-test.org.springframework.boot.webmvc.test.autoconfigure.mockmvc.WebMvcTestServle-b79ca774a6b3.out.log	/data/data/cratonvm/apps/spring-boot-suite-runner/.suite/results/craton-fullsuite-azure-20260805-s8/all-jit/logs/module_spring-boot-webmvc-test.org.springframework.boot.webmvc.test.autoconfigure.mockmvc.WebMvcTestServle-b79ca774a6b3.err.log	
199	module/spring-boot-webmvc-test	org.springframework.boot.webmvc.test.autoconfigure.mockmvc.WebMvcTestWithAutoConfigureMockMvcIntegrationTests	craton	on	0	PASS	9.239	3	0	0	0	0	/data/data/cratonvm/apps/spring-boot-suite-runner/.suite/results/craton-fullsuite-azure-20260805-s8/all-jit/logs/module_spring-boot-webmvc-test.org.springframework.boot.webmvc.test.autoconfigure.mockmvc.WebMvcTestWithAu-65a2bedd5327.out.log	/data/data/cratonvm/apps/spring-boot-suite-runner/.suite/results/craton-fullsuite-azure-20260805-s8/all-jit/logs/module_spring-boot-webmvc-test.org.springframework.boot.webmvc.test.autoconfigure.mockmvc.WebMvcTestWithAu-65a2bedd5327.err.log	
200	module/spring-boot-webmvc-test	org.springframework.boot.webmvc.test.autoconfigure.MockMvcAutoConfigurationTests	craton	on	0	PASS	3.411	4	0	0	0	0	/data/data/cratonvm/apps/spring-boot-suite-runner/.suite/results/craton-fullsuite-azure-20260805-s8/all-jit/logs/module_spring-boot-webmvc-test.org.springframework.boot.webmvc.test.autoconfigure.MockMvcAutoConfigurationTests.out.log	/data/data/cratonvm/apps/spring-boot-suite-runner/.suite/results/craton-fullsuite-azure-20260805-s8/all-jit/logs/module_spring-boot-webmvc-test.org.springframework.boot.webmvc.test.autoconfigure.MockMvcAutoConfigurationTests.err.log	
201	module/spring-boot-webmvc-test	org.springframework.boot.webmvc.test.autoconfigure.mockmvc.WebMvcTestWithWebAppConfigurationTests	craton	on	0	PASS	10.251	1	0	0	0	0	/data/data/cratonvm/apps/spring-boot-suite-runner/.suite/results/craton-fullsuite-azure-20260805-s8/all-jit/logs/module_spring-boot-webmvc-test.org.springframework.boot.webmvc.test.autoconfigure.mockmvc.WebMvcTestWithWe-6575d3ee4b67.out.log	/data/data/cratonvm/apps/spring-boot-suite-runner/.suite/results/craton-fullsuite-azure-20260805-s8/all-jit/logs/module_spring-boot-webmvc-test.org.springframework.boot.webmvc.test.autoconfigure.mockmvc.WebMvcTestWithWe-6575d3ee4b67.err.log	
202	module/spring-boot-webmvc-test	org.springframework.boot.webmvc.test.autoconfigure.SpringBootMockMvcBuilderCustomizerTests	craton	on	0	PASS	4.623	2	0	0	0	0	/data/data/cratonvm/apps/spring-boot-suite-runner/.suite/results/craton-fullsuite-azure-20260805-s8/all-jit/logs/module_spring-boot-webmvc-test.org.springframework.boot.webmvc.test.autoconfigure.SpringBootMockMvcBuilder-07a9fb4a5cdb.out.log	/data/data/cratonvm/apps/spring-boot-suite-runner/.suite/results/craton-fullsuite-azure-20260805-s8/all-jit/logs/module_spring-boot-webmvc-test.org.springframework.boot.webmvc.test.autoconfigure.SpringBootMockMvcBuilder-07a9fb4a5cdb.err.log	
203	module/spring-boot-webmvc-test	org.springframework.boot.webmvc.test.autoconfigure.WebMvcTestAutoConfigurationIntegrationTests	craton	on	0	PASS	10.041	3	0	0	0	0	/data/data/cratonvm/apps/spring-boot-suite-runner/.suite/results/craton-fullsuite-azure-20260805-s8/all-jit/logs/module_spring-boot-webmvc-test.org.springframework.boot.webmvc.test.autoconfigure.WebMvcTestAutoConfigurat-327bc27ec559.out.log	/data/data/cratonvm/apps/spring-boot-suite-runner/.suite/results/craton-fullsuite-azure-20260805-s8/all-jit/logs/module_spring-boot-webmvc-test.org.springframework.boot.webmvc.test.autoconfigure.WebMvcTestAutoConfigurat-327bc27ec559.err.log	
204	module/spring-boot-webmvc-test	org.springframework.boot.webmvc.test.autoconfigure.WebMvcTypeExcludeFilterTests	craton	on	0	PASS	2.006	5	0	0	0	0	/data/data/cratonvm/apps/spring-boot-suite-runner/.suite/results/craton-fullsuite-azure-20260805-s8/all-jit/logs/module_spring-boot-webmvc-test.org.springframework.boot.webmvc.test.autoconfigure.WebMvcTypeExcludeFilterTests.out.log	/data/data/cratonvm/apps/spring-boot-suite-runner/.suite/results/craton-fullsuite-azure-20260805-s8/all-jit/logs/module_spring-boot-webmvc-test.org.springframework.boot.webmvc.test.autoconfigure.WebMvcTypeExcludeFilterTests.err.log	
205	module/spring-boot-webmvc-test	org.springframework.boot.webmvc.test.autoconfigure.WebMvcTestPropertiesIntegrationTests	craton	on	0	PASS	10.251	2	0	0	0	0	/data/data/cratonvm/apps/spring-boot-suite-runner/.suite/results/craton-fullsuite-azure-20260805-s8/all-jit/logs/module_spring-boot-webmvc-test.org.springframework.boot.webmvc.test.autoconfigure.WebMvcTestPropertiesIntegrationTests.out.log	/data/data/cratonvm/apps/spring-boot-suite-runner/.suite/results/craton-fullsuite-azure-20260805-s8/all-jit/logs/module_spring-boot-webmvc-test.org.springframework.boot.webmvc.test.autoconfigure.WebMvcTestPropertiesIntegrationTests.err.log	
206	module/spring-boot-webservices	org.springframework.boot.webservices.autoconfigure.client.WebServiceTemplateAutoConfigurationTests	craton	on	0	PASS	1.816	6	0	0	0	0	/data/data/cratonvm/apps/spring-boot-suite-runner/.suite/results/craton-fullsuite-azure-20260805-s8/all-jit/logs/module_spring-boot-webservices.org.springframework.boot.webservices.autoconfigure.client.WebServiceTemplat-5ad0807af3bc.out.log	/data/data/cratonvm/apps/spring-boot-suite-runner/.suite/results/craton-fullsuite-azure-20260805-s8/all-jit/logs/module_spring-boot-webservices.org.springframework.boot.webservices.autoconfigure.client.WebServiceTemplat-5ad0807af3bc.err.log	
207	module/spring-boot-webservices	org.springframework.boot.webservices.autoconfigure.OnWsdlLocationsConditionTests	craton	on	0	PASS	1.012	3	0	0	0	0	/data/data/cratonvm/apps/spring-boot-suite-runner/.suite/results/craton-fullsuite-azure-20260805-s8/all-jit/logs/module_spring-boot-webservices.org.springframework.boot.webservices.autoconfigure.OnWsdlLocationsConditionTests.out.log	/data/data/cratonvm/apps/spring-boot-suite-runner/.suite/results/craton-fullsuite-azure-20260805-s8/all-jit/logs/module_spring-boot-webservices.org.springframework.boot.webservices.autoconfigure.OnWsdlLocationsConditionTests.err.log	
208	module/spring-boot-webservices	org.springframework.boot.webservices.autoconfigure.WebServicesPropertiesTests	craton	on	0	PASS	0.401	3	0	0	0	0	/data/data/cratonvm/apps/spring-boot-suite-runner/.suite/results/craton-fullsuite-azure-20260805-s8/all-jit/logs/module_spring-boot-webservices.org.springframework.boot.webservices.autoconfigure.WebServicesPropertiesTests.out.log	/data/data/cratonvm/apps/spring-boot-suite-runner/.suite/results/craton-fullsuite-azure-20260805-s8/all-jit/logs/module_spring-boot-webservices.org.springframework.boot.webservices.autoconfigure.WebServicesPropertiesTests.err.log	
209	module/spring-boot-webservices	org.springframework.boot.webservices.client.WebServiceMessageSenderFactoryTests	craton	on	0	PASS	2.810	7	0	0	0	0	/data/data/cratonvm/apps/spring-boot-suite-runner/.suite/results/craton-fullsuite-azure-20260805-s8/all-jit/logs/module_spring-boot-webservices.org.springframework.boot.webservices.client.WebServiceMessageSenderFactoryTests.out.log	/data/data/cratonvm/apps/spring-boot-suite-runner/.suite/results/craton-fullsuite-azure-20260805-s8/all-jit/logs/module_spring-boot-webservices.org.springframework.boot.webservices.client.WebServiceMessageSenderFactoryTests.err.log	
210	module/spring-boot-webservices	org.springframework.boot.webservices.autoconfigure.WebServicesAutoConfigurationTests	craton	on	0	PASS	3.839	8	0	0	0	0	/data/data/cratonvm/apps/spring-boot-suite-runner/.suite/results/craton-fullsuite-azure-20260805-s8/all-jit/logs/module_spring-boot-webservices.org.springframework.boot.webservices.autoconfigure.WebServicesAutoConfigurationTests.out.log	/data/data/cratonvm/apps/spring-boot-suite-runner/.suite/results/craton-fullsuite-azure-20260805-s8/all-jit/logs/module_spring-boot-webservices.org.springframework.boot.webservices.autoconfigure.WebServicesAutoConfigurationTests.err.log	
211	module/spring-boot-webservices-test	org.springframework.boot.webservices.test.autoconfigure.client.AutoConfigureMockWebServiceServerEnabledIntegrationTests	craton	on	0	PASS	3.009	1	0	0	0	0	/data/data/cratonvm/apps/spring-boot-suite-runner/.suite/results/craton-fullsuite-azure-20260805-s8/all-jit/logs/module_spring-boot-webservices-test.org.springframework.boot.webservices.test.autoconfigure.client.AutoCon-0853c88860f2.out.log	/data/data/cratonvm/apps/spring-boot-suite-runner/.suite/results/craton-fullsuite-azure-20260805-s8/all-jit/logs/module_spring-boot-webservices-test.org.springframework.boot.webservices.test.autoconfigure.client.AutoCon-0853c88860f2.err.log	
212	module/spring-boot-webservices	org.springframework.boot.webservices.client.WebServiceTemplateBuilderTests	craton	on	0	PASS	5.641	38	0	0	0	0	/data/data/cratonvm/apps/spring-boot-suite-runner/.suite/results/craton-fullsuite-azure-20260805-s8/all-jit/logs/module_spring-boot-webservices.org.springframework.boot.webservices.client.WebServiceTemplateBuilderTests.out.log	/data/data/cratonvm/apps/spring-boot-suite-runner/.suite/results/craton-fullsuite-azure-20260805-s8/all-jit/logs/module_spring-boot-webservices.org.springframework.boot.webservices.client.WebServiceTemplateBuilderTests.err.log	
213	module/spring-boot-webservices-test	org.springframework.boot.webservices.test.autoconfigure.client.AutoConfigureWebServiceClientWebServiceTemplateIntegrationTests	craton	on	0	PASS	3.022	1	0	0	0	0	/data/data/cratonvm/apps/spring-boot-suite-runner/.suite/results/craton-fullsuite-azure-20260805-s8/all-jit/logs/module_spring-boot-webservices-test.org.springframework.boot.webservices.test.autoconfigure.client.AutoCon-4e3d7ab6bb79.out.log	/data/data/cratonvm/apps/spring-boot-suite-runner/.suite/results/craton-fullsuite-azure-20260805-s8/all-jit/logs/module_spring-boot-webservices-test.org.springframework.boot.webservices.test.autoconfigure.client.AutoCon-4e3d7ab6bb79.err.log	
214	module/spring-boot-webservices-test	org.springframework.boot.webservices.test.autoconfigure.client.WebServiceClientIntegrationTests	craton	on	0	PASS	3.620	3	0	0	0	0	/data/data/cratonvm/apps/spring-boot-suite-runner/.suite/results/craton-fullsuite-azure-20260805-s8/all-jit/logs/module_spring-boot-webservices-test.org.springframework.boot.webservices.test.autoconfigure.client.WebServ-217349d5346b.out.log	/data/data/cratonvm/apps/spring-boot-suite-runner/.suite/results/craton-fullsuite-azure-20260805-s8/all-jit/logs/module_spring-boot-webservices-test.org.springframework.boot.webservices.test.autoconfigure.client.WebServ-217349d5346b.err.log	
215	module/spring-boot-webservices-test	org.springframework.boot.webservices.test.autoconfigure.client.WebServiceClientNoComponentIntegrationTests	craton	on	0	PASS	3.419	2	0	0	0	0	/data/data/cratonvm/apps/spring-boot-suite-runner/.suite/results/craton-fullsuite-azure-20260805-s8/all-jit/logs/module_spring-boot-webservices-test.org.springframework.boot.webservices.test.autoconfigure.client.WebServ-77fdaf3c9bf9.out.log	/data/data/cratonvm/apps/spring-boot-suite-runner/.suite/results/craton-fullsuite-azure-20260805-s8/all-jit/logs/module_spring-boot-webservices-test.org.springframework.boot.webservices.test.autoconfigure.client.WebServ-77fdaf3c9bf9.err.log	
216	module/spring-boot-webservices-test	org.springframework.boot.webservices.test.autoconfigure.server.MockWebServiceClientAutoConfigurationTests	craton	on	0	PASS	0.804	2	0	0	0	0	/data/data/cratonvm/apps/spring-boot-suite-runner/.suite/results/craton-fullsuite-azure-20260805-s8/all-jit/logs/module_spring-boot-webservices-test.org.springframework.boot.webservices.test.autoconfigure.server.MockWeb-39be88519a41.out.log	/data/data/cratonvm/apps/spring-boot-suite-runner/.suite/results/craton-fullsuite-azure-20260805-s8/all-jit/logs/module_spring-boot-webservices-test.org.springframework.boot.webservices.test.autoconfigure.server.MockWeb-39be88519a41.err.log	
217	module/spring-boot-webservices-test	org.springframework.boot.webservices.test.autoconfigure.client.WebServiceClientPropertiesIntegrationTests	craton	on	0	PASS	3.228	2	0	0	0	0	/data/data/cratonvm/apps/spring-boot-suite-runner/.suite/results/craton-fullsuite-azure-20260805-s8/all-jit/logs/module_spring-boot-webservices-test.org.springframework.boot.webservices.test.autoconfigure.client.WebServ-49ddd922aa44.out.log	/data/data/cratonvm/apps/spring-boot-suite-runner/.suite/results/craton-fullsuite-azure-20260805-s8/all-jit/logs/module_spring-boot-webservices-test.org.springframework.boot.webservices.test.autoconfigure.client.WebServ-49ddd922aa44.err.log	
218	module/spring-boot-webservices-test	org.springframework.boot.webservices.test.autoconfigure.server.WebServiceServerIntegrationTests	craton	on	0	PASS	3.621	1	0	0	0	0	/data/data/cratonvm/apps/spring-boot-suite-runner/.suite/results/craton-fullsuite-azure-20260805-s8/all-jit/logs/module_spring-boot-webservices-test.org.springframework.boot.webservices.test.autoconfigure.server.WebServ-f91f3a5d82ed.out.log	/data/data/cratonvm/apps/spring-boot-suite-runner/.suite/results/craton-fullsuite-azure-20260805-s8/all-jit/logs/module_spring-boot-webservices-test.org.springframework.boot.webservices.test.autoconfigure.server.WebServ-f91f3a5d82ed.err.log	
219	module/spring-boot-webservices-test	org.springframework.boot.webservices.test.autoconfigure.server.WebServiceServerTypeExcludeFilterTests	craton	on	0	PASS	0.602	5	0	0	0	0	/data/data/cratonvm/apps/spring-boot-suite-runner/.suite/results/craton-fullsuite-azure-20260805-s8/all-jit/logs/module_spring-boot-webservices-test.org.springframework.boot.webservices.test.autoconfigure.server.WebServ-7b8ffbd800da.out.log	/data/data/cratonvm/apps/spring-boot-suite-runner/.suite/results/craton-fullsuite-azure-20260805-s8/all-jit/logs/module_spring-boot-webservices-test.org.springframework.boot.webservices.test.autoconfigure.server.WebServ-7b8ffbd800da.err.log	
220	module/spring-boot-webservices-test	org.springframework.boot.webservices.test.autoconfigure.server.WebServiceServerPropertiesIntegrationTests	craton	on	0	PASS	3.636	2	0	0	0	0	/data/data/cratonvm/apps/spring-boot-suite-runner/.suite/results/craton-fullsuite-azure-20260805-s8/all-jit/logs/module_spring-boot-webservices-test.org.springframework.boot.webservices.test.autoconfigure.server.WebServ-f69c2b9c5747.out.log	/data/data/cratonvm/apps/spring-boot-suite-runner/.suite/results/craton-fullsuite-azure-20260805-s8/all-jit/logs/module_spring-boot-webservices-test.org.springframework.boot.webservices.test.autoconfigure.server.WebServ-f69c2b9c5747.err.log	
221	module/spring-boot-webtestclient	org.springframework.boot.webtestclient.autoconfigure.AutoConfigureWebTestClientIntegrationTests	craton	on	0	PASS	2.810	1	0	0	0	0	/data/data/cratonvm/apps/spring-boot-suite-runner/.suite/results/craton-fullsuite-azure-20260805-s8/all-jit/logs/module_spring-boot-webtestclient.org.springframework.boot.webtestclient.autoconfigure.AutoConfigureWebTest-65e2f205ad98.out.log	/data/data/cratonvm/apps/spring-boot-suite-runner/.suite/results/craton-fullsuite-azure-20260805-s8/all-jit/logs/module_spring-boot-webtestclient.org.springframework.boot.webtestclient.autoconfigure.AutoConfigureWebTest-65e2f205ad98.err.log	
222	module/spring-boot-webtestclient	org.springframework.boot.webtestclient.autoconfigure.WebTestClientAutoConfigurationTests	craton	on	1	FAIL	4.014	11	3	0	0	0	/data/data/cratonvm/apps/spring-boot-suite-runner/.suite/results/craton-fullsuite-azure-20260805-s8/all-jit/logs/module_spring-boot-webtestclient.org.springframework.boot.webtestclient.autoconfigure.WebTestClientAutoCon-13c46f9ef6e6.out.log	/data/data/cratonvm/apps/spring-boot-suite-runner/.suite/results/craton-fullsuite-azure-20260805-s8/all-jit/logs/module_spring-boot-webtestclient.org.springframework.boot.webtestclient.autoconfigure.WebTestClientAutoCon-13c46f9ef6e6.err.log	12:02:17.378 [main] WARN org.springframework.context.annotation.AnnotationConfigApplicationContext -- Exception encountered during context initialization - cancelling refresh attem | hotspot-baseline: PASS 0/11
223	module/spring-boot-webtestclient	org.springframework.boot.webtestclient.autoconfigure.WebTestClientSpringBootTestIntegrationTests	craton	on	0	PASS	4.816	3	0	0	0	0	/data/data/cratonvm/apps/spring-boot-suite-runner/.suite/results/craton-fullsuite-azure-20260805-s8/all-jit/logs/module_spring-boot-webtestclient.org.springframework.boot.webtestclient.autoconfigure.WebTestClientSpringB-361a4a3c640e.out.log	/data/data/cratonvm/apps/spring-boot-suite-runner/.suite/results/craton-fullsuite-azure-20260805-s8/all-jit/logs/module_spring-boot-webtestclient.org.springframework.boot.webtestclient.autoconfigure.WebTestClientSpringB-361a4a3c640e.err.log	
224	module/spring-boot-webtestclient	org.springframework.boot.webtestclient.autoconfigure.WebTestClientTimeoutSpringBootTestIntegrationTests	craton	on	0	PASS	10.230	3	0	0	0	0	/data/data/cratonvm/apps/spring-boot-suite-runner/.suite/results/craton-fullsuite-azure-20260805-s8/all-jit/logs/module_spring-boot-webtestclient.org.springframework.boot.webtestclient.autoconfigure.WebTestClientTimeout-8f22e0ca5493.out.log	/data/data/cratonvm/apps/spring-boot-suite-runner/.suite/results/craton-fullsuite-azure-20260805-s8/all-jit/logs/module_spring-boot-webtestclient.org.springframework.boot.webtestclient.autoconfigure.WebTestClientTimeout-8f22e0ca5493.err.log	
225	module/spring-boot-zipkin	org.springframework.boot.zipkin.autoconfigure.ZipkinAutoConfigurationTests	craton	on	0	PASS	3.008	9	0	0	0	0	/data/data/cratonvm/apps/spring-boot-suite-runner/.suite/results/craton-fullsuite-azure-20260805-s8/all-jit/logs/module_spring-boot-zipkin.org.springframework.boot.zipkin.autoconfigure.ZipkinAutoConfigurationTests.out.log	/data/data/cratonvm/apps/spring-boot-suite-runner/.suite/results/craton-fullsuite-azure-20260805-s8/all-jit/logs/module_spring-boot-zipkin.org.springframework.boot.zipkin.autoconfigure.ZipkinAutoConfigurationTests.err.log	
226	module/spring-boot-zipkin	org.springframework.boot.zipkin.autoconfigure.ZipkinHttpClientSenderTests	craton	on	0	PASS	1.605	7	0	0	0	0	/data/data/cratonvm/apps/spring-boot-suite-runner/.suite/results/craton-fullsuite-azure-20260805-s8/all-jit/logs/module_spring-boot-zipkin.org.springframework.boot.zipkin.autoconfigure.ZipkinHttpClientSenderTests.out.log	/data/data/cratonvm/apps/spring-boot-suite-runner/.suite/results/craton-fullsuite-azure-20260805-s8/all-jit/logs/module_spring-boot-zipkin.org.springframework.boot.zipkin.autoconfigure.ZipkinHttpClientSenderTests.err.log	
227	module/spring-boot-zipkin	org.springframework.boot.zipkin.autoconfigure.ZipkinHttpSenderTests	craton	on	0	EMPTY	0.401	0	0	0	0	0	/data/data/cratonvm/apps/spring-boot-suite-runner/.suite/results/craton-fullsuite-azure-20260805-s8/all-jit/logs/module_spring-boot-zipkin.org.springframework.boot.zipkin.autoconfigure.ZipkinHttpSenderTests.out.log	/data/data/cratonvm/apps/spring-boot-suite-runner/.suite/results/craton-fullsuite-azure-20260805-s8/all-jit/logs/module_spring-boot-zipkin.org.springframework.boot.zipkin.autoconfigure.ZipkinHttpSenderTests.err.log	
228	module/spring-boot-zipkin	org.springframework.boot.zipkin.testcontainers.ZipkinContainerConnectionDetailsFactoryTests	craton	on	0	PASS	0.401	1	0	0	0	0	/data/data/cratonvm/apps/spring-boot-suite-runner/.suite/results/craton-fullsuite-azure-20260805-s8/all-jit/logs/module_spring-boot-zipkin.org.springframework.boot.zipkin.testcontainers.ZipkinContainerConnectionDetailsFactoryTests.out.log	/data/data/cratonvm/apps/spring-boot-suite-runner/.suite/results/craton-fullsuite-azure-20260805-s8/all-jit/logs/module_spring-boot-zipkin.org.springframework.boot.zipkin.testcontainers.ZipkinContainerConnectionDetailsFactoryTests.err.log	
229	module/spring-boot-zipkin	org.springframework.boot.zipkin.testcontainers.ZipkinContainerConnectionDetailsFactoryWithoutActuatorTests	craton	on	0	PASS	0.802	1	0	0	0	0	/data/data/cratonvm/apps/spring-boot-suite-runner/.suite/results/craton-fullsuite-azure-20260805-s8/all-jit/logs/module_spring-boot-zipkin.org.springframework.boot.zipkin.testcontainers.ZipkinContainerConnectionDetailsF-6e2e95826526.out.log	/data/data/cratonvm/apps/spring-boot-suite-runner/.suite/results/craton-fullsuite-azure-20260805-s8/all-jit/logs/module_spring-boot-zipkin.org.springframework.boot.zipkin.testcontainers.ZipkinContainerConnectionDetailsF-6e2e95826526.err.log	
230	test-support/spring-boot-test-support	org.springframework.boot.testsupport.assertj.SimpleAsyncTaskExecutorAssertTests	craton	on	0	PASS	0.401	2	0	0	0	0	/data/data/cratonvm/apps/spring-boot-suite-runner/.suite/results/craton-fullsuite-azure-20260805-s8/all-jit/logs/test-support_spring-boot-test-support.org.springframework.boot.testsupport.assertj.SimpleAsyncTaskExecutorAssertTests.out.log	/data/data/cratonvm/apps/spring-boot-suite-runner/.suite/results/craton-fullsuite-azure-20260805-s8/all-jit/logs/test-support_spring-boot-test-support.org.springframework.boot.testsupport.assertj.SimpleAsyncTaskExecutorAssertTests.err.log	
231	module/spring-boot-websocket	org.springframework.boot.websocket.autoconfigure.servlet.WebSocketMessagingAutoConfigurationTests	craton	on	0	PASS	30.395	13	0	0	0	0	/data/data/cratonvm/apps/spring-boot-suite-runner/.suite/results/craton-fullsuite-azure-20260805-s8/all-jit/logs/module_spring-boot-websocket.org.springframework.boot.websocket.autoconfigure.servlet.WebSocketMessagingAu-06b735f8a994.out.log	/data/data/cratonvm/apps/spring-boot-suite-runner/.suite/results/craton-fullsuite-azure-20260805-s8/all-jit/logs/module_spring-boot-websocket.org.springframework.boot.websocket.autoconfigure.servlet.WebSocketMessagingAu-06b735f8a994.err.log	
232	test-support/spring-boot-test-support	org.springframework.boot.testsupport.classpath.ModifiedClassPathExtensionExclusionsTests	craton	on	0	PASS	1.012	5	0	0	0	0	/data/data/cratonvm/apps/spring-boot-suite-runner/.suite/results/craton-fullsuite-azure-20260805-s8/all-jit/logs/test-support_spring-boot-test-support.org.springframework.boot.testsupport.classpath.ModifiedClassPathExte-c70024f69d7b.out.log	/data/data/cratonvm/apps/spring-boot-suite-runner/.suite/results/craton-fullsuite-azure-20260805-s8/all-jit/logs/test-support_spring-boot-test-support.org.springframework.boot.testsupport.classpath.ModifiedClassPathExte-c70024f69d7b.err.log	
233	test-support/spring-boot-test-support	org.springframework.boot.testsupport.classpath.ModifiedClassPathExtensionForkParameterizedTests	craton	on	0	PASS	0.810	3	0	0	0	0	/data/data/cratonvm/apps/spring-boot-suite-runner/.suite/results/craton-fullsuite-azure-20260805-s8/all-jit/logs/test-support_spring-boot-test-support.org.springframework.boot.testsupport.classpath.ModifiedClassPathExte-779a49b12be8.out.log	/data/data/cratonvm/apps/spring-boot-suite-runner/.suite/results/craton-fullsuite-azure-20260805-s8/all-jit/logs/test-support_spring-boot-test-support.org.springframework.boot.testsupport.classpath.ModifiedClassPathExte-779a49b12be8.err.log	
234	test-support/spring-boot-test-support	org.springframework.boot.testsupport.classpath.ModifiedClassPathExtensionForkTests	craton	on	0	PASS	0.609	1	0	0	0	0	/data/data/cratonvm/apps/spring-boot-suite-runner/.suite/results/craton-fullsuite-azure-20260805-s8/all-jit/logs/test-support_spring-boot-test-support.org.springframework.boot.testsupport.classpath.ModifiedClassPathExte-befbe0df276b.out.log	/data/data/cratonvm/apps/spring-boot-suite-runner/.suite/results/craton-fullsuite-azure-20260805-s8/all-jit/logs/test-support_spring-boot-test-support.org.springframework.boot.testsupport.classpath.ModifiedClassPathExte-befbe0df276b.err.log	
235	test-support/spring-boot-test-support	org.springframework.boot.testsupport.classpath.ModifiedClassPathExtensionOverridesTests	craton	on	0	PASS	1.003	2	0	0	0	0	/data/data/cratonvm/apps/spring-boot-suite-runner/.suite/results/craton-fullsuite-azure-20260805-s8/all-jit/logs/test-support_spring-boot-test-support.org.springframework.boot.testsupport.classpath.ModifiedClassPathExte-d45d6d67b931.out.log	/data/data/cratonvm/apps/spring-boot-suite-runner/.suite/results/craton-fullsuite-azure-20260805-s8/all-jit/logs/test-support_spring-boot-test-support.org.springframework.boot.testsupport.classpath.ModifiedClassPathExte-d45d6d67b931.err.log	
236	test-support/spring-boot-test-support	org.springframework.boot.testsupport.classpath.ModifiedClassPathExtensionOverridesParameterizedTests	craton	on	0	PASS	1.620	2	0	0	0	0	/data/data/cratonvm/apps/spring-boot-suite-runner/.suite/results/craton-fullsuite-azure-20260805-s8/all-jit/logs/test-support_spring-boot-test-support.org.springframework.boot.testsupport.classpath.ModifiedClassPathExte-fe760ee1e07b.out.log	/data/data/cratonvm/apps/spring-boot-suite-runner/.suite/results/craton-fullsuite-azure-20260805-s8/all-jit/logs/test-support_spring-boot-test-support.org.springframework.boot.testsupport.classpath.ModifiedClassPathExte-fe760ee1e07b.err.log	
237	test-support/spring-boot-test-support	org.springframework.boot.testsupport.classpath.resources.OnClassWithPackageResourcesTests	craton	on	0	PASS	0.409	1	0	0	0	0	/data/data/cratonvm/apps/spring-boot-suite-runner/.suite/results/craton-fullsuite-azure-20260805-s8/all-jit/logs/test-support_spring-boot-test-support.org.springframework.boot.testsupport.classpath.resources.OnClassWith-ece9e2c117df.out.log	/data/data/cratonvm/apps/spring-boot-suite-runner/.suite/results/craton-fullsuite-azure-20260805-s8/all-jit/logs/test-support_spring-boot-test-support.org.springframework.boot.testsupport.classpath.resources.OnClassWith-ece9e2c117df.err.log	
238	test-support/spring-boot-test-support	org.springframework.boot.testsupport.classpath.resources.OnClassWithResourceTests	craton	on	0	PASS	0.410	5	0	0	0	0	/data/data/cratonvm/apps/spring-boot-suite-runner/.suite/results/craton-fullsuite-azure-20260805-s8/all-jit/logs/test-support_spring-boot-test-support.org.springframework.boot.testsupport.classpath.resources.OnClassWithResourceTests.out.log	/data/data/cratonvm/apps/spring-boot-suite-runner/.suite/results/craton-fullsuite-azure-20260805-s8/all-jit/logs/test-support_spring-boot-test-support.org.springframework.boot.testsupport.classpath.resources.OnClassWithResourceTests.err.log	
239	test-support/spring-boot-test-support	org.springframework.boot.testsupport.classpath.resources.OnSuperClassWithPackageResourcesTests	craton	on	0	PASS	0.410	1	0	0	0	0	/data/data/cratonvm/apps/spring-boot-suite-runner/.suite/results/craton-fullsuite-azure-20260805-s8/all-jit/logs/test-support_spring-boot-test-support.org.springframework.boot.testsupport.classpath.resources.OnSuperClas-cc72f4590194.out.log	/data/data/cratonvm/apps/spring-boot-suite-runner/.suite/results/craton-fullsuite-azure-20260805-s8/all-jit/logs/test-support_spring-boot-test-support.org.springframework.boot.testsupport.classpath.resources.OnSuperClas-cc72f4590194.err.log	
240	test-support/spring-boot-test-support	org.springframework.boot.testsupport.classpath.resources.OnSuperClassWithResourceTests	craton	on	0	PASS	0.409	3	0	0	0	0	/data/data/cratonvm/apps/spring-boot-suite-runner/.suite/results/craton-fullsuite-azure-20260805-s8/all-jit/logs/test-support_spring-boot-test-support.org.springframework.boot.testsupport.classpath.resources.OnSuperClas-904ccc8c6c96.out.log	/data/data/cratonvm/apps/spring-boot-suite-runner/.suite/results/craton-fullsuite-azure-20260805-s8/all-jit/logs/test-support_spring-boot-test-support.org.springframework.boot.testsupport.classpath.resources.OnSuperClas-904ccc8c6c96.err.log	
241	test-support/spring-boot-test-support	org.springframework.boot.testsupport.classpath.resources.ResourcesTests	craton	on	0	PASS	0.610	12	0	0	0	0	/data/data/cratonvm/apps/spring-boot-suite-runner/.suite/results/craton-fullsuite-azure-20260805-s8/all-jit/logs/test-support_spring-boot-test-support.org.springframework.boot.testsupport.classpath.resources.ResourcesTests.out.log	/data/data/cratonvm/apps/spring-boot-suite-runner/.suite/results/craton-fullsuite-azure-20260805-s8/all-jit/logs/test-support_spring-boot-test-support.org.springframework.boot.testsupport.classpath.resources.ResourcesTests.err.log	
242	test-support/spring-boot-test-support	org.springframework.boot.testsupport.classpath.resources.WithPackageResourcesTests	craton	on	0	PASS	0.402	2	0	0	0	0	/data/data/cratonvm/apps/spring-boot-suite-runner/.suite/results/craton-fullsuite-azure-20260805-s8/all-jit/logs/test-support_spring-boot-test-support.org.springframework.boot.testsupport.classpath.resources.WithPackage-5ceb62474500.out.log	/data/data/cratonvm/apps/spring-boot-suite-runner/.suite/results/craton-fullsuite-azure-20260805-s8/all-jit/logs/test-support_spring-boot-test-support.org.springframework.boot.testsupport.classpath.resources.WithPackage-5ceb62474500.err.log	
243	test-support/spring-boot-test-support	org.springframework.boot.testsupport.classpath.resources.WithResourceDirectoryTests	craton	on	0	PASS	0.408	3	0	0	0	0	/data/data/cratonvm/apps/spring-boot-suite-runner/.suite/results/craton-fullsuite-azure-20260805-s8/all-jit/logs/test-support_spring-boot-test-support.org.springframework.boot.testsupport.classpath.resources.WithResourc-5d947525c59e.out.log	/data/data/cratonvm/apps/spring-boot-suite-runner/.suite/results/craton-fullsuite-azure-20260805-s8/all-jit/logs/test-support_spring-boot-test-support.org.springframework.boot.testsupport.classpath.resources.WithResourc-5d947525c59e.err.log	
244	test-support/spring-boot-test-support	org.springframework.boot.testsupport.classpath.resources.WithResourceTests	craton	on	0	PASS	0.609	11	0	0	0	0	/data/data/cratonvm/apps/spring-boot-suite-runner/.suite/results/craton-fullsuite-azure-20260805-s8/all-jit/logs/test-support_spring-boot-test-support.org.springframework.boot.testsupport.classpath.resources.WithResourceTests.out.log	/data/data/cratonvm/apps/spring-boot-suite-runner/.suite/results/craton-fullsuite-azure-20260805-s8/all-jit/logs/test-support_spring-boot-test-support.org.springframework.boot.testsupport.classpath.resources.WithResourceTests.err.log	
245	test-support/spring-boot-test-support	org.springframework.boot.testsupport.FileUtilsTests	craton	on	0	PASS	0.409	1	0	0	0	0	/data/data/cratonvm/apps/spring-boot-suite-runner/.suite/results/craton-fullsuite-azure-20260805-s8/all-jit/logs/test-support_spring-boot-test-support.org.springframework.boot.testsupport.FileUtilsTests.out.log	/data/data/cratonvm/apps/spring-boot-suite-runner/.suite/results/craton-fullsuite-azure-20260805-s8/all-jit/logs/test-support_spring-boot-test-support.org.springframework.boot.testsupport.FileUtilsTests.err.log	
246	test-support/spring-boot-test-support	org.springframework.boot.testsupport.process.DisabledIfProcessUnavailableTests	craton	on	0	EMPTY	0.402	0	0	0	1	0	/data/data/cratonvm/apps/spring-boot-suite-runner/.suite/results/craton-fullsuite-azure-20260805-s8/all-jit/logs/test-support_spring-boot-test-support.org.springframework.boot.testsupport.process.DisabledIfProcessUnavailableTests.out.log	/data/data/cratonvm/apps/spring-boot-suite-runner/.suite/results/craton-fullsuite-azure-20260805-s8/all-jit/logs/test-support_spring-boot-test-support.org.springframework.boot.testsupport.process.DisabledIfProcessUnavailableTests.err.log	
