index	module	class	vm	jit	rc	status	seconds	tests	failed	aborted	skipped	containersFailed	stdoutLog	stderrLog	note
1	module/spring-boot-devtools	org.springframework.boot.devtools.livereload.LiveReloadServerTests	craton	on	0	PASS	2.067	5	0	0	1	0	/data/data/cratonvm/apps/spring-boot-suite-runner/.suite/results/craton-fullsuite-azure-20260805-s5/all-jit/logs/module_spring-boot-devtools.org.springframework.boot.devtools.livereload.LiveReloadServerTests.out.log	/data/data/cratonvm/apps/spring-boot-suite-runner/.suite/results/craton-fullsuite-azure-20260805-s5/all-jit/logs/module_spring-boot-devtools.org.springframework.boot.devtools.livereload.LiveReloadServerTests.err.log	
2	module/spring-boot-devtools	org.springframework.boot.devtools.remote.client.ClassPathChangeUploaderTests	craton	on	0	PASS	3.195	6	0	0	0	0	/data/data/cratonvm/apps/spring-boot-suite-runner/.suite/results/craton-fullsuite-azure-20260805-s5/all-jit/logs/module_spring-boot-devtools.org.springframework.boot.devtools.remote.client.ClassPathChangeUploaderTests.out.log	/data/data/cratonvm/apps/spring-boot-suite-runner/.suite/results/craton-fullsuite-azure-20260805-s5/all-jit/logs/module_spring-boot-devtools.org.springframework.boot.devtools.remote.client.ClassPathChangeUploaderTests.err.log	
3	module/spring-boot-devtools	org.springframework.boot.devtools.remote.client.HttpHeaderInterceptorTests	craton	on	0	PASS	3.026	5	0	0	0	0	/data/data/cratonvm/apps/spring-boot-suite-runner/.suite/results/craton-fullsuite-azure-20260805-s5/all-jit/logs/module_spring-boot-devtools.org.springframework.boot.devtools.remote.client.HttpHeaderInterceptorTests.out.log	/data/data/cratonvm/apps/spring-boot-suite-runner/.suite/results/craton-fullsuite-azure-20260805-s5/all-jit/logs/module_spring-boot-devtools.org.springframework.boot.devtools.remote.client.HttpHeaderInterceptorTests.err.log	
4	module/spring-boot-devtools	org.springframework.boot.devtools.remote.client.DelayedLiveReloadTriggerTests	craton	on	0	PASS	5.735	6	0	0	0	0	/data/data/cratonvm/apps/spring-boot-suite-runner/.suite/results/craton-fullsuite-azure-20260805-s5/all-jit/logs/module_spring-boot-devtools.org.springframework.boot.devtools.remote.client.DelayedLiveReloadTriggerTests.out.log	/data/data/cratonvm/apps/spring-boot-suite-runner/.suite/results/craton-fullsuite-azure-20260805-s5/all-jit/logs/module_spring-boot-devtools.org.springframework.boot.devtools.remote.client.DelayedLiveReloadTriggerTests.err.log	
5	module/spring-boot-devtools	org.springframework.boot.devtools.remote.server.DispatcherFilterTests	craton	on	0	PASS	5.872	4	0	0	0	0	/data/data/cratonvm/apps/spring-boot-suite-runner/.suite/results/craton-fullsuite-azure-20260805-s5/all-jit/logs/module_spring-boot-devtools.org.springframework.boot.devtools.remote.server.DispatcherFilterTests.out.log	/data/data/cratonvm/apps/spring-boot-suite-runner/.suite/results/craton-fullsuite-azure-20260805-s5/all-jit/logs/module_spring-boot-devtools.org.springframework.boot.devtools.remote.server.DispatcherFilterTests.err.log	
6	module/spring-boot-devtools	org.springframework.boot.devtools.remote.server.DispatcherTests	craton	on	0	PASS	3.219	5	0	0	0	0	/data/data/cratonvm/apps/spring-boot-suite-runner/.suite/results/craton-fullsuite-azure-20260805-s5/all-jit/logs/module_spring-boot-devtools.org.springframework.boot.devtools.remote.server.DispatcherTests.out.log	/data/data/cratonvm/apps/spring-boot-suite-runner/.suite/results/craton-fullsuite-azure-20260805-s5/all-jit/logs/module_spring-boot-devtools.org.springframework.boot.devtools.remote.server.DispatcherTests.err.log	
7	module/spring-boot-devtools	org.springframework.boot.devtools.remote.server.HttpHeaderAccessManagerTests	craton	on	0	PASS	0.805	8	0	0	0	0	/data/data/cratonvm/apps/spring-boot-suite-runner/.suite/results/craton-fullsuite-azure-20260805-s5/all-jit/logs/module_spring-boot-devtools.org.springframework.boot.devtools.remote.server.HttpHeaderAccessManagerTests.out.log	/data/data/cratonvm/apps/spring-boot-suite-runner/.suite/results/craton-fullsuite-azure-20260805-s5/all-jit/logs/module_spring-boot-devtools.org.springframework.boot.devtools.remote.server.HttpHeaderAccessManagerTests.err.log	
8	module/spring-boot-devtools	org.springframework.boot.devtools.remote.server.HttpStatusHandlerTests	craton	on	0	PASS	0.806	3	0	0	0	0	/data/data/cratonvm/apps/spring-boot-suite-runner/.suite/results/craton-fullsuite-azure-20260805-s5/all-jit/logs/module_spring-boot-devtools.org.springframework.boot.devtools.remote.server.HttpStatusHandlerTests.out.log	/data/data/cratonvm/apps/spring-boot-suite-runner/.suite/results/craton-fullsuite-azure-20260805-s5/all-jit/logs/module_spring-boot-devtools.org.springframework.boot.devtools.remote.server.HttpStatusHandlerTests.err.log	
9	module/spring-boot-devtools	org.springframework.boot.devtools.remote.server.UrlHandlerMapperTests	craton	on	0	PASS	1.813	5	0	0	0	0	/data/data/cratonvm/apps/spring-boot-suite-runner/.suite/results/craton-fullsuite-azure-20260805-s5/all-jit/logs/module_spring-boot-devtools.org.springframework.boot.devtools.remote.server.UrlHandlerMapperTests.out.log	/data/data/cratonvm/apps/spring-boot-suite-runner/.suite/results/craton-fullsuite-azure-20260805-s5/all-jit/logs/module_spring-boot-devtools.org.springframework.boot.devtools.remote.server.UrlHandlerMapperTests.err.log	
10	module/spring-boot-devtools	org.springframework.boot.devtools.RemoteUrlPropertyExtractorTests	craton	on	0	PASS	5.035	5	0	0	0	0	/data/data/cratonvm/apps/spring-boot-suite-runner/.suite/results/craton-fullsuite-azure-20260805-s5/all-jit/logs/module_spring-boot-devtools.org.springframework.boot.devtools.RemoteUrlPropertyExtractorTests.out.log	/data/data/cratonvm/apps/spring-boot-suite-runner/.suite/results/craton-fullsuite-azure-20260805-s5/all-jit/logs/module_spring-boot-devtools.org.springframework.boot.devtools.RemoteUrlPropertyExtractorTests.err.log	
11	module/spring-boot-devtools	org.springframework.boot.devtools.restart.ChangeableUrlsTests	craton	on	0	PASS	0.805	6	0	0	0	0	/data/data/cratonvm/apps/spring-boot-suite-runner/.suite/results/craton-fullsuite-azure-20260805-s5/all-jit/logs/module_spring-boot-devtools.org.springframework.boot.devtools.restart.ChangeableUrlsTests.out.log	/data/data/cratonvm/apps/spring-boot-suite-runner/.suite/results/craton-fullsuite-azure-20260805-s5/all-jit/logs/module_spring-boot-devtools.org.springframework.boot.devtools.restart.ChangeableUrlsTests.err.log	
12	module/spring-boot-devtools	org.springframework.boot.devtools.restart.classloader.ClassLoaderFilesTests	craton	on	0	PASS	2.014	13	0	0	0	0	/data/data/cratonvm/apps/spring-boot-suite-runner/.suite/results/craton-fullsuite-azure-20260805-s5/all-jit/logs/module_spring-boot-devtools.org.springframework.boot.devtools.restart.classloader.ClassLoaderFilesTests.out.log	/data/data/cratonvm/apps/spring-boot-suite-runner/.suite/results/craton-fullsuite-azure-20260805-s5/all-jit/logs/module_spring-boot-devtools.org.springframework.boot.devtools.restart.classloader.ClassLoaderFilesTests.err.log	
13	module/spring-boot-devtools	org.springframework.boot.devtools.restart.classloader.ClassLoaderFileTests	craton	on	0	PASS	0.805	7	0	0	0	0	/data/data/cratonvm/apps/spring-boot-suite-runner/.suite/results/craton-fullsuite-azure-20260805-s5/all-jit/logs/module_spring-boot-devtools.org.springframework.boot.devtools.restart.classloader.ClassLoaderFileTests.out.log	/data/data/cratonvm/apps/spring-boot-suite-runner/.suite/results/craton-fullsuite-azure-20260805-s5/all-jit/logs/module_spring-boot-devtools.org.springframework.boot.devtools.restart.classloader.ClassLoaderFileTests.err.log	
14	module/spring-boot-devtools	org.springframework.boot.devtools.restart.classloader.RestartClassLoaderTests	craton	on	0	PASS	2.619	17	0	0	0	0	/data/data/cratonvm/apps/spring-boot-suite-runner/.suite/results/craton-fullsuite-azure-20260805-s5/all-jit/logs/module_spring-boot-devtools.org.springframework.boot.devtools.restart.classloader.RestartClassLoaderTests.out.log	/data/data/cratonvm/apps/spring-boot-suite-runner/.suite/results/craton-fullsuite-azure-20260805-s5/all-jit/logs/module_spring-boot-devtools.org.springframework.boot.devtools.restart.classloader.RestartClassLoaderTests.err.log	
15	module/spring-boot-devtools	org.springframework.boot.devtools.remote.client.RemoteClientConfigurationTests	craton	on	0	PASS	28.053	7	0	0	0	0	/data/data/cratonvm/apps/spring-boot-suite-runner/.suite/results/craton-fullsuite-azure-20260805-s5/all-jit/logs/module_spring-boot-devtools.org.springframework.boot.devtools.remote.client.RemoteClientConfigurationTests.out.log	/data/data/cratonvm/apps/spring-boot-suite-runner/.suite/results/craton-fullsuite-azure-20260805-s5/all-jit/logs/module_spring-boot-devtools.org.springframework.boot.devtools.remote.client.RemoteClientConfigurationTests.err.log	
16	module/spring-boot-devtools	org.springframework.boot.devtools.restart.ClassLoaderFilesResourcePatternResolverTests	craton	on	0	PASS	3.259	12	0	0	0	0	/data/data/cratonvm/apps/spring-boot-suite-runner/.suite/results/craton-fullsuite-azure-20260805-s5/all-jit/logs/module_spring-boot-devtools.org.springframework.boot.devtools.restart.ClassLoaderFilesResourcePatternResolverTests.out.log	/data/data/cratonvm/apps/spring-boot-suite-runner/.suite/results/craton-fullsuite-azure-20260805-s5/all-jit/logs/module_spring-boot-devtools.org.springframework.boot.devtools.restart.ClassLoaderFilesResourcePatternResolverTests.err.log	
17	module/spring-boot-devtools	org.springframework.boot.devtools.restart.MainMethodTests	craton	on	0	PASS	0.804	9	0	0	0	0	/data/data/cratonvm/apps/spring-boot-suite-runner/.suite/results/craton-fullsuite-azure-20260805-s5/all-jit/logs/module_spring-boot-devtools.org.springframework.boot.devtools.restart.MainMethodTests.out.log	/data/data/cratonvm/apps/spring-boot-suite-runner/.suite/results/craton-fullsuite-azure-20260805-s5/all-jit/logs/module_spring-boot-devtools.org.springframework.boot.devtools.restart.MainMethodTests.err.log	
18	module/spring-boot-devtools	org.springframework.boot.devtools.restart.OnInitializedRestarterConditionTests	craton	on	0	PASS	2.214	3	0	0	0	0	/data/data/cratonvm/apps/spring-boot-suite-runner/.suite/results/craton-fullsuite-azure-20260805-s5/all-jit/logs/module_spring-boot-devtools.org.springframework.boot.devtools.restart.OnInitializedRestarterConditionTests.out.log	/data/data/cratonvm/apps/spring-boot-suite-runner/.suite/results/craton-fullsuite-azure-20260805-s5/all-jit/logs/module_spring-boot-devtools.org.springframework.boot.devtools.restart.OnInitializedRestarterConditionTests.err.log	
19	module/spring-boot-devtools	org.springframework.boot.devtools.restart.DefaultRestartInitializerTests	craton	on	0	PASS	4.265	8	0	0	0	0	/data/data/cratonvm/apps/spring-boot-suite-runner/.suite/results/craton-fullsuite-azure-20260805-s5/all-jit/logs/module_spring-boot-devtools.org.springframework.boot.devtools.restart.DefaultRestartInitializerTests.out.log	/data/data/cratonvm/apps/spring-boot-suite-runner/.suite/results/craton-fullsuite-azure-20260805-s5/all-jit/logs/module_spring-boot-devtools.org.springframework.boot.devtools.restart.DefaultRestartInitializerTests.err.log	
20	module/spring-boot-devtools	org.springframework.boot.devtools.restart.RestartApplicationListenerTests	craton	on	0	PASS	4.643	7	0	0	0	0	/data/data/cratonvm/apps/spring-boot-suite-runner/.suite/results/craton-fullsuite-azure-20260805-s5/all-jit/logs/module_spring-boot-devtools.org.springframework.boot.devtools.restart.RestartApplicationListenerTests.out.log	/data/data/cratonvm/apps/spring-boot-suite-runner/.suite/results/craton-fullsuite-azure-20260805-s5/all-jit/logs/module_spring-boot-devtools.org.springframework.boot.devtools.restart.RestartApplicationListenerTests.err.log	
21	module/spring-boot-devtools	org.springframework.boot.devtools.restart.RestarterTests	craton	on	0	PASS	7.256	12	0	0	0	0	/data/data/cratonvm/apps/spring-boot-suite-runner/.suite/results/craton-fullsuite-azure-20260805-s5/all-jit/logs/module_spring-boot-devtools.org.springframework.boot.devtools.restart.RestarterTests.out.log	/data/data/cratonvm/apps/spring-boot-suite-runner/.suite/results/craton-fullsuite-azure-20260805-s5/all-jit/logs/module_spring-boot-devtools.org.springframework.boot.devtools.restart.RestarterTests.err.log	
22	module/spring-boot-devtools	org.springframework.boot.devtools.restart.RestartScopeInitializerTests	craton	on	0	PASS	3.852	1	0	0	0	0	/data/data/cratonvm/apps/spring-boot-suite-runner/.suite/results/craton-fullsuite-azure-20260805-s5/all-jit/logs/module_spring-boot-devtools.org.springframework.boot.devtools.restart.RestartScopeInitializerTests.out.log	/data/data/cratonvm/apps/spring-boot-suite-runner/.suite/results/craton-fullsuite-azure-20260805-s5/all-jit/logs/module_spring-boot-devtools.org.springframework.boot.devtools.restart.RestartScopeInitializerTests.err.log	
23	module/spring-boot-devtools	org.springframework.boot.devtools.restart.server.DefaultSourceDirectoryUrlFilterTests	craton	on	0	PASS	1.638	3	0	0	0	0	/data/data/cratonvm/apps/spring-boot-suite-runner/.suite/results/craton-fullsuite-azure-20260805-s5/all-jit/logs/module_spring-boot-devtools.org.springframework.boot.devtools.restart.server.DefaultSourceDirectoryUrlFilterTests.out.log	/data/data/cratonvm/apps/spring-boot-suite-runner/.suite/results/craton-fullsuite-azure-20260805-s5/all-jit/logs/module_spring-boot-devtools.org.springframework.boot.devtools.restart.server.DefaultSourceDirectoryUrlFilterTests.err.log	
24	module/spring-boot-devtools	org.springframework.boot.devtools.restart.server.HttpRestartServerHandlerTests	craton	on	0	PASS	2.837	2	0	0	0	0	/data/data/cratonvm/apps/spring-boot-suite-runner/.suite/results/craton-fullsuite-azure-20260805-s5/all-jit/logs/module_spring-boot-devtools.org.springframework.boot.devtools.restart.server.HttpRestartServerHandlerTests.out.log	/data/data/cratonvm/apps/spring-boot-suite-runner/.suite/results/craton-fullsuite-azure-20260805-s5/all-jit/logs/module_spring-boot-devtools.org.springframework.boot.devtools.restart.server.HttpRestartServerHandlerTests.err.log	
25	module/spring-boot-devtools	org.springframework.boot.devtools.restart.server.HttpRestartServerTests	craton	on	0	PASS	2.230	6	0	0	0	0	/data/data/cratonvm/apps/spring-boot-suite-runner/.suite/results/craton-fullsuite-azure-20260805-s5/all-jit/logs/module_spring-boot-devtools.org.springframework.boot.devtools.restart.server.HttpRestartServerTests.out.log	/data/data/cratonvm/apps/spring-boot-suite-runner/.suite/results/craton-fullsuite-azure-20260805-s5/all-jit/logs/module_spring-boot-devtools.org.springframework.boot.devtools.restart.server.HttpRestartServerTests.err.log	
26	module/spring-boot-devtools	org.springframework.boot.devtools.restart.server.RestartServerTests	craton	on	0	PASS	0.819	4	0	0	0	0	/data/data/cratonvm/apps/spring-boot-suite-runner/.suite/results/craton-fullsuite-azure-20260805-s5/all-jit/logs/module_spring-boot-devtools.org.springframework.boot.devtools.restart.server.RestartServerTests.out.log	/data/data/cratonvm/apps/spring-boot-suite-runner/.suite/results/craton-fullsuite-azure-20260805-s5/all-jit/logs/module_spring-boot-devtools.org.springframework.boot.devtools.restart.server.RestartServerTests.err.log	
27	module/spring-boot-devtools	org.springframework.boot.devtools.restart.SilentExitExceptionHandlerTests	craton	on	0	PASS	0.605	3	0	0	0	0	/data/data/cratonvm/apps/spring-boot-suite-runner/.suite/results/craton-fullsuite-azure-20260805-s5/all-jit/logs/module_spring-boot-devtools.org.springframework.boot.devtools.restart.SilentExitExceptionHandlerTests.out.log	/data/data/cratonvm/apps/spring-boot-suite-runner/.suite/results/craton-fullsuite-azure-20260805-s5/all-jit/logs/module_spring-boot-devtools.org.springframework.boot.devtools.restart.SilentExitExceptionHandlerTests.err.log	
28	module/spring-boot-devtools	org.springframework.boot.devtools.settings.DevToolsSettingsTests	craton	on	0	PASS	0.645	4	0	0	0	0	/data/data/cratonvm/apps/spring-boot-suite-runner/.suite/results/craton-fullsuite-azure-20260805-s5/all-jit/logs/module_spring-boot-devtools.org.springframework.boot.devtools.settings.DevToolsSettingsTests.out.log	/data/data/cratonvm/apps/spring-boot-suite-runner/.suite/results/craton-fullsuite-azure-20260805-s5/all-jit/logs/module_spring-boot-devtools.org.springframework.boot.devtools.settings.DevToolsSettingsTests.err.log	
29	module/spring-boot-elasticsearch	org.springframework.boot.elasticsearch.autoconfigure.ElasticsearchClientAutoConfigurationTests	craton	on	0	PASS	15.127	11	0	0	0	0	/data/data/cratonvm/apps/spring-boot-suite-runner/.suite/results/craton-fullsuite-azure-20260805-s5/all-jit/logs/module_spring-boot-elasticsearch.org.springframework.boot.elasticsearch.autoconfigure.ElasticsearchClientA-3c8072f627ca.out.log	/data/data/cratonvm/apps/spring-boot-suite-runner/.suite/results/craton-fullsuite-azure-20260805-s5/all-jit/logs/module_spring-boot-elasticsearch.org.springframework.boot.elasticsearch.autoconfigure.ElasticsearchClientA-3c8072f627ca.err.log	
30	module/spring-boot-elasticsearch	org.springframework.boot.elasticsearch.autoconfigure.ElasticsearchRestClientAutoConfigurationTests	craton	on	0	PASS	18.738	22	0	0	0	0	/data/data/cratonvm/apps/spring-boot-suite-runner/.suite/results/craton-fullsuite-azure-20260805-s5/all-jit/logs/module_spring-boot-elasticsearch.org.springframework.boot.elasticsearch.autoconfigure.ElasticsearchRestCli-2d497278a68e.out.log	/data/data/cratonvm/apps/spring-boot-suite-runner/.suite/results/craton-fullsuite-azure-20260805-s5/all-jit/logs/module_spring-boot-elasticsearch.org.springframework.boot.elasticsearch.autoconfigure.ElasticsearchRestCli-2d497278a68e.err.log	
31	module/spring-boot-elasticsearch	org.springframework.boot.elasticsearch.autoconfigure.health.ElasticsearchRestHealthContributorAutoConfigurationTests	craton	on	0	PASS	4.444	4	0	0	0	0	/data/data/cratonvm/apps/spring-boot-suite-runner/.suite/results/craton-fullsuite-azure-20260805-s5/all-jit/logs/module_spring-boot-elasticsearch.org.springframework.boot.elasticsearch.autoconfigure.health.Elasticsearch-084858d8a060.out.log	/data/data/cratonvm/apps/spring-boot-suite-runner/.suite/results/craton-fullsuite-azure-20260805-s5/all-jit/logs/module_spring-boot-elasticsearch.org.springframework.boot.elasticsearch.autoconfigure.health.Elasticsearch-084858d8a060.err.log	
32	module/spring-boot-elasticsearch	org.springframework.boot.elasticsearch.docker.compose.ElasticsearchEnvironmentTests	craton	on	0	PASS	0.632	3	0	0	0	0	/data/data/cratonvm/apps/spring-boot-suite-runner/.suite/results/craton-fullsuite-azure-20260805-s5/all-jit/logs/module_spring-boot-elasticsearch.org.springframework.boot.elasticsearch.docker.compose.ElasticsearchEnvironmentTests.out.log	/data/data/cratonvm/apps/spring-boot-suite-runner/.suite/results/craton-fullsuite-azure-20260805-s5/all-jit/logs/module_spring-boot-elasticsearch.org.springframework.boot.elasticsearch.docker.compose.ElasticsearchEnvironmentTests.err.log	
33	module/spring-boot-elasticsearch	org.springframework.boot.elasticsearch.health.ElasticsearchRestClientHealthIndicatorTests	craton	on	0	PASS	3.435	5	0	0	0	0	/data/data/cratonvm/apps/spring-boot-suite-runner/.suite/results/craton-fullsuite-azure-20260805-s5/all-jit/logs/module_spring-boot-elasticsearch.org.springframework.boot.elasticsearch.health.ElasticsearchRestClientHeal-9ab8331bc66a.out.log	/data/data/cratonvm/apps/spring-boot-suite-runner/.suite/results/craton-fullsuite-azure-20260805-s5/all-jit/logs/module_spring-boot-elasticsearch.org.springframework.boot.elasticsearch.health.ElasticsearchRestClientHeal-9ab8331bc66a.err.log	
34	module/spring-boot-flyway	org.springframework.boot.flyway.actuate.endpoint.FlywayEndpointTests	craton	on	0	PASS	7.882	2	0	0	0	0	/data/data/cratonvm/apps/spring-boot-suite-runner/.suite/results/craton-fullsuite-azure-20260805-s5/all-jit/logs/module_spring-boot-flyway.org.springframework.boot.flyway.actuate.endpoint.FlywayEndpointTests.out.log	/data/data/cratonvm/apps/spring-boot-suite-runner/.suite/results/craton-fullsuite-azure-20260805-s5/all-jit/logs/module_spring-boot-flyway.org.springframework.boot.flyway.actuate.endpoint.FlywayEndpointTests.err.log	
35	module/spring-boot-flyway	org.springframework.boot.flyway.autoconfigure.Flyway110AutoConfigurationTests	craton	on	0	PASS	10.493	1	0	0	0	0	/data/data/cratonvm/apps/spring-boot-suite-runner/.suite/results/craton-fullsuite-azure-20260805-s5/all-jit/logs/module_spring-boot-flyway.org.springframework.boot.flyway.autoconfigure.Flyway110AutoConfigurationTests.out.log	/data/data/cratonvm/apps/spring-boot-suite-runner/.suite/results/craton-fullsuite-azure-20260805-s5/all-jit/logs/module_spring-boot-flyway.org.springframework.boot.flyway.autoconfigure.Flyway110AutoConfigurationTests.err.log	
36	module/spring-boot-flyway	org.springframework.boot.flyway.autoconfigure.FlywayAutoConfigureDataSourceInitializationTests	craton	on	0	PASS	4.624	1	0	0	0	0	/data/data/cratonvm/apps/spring-boot-suite-runner/.suite/results/craton-fullsuite-azure-20260805-s5/all-jit/logs/module_spring-boot-flyway.org.springframework.boot.flyway.autoconfigure.FlywayAutoConfigureDataSourceIniti-0398bed6b9d8.out.log	/data/data/cratonvm/apps/spring-boot-suite-runner/.suite/results/craton-fullsuite-azure-20260805-s5/all-jit/logs/module_spring-boot-flyway.org.springframework.boot.flyway.autoconfigure.FlywayAutoConfigureDataSourceIniti-0398bed6b9d8.err.log	
37	module/spring-boot-flyway	org.springframework.boot.flyway.autoconfigure.FlywayEndpointAutoConfigurationTests	craton	on	0	PASS	3.822	3	0	0	0	0	/data/data/cratonvm/apps/spring-boot-suite-runner/.suite/results/craton-fullsuite-azure-20260805-s5/all-jit/logs/module_spring-boot-flyway.org.springframework.boot.flyway.autoconfigure.FlywayEndpointAutoConfigurationTests.out.log	/data/data/cratonvm/apps/spring-boot-suite-runner/.suite/results/craton-fullsuite-azure-20260805-s5/all-jit/logs/module_spring-boot-flyway.org.springframework.boot.flyway.autoconfigure.FlywayEndpointAutoConfigurationTests.err.log	
38	module/spring-boot-flyway	org.springframework.boot.flyway.autoconfigure.FlywayPropertiesTests	craton	on	0	PASS	1.006	3	0	0	0	0	/data/data/cratonvm/apps/spring-boot-suite-runner/.suite/results/craton-fullsuite-azure-20260805-s5/all-jit/logs/module_spring-boot-flyway.org.springframework.boot.flyway.autoconfigure.FlywayPropertiesTests.out.log	/data/data/cratonvm/apps/spring-boot-suite-runner/.suite/results/craton-fullsuite-azure-20260805-s5/all-jit/logs/module_spring-boot-flyway.org.springframework.boot.flyway.autoconfigure.FlywayPropertiesTests.err.log	
39	module/spring-boot-flyway	org.springframework.boot.flyway.autoconfigure.NativeImageResourceProviderCustomizerTests	craton	on	0	PASS	0.806	4	0	0	0	0	/data/data/cratonvm/apps/spring-boot-suite-runner/.suite/results/craton-fullsuite-azure-20260805-s5/all-jit/logs/module_spring-boot-flyway.org.springframework.boot.flyway.autoconfigure.NativeImageResourceProviderCustomizerTests.out.log	/data/data/cratonvm/apps/spring-boot-suite-runner/.suite/results/craton-fullsuite-azure-20260805-s5/all-jit/logs/module_spring-boot-flyway.org.springframework.boot.flyway.autoconfigure.NativeImageResourceProviderCustomizerTests.err.log	
40	module/spring-boot-flyway	org.springframework.boot.flyway.autoconfigure.ResourceProviderCustomizerBeanRegistrationAotProcessorTests	craton	on	0	PASS	11.076	3	0	0	0	0	/data/data/cratonvm/apps/spring-boot-suite-runner/.suite/results/craton-fullsuite-azure-20260805-s5/all-jit/logs/module_spring-boot-flyway.org.springframework.boot.flyway.autoconfigure.ResourceProviderCustomizerBeanRegi-c52356529503.out.log	/data/data/cratonvm/apps/spring-boot-suite-runner/.suite/results/craton-fullsuite-azure-20260805-s5/all-jit/logs/module_spring-boot-flyway.org.springframework.boot.flyway.autoconfigure.ResourceProviderCustomizerBeanRegi-c52356529503.err.log	
41	module/spring-boot-freemarker	org.springframework.boot.freemarker.autoconfigure.FreeMarkerAutoConfigurationReactiveIntegrationTests	craton	on	0	PASS	6.439	7	0	0	0	0	/data/data/cratonvm/apps/spring-boot-suite-runner/.suite/results/craton-fullsuite-azure-20260805-s5/all-jit/logs/module_spring-boot-freemarker.org.springframework.boot.freemarker.autoconfigure.FreeMarkerAutoConfiguratio-840d0c5c3f3e.out.log	/data/data/cratonvm/apps/spring-boot-suite-runner/.suite/results/craton-fullsuite-azure-20260805-s5/all-jit/logs/module_spring-boot-freemarker.org.springframework.boot.freemarker.autoconfigure.FreeMarkerAutoConfiguratio-840d0c5c3f3e.err.log	
42	module/spring-boot-freemarker	org.springframework.boot.freemarker.autoconfigure.FreeMarkerAutoConfigurationServletIntegrationTests	craton	on	0	PASS	13.877	14	0	0	0	0	/data/data/cratonvm/apps/spring-boot-suite-runner/.suite/results/craton-fullsuite-azure-20260805-s5/all-jit/logs/module_spring-boot-freemarker.org.springframework.boot.freemarker.autoconfigure.FreeMarkerAutoConfiguratio-ae72d1ea532c.out.log	/data/data/cratonvm/apps/spring-boot-suite-runner/.suite/results/craton-fullsuite-azure-20260805-s5/all-jit/logs/module_spring-boot-freemarker.org.springframework.boot.freemarker.autoconfigure.FreeMarkerAutoConfiguratio-ae72d1ea532c.err.log	
43	module/spring-boot-freemarker	org.springframework.boot.freemarker.autoconfigure.FreeMarkerAutoConfigurationTests	craton	on	0	PASS	5.829	6	0	0	0	0	/data/data/cratonvm/apps/spring-boot-suite-runner/.suite/results/craton-fullsuite-azure-20260805-s5/all-jit/logs/module_spring-boot-freemarker.org.springframework.boot.freemarker.autoconfigure.FreeMarkerAutoConfigurationTests.out.log	/data/data/cratonvm/apps/spring-boot-suite-runner/.suite/results/craton-fullsuite-azure-20260805-s5/all-jit/logs/module_spring-boot-freemarker.org.springframework.boot.freemarker.autoconfigure.FreeMarkerAutoConfigurationTests.err.log	
44	module/spring-boot-freemarker	org.springframework.boot.freemarker.autoconfigure.FreeMarkerPropertiesTests	craton	on	0	PASS	0.603	5	0	0	0	0	/data/data/cratonvm/apps/spring-boot-suite-runner/.suite/results/craton-fullsuite-azure-20260805-s5/all-jit/logs/module_spring-boot-freemarker.org.springframework.boot.freemarker.autoconfigure.FreeMarkerPropertiesTests.out.log	/data/data/cratonvm/apps/spring-boot-suite-runner/.suite/results/craton-fullsuite-azure-20260805-s5/all-jit/logs/module_spring-boot-freemarker.org.springframework.boot.freemarker.autoconfigure.FreeMarkerPropertiesTests.err.log	
45	module/spring-boot-freemarker	org.springframework.boot.freemarker.autoconfigure.FreeMarkerTemplateAvailabilityProviderTests	craton	on	0	PASS	1.208	7	0	0	0	0	/data/data/cratonvm/apps/spring-boot-suite-runner/.suite/results/craton-fullsuite-azure-20260805-s5/all-jit/logs/module_spring-boot-freemarker.org.springframework.boot.freemarker.autoconfigure.FreeMarkerTemplateAvailabi-41fa5f879430.out.log	/data/data/cratonvm/apps/spring-boot-suite-runner/.suite/results/craton-fullsuite-azure-20260805-s5/all-jit/logs/module_spring-boot-freemarker.org.springframework.boot.freemarker.autoconfigure.FreeMarkerTemplateAvailabi-41fa5f879430.err.log	
46	module/spring-boot-freemarker	org.springframework.boot.freemarker.autoconfigure.FreeMarkerWebFluxTestIntegrationTests	craton	on	0	PASS	7.448	1	0	0	0	0	/data/data/cratonvm/apps/spring-boot-suite-runner/.suite/results/craton-fullsuite-azure-20260805-s5/all-jit/logs/module_spring-boot-freemarker.org.springframework.boot.freemarker.autoconfigure.FreeMarkerWebFluxTestIntegrationTests.out.log	/data/data/cratonvm/apps/spring-boot-suite-runner/.suite/results/craton-fullsuite-azure-20260805-s5/all-jit/logs/module_spring-boot-freemarker.org.springframework.boot.freemarker.autoconfigure.FreeMarkerWebFluxTestIntegrationTests.err.log	
47	module/spring-boot-freemarker	org.springframework.boot.freemarker.autoconfigure.FreeMarkerWebMvcTestIntegrationTests	craton	on	0	PASS	10.281	1	0	0	0	0	/data/data/cratonvm/apps/spring-boot-suite-runner/.suite/results/craton-fullsuite-azure-20260805-s5/all-jit/logs/module_spring-boot-freemarker.org.springframework.boot.freemarker.autoconfigure.FreeMarkerWebMvcTestIntegrationTests.out.log	/data/data/cratonvm/apps/spring-boot-suite-runner/.suite/results/craton-fullsuite-azure-20260805-s5/all-jit/logs/module_spring-boot-freemarker.org.springframework.boot.freemarker.autoconfigure.FreeMarkerWebMvcTestIntegrationTests.err.log	
48	module/spring-boot-graphql	org.springframework.boot.graphql.autoconfigure.data.GraphQlQueryByExampleAutoConfigurationTests	craton	on	0	EMPTY	0.603	0	0	0	0	0	/data/data/cratonvm/apps/spring-boot-suite-runner/.suite/results/craton-fullsuite-azure-20260805-s5/all-jit/logs/module_spring-boot-graphql.org.springframework.boot.graphql.autoconfigure.data.GraphQlQueryByExampleAutoCo-66d54c44d623.out.log	/data/data/cratonvm/apps/spring-boot-suite-runner/.suite/results/craton-fullsuite-azure-20260805-s5/all-jit/logs/module_spring-boot-graphql.org.springframework.boot.graphql.autoconfigure.data.GraphQlQueryByExampleAutoCo-66d54c44d623.err.log	
49	module/spring-boot-graphql	org.springframework.boot.graphql.autoconfigure.data.GraphQlQuerydslAutoConfigurationTests	craton	on	0	PASS	9.670	2	0	0	0	0	/data/data/cratonvm/apps/spring-boot-suite-runner/.suite/results/craton-fullsuite-azure-20260805-s5/all-jit/logs/module_spring-boot-graphql.org.springframework.boot.graphql.autoconfigure.data.GraphQlQuerydslAutoConfigurationTests.out.log	/data/data/cratonvm/apps/spring-boot-suite-runner/.suite/results/craton-fullsuite-azure-20260805-s5/all-jit/logs/module_spring-boot-graphql.org.springframework.boot.graphql.autoconfigure.data.GraphQlQuerydslAutoConfigurationTests.err.log	
50	module/spring-boot-graphql	org.springframework.boot.graphql.autoconfigure.data.GraphQlReactiveQueryByExampleAutoConfigurationTests	craton	on	0	PASS	6.439	1	0	0	0	0	/data/data/cratonvm/apps/spring-boot-suite-runner/.suite/results/craton-fullsuite-azure-20260805-s5/all-jit/logs/module_spring-boot-graphql.org.springframework.boot.graphql.autoconfigure.data.GraphQlReactiveQueryByExamp-81e7895a28e0.out.log	/data/data/cratonvm/apps/spring-boot-suite-runner/.suite/results/craton-fullsuite-azure-20260805-s5/all-jit/logs/module_spring-boot-graphql.org.springframework.boot.graphql.autoconfigure.data.GraphQlReactiveQueryByExamp-81e7895a28e0.err.log	
51	module/spring-boot-graphql	org.springframework.boot.graphql.autoconfigure.data.GraphQlReactiveQuerydslAutoConfigurationTests	craton	on	0	PASS	10.063	2	0	0	0	0	/data/data/cratonvm/apps/spring-boot-suite-runner/.suite/results/craton-fullsuite-azure-20260805-s5/all-jit/logs/module_spring-boot-graphql.org.springframework.boot.graphql.autoconfigure.data.GraphQlReactiveQuerydslAuto-69b244fd2054.out.log	/data/data/cratonvm/apps/spring-boot-suite-runner/.suite/results/craton-fullsuite-azure-20260805-s5/all-jit/logs/module_spring-boot-graphql.org.springframework.boot.graphql.autoconfigure.data.GraphQlReactiveQuerydslAuto-69b244fd2054.err.log	
52	module/spring-boot-graphql	org.springframework.boot.graphql.autoconfigure.DefaultGraphQlSchemaConditionTests	craton	on	0	PASS	1.816	3	0	0	0	0	/data/data/cratonvm/apps/spring-boot-suite-runner/.suite/results/craton-fullsuite-azure-20260805-s5/all-jit/logs/module_spring-boot-graphql.org.springframework.boot.graphql.autoconfigure.DefaultGraphQlSchemaConditionTests.out.log	/data/data/cratonvm/apps/spring-boot-suite-runner/.suite/results/craton-fullsuite-azure-20260805-s5/all-jit/logs/module_spring-boot-graphql.org.springframework.boot.graphql.autoconfigure.DefaultGraphQlSchemaConditionTests.err.log	
53	module/spring-boot-graphql	org.springframework.boot.graphql.autoconfigure.GraphQlAutoConfigurationTests	craton	on	0	PASS	29.989	20	0	0	0	0	/data/data/cratonvm/apps/spring-boot-suite-runner/.suite/results/craton-fullsuite-azure-20260805-s5/all-jit/logs/module_spring-boot-graphql.org.springframework.boot.graphql.autoconfigure.GraphQlAutoConfigurationTests.out.log	/data/data/cratonvm/apps/spring-boot-suite-runner/.suite/results/craton-fullsuite-azure-20260805-s5/all-jit/logs/module_spring-boot-graphql.org.springframework.boot.graphql.autoconfigure.GraphQlAutoConfigurationTests.err.log	
54	module/spring-boot-graphql	org.springframework.boot.graphql.autoconfigure.observation.GraphQlObservationAutoConfigurationTests	craton	on	0	PASS	2.217	4	0	0	0	0	/data/data/cratonvm/apps/spring-boot-suite-runner/.suite/results/craton-fullsuite-azure-20260805-s5/all-jit/logs/module_spring-boot-graphql.org.springframework.boot.graphql.autoconfigure.observation.GraphQlObservationAu-0fe9542462b4.out.log	/data/data/cratonvm/apps/spring-boot-suite-runner/.suite/results/craton-fullsuite-azure-20260805-s5/all-jit/logs/module_spring-boot-graphql.org.springframework.boot.graphql.autoconfigure.observation.GraphQlObservationAu-0fe9542462b4.err.log	
55	module/spring-boot-graphql	org.springframework.boot.graphql.autoconfigure.reactive.GraphQlWebFluxAutoConfigurationTests	craton	on	0	PASS	79.372	17	0	0	0	0	/data/data/cratonvm/apps/spring-boot-suite-runner/.suite/results/craton-fullsuite-azure-20260805-s5/all-jit/logs/module_spring-boot-graphql.org.springframework.boot.graphql.autoconfigure.reactive.GraphQlWebFluxAutoConfigurationTests.out.log	/data/data/cratonvm/apps/spring-boot-suite-runner/.suite/results/craton-fullsuite-azure-20260805-s5/all-jit/logs/module_spring-boot-graphql.org.springframework.boot.graphql.autoconfigure.reactive.GraphQlWebFluxAutoConfigurationTests.err.log	
56	module/spring-boot-graphql	org.springframework.boot.graphql.autoconfigure.rsocket.GraphQlRSocketAutoConfigurationTests	craton	on	0	PASS	32.032	6	0	0	0	0	/data/data/cratonvm/apps/spring-boot-suite-runner/.suite/results/craton-fullsuite-azure-20260805-s5/all-jit/logs/module_spring-boot-graphql.org.springframework.boot.graphql.autoconfigure.rsocket.GraphQlRSocketAutoConfigurationTests.out.log	/data/data/cratonvm/apps/spring-boot-suite-runner/.suite/results/craton-fullsuite-azure-20260805-s5/all-jit/logs/module_spring-boot-graphql.org.springframework.boot.graphql.autoconfigure.rsocket.GraphQlRSocketAutoConfigurationTests.err.log	
57	module/spring-boot-graphql	org.springframework.boot.graphql.autoconfigure.rsocket.RSocketGraphQlClientAutoConfigurationTests	craton	on	0	PASS	4.037	3	0	0	0	0	/data/data/cratonvm/apps/spring-boot-suite-runner/.suite/results/craton-fullsuite-azure-20260805-s5/all-jit/logs/module_spring-boot-graphql.org.springframework.boot.graphql.autoconfigure.rsocket.RSocketGraphQlClientAuto-037b8f597e39.out.log	/data/data/cratonvm/apps/spring-boot-suite-runner/.suite/results/craton-fullsuite-azure-20260805-s5/all-jit/logs/module_spring-boot-graphql.org.springframework.boot.graphql.autoconfigure.rsocket.RSocketGraphQlClientAuto-037b8f597e39.err.log	
58	module/spring-boot-graphql	org.springframework.boot.graphql.autoconfigure.security.GraphQlWebFluxSecurityAutoConfigurationTests	craton	on	0	PASS	44.931	3	0	0	0	0	/data/data/cratonvm/apps/spring-boot-suite-runner/.suite/results/craton-fullsuite-azure-20260805-s5/all-jit/logs/module_spring-boot-graphql.org.springframework.boot.graphql.autoconfigure.security.GraphQlWebFluxSecurityA-87da44ca989c.out.log	/data/data/cratonvm/apps/spring-boot-suite-runner/.suite/results/craton-fullsuite-azure-20260805-s5/all-jit/logs/module_spring-boot-graphql.org.springframework.boot.graphql.autoconfigure.security.GraphQlWebFluxSecurityA-87da44ca989c.err.log	
59	module/spring-boot-flyway	org.springframework.boot.flyway.autoconfigure.FlywayAutoConfigurationTests	craton	on	TIMEOUT	HANG	300.136	0	0	0	0	0	/data/data/cratonvm/apps/spring-boot-suite-runner/.suite/results/craton-fullsuite-azure-20260805-s5/all-jit/logs/module_spring-boot-flyway.org.springframework.boot.flyway.autoconfigure.FlywayAutoConfigurationTests.out.log	/data/data/cratonvm/apps/spring-boot-suite-runner/.suite/results/craton-fullsuite-azure-20260805-s5/all-jit/logs/module_spring-boot-flyway.org.springframework.boot.flyway.autoconfigure.FlywayAutoConfigurationTests.err.log	11:39:34.600 [main] INFO org.springframework.core.annotation.MergedAnnotation -- Failed to introspect annotations on class org.springframework.boot.flyway.autoconfigure.FlywayAutoC | hotspot-baseline: PASS 0/73
60	module/spring-boot-graphql	org.springframework.boot.graphql.autoconfigure.security.GraphQlWebMvcSecurityAutoConfigurationTests	craton	on	0	PASS	72.432	3	0	0	0	0	/data/data/cratonvm/apps/spring-boot-suite-runner/.suite/results/craton-fullsuite-azure-20260805-s5/all-jit/logs/module_spring-boot-graphql.org.springframework.boot.graphql.autoconfigure.security.GraphQlWebMvcSecurityAu-bb81fe27ada1.out.log	/data/data/cratonvm/apps/spring-boot-suite-runner/.suite/results/craton-fullsuite-azure-20260805-s5/all-jit/logs/module_spring-boot-graphql.org.springframework.boot.graphql.autoconfigure.security.GraphQlWebMvcSecurityAu-bb81fe27ada1.err.log	
61	module/spring-boot-graphql-test	org.springframework.boot.graphql.test.autoconfigure.GraphQlTestIntegrationTests	craton	on	0	PASS	10.672	1	0	0	0	0	/data/data/cratonvm/apps/spring-boot-suite-runner/.suite/results/craton-fullsuite-azure-20260805-s5/all-jit/logs/module_spring-boot-graphql-test.org.springframework.boot.graphql.test.autoconfigure.GraphQlTestIntegrationTests.out.log	/data/data/cratonvm/apps/spring-boot-suite-runner/.suite/results/craton-fullsuite-azure-20260805-s5/all-jit/logs/module_spring-boot-graphql-test.org.springframework.boot.graphql.test.autoconfigure.GraphQlTestIntegrationTests.err.log	
62	module/spring-boot-graphql-test	org.springframework.boot.graphql.test.autoconfigure.GraphQlTestPropertiesIntegrationTests	craton	on	0	PASS	11.265	2	0	0	0	0	/data/data/cratonvm/apps/spring-boot-suite-runner/.suite/results/craton-fullsuite-azure-20260805-s5/all-jit/logs/module_spring-boot-graphql-test.org.springframework.boot.graphql.test.autoconfigure.GraphQlTestPropertiesI-eb98e1d89d40.out.log	/data/data/cratonvm/apps/spring-boot-suite-runner/.suite/results/craton-fullsuite-azure-20260805-s5/all-jit/logs/module_spring-boot-graphql-test.org.springframework.boot.graphql.test.autoconfigure.GraphQlTestPropertiesI-eb98e1d89d40.err.log	
63	module/spring-boot-graphql-test	org.springframework.boot.graphql.test.autoconfigure.GraphQlTypeExcludeFilterTests	craton	on	0	PASS	1.408	5	0	0	0	0	/data/data/cratonvm/apps/spring-boot-suite-runner/.suite/results/craton-fullsuite-azure-20260805-s5/all-jit/logs/module_spring-boot-graphql-test.org.springframework.boot.graphql.test.autoconfigure.GraphQlTypeExcludeFilterTests.out.log	/data/data/cratonvm/apps/spring-boot-suite-runner/.suite/results/craton-fullsuite-azure-20260805-s5/all-jit/logs/module_spring-boot-graphql-test.org.springframework.boot.graphql.test.autoconfigure.GraphQlTypeExcludeFilterTests.err.log	
64	module/spring-boot-graphql-test	org.springframework.boot.graphql.test.autoconfigure.tester.GraphQlTesterAutoConfigurationTests	craton	on	0	PASS	4.829	2	0	0	0	0	/data/data/cratonvm/apps/spring-boot-suite-runner/.suite/results/craton-fullsuite-azure-20260805-s5/all-jit/logs/module_spring-boot-graphql-test.org.springframework.boot.graphql.test.autoconfigure.tester.GraphQlTesterAu-6ca19fe34e79.out.log	/data/data/cratonvm/apps/spring-boot-suite-runner/.suite/results/craton-fullsuite-azure-20260805-s5/all-jit/logs/module_spring-boot-graphql-test.org.springframework.boot.graphql.test.autoconfigure.tester.GraphQlTesterAu-6ca19fe34e79.err.log	
65	module/spring-boot-graphql	org.springframework.boot.graphql.autoconfigure.servlet.GraphQlWebMvcAutoConfigurationTests	craton	on	0	PASS	100.646	17	0	0	0	0	/data/data/cratonvm/apps/spring-boot-suite-runner/.suite/results/craton-fullsuite-azure-20260805-s5/all-jit/logs/module_spring-boot-graphql.org.springframework.boot.graphql.autoconfigure.servlet.GraphQlWebMvcAutoConfigurationTests.out.log	/data/data/cratonvm/apps/spring-boot-suite-runner/.suite/results/craton-fullsuite-azure-20260805-s5/all-jit/logs/module_spring-boot-graphql.org.springframework.boot.graphql.autoconfigure.servlet.GraphQlWebMvcAutoConfigurationTests.err.log	
66	module/spring-boot-graphql-test	org.springframework.boot.graphql.test.autoconfigure.tester.HttpGraphQlTesterAutoConfigurationTests	craton	on	0	PASS	5.478	4	0	0	0	0	/data/data/cratonvm/apps/spring-boot-suite-runner/.suite/results/craton-fullsuite-azure-20260805-s5/all-jit/logs/module_spring-boot-graphql-test.org.springframework.boot.graphql.test.autoconfigure.tester.HttpGraphQlTest-2cb87e3ce8c8.out.log	/data/data/cratonvm/apps/spring-boot-suite-runner/.suite/results/craton-fullsuite-azure-20260805-s5/all-jit/logs/module_spring-boot-graphql-test.org.springframework.boot.graphql.test.autoconfigure.tester.HttpGraphQlTest-2cb87e3ce8c8.err.log	
67	module/spring-boot-groovy-templates	org.springframework.boot.groovy.template.autoconfigure.GroovyTemplateAvailabilityProviderTests	craton	on	0	PASS	1.611	7	0	0	0	0	/data/data/cratonvm/apps/spring-boot-suite-runner/.suite/results/craton-fullsuite-azure-20260805-s5/all-jit/logs/module_spring-boot-groovy-templates.org.springframework.boot.groovy.template.autoconfigure.GroovyTemplateA-3fc16c3f0b5c.out.log	/data/data/cratonvm/apps/spring-boot-suite-runner/.suite/results/craton-fullsuite-azure-20260805-s5/all-jit/logs/module_spring-boot-groovy-templates.org.springframework.boot.groovy.template.autoconfigure.GroovyTemplateA-3fc16c3f0b5c.err.log	
68	module/spring-boot-groovy-templates	org.springframework.boot.groovy.template.autoconfigure.GroovyTemplatePropertiesTests	craton	on	0	PASS	0.804	5	0	0	0	0	/data/data/cratonvm/apps/spring-boot-suite-runner/.suite/results/craton-fullsuite-azure-20260805-s5/all-jit/logs/module_spring-boot-groovy-templates.org.springframework.boot.groovy.template.autoconfigure.GroovyTemplateP-b6dddca2d57e.out.log	/data/data/cratonvm/apps/spring-boot-suite-runner/.suite/results/craton-fullsuite-azure-20260805-s5/all-jit/logs/module_spring-boot-groovy-templates.org.springframework.boot.groovy.template.autoconfigure.GroovyTemplateP-b6dddca2d57e.err.log	
69	module/spring-boot-groovy-templates	org.springframework.boot.groovy.template.autoconfigure.GroovyTemplateWebMvcTestIntegrationTests	craton	on	0	PASS	11.479	1	0	0	0	0	/data/data/cratonvm/apps/spring-boot-suite-runner/.suite/results/craton-fullsuite-azure-20260805-s5/all-jit/logs/module_spring-boot-groovy-templates.org.springframework.boot.groovy.template.autoconfigure.GroovyTemplateW-5f4a9448028a.out.log	/data/data/cratonvm/apps/spring-boot-suite-runner/.suite/results/craton-fullsuite-azure-20260805-s5/all-jit/logs/module_spring-boot-groovy-templates.org.springframework.boot.groovy.template.autoconfigure.GroovyTemplateW-5f4a9448028a.err.log	
70	module/spring-boot-grpc-client	org.springframework.boot.grpc.client.autoconfigure.CompositeChannelFactoryAutoConfigurationTests	craton	on	0	PASS	8.058	5	0	0	0	0	/data/data/cratonvm/apps/spring-boot-suite-runner/.suite/results/craton-fullsuite-azure-20260805-s5/all-jit/logs/module_spring-boot-grpc-client.org.springframework.boot.grpc.client.autoconfigure.CompositeChannelFactoryA-9910a00f4cc2.out.log	/data/data/cratonvm/apps/spring-boot-suite-runner/.suite/results/craton-fullsuite-azure-20260805-s5/all-jit/logs/module_spring-boot-grpc-client.org.springframework.boot.grpc.client.autoconfigure.CompositeChannelFactoryA-9910a00f4cc2.err.log	
71	module/spring-boot-grpc-client	org.springframework.boot.grpc.client.autoconfigure.GrpcChannelBuilderCustomizersTests	craton	on	0	PASS	11.894	13	0	0	0	0	/data/data/cratonvm/apps/spring-boot-suite-runner/.suite/results/craton-fullsuite-azure-20260805-s5/all-jit/logs/module_spring-boot-grpc-client.org.springframework.boot.grpc.client.autoconfigure.GrpcChannelBuilderCustomizersTests.out.log	/data/data/cratonvm/apps/spring-boot-suite-runner/.suite/results/craton-fullsuite-azure-20260805-s5/all-jit/logs/module_spring-boot-grpc-client.org.springframework.boot.grpc.client.autoconfigure.GrpcChannelBuilderCustomizersTests.err.log	
72	module/spring-boot-groovy-templates	org.springframework.boot.groovy.template.autoconfigure.GroovyTemplateAutoConfigurationTests	craton	on	0	PASS	36.812	27	0	0	0	0	/data/data/cratonvm/apps/spring-boot-suite-runner/.suite/results/craton-fullsuite-azure-20260805-s5/all-jit/logs/module_spring-boot-groovy-templates.org.springframework.boot.groovy.template.autoconfigure.GroovyTemplateA-52ab00e6b17c.out.log	/data/data/cratonvm/apps/spring-boot-suite-runner/.suite/results/craton-fullsuite-azure-20260805-s5/all-jit/logs/module_spring-boot-groovy-templates.org.springframework.boot.groovy.template.autoconfigure.GroovyTemplateA-52ab00e6b17c.err.log	
73	module/spring-boot-grpc-client	org.springframework.boot.grpc.client.autoconfigure.GrpcClientObservationAutoConfigurationTests	craton	on	0	PASS	4.225	10	0	0	0	0	/data/data/cratonvm/apps/spring-boot-suite-runner/.suite/results/craton-fullsuite-azure-20260805-s5/all-jit/logs/module_spring-boot-grpc-client.org.springframework.boot.grpc.client.autoconfigure.GrpcClientObservationAut-376c5b6f13a0.out.log	/data/data/cratonvm/apps/spring-boot-suite-runner/.suite/results/craton-fullsuite-azure-20260805-s5/all-jit/logs/module_spring-boot-grpc-client.org.springframework.boot.grpc.client.autoconfigure.GrpcClientObservationAut-376c5b6f13a0.err.log	
74	module/spring-boot-grpc-client	org.springframework.boot.grpc.client.autoconfigure.GrpcClientPropertiesTests	craton	on	0	PASS	1.816	4	0	0	0	0	/data/data/cratonvm/apps/spring-boot-suite-runner/.suite/results/craton-fullsuite-azure-20260805-s5/all-jit/logs/module_spring-boot-grpc-client.org.springframework.boot.grpc.client.autoconfigure.GrpcClientPropertiesTests.out.log	/data/data/cratonvm/apps/spring-boot-suite-runner/.suite/results/craton-fullsuite-azure-20260805-s5/all-jit/logs/module_spring-boot-grpc-client.org.springframework.boot.grpc.client.autoconfigure.GrpcClientPropertiesTests.err.log	
75	module/spring-boot-grpc-client	org.springframework.boot.grpc.client.autoconfigure.GrpcCodecConfigurationTests	craton	on	0	PASS	4.840	7	0	0	0	0	/data/data/cratonvm/apps/spring-boot-suite-runner/.suite/results/craton-fullsuite-azure-20260805-s5/all-jit/logs/module_spring-boot-grpc-client.org.springframework.boot.grpc.client.autoconfigure.GrpcCodecConfigurationTests.out.log	/data/data/cratonvm/apps/spring-boot-suite-runner/.suite/results/craton-fullsuite-azure-20260805-s5/all-jit/logs/module_spring-boot-grpc-client.org.springframework.boot.grpc.client.autoconfigure.GrpcCodecConfigurationTests.err.log	
76	module/spring-boot-grpc-client	org.springframework.boot.grpc.client.autoconfigure.PropertiesChannelCredentialsProviderTests	craton	on	0	PASS	5.040	9	0	0	0	0	/data/data/cratonvm/apps/spring-boot-suite-runner/.suite/results/craton-fullsuite-azure-20260805-s5/all-jit/logs/module_spring-boot-grpc-client.org.springframework.boot.grpc.client.autoconfigure.PropertiesChannelCredent-f2ff545b3e30.out.log	/data/data/cratonvm/apps/spring-boot-suite-runner/.suite/results/craton-fullsuite-azure-20260805-s5/all-jit/logs/module_spring-boot-grpc-client.org.springframework.boot.grpc.client.autoconfigure.PropertiesChannelCredent-f2ff545b3e30.err.log	
77	module/spring-boot-grpc-client	org.springframework.boot.grpc.client.autoconfigure.PropertiesGrpcChannelBuilderCustomizerTests	craton	on	0	PASS	4.830	11	0	0	0	0	/data/data/cratonvm/apps/spring-boot-suite-runner/.suite/results/craton-fullsuite-azure-20260805-s5/all-jit/logs/module_spring-boot-grpc-client.org.springframework.boot.grpc.client.autoconfigure.PropertiesGrpcChannelBui-ad7246a94022.out.log	/data/data/cratonvm/apps/spring-boot-suite-runner/.suite/results/craton-fullsuite-azure-20260805-s5/all-jit/logs/module_spring-boot-grpc-client.org.springframework.boot.grpc.client.autoconfigure.PropertiesGrpcChannelBui-ad7246a94022.err.log	
78	module/spring-boot-grpc-client	org.springframework.boot.grpc.client.autoconfigure.PropertiesVirtualTargetsTests	craton	on	0	PASS	1.009	12	0	0	0	0	/data/data/cratonvm/apps/spring-boot-suite-runner/.suite/results/craton-fullsuite-azure-20260805-s5/all-jit/logs/module_spring-boot-grpc-client.org.springframework.boot.grpc.client.autoconfigure.PropertiesVirtualTargetsTests.out.log	/data/data/cratonvm/apps/spring-boot-suite-runner/.suite/results/craton-fullsuite-azure-20260805-s5/all-jit/logs/module_spring-boot-grpc-client.org.springframework.boot.grpc.client.autoconfigure.PropertiesVirtualTargetsTests.err.log	
79	module/spring-boot-grpc-client	org.springframework.boot.grpc.client.autoconfigure.ServiceConfigTests	craton	on	0	PASS	2.613	15	0	0	0	0	/data/data/cratonvm/apps/spring-boot-suite-runner/.suite/results/craton-fullsuite-azure-20260805-s5/all-jit/logs/module_spring-boot-grpc-client.org.springframework.boot.grpc.client.autoconfigure.ServiceConfigTests.out.log	/data/data/cratonvm/apps/spring-boot-suite-runner/.suite/results/craton-fullsuite-azure-20260805-s5/all-jit/logs/module_spring-boot-grpc-client.org.springframework.boot.grpc.client.autoconfigure.ServiceConfigTests.err.log	
80	module/spring-boot-grpc-client	org.springframework.boot.grpc.client.autoconfigure.GrpcClientAutoConfigurationTests	craton	on	0	PASS	54.596	33	0	0	0	0	/data/data/cratonvm/apps/spring-boot-suite-runner/.suite/results/craton-fullsuite-azure-20260805-s5/all-jit/logs/module_spring-boot-grpc-client.org.springframework.boot.grpc.client.autoconfigure.GrpcClientAutoConfigurationTests.out.log	/data/data/cratonvm/apps/spring-boot-suite-runner/.suite/results/craton-fullsuite-azure-20260805-s5/all-jit/logs/module_spring-boot-grpc-client.org.springframework.boot.grpc.client.autoconfigure.GrpcClientAutoConfigurationTests.err.log	
81	module/spring-boot-grpc-server	org.springframework.boot.grpc.server.autoconfigure.GrpcServerBuilderCustomizersTests	craton	on	0	PASS	12.295	4	0	0	0	0	/data/data/cratonvm/apps/spring-boot-suite-runner/.suite/results/craton-fullsuite-azure-20260805-s5/all-jit/logs/module_spring-boot-grpc-server.org.springframework.boot.grpc.server.autoconfigure.GrpcServerBuilderCustomizersTests.out.log	/data/data/cratonvm/apps/spring-boot-suite-runner/.suite/results/craton-fullsuite-azure-20260805-s5/all-jit/logs/module_spring-boot-grpc-server.org.springframework.boot.grpc.server.autoconfigure.GrpcServerBuilderCustomizersTests.err.log	
82	module/spring-boot-grpc-server	org.springframework.boot.grpc.server.autoconfigure.GrpcServerCodecConfigurationTests	craton	on	0	PASS	4.837	6	0	0	0	0	/data/data/cratonvm/apps/spring-boot-suite-runner/.suite/results/craton-fullsuite-azure-20260805-s5/all-jit/logs/module_spring-boot-grpc-server.org.springframework.boot.grpc.server.autoconfigure.GrpcServerCodecConfigurationTests.out.log	/data/data/cratonvm/apps/spring-boot-suite-runner/.suite/results/craton-fullsuite-azure-20260805-s5/all-jit/logs/module_spring-boot-grpc-server.org.springframework.boot.grpc.server.autoconfigure.GrpcServerCodecConfigurationTests.err.log	
83	module/spring-boot-grpc-server	org.springframework.boot.grpc.server.autoconfigure.GrpcServerObservationAutoConfigurationTests	craton	on	0	PASS	6.448	13	0	0	0	0	/data/data/cratonvm/apps/spring-boot-suite-runner/.suite/results/craton-fullsuite-azure-20260805-s5/all-jit/logs/module_spring-boot-grpc-server.org.springframework.boot.grpc.server.autoconfigure.GrpcServerObservationAut-d55e664100fd.out.log	/data/data/cratonvm/apps/spring-boot-suite-runner/.suite/results/craton-fullsuite-azure-20260805-s5/all-jit/logs/module_spring-boot-grpc-server.org.springframework.boot.grpc.server.autoconfigure.GrpcServerObservationAut-d55e664100fd.err.log	
84	module/spring-boot-grpc-server	org.springframework.boot.grpc.server.autoconfigure.GrpcServerPropertiesTests	craton	on	0	PASS	1.612	9	0	0	0	0	/data/data/cratonvm/apps/spring-boot-suite-runner/.suite/results/craton-fullsuite-azure-20260805-s5/all-jit/logs/module_spring-boot-grpc-server.org.springframework.boot.grpc.server.autoconfigure.GrpcServerPropertiesTests.out.log	/data/data/cratonvm/apps/spring-boot-suite-runner/.suite/results/craton-fullsuite-azure-20260805-s5/all-jit/logs/module_spring-boot-grpc-server.org.springframework.boot.grpc.server.autoconfigure.GrpcServerPropertiesTests.err.log	
85	module/spring-boot-grpc-server	org.springframework.boot.grpc.server.autoconfigure.GrpcServerAutoConfigurationTests	craton	on	0	PASS	59.176	42	0	0	0	0	/data/data/cratonvm/apps/spring-boot-suite-runner/.suite/results/craton-fullsuite-azure-20260805-s5/all-jit/logs/module_spring-boot-grpc-server.org.springframework.boot.grpc.server.autoconfigure.GrpcServerAutoConfigurationTests.out.log	/data/data/cratonvm/apps/spring-boot-suite-runner/.suite/results/craton-fullsuite-azure-20260805-s5/all-jit/logs/module_spring-boot-grpc-server.org.springframework.boot.grpc.server.autoconfigure.GrpcServerAutoConfigurationTests.err.log	
86	module/spring-boot-grpc-server	org.springframework.boot.grpc.server.autoconfigure.GrpcServerServicesAutoConfigurationTests	craton	on	0	PASS	5.446	7	0	0	0	0	/data/data/cratonvm/apps/spring-boot-suite-runner/.suite/results/craton-fullsuite-azure-20260805-s5/all-jit/logs/module_spring-boot-grpc-server.org.springframework.boot.grpc.server.autoconfigure.GrpcServerServicesAutoCo-0a26c323849b.out.log	/data/data/cratonvm/apps/spring-boot-suite-runner/.suite/results/craton-fullsuite-azure-20260805-s5/all-jit/logs/module_spring-boot-grpc-server.org.springframework.boot.grpc.server.autoconfigure.GrpcServerServicesAutoCo-0a26c323849b.err.log	
87	module/spring-boot-grpc-server	org.springframework.boot.grpc.server.autoconfigure.health.AutoConfiguredHealthCheckedGrpcComponentTests	craton	on	0	PASS	2.413	4	0	0	0	0	/data/data/cratonvm/apps/spring-boot-suite-runner/.suite/results/craton-fullsuite-azure-20260805-s5/all-jit/logs/module_spring-boot-grpc-server.org.springframework.boot.grpc.server.autoconfigure.health.AutoConfiguredHea-3bc4826ec540.out.log	/data/data/cratonvm/apps/spring-boot-suite-runner/.suite/results/craton-fullsuite-azure-20260805-s5/all-jit/logs/module_spring-boot-grpc-server.org.springframework.boot.grpc.server.autoconfigure.health.AutoConfiguredHea-3bc4826ec540.err.log	
88	module/spring-boot-grpc-server	org.springframework.boot.grpc.server.autoconfigure.health.AutoConfiguredHealthCheckedGrpcComponentsTests	craton	on	0	PASS	8.697	17	0	0	0	0	/data/data/cratonvm/apps/spring-boot-suite-runner/.suite/results/craton-fullsuite-azure-20260805-s5/all-jit/logs/module_spring-boot-grpc-server.org.springframework.boot.grpc.server.autoconfigure.health.AutoConfiguredHea-39af3b0271b1.out.log	/data/data/cratonvm/apps/spring-boot-suite-runner/.suite/results/craton-fullsuite-azure-20260805-s5/all-jit/logs/module_spring-boot-grpc-server.org.springframework.boot.grpc.server.autoconfigure.health.AutoConfiguredHea-39af3b0271b1.err.log	
89	module/spring-boot-grpc-server	org.springframework.boot.grpc.server.autoconfigure.health.GrpcServerHealthSchedulerTests	craton	on	0	PASS	7.063	4	0	0	0	0	/data/data/cratonvm/apps/spring-boot-suite-runner/.suite/results/craton-fullsuite-azure-20260805-s5/all-jit/logs/module_spring-boot-grpc-server.org.springframework.boot.grpc.server.autoconfigure.health.GrpcServerHealthSchedulerTests.out.log	/data/data/cratonvm/apps/spring-boot-suite-runner/.suite/results/craton-fullsuite-azure-20260805-s5/all-jit/logs/module_spring-boot-grpc-server.org.springframework.boot.grpc.server.autoconfigure.health.GrpcServerHealthSchedulerTests.err.log	
90	module/spring-boot-grpc-server	org.springframework.boot.grpc.server.autoconfigure.NettyAddressTests	craton	on	0	PASS	0.807	10	0	0	0	0	/data/data/cratonvm/apps/spring-boot-suite-runner/.suite/results/craton-fullsuite-azure-20260805-s5/all-jit/logs/module_spring-boot-grpc-server.org.springframework.boot.grpc.server.autoconfigure.NettyAddressTests.out.log	/data/data/cratonvm/apps/spring-boot-suite-runner/.suite/results/craton-fullsuite-azure-20260805-s5/all-jit/logs/module_spring-boot-grpc-server.org.springframework.boot.grpc.server.autoconfigure.NettyAddressTests.err.log	
91	module/spring-boot-grpc-server	org.springframework.boot.grpc.server.autoconfigure.PropertiesServerBuilderCustomizerTests	craton	on	0	PASS	8.453	3	0	0	0	0	/data/data/cratonvm/apps/spring-boot-suite-runner/.suite/results/craton-fullsuite-azure-20260805-s5/all-jit/logs/module_spring-boot-grpc-server.org.springframework.boot.grpc.server.autoconfigure.PropertiesServerBuilderC-d9ee4caddff6.out.log	/data/data/cratonvm/apps/spring-boot-suite-runner/.suite/results/craton-fullsuite-azure-20260805-s5/all-jit/logs/module_spring-boot-grpc-server.org.springframework.boot.grpc.server.autoconfigure.PropertiesServerBuilderC-d9ee4caddff6.err.log	
92	module/spring-boot-grpc-server	org.springframework.boot.grpc.server.autoconfigure.security.GrpcDisableCsrfHttpConfigurerTests	craton	on	0	PASS	5.030	8	0	0	0	0	/data/data/cratonvm/apps/spring-boot-suite-runner/.suite/results/craton-fullsuite-azure-20260805-s5/all-jit/logs/module_spring-boot-grpc-server.org.springframework.boot.grpc.server.autoconfigure.security.GrpcDisableCsrf-71ed36b4a231.out.log	/data/data/cratonvm/apps/spring-boot-suite-runner/.suite/results/craton-fullsuite-azure-20260805-s5/all-jit/logs/module_spring-boot-grpc-server.org.springframework.boot.grpc.server.autoconfigure.security.GrpcDisableCsrf-71ed36b4a231.err.log	
93	module/spring-boot-grpc-server	org.springframework.boot.grpc.server.autoconfigure.health.GrpcServerHealthAutoConfigurationTests	craton	on	1	FAIL	43.818	30	1	0	0	0	/data/data/cratonvm/apps/spring-boot-suite-runner/.suite/results/craton-fullsuite-azure-20260805-s5/all-jit/logs/module_spring-boot-grpc-server.org.springframework.boot.grpc.server.autoconfigure.health.GrpcServerHealthA-ca6b91b0fe28.out.log	/data/data/cratonvm/apps/spring-boot-suite-runner/.suite/results/craton-fullsuite-azure-20260805-s5/all-jit/logs/module_spring-boot-grpc-server.org.springframework.boot.grpc.server.autoconfigure.health.GrpcServerHealthA-ca6b91b0fe28.err.log	11:47:29.918 [main] WARN org.springframework.context.annotation.AnnotationConfigApplicationContext -- Exception encountered during context initialization - cancelling refresh attem | hotspot-baseline: PASS 0/30
94	module/spring-boot-grpc-server	org.springframework.boot.grpc.server.autoconfigure.security.GrpcServerOAuth2ResourceServerAutoConfigurationTests	craton	on	0	PASS	18.545	6	0	0	0	0	/data/data/cratonvm/apps/spring-boot-suite-runner/.suite/results/craton-fullsuite-azure-20260805-s5/all-jit/logs/module_spring-boot-grpc-server.org.springframework.boot.grpc.server.autoconfigure.security.GrpcServerOAuth-22fd78ea340a.out.log	/data/data/cratonvm/apps/spring-boot-suite-runner/.suite/results/craton-fullsuite-azure-20260805-s5/all-jit/logs/module_spring-boot-grpc-server.org.springframework.boot.grpc.server.autoconfigure.security.GrpcServerOAuth-22fd78ea340a.err.log	
95	module/spring-boot-grpc-server	org.springframework.boot.grpc.server.autoconfigure.security.web.reactive.GrpcRequestTests	craton	on	0	PASS	2.213	2	0	0	0	0	/data/data/cratonvm/apps/spring-boot-suite-runner/.suite/results/craton-fullsuite-azure-20260805-s5/all-jit/logs/module_spring-boot-grpc-server.org.springframework.boot.grpc.server.autoconfigure.security.web.reactive.Gr-ec563b107d68.out.log	/data/data/cratonvm/apps/spring-boot-suite-runner/.suite/results/craton-fullsuite-azure-20260805-s5/all-jit/logs/module_spring-boot-grpc-server.org.springframework.boot.grpc.server.autoconfigure.security.web.reactive.Gr-ec563b107d68.err.log	
96	module/spring-boot-grpc-server	org.springframework.boot.grpc.server.autoconfigure.security.web.servlet.GrpcRequestTests	craton	on	0	PASS	2.010	2	0	0	0	0	/data/data/cratonvm/apps/spring-boot-suite-runner/.suite/results/craton-fullsuite-azure-20260805-s5/all-jit/logs/module_spring-boot-grpc-server.org.springframework.boot.grpc.server.autoconfigure.security.web.servlet.GrpcRequestTests.out.log	/data/data/cratonvm/apps/spring-boot-suite-runner/.suite/results/craton-fullsuite-azure-20260805-s5/all-jit/logs/module_spring-boot-grpc-server.org.springframework.boot.grpc.server.autoconfigure.security.web.servlet.GrpcRequestTests.err.log	
97	module/spring-boot-grpc-server	org.springframework.boot.grpc.server.autoconfigure.security.GrpcServerSecurityAutoConfigurationTests	craton	on	0	PASS	10.301	9	0	0	0	0	/data/data/cratonvm/apps/spring-boot-suite-runner/.suite/results/craton-fullsuite-azure-20260805-s5/all-jit/logs/module_spring-boot-grpc-server.org.springframework.boot.grpc.server.autoconfigure.security.GrpcServerSecur-74505207592d.out.log	/data/data/cratonvm/apps/spring-boot-suite-runner/.suite/results/craton-fullsuite-azure-20260805-s5/all-jit/logs/module_spring-boot-grpc-server.org.springframework.boot.grpc.server.autoconfigure.security.GrpcServerSecur-74505207592d.err.log	
98	module/spring-boot-grpc-server	org.springframework.boot.grpc.server.autoconfigure.ServerCredentialsTests	craton	on	0	PASS	5.047	6	0	0	0	0	/data/data/cratonvm/apps/spring-boot-suite-runner/.suite/results/craton-fullsuite-azure-20260805-s5/all-jit/logs/module_spring-boot-grpc-server.org.springframework.boot.grpc.server.autoconfigure.ServerCredentialsTests.out.log	/data/data/cratonvm/apps/spring-boot-suite-runner/.suite/results/craton-fullsuite-azure-20260805-s5/all-jit/logs/module_spring-boot-grpc-server.org.springframework.boot.grpc.server.autoconfigure.ServerCredentialsTests.err.log	
99	module/spring-boot-grpc-server	org.springframework.boot.grpc.server.health.GrpcServerHealthTests	craton	on	0	PASS	3.826	13	0	0	0	0	/data/data/cratonvm/apps/spring-boot-suite-runner/.suite/results/craton-fullsuite-azure-20260805-s5/all-jit/logs/module_spring-boot-grpc-server.org.springframework.boot.grpc.server.health.GrpcServerHealthTests.out.log	/data/data/cratonvm/apps/spring-boot-suite-runner/.suite/results/craton-fullsuite-azure-20260805-s5/all-jit/logs/module_spring-boot-grpc-server.org.springframework.boot.grpc.server.health.GrpcServerHealthTests.err.log	
100	module/spring-boot-grpc-server	org.springframework.boot.grpc.server.GrpcServletRegistrationTests	craton	on	0	PASS	5.864	8	0	0	0	0	/data/data/cratonvm/apps/spring-boot-suite-runner/.suite/results/craton-fullsuite-azure-20260805-s5/all-jit/logs/module_spring-boot-grpc-server.org.springframework.boot.grpc.server.GrpcServletRegistrationTests.out.log	/data/data/cratonvm/apps/spring-boot-suite-runner/.suite/results/craton-fullsuite-azure-20260805-s5/all-jit/logs/module_spring-boot-grpc-server.org.springframework.boot.grpc.server.GrpcServletRegistrationTests.err.log	
101	module/spring-boot-grpc-server	org.springframework.boot.grpc.server.health.StatusAggregatorTests	craton	on	0	PASS	0.605	5	0	0	0	0	/data/data/cratonvm/apps/spring-boot-suite-runner/.suite/results/craton-fullsuite-azure-20260805-s5/all-jit/logs/module_spring-boot-grpc-server.org.springframework.boot.grpc.server.health.StatusAggregatorTests.out.log	/data/data/cratonvm/apps/spring-boot-suite-runner/.suite/results/craton-fullsuite-azure-20260805-s5/all-jit/logs/module_spring-boot-grpc-server.org.springframework.boot.grpc.server.health.StatusAggregatorTests.err.log	
102	module/spring-boot-grpc-server	org.springframework.boot.grpc.server.health.StatusMapperTests	craton	on	0	PASS	0.629	3	0	0	0	0	/data/data/cratonvm/apps/spring-boot-suite-runner/.suite/results/craton-fullsuite-azure-20260805-s5/all-jit/logs/module_spring-boot-grpc-server.org.springframework.boot.grpc.server.health.StatusMapperTests.out.log	/data/data/cratonvm/apps/spring-boot-suite-runner/.suite/results/craton-fullsuite-azure-20260805-s5/all-jit/logs/module_spring-boot-grpc-server.org.springframework.boot.grpc.server.health.StatusMapperTests.err.log	
103	module/spring-boot-grpc-test	org.springframework.boot.grpc.test.autoconfigure.AutoConfigureTestGrpcTransportOverrideTests	craton	on	0	PASS	2.428	1	0	0	0	0	/data/data/cratonvm/apps/spring-boot-suite-runner/.suite/results/craton-fullsuite-azure-20260805-s5/all-jit/logs/module_spring-boot-grpc-test.org.springframework.boot.grpc.test.autoconfigure.AutoConfigureTestGrpcTranspo-a712cbaf3ff8.out.log	/data/data/cratonvm/apps/spring-boot-suite-runner/.suite/results/craton-fullsuite-azure-20260805-s5/all-jit/logs/module_spring-boot-grpc-test.org.springframework.boot.grpc.test.autoconfigure.AutoConfigureTestGrpcTranspo-a712cbaf3ff8.err.log	
104	module/spring-boot-grpc-test	org.springframework.boot.grpc.test.autoconfigure.AutoConfigureTestGrpcTransportTests	craton	on	0	PASS	2.429	1	0	0	0	0	/data/data/cratonvm/apps/spring-boot-suite-runner/.suite/results/craton-fullsuite-azure-20260805-s5/all-jit/logs/module_spring-boot-grpc-test.org.springframework.boot.grpc.test.autoconfigure.AutoConfigureTestGrpcTransportTests.out.log	/data/data/cratonvm/apps/spring-boot-suite-runner/.suite/results/craton-fullsuite-azure-20260805-s5/all-jit/logs/module_spring-boot-grpc-test.org.springframework.boot.grpc.test.autoconfigure.AutoConfigureTestGrpcTransportTests.err.log	
105	module/spring-boot-grpc-test	org.springframework.boot.grpc.test.autoconfigure.TestGrpcChannelFactoryTests	craton	on	0	PASS	2.018	2	0	0	0	0	/data/data/cratonvm/apps/spring-boot-suite-runner/.suite/results/craton-fullsuite-azure-20260805-s5/all-jit/logs/module_spring-boot-grpc-test.org.springframework.boot.grpc.test.autoconfigure.TestGrpcChannelFactoryTests.out.log	/data/data/cratonvm/apps/spring-boot-suite-runner/.suite/results/craton-fullsuite-azure-20260805-s5/all-jit/logs/module_spring-boot-grpc-test.org.springframework.boot.grpc.test.autoconfigure.TestGrpcChannelFactoryTests.err.log	
106	module/spring-boot-grpc-test	org.springframework.boot.grpc.test.autoconfigure.TestGrpcServerFactoryTests	craton	on	0	PASS	0.603	1	0	0	0	0	/data/data/cratonvm/apps/spring-boot-suite-runner/.suite/results/craton-fullsuite-azure-20260805-s5/all-jit/logs/module_spring-boot-grpc-test.org.springframework.boot.grpc.test.autoconfigure.TestGrpcServerFactoryTests.out.log	/data/data/cratonvm/apps/spring-boot-suite-runner/.suite/results/craton-fullsuite-azure-20260805-s5/all-jit/logs/module_spring-boot-grpc-test.org.springframework.boot.grpc.test.autoconfigure.TestGrpcServerFactoryTests.err.log	
107	module/spring-boot-grpc-test	org.springframework.boot.grpc.test.autoconfigure.GrpcPortInfoApplicationContextInitializerTests	craton	on	0	PASS	4.875	4	0	0	0	0	/data/data/cratonvm/apps/spring-boot-suite-runner/.suite/results/craton-fullsuite-azure-20260805-s5/all-jit/logs/module_spring-boot-grpc-test.org.springframework.boot.grpc.test.autoconfigure.GrpcPortInfoApplicationConte-0cc9a0f1baa7.out.log	/data/data/cratonvm/apps/spring-boot-suite-runner/.suite/results/craton-fullsuite-azure-20260805-s5/all-jit/logs/module_spring-boot-grpc-test.org.springframework.boot.grpc.test.autoconfigure.GrpcPortInfoApplicationConte-0cc9a0f1baa7.err.log	
108	module/spring-boot-gson	org.springframework.boot.gson.autoconfigure.Gson210AutoConfigurationTests	craton	on	0	PASS	3.017	1	0	0	0	0	/data/data/cratonvm/apps/spring-boot-suite-runner/.suite/results/craton-fullsuite-azure-20260805-s5/all-jit/logs/module_spring-boot-gson.org.springframework.boot.gson.autoconfigure.Gson210AutoConfigurationTests.out.log	/data/data/cratonvm/apps/spring-boot-suite-runner/.suite/results/craton-fullsuite-azure-20260805-s5/all-jit/logs/module_spring-boot-gson.org.springframework.boot.gson.autoconfigure.Gson210AutoConfigurationTests.err.log	
109	module/spring-boot-grpc-test	org.springframework.boot.grpc.test.autoconfigure.TestGrpcTransportAutoConfigurationTests	craton	on	0	PASS	12.701	7	0	0	0	0	/data/data/cratonvm/apps/spring-boot-suite-runner/.suite/results/craton-fullsuite-azure-20260805-s5/all-jit/logs/module_spring-boot-grpc-test.org.springframework.boot.grpc.test.autoconfigure.TestGrpcTransportAutoConfigurationTests.out.log	/data/data/cratonvm/apps/spring-boot-suite-runner/.suite/results/craton-fullsuite-azure-20260805-s5/all-jit/logs/module_spring-boot-grpc-test.org.springframework.boot.grpc.test.autoconfigure.TestGrpcTransportAutoConfigurationTests.err.log	
110	module/spring-boot-gson	org.springframework.boot.gson.autoconfigure.GsonPropertiesTests	craton	on	0	PASS	0.603	1	0	0	0	0	/data/data/cratonvm/apps/spring-boot-suite-runner/.suite/results/craton-fullsuite-azure-20260805-s5/all-jit/logs/module_spring-boot-gson.org.springframework.boot.gson.autoconfigure.GsonPropertiesTests.out.log	/data/data/cratonvm/apps/spring-boot-suite-runner/.suite/results/craton-fullsuite-azure-20260805-s5/all-jit/logs/module_spring-boot-gson.org.springframework.boot.gson.autoconfigure.GsonPropertiesTests.err.log	
111	module/spring-boot-gson	org.springframework.boot.gson.autoconfigure.GsonTesterAutoConfigurationTests	craton	on	0	PASS	2.823	1	0	0	0	0	/data/data/cratonvm/apps/spring-boot-suite-runner/.suite/results/craton-fullsuite-azure-20260805-s5/all-jit/logs/module_spring-boot-gson.org.springframework.boot.gson.autoconfigure.GsonTesterAutoConfigurationTests.out.log	/data/data/cratonvm/apps/spring-boot-suite-runner/.suite/results/craton-fullsuite-azure-20260805-s5/all-jit/logs/module_spring-boot-gson.org.springframework.boot.gson.autoconfigure.GsonTesterAutoConfigurationTests.err.log	
112	module/spring-boot-gson	org.springframework.boot.gson.autoconfigure.GsonAutoConfigurationTests	craton	on	0	PASS	12.513	26	0	0	0	0	/data/data/cratonvm/apps/spring-boot-suite-runner/.suite/results/craton-fullsuite-azure-20260805-s5/all-jit/logs/module_spring-boot-gson.org.springframework.boot.gson.autoconfigure.GsonAutoConfigurationTests.out.log	/data/data/cratonvm/apps/spring-boot-suite-runner/.suite/results/craton-fullsuite-azure-20260805-s5/all-jit/logs/module_spring-boot-gson.org.springframework.boot.gson.autoconfigure.GsonAutoConfigurationTests.err.log	
113	module/spring-boot-gson	org.springframework.boot.gson.autoconfigure.jsontest.GsonAutoConfigureJsonIntegrationTests	craton	on	0	PASS	2.425	1	0	0	0	0	/data/data/cratonvm/apps/spring-boot-suite-runner/.suite/results/craton-fullsuite-azure-20260805-s5/all-jit/logs/module_spring-boot-gson.org.springframework.boot.gson.autoconfigure.jsontest.GsonAutoConfigureJsonIntegrationTests.out.log	/data/data/cratonvm/apps/spring-boot-suite-runner/.suite/results/craton-fullsuite-azure-20260805-s5/all-jit/logs/module_spring-boot-gson.org.springframework.boot.gson.autoconfigure.jsontest.GsonAutoConfigureJsonIntegrationTests.err.log	
114	module/spring-boot-gson	org.springframework.boot.gson.autoconfigure.jsontest.JsonTestIntegrationTests	craton	on	0	PASS	4.836	1	0	0	0	0	/data/data/cratonvm/apps/spring-boot-suite-runner/.suite/results/craton-fullsuite-azure-20260805-s5/all-jit/logs/module_spring-boot-gson.org.springframework.boot.gson.autoconfigure.jsontest.JsonTestIntegrationTests.out.log	/data/data/cratonvm/apps/spring-boot-suite-runner/.suite/results/craton-fullsuite-azure-20260805-s5/all-jit/logs/module_spring-boot-gson.org.springframework.boot.gson.autoconfigure.jsontest.JsonTestIntegrationTests.err.log	
115	module/spring-boot-gson	org.springframework.boot.gson.autoconfigure.jsontest.JsonTestWithAutoConfigureJsonTestersTests	craton	on	0	PASS	4.236	1	0	0	0	0	/data/data/cratonvm/apps/spring-boot-suite-runner/.suite/results/craton-fullsuite-azure-20260805-s5/all-jit/logs/module_spring-boot-gson.org.springframework.boot.gson.autoconfigure.jsontest.JsonTestWithAutoConfigureJsonTestersTests.out.log	/data/data/cratonvm/apps/spring-boot-suite-runner/.suite/results/craton-fullsuite-azure-20260805-s5/all-jit/logs/module_spring-boot-gson.org.springframework.boot.gson.autoconfigure.jsontest.JsonTestWithAutoConfigureJsonTestersTests.err.log	
116	module/spring-boot-gson	org.springframework.boot.gson.autoconfigure.jsontest.SpringBootTestWithAutoConfigureJsonTestersTests	craton	on	0	PASS	6.657	1	0	0	0	0	/data/data/cratonvm/apps/spring-boot-suite-runner/.suite/results/craton-fullsuite-azure-20260805-s5/all-jit/logs/module_spring-boot-gson.org.springframework.boot.gson.autoconfigure.jsontest.SpringBootTestWithAutoConfigu-8071165a648a.out.log	/data/data/cratonvm/apps/spring-boot-suite-runner/.suite/results/craton-fullsuite-azure-20260805-s5/all-jit/logs/module_spring-boot-gson.org.springframework.boot.gson.autoconfigure.jsontest.SpringBootTestWithAutoConfigu-8071165a648a.err.log	
117	module/spring-boot-h2console	org.springframework.boot.h2console.autoconfigure.H2ConsolePropertiesTests	craton	on	0	PASS	0.603	3	0	0	0	0	/data/data/cratonvm/apps/spring-boot-suite-runner/.suite/results/craton-fullsuite-azure-20260805-s5/all-jit/logs/module_spring-boot-h2console.org.springframework.boot.h2console.autoconfigure.H2ConsolePropertiesTests.out.log	/data/data/cratonvm/apps/spring-boot-suite-runner/.suite/results/craton-fullsuite-azure-20260805-s5/all-jit/logs/module_spring-boot-h2console.org.springframework.boot.h2console.autoconfigure.H2ConsolePropertiesTests.err.log	
118	module/spring-boot-hateoas	org.springframework.boot.hateoas.autoconfigure.HypermediaAutoConfigurationTests	craton	on	0	PASS	8.634	6	0	0	0	0	/data/data/cratonvm/apps/spring-boot-suite-runner/.suite/results/craton-fullsuite-azure-20260805-s5/all-jit/logs/module_spring-boot-hateoas.org.springframework.boot.hateoas.autoconfigure.HypermediaAutoConfigurationTests.out.log	/data/data/cratonvm/apps/spring-boot-suite-runner/.suite/results/craton-fullsuite-azure-20260805-s5/all-jit/logs/module_spring-boot-hateoas.org.springframework.boot.hateoas.autoconfigure.HypermediaAutoConfigurationTests.err.log	
119	module/spring-boot-hateoas	org.springframework.boot.hateoas.autoconfigure.HypermediaAutoConfigurationWithoutJacksonTests	craton	on	0	PASS	1.607	1	0	0	0	0	/data/data/cratonvm/apps/spring-boot-suite-runner/.suite/results/craton-fullsuite-azure-20260805-s5/all-jit/logs/module_spring-boot-hateoas.org.springframework.boot.hateoas.autoconfigure.HypermediaAutoConfigurationWitho-2538f571aa0a.out.log	/data/data/cratonvm/apps/spring-boot-suite-runner/.suite/results/craton-fullsuite-azure-20260805-s5/all-jit/logs/module_spring-boot-hateoas.org.springframework.boot.hateoas.autoconfigure.HypermediaAutoConfigurationWitho-2538f571aa0a.err.log	
120	module/spring-boot-h2console	org.springframework.boot.h2console.autoconfigure.H2ConsoleAutoConfigurationTests	craton	on	0	PASS	17.133	12	0	0	0	0	/data/data/cratonvm/apps/spring-boot-suite-runner/.suite/results/craton-fullsuite-azure-20260805-s5/all-jit/logs/module_spring-boot-h2console.org.springframework.boot.h2console.autoconfigure.H2ConsoleAutoConfigurationTests.out.log	/data/data/cratonvm/apps/spring-boot-suite-runner/.suite/results/craton-fullsuite-azure-20260805-s5/all-jit/logs/module_spring-boot-h2console.org.springframework.boot.h2console.autoconfigure.H2ConsoleAutoConfigurationTests.err.log	
121	module/spring-boot-hazelcast	org.springframework.boot.hazelcast.autoconfigure.HazelcastAutoConfigurationClientTests	craton	on	1	FAIL	2.611	0	0	0	0	1	/data/data/cratonvm/apps/spring-boot-suite-runner/.suite/results/craton-fullsuite-azure-20260805-s5/all-jit/logs/module_spring-boot-hazelcast.org.springframework.boot.hazelcast.autoconfigure.HazelcastAutoConfigurationClientTests.out.log	/data/data/cratonvm/apps/spring-boot-suite-runner/.suite/results/craton-fullsuite-azure-20260805-s5/all-jit/logs/module_spring-boot-hazelcast.org.springframework.boot.hazelcast.autoconfigure.HazelcastAutoConfigurationClientTests.err.log	    => com.hazelcast.config.InvalidConfigurationException: cvc-complex-type.2.4.a: Invalid content was found starting with element '{"http://www.hazelcast.com/schema/config":kubern | hotspot-baseline: PASS 0/12
122	module/spring-boot-hateoas	org.springframework.boot.hateoas.autoconfigure.HypermediaWebMvcTestIntegrationTests	craton	on	0	PASS	10.871	2	0	0	0	0	/data/data/cratonvm/apps/spring-boot-suite-runner/.suite/results/craton-fullsuite-azure-20260805-s5/all-jit/logs/module_spring-boot-hateoas.org.springframework.boot.hateoas.autoconfigure.HypermediaWebMvcTestIntegrationTests.out.log	/data/data/cratonvm/apps/spring-boot-suite-runner/.suite/results/craton-fullsuite-azure-20260805-s5/all-jit/logs/module_spring-boot-hateoas.org.springframework.boot.hateoas.autoconfigure.HypermediaWebMvcTestIntegrationTests.err.log	
123	module/spring-boot-hazelcast	org.springframework.boot.hazelcast.autoconfigure.HazelcastAutoConfigurationTests	craton	on	0	PASS	5.223	1	0	0	0	0	/data/data/cratonvm/apps/spring-boot-suite-runner/.suite/results/craton-fullsuite-azure-20260805-s5/all-jit/logs/module_spring-boot-hazelcast.org.springframework.boot.hazelcast.autoconfigure.HazelcastAutoConfigurationTests.out.log	/data/data/cratonvm/apps/spring-boot-suite-runner/.suite/results/craton-fullsuite-azure-20260805-s5/all-jit/logs/module_spring-boot-hazelcast.org.springframework.boot.hazelcast.autoconfigure.HazelcastAutoConfigurationTests.err.log	
124	module/spring-boot-hazelcast	org.springframework.boot.hazelcast.autoconfigure.HazelcastClientConfigAvailableConditionTests	craton	on	0	PASS	2.409	3	0	0	0	0	/data/data/cratonvm/apps/spring-boot-suite-runner/.suite/results/craton-fullsuite-azure-20260805-s5/all-jit/logs/module_spring-boot-hazelcast.org.springframework.boot.hazelcast.autoconfigure.HazelcastClientConfigAvailab-9f692e4033e6.out.log	/data/data/cratonvm/apps/spring-boot-suite-runner/.suite/results/craton-fullsuite-azure-20260805-s5/all-jit/logs/module_spring-boot-hazelcast.org.springframework.boot.hazelcast.autoconfigure.HazelcastClientConfigAvailab-9f692e4033e6.err.log	
125	module/spring-boot-hazelcast	org.springframework.boot.hazelcast.autoconfigure.HazelcastJpaDependencyAutoConfigurationTests	craton	on	1	FAIL	7.231	4	3	0	0	0	/data/data/cratonvm/apps/spring-boot-suite-runner/.suite/results/craton-fullsuite-azure-20260805-s5/all-jit/logs/module_spring-boot-hazelcast.org.springframework.boot.hazelcast.autoconfigure.HazelcastJpaDependencyAutoCo-0b6f922e64ea.out.log	/data/data/cratonvm/apps/spring-boot-suite-runner/.suite/results/craton-fullsuite-azure-20260805-s5/all-jit/logs/module_spring-boot-hazelcast.org.springframework.boot.hazelcast.autoconfigure.HazelcastJpaDependencyAutoCo-0b6f922e64ea.err.log	11:49:18.209 [main] WARN org.springframework.context.annotation.AnnotationConfigApplicationContext -- Exception encountered during context initialization - cancelling refresh attem | hotspot-baseline: PASS 0/4
126	module/spring-boot-hazelcast	org.springframework.boot.hazelcast.autoconfigure.health.HazelcastHealthContributorAutoConfigurationIntegrationTests	craton	on	0	PASS	8.841	2	0	0	0	0	/data/data/cratonvm/apps/spring-boot-suite-runner/.suite/results/craton-fullsuite-azure-20260805-s5/all-jit/logs/module_spring-boot-hazelcast.org.springframework.boot.hazelcast.autoconfigure.health.HazelcastHealthContri-87781f09b47a.out.log	/data/data/cratonvm/apps/spring-boot-suite-runner/.suite/results/craton-fullsuite-azure-20260805-s5/all-jit/logs/module_spring-boot-hazelcast.org.springframework.boot.hazelcast.autoconfigure.health.HazelcastHealthContri-87781f09b47a.err.log	
127	module/spring-boot-hazelcast	org.springframework.boot.hazelcast.autoconfigure.health.HazelcastHealthContributorAutoConfigurationTests	craton	on	0	PASS	8.233	2	0	0	0	0	/data/data/cratonvm/apps/spring-boot-suite-runner/.suite/results/craton-fullsuite-azure-20260805-s5/all-jit/logs/module_spring-boot-hazelcast.org.springframework.boot.hazelcast.autoconfigure.health.HazelcastHealthContri-11298d550386.out.log	/data/data/cratonvm/apps/spring-boot-suite-runner/.suite/results/craton-fullsuite-azure-20260805-s5/all-jit/logs/module_spring-boot-hazelcast.org.springframework.boot.hazelcast.autoconfigure.health.HazelcastHealthContri-11298d550386.err.log	
128	module/spring-boot-hazelcast	org.springframework.boot.hazelcast.docker.compose.HazelcastEnvironmentTests	craton	on	0	PASS	0.603	2	0	0	0	0	/data/data/cratonvm/apps/spring-boot-suite-runner/.suite/results/craton-fullsuite-azure-20260805-s5/all-jit/logs/module_spring-boot-hazelcast.org.springframework.boot.hazelcast.docker.compose.HazelcastEnvironmentTests.out.log	/data/data/cratonvm/apps/spring-boot-suite-runner/.suite/results/craton-fullsuite-azure-20260805-s5/all-jit/logs/module_spring-boot-hazelcast.org.springframework.boot.hazelcast.docker.compose.HazelcastEnvironmentTests.err.log	
129	module/spring-boot-hazelcast	org.springframework.boot.hazelcast.health.HazelcastHealthIndicatorTests	craton	on	0	PASS	11.652	4	0	0	0	0	/data/data/cratonvm/apps/spring-boot-suite-runner/.suite/results/craton-fullsuite-azure-20260805-s5/all-jit/logs/module_spring-boot-hazelcast.org.springframework.boot.hazelcast.health.HazelcastHealthIndicatorTests.out.log	/data/data/cratonvm/apps/spring-boot-suite-runner/.suite/results/craton-fullsuite-azure-20260805-s5/all-jit/logs/module_spring-boot-hazelcast.org.springframework.boot.hazelcast.health.HazelcastHealthIndicatorTests.err.log	
130	module/spring-boot-hazelcast	org.springframework.boot.hazelcast.testcontainers.HazelcastContainerConnectionDetailsFactoryTests	craton	on	0	PASS	0.803	1	0	0	0	0	/data/data/cratonvm/apps/spring-boot-suite-runner/.suite/results/craton-fullsuite-azure-20260805-s5/all-jit/logs/module_spring-boot-hazelcast.org.springframework.boot.hazelcast.testcontainers.HazelcastContainerConnectio-919b9c7ff6e3.out.log	/data/data/cratonvm/apps/spring-boot-suite-runner/.suite/results/craton-fullsuite-azure-20260805-s5/all-jit/logs/module_spring-boot-hazelcast.org.springframework.boot.hazelcast.testcontainers.HazelcastContainerConnectio-919b9c7ff6e3.err.log	
131	module/spring-boot-health	org.springframework.boot.health.actuate.endpoint.AdditionalHealthEndpointPathTests	craton	on	0	PASS	0.803	15	0	0	0	0	/data/data/cratonvm/apps/spring-boot-suite-runner/.suite/results/craton-fullsuite-azure-20260805-s5/all-jit/logs/module_spring-boot-health.org.springframework.boot.health.actuate.endpoint.AdditionalHealthEndpointPathTests.out.log	/data/data/cratonvm/apps/spring-boot-suite-runner/.suite/results/craton-fullsuite-azure-20260805-s5/all-jit/logs/module_spring-boot-health.org.springframework.boot.health.actuate.endpoint.AdditionalHealthEndpointPathTests.err.log	
132	module/spring-boot-health	org.springframework.boot.health.actuate.endpoint.CompositeHealthDescriptorTests	craton	on	0	PASS	0.803	6	0	0	0	0	/data/data/cratonvm/apps/spring-boot-suite-runner/.suite/results/craton-fullsuite-azure-20260805-s5/all-jit/logs/module_spring-boot-health.org.springframework.boot.health.actuate.endpoint.CompositeHealthDescriptorTests.out.log	/data/data/cratonvm/apps/spring-boot-suite-runner/.suite/results/craton-fullsuite-azure-20260805-s5/all-jit/logs/module_spring-boot-health.org.springframework.boot.health.actuate.endpoint.CompositeHealthDescriptorTests.err.log	
133	module/spring-boot-health	org.springframework.boot.health.actuate.endpoint.HealthEndpointGroupsTests	craton	on	0	PASS	1.816	3	0	0	0	0	/data/data/cratonvm/apps/spring-boot-suite-runner/.suite/results/craton-fullsuite-azure-20260805-s5/all-jit/logs/module_spring-boot-health.org.springframework.boot.health.actuate.endpoint.HealthEndpointGroupsTests.out.log	/data/data/cratonvm/apps/spring-boot-suite-runner/.suite/results/craton-fullsuite-azure-20260805-s5/all-jit/logs/module_spring-boot-health.org.springframework.boot.health.actuate.endpoint.HealthEndpointGroupsTests.err.log	
134	module/spring-boot-health	org.springframework.boot.health.actuate.endpoint.HealthEndpointSupportTests	craton	on	0	EMPTY	1.014	0	0	0	0	0	/data/data/cratonvm/apps/spring-boot-suite-runner/.suite/results/craton-fullsuite-azure-20260805-s5/all-jit/logs/module_spring-boot-health.org.springframework.boot.health.actuate.endpoint.HealthEndpointSupportTests.out.log	/data/data/cratonvm/apps/spring-boot-suite-runner/.suite/results/craton-fullsuite-azure-20260805-s5/all-jit/logs/module_spring-boot-health.org.springframework.boot.health.actuate.endpoint.HealthEndpointSupportTests.err.log	
135	module/spring-boot-health	org.springframework.boot.health.actuate.endpoint.HealthEndpointTests	craton	on	0	PASS	3.424	27	0	0	0	0	/data/data/cratonvm/apps/spring-boot-suite-runner/.suite/results/craton-fullsuite-azure-20260805-s5/all-jit/logs/module_spring-boot-health.org.springframework.boot.health.actuate.endpoint.HealthEndpointTests.out.log	/data/data/cratonvm/apps/spring-boot-suite-runner/.suite/results/craton-fullsuite-azure-20260805-s5/all-jit/logs/module_spring-boot-health.org.springframework.boot.health.actuate.endpoint.HealthEndpointTests.err.log	
136	module/spring-boot-health	org.springframework.boot.health.actuate.endpoint.HealthEndpointWebExtensionRuntimeHintsTests	craton	on	0	PASS	0.805	1	0	0	0	0	/data/data/cratonvm/apps/spring-boot-suite-runner/.suite/results/craton-fullsuite-azure-20260805-s5/all-jit/logs/module_spring-boot-health.org.springframework.boot.health.actuate.endpoint.HealthEndpointWebExtensionRuntimeHintsTests.out.log	/data/data/cratonvm/apps/spring-boot-suite-runner/.suite/results/craton-fullsuite-azure-20260805-s5/all-jit/logs/module_spring-boot-health.org.springframework.boot.health.actuate.endpoint.HealthEndpointWebExtensionRuntimeHintsTests.err.log	
137	module/spring-boot-health	org.springframework.boot.health.actuate.endpoint.HealthEndpointWebExtensionTests	craton	on	0	PASS	2.617	26	0	0	0	0	/data/data/cratonvm/apps/spring-boot-suite-runner/.suite/results/craton-fullsuite-azure-20260805-s5/all-jit/logs/module_spring-boot-health.org.springframework.boot.health.actuate.endpoint.HealthEndpointWebExtensionTests.out.log	/data/data/cratonvm/apps/spring-boot-suite-runner/.suite/results/craton-fullsuite-azure-20260805-s5/all-jit/logs/module_spring-boot-health.org.springframework.boot.health.actuate.endpoint.HealthEndpointWebExtensionTests.err.log	
138	module/spring-boot-health	org.springframework.boot.health.actuate.endpoint.HttpCodeStatusMapperTests	craton	on	0	PASS	0.603	3	0	0	0	0	/data/data/cratonvm/apps/spring-boot-suite-runner/.suite/results/craton-fullsuite-azure-20260805-s5/all-jit/logs/module_spring-boot-health.org.springframework.boot.health.actuate.endpoint.HttpCodeStatusMapperTests.out.log	/data/data/cratonvm/apps/spring-boot-suite-runner/.suite/results/craton-fullsuite-azure-20260805-s5/all-jit/logs/module_spring-boot-health.org.springframework.boot.health.actuate.endpoint.HttpCodeStatusMapperTests.err.log	
139	module/spring-boot-health	org.springframework.boot.health.actuate.endpoint.IndicatedHealthDescriptorTests	craton	on	0	PASS	1.012	2	0	0	0	0	/data/data/cratonvm/apps/spring-boot-suite-runner/.suite/results/craton-fullsuite-azure-20260805-s5/all-jit/logs/module_spring-boot-health.org.springframework.boot.health.actuate.endpoint.IndicatedHealthDescriptorTests.out.log	/data/data/cratonvm/apps/spring-boot-suite-runner/.suite/results/craton-fullsuite-azure-20260805-s5/all-jit/logs/module_spring-boot-health.org.springframework.boot.health.actuate.endpoint.IndicatedHealthDescriptorTests.err.log	
140	module/spring-boot-health	org.springframework.boot.health.actuate.endpoint.ReactiveHealthEndpointWebExtensionTests	craton	on	0	PASS	2.618	26	0	0	0	0	/data/data/cratonvm/apps/spring-boot-suite-runner/.suite/results/craton-fullsuite-azure-20260805-s5/all-jit/logs/module_spring-boot-health.org.springframework.boot.health.actuate.endpoint.ReactiveHealthEndpointWebExtensionTests.out.log	/data/data/cratonvm/apps/spring-boot-suite-runner/.suite/results/craton-fullsuite-azure-20260805-s5/all-jit/logs/module_spring-boot-health.org.springframework.boot.health.actuate.endpoint.ReactiveHealthEndpointWebExtensionTests.err.log	
141	module/spring-boot-health	org.springframework.boot.health.actuate.endpoint.ReactiveHealthIndicatorImplementationTests	craton	on	0	PASS	1.010	3	0	0	0	0	/data/data/cratonvm/apps/spring-boot-suite-runner/.suite/results/craton-fullsuite-azure-20260805-s5/all-jit/logs/module_spring-boot-health.org.springframework.boot.health.actuate.endpoint.ReactiveHealthIndicatorImplementationTests.out.log	/data/data/cratonvm/apps/spring-boot-suite-runner/.suite/results/craton-fullsuite-azure-20260805-s5/all-jit/logs/module_spring-boot-health.org.springframework.boot.health.actuate.endpoint.ReactiveHealthIndicatorImplementationTests.err.log	
142	module/spring-boot-health	org.springframework.boot.health.actuate.endpoint.SimpleHttpCodeStatusMapperTests	craton	on	0	PASS	0.604	3	0	0	0	0	/data/data/cratonvm/apps/spring-boot-suite-runner/.suite/results/craton-fullsuite-azure-20260805-s5/all-jit/logs/module_spring-boot-health.org.springframework.boot.health.actuate.endpoint.SimpleHttpCodeStatusMapperTests.out.log	/data/data/cratonvm/apps/spring-boot-suite-runner/.suite/results/craton-fullsuite-azure-20260805-s5/all-jit/logs/module_spring-boot-health.org.springframework.boot.health.actuate.endpoint.SimpleHttpCodeStatusMapperTests.err.log	
143	module/spring-boot-health	org.springframework.boot.health.actuate.endpoint.SimpleStatusAggregatorTests	craton	on	0	PASS	0.805	6	0	0	0	0	/data/data/cratonvm/apps/spring-boot-suite-runner/.suite/results/craton-fullsuite-azure-20260805-s5/all-jit/logs/module_spring-boot-health.org.springframework.boot.health.actuate.endpoint.SimpleStatusAggregatorTests.out.log	/data/data/cratonvm/apps/spring-boot-suite-runner/.suite/results/craton-fullsuite-azure-20260805-s5/all-jit/logs/module_spring-boot-health.org.springframework.boot.health.actuate.endpoint.SimpleStatusAggregatorTests.err.log	
144	module/spring-boot-health	org.springframework.boot.health.actuate.endpoint.StatusAggregatorTests	craton	on	0	PASS	0.806	5	0	0	0	0	/data/data/cratonvm/apps/spring-boot-suite-runner/.suite/results/craton-fullsuite-azure-20260805-s5/all-jit/logs/module_spring-boot-health.org.springframework.boot.health.actuate.endpoint.StatusAggregatorTests.out.log	/data/data/cratonvm/apps/spring-boot-suite-runner/.suite/results/craton-fullsuite-azure-20260805-s5/all-jit/logs/module_spring-boot-health.org.springframework.boot.health.actuate.endpoint.StatusAggregatorTests.err.log	
145	module/spring-boot-health	org.springframework.boot.health.actuate.endpoint.SystemHealthDescriptorTests	craton	on	0	PASS	1.005	3	0	0	0	0	/data/data/cratonvm/apps/spring-boot-suite-runner/.suite/results/craton-fullsuite-azure-20260805-s5/all-jit/logs/module_spring-boot-health.org.springframework.boot.health.actuate.endpoint.SystemHealthDescriptorTests.out.log	/data/data/cratonvm/apps/spring-boot-suite-runner/.suite/results/craton-fullsuite-azure-20260805-s5/all-jit/logs/module_spring-boot-health.org.springframework.boot.health.actuate.endpoint.SystemHealthDescriptorTests.err.log	
146	module/spring-boot-health	org.springframework.boot.health.application.AvailabilityStateHealthIndicatorTests	craton	on	0	PASS	3.016	7	0	0	0	0	/data/data/cratonvm/apps/spring-boot-suite-runner/.suite/results/craton-fullsuite-azure-20260805-s5/all-jit/logs/module_spring-boot-health.org.springframework.boot.health.application.AvailabilityStateHealthIndicatorTests.out.log	/data/data/cratonvm/apps/spring-boot-suite-runner/.suite/results/craton-fullsuite-azure-20260805-s5/all-jit/logs/module_spring-boot-health.org.springframework.boot.health.application.AvailabilityStateHealthIndicatorTests.err.log	
147	module/spring-boot-health	org.springframework.boot.health.application.DiskSpaceHealthIndicatorTests	craton	on	0	PASS	4.230	3	0	0	0	0	/data/data/cratonvm/apps/spring-boot-suite-runner/.suite/results/craton-fullsuite-azure-20260805-s5/all-jit/logs/module_spring-boot-health.org.springframework.boot.health.application.DiskSpaceHealthIndicatorTests.out.log	/data/data/cratonvm/apps/spring-boot-suite-runner/.suite/results/craton-fullsuite-azure-20260805-s5/all-jit/logs/module_spring-boot-health.org.springframework.boot.health.application.DiskSpaceHealthIndicatorTests.err.log	
148	module/spring-boot-health	org.springframework.boot.health.application.LivenessStateHealthIndicatorTests	craton	on	0	PASS	2.014	2	0	0	0	0	/data/data/cratonvm/apps/spring-boot-suite-runner/.suite/results/craton-fullsuite-azure-20260805-s5/all-jit/logs/module_spring-boot-health.org.springframework.boot.health.application.LivenessStateHealthIndicatorTests.out.log	/data/data/cratonvm/apps/spring-boot-suite-runner/.suite/results/craton-fullsuite-azure-20260805-s5/all-jit/logs/module_spring-boot-health.org.springframework.boot.health.application.LivenessStateHealthIndicatorTests.err.log	
149	module/spring-boot-health	org.springframework.boot.health.application.ReadinessStateHealthIndicatorTests	craton	on	0	PASS	2.010	2	0	0	0	0	/data/data/cratonvm/apps/spring-boot-suite-runner/.suite/results/craton-fullsuite-azure-20260805-s5/all-jit/logs/module_spring-boot-health.org.springframework.boot.health.application.ReadinessStateHealthIndicatorTests.out.log	/data/data/cratonvm/apps/spring-boot-suite-runner/.suite/results/craton-fullsuite-azure-20260805-s5/all-jit/logs/module_spring-boot-health.org.springframework.boot.health.application.ReadinessStateHealthIndicatorTests.err.log	
150	module/spring-boot-health	org.springframework.boot.health.application.SslHealthIndicatorTests	craton	on	0	PASS	3.421	4	0	0	0	0	/data/data/cratonvm/apps/spring-boot-suite-runner/.suite/results/craton-fullsuite-azure-20260805-s5/all-jit/logs/module_spring-boot-health.org.springframework.boot.health.application.SslHealthIndicatorTests.out.log	/data/data/cratonvm/apps/spring-boot-suite-runner/.suite/results/craton-fullsuite-azure-20260805-s5/all-jit/logs/module_spring-boot-health.org.springframework.boot.health.application.SslHealthIndicatorTests.err.log	
151	module/spring-boot-health	org.springframework.boot.health.autoconfigure.actuate.endpoint.AutoConfiguredHealthEndpointGroupsTests	craton	on	0	PASS	10.268	19	0	0	0	0	/data/data/cratonvm/apps/spring-boot-suite-runner/.suite/results/craton-fullsuite-azure-20260805-s5/all-jit/logs/module_spring-boot-health.org.springframework.boot.health.autoconfigure.actuate.endpoint.AutoConfiguredHea-34fbcb5b5731.out.log	/data/data/cratonvm/apps/spring-boot-suite-runner/.suite/results/craton-fullsuite-azure-20260805-s5/all-jit/logs/module_spring-boot-health.org.springframework.boot.health.autoconfigure.actuate.endpoint.AutoConfiguredHea-34fbcb5b5731.err.log	
152	module/spring-boot-health	org.springframework.boot.health.autoconfigure.actuate.endpoint.AutoConfiguredHealthEndpointGroupTests	craton	on	0	PASS	5.628	21	0	0	0	0	/data/data/cratonvm/apps/spring-boot-suite-runner/.suite/results/craton-fullsuite-azure-20260805-s5/all-jit/logs/module_spring-boot-health.org.springframework.boot.health.autoconfigure.actuate.endpoint.AutoConfiguredHea-43cfc1c24e9b.out.log	/data/data/cratonvm/apps/spring-boot-suite-runner/.suite/results/craton-fullsuite-azure-20260805-s5/all-jit/logs/module_spring-boot-health.org.springframework.boot.health.autoconfigure.actuate.endpoint.AutoConfiguredHea-43cfc1c24e9b.err.log	
153	module/spring-boot-hazelcast	org.springframework.boot.hazelcast.autoconfigure.HazelcastAutoConfigurationServerTests	craton	on	0	PASS	105.915	20	0	0	0	0	/data/data/cratonvm/apps/spring-boot-suite-runner/.suite/results/craton-fullsuite-azure-20260805-s5/all-jit/logs/module_spring-boot-hazelcast.org.springframework.boot.hazelcast.autoconfigure.HazelcastAutoConfigurationServerTests.out.log	/data/data/cratonvm/apps/spring-boot-suite-runner/.suite/results/craton-fullsuite-azure-20260805-s5/all-jit/logs/module_spring-boot-hazelcast.org.springframework.boot.hazelcast.autoconfigure.HazelcastAutoConfigurationServerTests.err.log	
154	module/spring-boot-health	org.springframework.boot.health.autoconfigure.actuate.endpoint.AvailabilityProbesAutoConfigurationTests	craton	on	0	PASS	3.054	4	0	0	0	0	/data/data/cratonvm/apps/spring-boot-suite-runner/.suite/results/craton-fullsuite-azure-20260805-s5/all-jit/logs/module_spring-boot-health.org.springframework.boot.health.autoconfigure.actuate.endpoint.AvailabilityProbe-a8128d480708.out.log	/data/data/cratonvm/apps/spring-boot-suite-runner/.suite/results/craton-fullsuite-azure-20260805-s5/all-jit/logs/module_spring-boot-health.org.springframework.boot.health.autoconfigure.actuate.endpoint.AvailabilityProbe-a8128d480708.err.log	
155	module/spring-boot-health	org.springframework.boot.health.autoconfigure.actuate.endpoint.AvailabilityProbesHealthEndpointGroupsPostProcessorTests	craton	on	0	PASS	3.683	9	0	0	0	0	/data/data/cratonvm/apps/spring-boot-suite-runner/.suite/results/craton-fullsuite-azure-20260805-s5/all-jit/logs/module_spring-boot-health.org.springframework.boot.health.autoconfigure.actuate.endpoint.AvailabilityProbe-63d7445a940b.out.log	/data/data/cratonvm/apps/spring-boot-suite-runner/.suite/results/craton-fullsuite-azure-20260805-s5/all-jit/logs/module_spring-boot-health.org.springframework.boot.health.autoconfigure.actuate.endpoint.AvailabilityProbe-63d7445a940b.err.log	
156	module/spring-boot-health	org.springframework.boot.health.autoconfigure.actuate.endpoint.AvailabilityProbesHealthEndpointGroupsTests	craton	on	0	PASS	4.287	10	0	0	0	0	/data/data/cratonvm/apps/spring-boot-suite-runner/.suite/results/craton-fullsuite-azure-20260805-s5/all-jit/logs/module_spring-boot-health.org.springframework.boot.health.autoconfigure.actuate.endpoint.AvailabilityProbe-7eafaccbc23f.out.log	/data/data/cratonvm/apps/spring-boot-suite-runner/.suite/results/craton-fullsuite-azure-20260805-s5/all-jit/logs/module_spring-boot-health.org.springframework.boot.health.autoconfigure.actuate.endpoint.AvailabilityProbe-7eafaccbc23f.err.log	
157	module/spring-boot-health	org.springframework.boot.health.autoconfigure.actuate.endpoint.AvailabilityProbesHealthEndpointGroupTests	craton	on	0	PASS	1.622	6	0	0	0	0	/data/data/cratonvm/apps/spring-boot-suite-runner/.suite/results/craton-fullsuite-azure-20260805-s5/all-jit/logs/module_spring-boot-health.org.springframework.boot.health.autoconfigure.actuate.endpoint.AvailabilityProbe-e49de1d2a025.out.log	/data/data/cratonvm/apps/spring-boot-suite-runner/.suite/results/craton-fullsuite-azure-20260805-s5/all-jit/logs/module_spring-boot-health.org.springframework.boot.health.autoconfigure.actuate.endpoint.AvailabilityProbe-e49de1d2a025.err.log	
158	module/spring-boot-health	org.springframework.boot.health.autoconfigure.actuate.endpoint.DelegatingAvailabilityProbesHealthEndpointGroupTests	craton	on	0	PASS	3.050	1	0	0	0	0	/data/data/cratonvm/apps/spring-boot-suite-runner/.suite/results/craton-fullsuite-azure-20260805-s5/all-jit/logs/module_spring-boot-health.org.springframework.boot.health.autoconfigure.actuate.endpoint.DelegatingAvailab-07bb4bc2abd7.out.log	/data/data/cratonvm/apps/spring-boot-suite-runner/.suite/results/craton-fullsuite-azure-20260805-s5/all-jit/logs/module_spring-boot-health.org.springframework.boot.health.autoconfigure.actuate.endpoint.DelegatingAvailab-07bb4bc2abd7.err.log	
159	module/spring-boot-health	org.springframework.boot.health.autoconfigure.application.AvailabilityHealthContributorAutoConfigurationTests	craton	on	0	PASS	2.218	3	0	0	0	0	/data/data/cratonvm/apps/spring-boot-suite-runner/.suite/results/craton-fullsuite-azure-20260805-s5/all-jit/logs/module_spring-boot-health.org.springframework.boot.health.autoconfigure.application.AvailabilityHealthCont-31ee5113f75d.out.log	/data/data/cratonvm/apps/spring-boot-suite-runner/.suite/results/craton-fullsuite-azure-20260805-s5/all-jit/logs/module_spring-boot-health.org.springframework.boot.health.autoconfigure.application.AvailabilityHealthCont-31ee5113f75d.err.log	
160	module/spring-boot-health	org.springframework.boot.health.autoconfigure.application.DiskSpaceHealthContributorAutoConfigurationTests	craton	on	0	PASS	3.437	5	0	0	0	0	/data/data/cratonvm/apps/spring-boot-suite-runner/.suite/results/craton-fullsuite-azure-20260805-s5/all-jit/logs/module_spring-boot-health.org.springframework.boot.health.autoconfigure.application.DiskSpaceHealthContrib-5fe139b57d25.out.log	/data/data/cratonvm/apps/spring-boot-suite-runner/.suite/results/craton-fullsuite-azure-20260805-s5/all-jit/logs/module_spring-boot-health.org.springframework.boot.health.autoconfigure.application.DiskSpaceHealthContrib-5fe139b57d25.err.log	
161	module/spring-boot-health	org.springframework.boot.health.autoconfigure.application.SslHealthContributorAutoConfigurationTests	craton	on	0	PASS	4.633	4	0	0	0	0	/data/data/cratonvm/apps/spring-boot-suite-runner/.suite/results/craton-fullsuite-azure-20260805-s5/all-jit/logs/module_spring-boot-health.org.springframework.boot.health.autoconfigure.application.SslHealthContributorAu-a2dcd280efb6.out.log	/data/data/cratonvm/apps/spring-boot-suite-runner/.suite/results/craton-fullsuite-azure-20260805-s5/all-jit/logs/module_spring-boot-health.org.springframework.boot.health.autoconfigure.application.SslHealthContributorAu-a2dcd280efb6.err.log	
162	module/spring-boot-health	org.springframework.boot.health.autoconfigure.contributor.AbstractCompositeHealthContributorConfigurationTests	craton	on	0	EMPTY	0.402	0	0	0	0	0	/data/data/cratonvm/apps/spring-boot-suite-runner/.suite/results/craton-fullsuite-azure-20260805-s5/all-jit/logs/module_spring-boot-health.org.springframework.boot.health.autoconfigure.contributor.AbstractCompositeHealt-4cff69366e28.out.log	/data/data/cratonvm/apps/spring-boot-suite-runner/.suite/results/craton-fullsuite-azure-20260805-s5/all-jit/logs/module_spring-boot-health.org.springframework.boot.health.autoconfigure.contributor.AbstractCompositeHealt-4cff69366e28.err.log	
163	module/spring-boot-health	org.springframework.boot.health.autoconfigure.contributor.CompositeHealthContributorConfigurationTests	craton	on	0	PASS	1.205	6	0	0	0	0	/data/data/cratonvm/apps/spring-boot-suite-runner/.suite/results/craton-fullsuite-azure-20260805-s5/all-jit/logs/module_spring-boot-health.org.springframework.boot.health.autoconfigure.contributor.CompositeHealthContrib-01a6cc504a59.out.log	/data/data/cratonvm/apps/spring-boot-suite-runner/.suite/results/craton-fullsuite-azure-20260805-s5/all-jit/logs/module_spring-boot-health.org.springframework.boot.health.autoconfigure.contributor.CompositeHealthContrib-01a6cc504a59.err.log	
164	module/spring-boot-health	org.springframework.boot.health.autoconfigure.contributor.CompositeReactiveHealthContributorConfigurationTests	craton	on	0	PASS	1.409	6	0	0	0	0	/data/data/cratonvm/apps/spring-boot-suite-runner/.suite/results/craton-fullsuite-azure-20260805-s5/all-jit/logs/module_spring-boot-health.org.springframework.boot.health.autoconfigure.contributor.CompositeReactiveHealt-e7f759d1b687.out.log	/data/data/cratonvm/apps/spring-boot-suite-runner/.suite/results/craton-fullsuite-azure-20260805-s5/all-jit/logs/module_spring-boot-health.org.springframework.boot.health.autoconfigure.contributor.CompositeReactiveHealt-e7f759d1b687.err.log	
165	module/spring-boot-health	org.springframework.boot.health.autoconfigure.contributor.ConditionalOnEnabledHealthIndicatorTests	craton	on	0	PASS	2.013	7	0	0	0	0	/data/data/cratonvm/apps/spring-boot-suite-runner/.suite/results/craton-fullsuite-azure-20260805-s5/all-jit/logs/module_spring-boot-health.org.springframework.boot.health.autoconfigure.contributor.ConditionalOnEnabledHe-8eeffe72f552.out.log	/data/data/cratonvm/apps/spring-boot-suite-runner/.suite/results/craton-fullsuite-azure-20260805-s5/all-jit/logs/module_spring-boot-health.org.springframework.boot.health.autoconfigure.contributor.ConditionalOnEnabledHe-8eeffe72f552.err.log	
166	module/spring-boot-health	org.springframework.boot.health.autoconfigure.contributor.HealthContributorAutoConfigurationTests	craton	on	0	PASS	2.629	4	0	0	0	0	/data/data/cratonvm/apps/spring-boot-suite-runner/.suite/results/craton-fullsuite-azure-20260805-s5/all-jit/logs/module_spring-boot-health.org.springframework.boot.health.autoconfigure.contributor.HealthContributorAutoC-d8cb02b9ff24.out.log	/data/data/cratonvm/apps/spring-boot-suite-runner/.suite/results/craton-fullsuite-azure-20260805-s5/all-jit/logs/module_spring-boot-health.org.springframework.boot.health.autoconfigure.contributor.HealthContributorAutoC-d8cb02b9ff24.err.log	
167	module/spring-boot-health	org.springframework.boot.health.autoconfigure.contributor.HealthContributorMembershipTests	craton	on	0	PASS	1.609	14	0	0	0	0	/data/data/cratonvm/apps/spring-boot-suite-runner/.suite/results/craton-fullsuite-azure-20260805-s5/all-jit/logs/module_spring-boot-health.org.springframework.boot.health.autoconfigure.contributor.HealthContributorMembershipTests.out.log	/data/data/cratonvm/apps/spring-boot-suite-runner/.suite/results/craton-fullsuite-azure-20260805-s5/all-jit/logs/module_spring-boot-health.org.springframework.boot.health.autoconfigure.contributor.HealthContributorMembershipTests.err.log	
168	module/spring-boot-health	org.springframework.boot.health.autoconfigure.contributor.HealthContributorMembershipValidatorTests	craton	on	0	PASS	1.005	6	0	0	0	0	/data/data/cratonvm/apps/spring-boot-suite-runner/.suite/results/craton-fullsuite-azure-20260805-s5/all-jit/logs/module_spring-boot-health.org.springframework.boot.health.autoconfigure.contributor.HealthContributorMembe-294574e5eefc.out.log	/data/data/cratonvm/apps/spring-boot-suite-runner/.suite/results/craton-fullsuite-azure-20260805-s5/all-jit/logs/module_spring-boot-health.org.springframework.boot.health.autoconfigure.contributor.HealthContributorMembe-294574e5eefc.err.log	
169	module/spring-boot-health	org.springframework.boot.health.autoconfigure.registry.HealthContributorNameGeneratorTests	craton	on	0	PASS	0.603	5	0	0	0	0	/data/data/cratonvm/apps/spring-boot-suite-runner/.suite/results/craton-fullsuite-azure-20260805-s5/all-jit/logs/module_spring-boot-health.org.springframework.boot.health.autoconfigure.registry.HealthContributorNameGeneratorTests.out.log	/data/data/cratonvm/apps/spring-boot-suite-runner/.suite/results/craton-fullsuite-azure-20260805-s5/all-jit/logs/module_spring-boot-health.org.springframework.boot.health.autoconfigure.registry.HealthContributorNameGeneratorTests.err.log	
170	module/spring-boot-health	org.springframework.boot.health.autoconfigure.registry.HealthContributorRegistryAutoConfigurationTests	craton	on	0	PASS	3.017	5	0	0	0	0	/data/data/cratonvm/apps/spring-boot-suite-runner/.suite/results/craton-fullsuite-azure-20260805-s5/all-jit/logs/module_spring-boot-health.org.springframework.boot.health.autoconfigure.registry.HealthContributorRegistry-29aa45578d06.out.log	/data/data/cratonvm/apps/spring-boot-suite-runner/.suite/results/craton-fullsuite-azure-20260805-s5/all-jit/logs/module_spring-boot-health.org.springframework.boot.health.autoconfigure.registry.HealthContributorRegistry-29aa45578d06.err.log	
171	module/spring-boot-health	org.springframework.boot.health.contributor.AbstractHealthIndicatorTests	craton	on	0	PASS	1.205	6	0	0	0	0	/data/data/cratonvm/apps/spring-boot-suite-runner/.suite/results/craton-fullsuite-azure-20260805-s5/all-jit/logs/module_spring-boot-health.org.springframework.boot.health.contributor.AbstractHealthIndicatorTests.out.log	/data/data/cratonvm/apps/spring-boot-suite-runner/.suite/results/craton-fullsuite-azure-20260805-s5/all-jit/logs/module_spring-boot-health.org.springframework.boot.health.contributor.AbstractHealthIndicatorTests.err.log	
172	module/spring-boot-health	org.springframework.boot.health.contributor.AbstractReactiveHealthIndicatorTests	craton	on	0	PASS	1.421	6	0	0	0	0	/data/data/cratonvm/apps/spring-boot-suite-runner/.suite/results/craton-fullsuite-azure-20260805-s5/all-jit/logs/module_spring-boot-health.org.springframework.boot.health.contributor.AbstractReactiveHealthIndicatorTests.out.log	/data/data/cratonvm/apps/spring-boot-suite-runner/.suite/results/craton-fullsuite-azure-20260805-s5/all-jit/logs/module_spring-boot-health.org.springframework.boot.health.contributor.AbstractReactiveHealthIndicatorTests.err.log	
173	module/spring-boot-health	org.springframework.boot.health.contributor.CompositeHealthContributorAdapterTests	craton	on	0	PASS	0.807	3	0	0	0	0	/data/data/cratonvm/apps/spring-boot-suite-runner/.suite/results/craton-fullsuite-azure-20260805-s5/all-jit/logs/module_spring-boot-health.org.springframework.boot.health.contributor.CompositeHealthContributorAdapterTests.out.log	/data/data/cratonvm/apps/spring-boot-suite-runner/.suite/results/craton-fullsuite-azure-20260805-s5/all-jit/logs/module_spring-boot-health.org.springframework.boot.health.contributor.CompositeHealthContributorAdapterTests.err.log	
174	module/spring-boot-health	org.springframework.boot.health.contributor.CompositeHealthContributorsTests	craton	on	0	PASS	2.217	3	0	0	0	0	/data/data/cratonvm/apps/spring-boot-suite-runner/.suite/results/craton-fullsuite-azure-20260805-s5/all-jit/logs/module_spring-boot-health.org.springframework.boot.health.contributor.CompositeHealthContributorsTests.out.log	/data/data/cratonvm/apps/spring-boot-suite-runner/.suite/results/craton-fullsuite-azure-20260805-s5/all-jit/logs/module_spring-boot-health.org.springframework.boot.health.contributor.CompositeHealthContributorsTests.err.log	
175	module/spring-boot-health	org.springframework.boot.health.contributor.CompositeHealthContributorTests	craton	on	0	PASS	0.603	2	0	0	0	0	/data/data/cratonvm/apps/spring-boot-suite-runner/.suite/results/craton-fullsuite-azure-20260805-s5/all-jit/logs/module_spring-boot-health.org.springframework.boot.health.contributor.CompositeHealthContributorTests.out.log	/data/data/cratonvm/apps/spring-boot-suite-runner/.suite/results/craton-fullsuite-azure-20260805-s5/all-jit/logs/module_spring-boot-health.org.springframework.boot.health.contributor.CompositeHealthContributorTests.err.log	
176	module/spring-boot-health	org.springframework.boot.health.contributor.CompositeReactiveHealthContributorAdapterTests	craton	on	0	PASS	1.812	3	0	0	0	0	/data/data/cratonvm/apps/spring-boot-suite-runner/.suite/results/craton-fullsuite-azure-20260805-s5/all-jit/logs/module_spring-boot-health.org.springframework.boot.health.contributor.CompositeReactiveHealthContributorAdapterTests.out.log	/data/data/cratonvm/apps/spring-boot-suite-runner/.suite/results/craton-fullsuite-azure-20260805-s5/all-jit/logs/module_spring-boot-health.org.springframework.boot.health.contributor.CompositeReactiveHealthContributorAdapterTests.err.log	
177	module/spring-boot-health	org.springframework.boot.health.contributor.CompositeReactiveHealthContributorsTests	craton	on	0	PASS	1.812	3	0	0	0	0	/data/data/cratonvm/apps/spring-boot-suite-runner/.suite/results/craton-fullsuite-azure-20260805-s5/all-jit/logs/module_spring-boot-health.org.springframework.boot.health.contributor.CompositeReactiveHealthContributorsTests.out.log	/data/data/cratonvm/apps/spring-boot-suite-runner/.suite/results/craton-fullsuite-azure-20260805-s5/all-jit/logs/module_spring-boot-health.org.springframework.boot.health.contributor.CompositeReactiveHealthContributorsTests.err.log	
178	module/spring-boot-health	org.springframework.boot.health.contributor.CompositeReactiveHealthContributorTests	craton	on	0	PASS	0.603	3	0	0	0	0	/data/data/cratonvm/apps/spring-boot-suite-runner/.suite/results/craton-fullsuite-azure-20260805-s5/all-jit/logs/module_spring-boot-health.org.springframework.boot.health.contributor.CompositeReactiveHealthContributorTests.out.log	/data/data/cratonvm/apps/spring-boot-suite-runner/.suite/results/craton-fullsuite-azure-20260805-s5/all-jit/logs/module_spring-boot-health.org.springframework.boot.health.contributor.CompositeReactiveHealthContributorTests.err.log	
179	module/spring-boot-health	org.springframework.boot.health.contributor.HealthContributorsAdapterTests	craton	on	0	PASS	0.804	3	0	0	0	0	/data/data/cratonvm/apps/spring-boot-suite-runner/.suite/results/craton-fullsuite-azure-20260805-s5/all-jit/logs/module_spring-boot-health.org.springframework.boot.health.contributor.HealthContributorsAdapterTests.out.log	/data/data/cratonvm/apps/spring-boot-suite-runner/.suite/results/craton-fullsuite-azure-20260805-s5/all-jit/logs/module_spring-boot-health.org.springframework.boot.health.contributor.HealthContributorsAdapterTests.err.log	
180	module/spring-boot-health	org.springframework.boot.health.contributor.HealthContributorsTests	craton	on	0	PASS	2.013	4	0	0	0	0	/data/data/cratonvm/apps/spring-boot-suite-runner/.suite/results/craton-fullsuite-azure-20260805-s5/all-jit/logs/module_spring-boot-health.org.springframework.boot.health.contributor.HealthContributorsTests.out.log	/data/data/cratonvm/apps/spring-boot-suite-runner/.suite/results/craton-fullsuite-azure-20260805-s5/all-jit/logs/module_spring-boot-health.org.springframework.boot.health.contributor.HealthContributorsTests.err.log	
181	module/spring-boot-health	org.springframework.boot.health.contributor.HealthIndicatorAdapterTests	craton	on	0	PASS	1.611	3	0	0	0	0	/data/data/cratonvm/apps/spring-boot-suite-runner/.suite/results/craton-fullsuite-azure-20260805-s5/all-jit/logs/module_spring-boot-health.org.springframework.boot.health.contributor.HealthIndicatorAdapterTests.out.log	/data/data/cratonvm/apps/spring-boot-suite-runner/.suite/results/craton-fullsuite-azure-20260805-s5/all-jit/logs/module_spring-boot-health.org.springframework.boot.health.contributor.HealthIndicatorAdapterTests.err.log	
182	module/spring-boot-health	org.springframework.boot.health.contributor.HealthIndicatorTests	craton	on	0	PASS	0.603	2	0	0	0	0	/data/data/cratonvm/apps/spring-boot-suite-runner/.suite/results/craton-fullsuite-azure-20260805-s5/all-jit/logs/module_spring-boot-health.org.springframework.boot.health.contributor.HealthIndicatorTests.out.log	/data/data/cratonvm/apps/spring-boot-suite-runner/.suite/results/craton-fullsuite-azure-20260805-s5/all-jit/logs/module_spring-boot-health.org.springframework.boot.health.contributor.HealthIndicatorTests.err.log	
183	module/spring-boot-health	org.springframework.boot.health.contributor.HealthTests	craton	on	0	PASS	1.206	19	0	0	0	0	/data/data/cratonvm/apps/spring-boot-suite-runner/.suite/results/craton-fullsuite-azure-20260805-s5/all-jit/logs/module_spring-boot-health.org.springframework.boot.health.contributor.HealthTests.out.log	/data/data/cratonvm/apps/spring-boot-suite-runner/.suite/results/craton-fullsuite-azure-20260805-s5/all-jit/logs/module_spring-boot-health.org.springframework.boot.health.contributor.HealthTests.err.log	
184	module/spring-boot-health	org.springframework.boot.health.contributor.MapCompositeHealthContributorTests	craton	on	0	PASS	0.804	9	0	0	0	0	/data/data/cratonvm/apps/spring-boot-suite-runner/.suite/results/craton-fullsuite-azure-20260805-s5/all-jit/logs/module_spring-boot-health.org.springframework.boot.health.contributor.MapCompositeHealthContributorTests.out.log	/data/data/cratonvm/apps/spring-boot-suite-runner/.suite/results/craton-fullsuite-azure-20260805-s5/all-jit/logs/module_spring-boot-health.org.springframework.boot.health.contributor.MapCompositeHealthContributorTests.err.log	
185	module/spring-boot-health	org.springframework.boot.health.contributor.MapCompositeReactiveHealthContributorTests	craton	on	0	PASS	0.803	9	0	0	0	0	/data/data/cratonvm/apps/spring-boot-suite-runner/.suite/results/craton-fullsuite-azure-20260805-s5/all-jit/logs/module_spring-boot-health.org.springframework.boot.health.contributor.MapCompositeReactiveHealthContributorTests.out.log	/data/data/cratonvm/apps/spring-boot-suite-runner/.suite/results/craton-fullsuite-azure-20260805-s5/all-jit/logs/module_spring-boot-health.org.springframework.boot.health.contributor.MapCompositeReactiveHealthContributorTests.err.log	
186	module/spring-boot-health	org.springframework.boot.health.contributor.MapCompositeTests	craton	on	0	EMPTY	0.402	0	0	0	0	0	/data/data/cratonvm/apps/spring-boot-suite-runner/.suite/results/craton-fullsuite-azure-20260805-s5/all-jit/logs/module_spring-boot-health.org.springframework.boot.health.contributor.MapCompositeTests.out.log	/data/data/cratonvm/apps/spring-boot-suite-runner/.suite/results/craton-fullsuite-azure-20260805-s5/all-jit/logs/module_spring-boot-health.org.springframework.boot.health.contributor.MapCompositeTests.err.log	
187	module/spring-boot-health	org.springframework.boot.health.contributor.PingHealthIndicatorTests	craton	on	0	PASS	0.603	1	0	0	0	0	/data/data/cratonvm/apps/spring-boot-suite-runner/.suite/results/craton-fullsuite-azure-20260805-s5/all-jit/logs/module_spring-boot-health.org.springframework.boot.health.contributor.PingHealthIndicatorTests.out.log	/data/data/cratonvm/apps/spring-boot-suite-runner/.suite/results/craton-fullsuite-azure-20260805-s5/all-jit/logs/module_spring-boot-health.org.springframework.boot.health.contributor.PingHealthIndicatorTests.err.log	
188	module/spring-boot-health	org.springframework.boot.health.autoconfigure.actuate.endpoint.HealthEndpointAutoConfigurationTests	craton	on	0	PASS	47.826	27	0	0	0	0	/data/data/cratonvm/apps/spring-boot-suite-runner/.suite/results/craton-fullsuite-azure-20260805-s5/all-jit/logs/module_spring-boot-health.org.springframework.boot.health.autoconfigure.actuate.endpoint.HealthEndpointAut-1843a4bf903f.out.log	/data/data/cratonvm/apps/spring-boot-suite-runner/.suite/results/craton-fullsuite-azure-20260805-s5/all-jit/logs/module_spring-boot-health.org.springframework.boot.health.autoconfigure.actuate.endpoint.HealthEndpointAut-1843a4bf903f.err.log	
189	module/spring-boot-health	org.springframework.boot.health.contributor.ReactiveHealthContributorsAdapterTests	craton	on	0	PASS	1.420	3	0	0	0	0	/data/data/cratonvm/apps/spring-boot-suite-runner/.suite/results/craton-fullsuite-azure-20260805-s5/all-jit/logs/module_spring-boot-health.org.springframework.boot.health.contributor.ReactiveHealthContributorsAdapterTests.out.log	/data/data/cratonvm/apps/spring-boot-suite-runner/.suite/results/craton-fullsuite-azure-20260805-s5/all-jit/logs/module_spring-boot-health.org.springframework.boot.health.contributor.ReactiveHealthContributorsAdapterTests.err.log	
190	module/spring-boot-health	org.springframework.boot.health.contributor.ReactiveHealthContributorTests	craton	on	0	PASS	0.603	2	0	0	0	0	/data/data/cratonvm/apps/spring-boot-suite-runner/.suite/results/craton-fullsuite-azure-20260805-s5/all-jit/logs/module_spring-boot-health.org.springframework.boot.health.contributor.ReactiveHealthContributorTests.out.log	/data/data/cratonvm/apps/spring-boot-suite-runner/.suite/results/craton-fullsuite-azure-20260805-s5/all-jit/logs/module_spring-boot-health.org.springframework.boot.health.contributor.ReactiveHealthContributorTests.err.log	
191	module/spring-boot-health	org.springframework.boot.health.contributor.ReactiveHealthIndicatorAdapterTests	craton	on	0	PASS	0.603	2	0	0	0	0	/data/data/cratonvm/apps/spring-boot-suite-runner/.suite/results/craton-fullsuite-azure-20260805-s5/all-jit/logs/module_spring-boot-health.org.springframework.boot.health.contributor.ReactiveHealthIndicatorAdapterTests.out.log	/data/data/cratonvm/apps/spring-boot-suite-runner/.suite/results/craton-fullsuite-azure-20260805-s5/all-jit/logs/module_spring-boot-health.org.springframework.boot.health.contributor.ReactiveHealthIndicatorAdapterTests.err.log	
192	module/spring-boot-health	org.springframework.boot.health.contributor.ReactiveHealthIndicatorTests	craton	on	0	PASS	0.603	3	0	0	0	0	/data/data/cratonvm/apps/spring-boot-suite-runner/.suite/results/craton-fullsuite-azure-20260805-s5/all-jit/logs/module_spring-boot-health.org.springframework.boot.health.contributor.ReactiveHealthIndicatorTests.out.log	/data/data/cratonvm/apps/spring-boot-suite-runner/.suite/results/craton-fullsuite-azure-20260805-s5/all-jit/logs/module_spring-boot-health.org.springframework.boot.health.contributor.ReactiveHealthIndicatorTests.err.log	
193	module/spring-boot-health	org.springframework.boot.health.contributor.ReactiveHealthContributorsTests	craton	on	0	PASS	2.861	7	0	0	0	0	/data/data/cratonvm/apps/spring-boot-suite-runner/.suite/results/craton-fullsuite-azure-20260805-s5/all-jit/logs/module_spring-boot-health.org.springframework.boot.health.contributor.ReactiveHealthContributorsTests.out.log	/data/data/cratonvm/apps/spring-boot-suite-runner/.suite/results/craton-fullsuite-azure-20260805-s5/all-jit/logs/module_spring-boot-health.org.springframework.boot.health.contributor.ReactiveHealthContributorsTests.err.log	
194	module/spring-boot-health	org.springframework.boot.health.contributor.StatusTests	craton	on	0	PASS	1.020	7	0	0	0	0	/data/data/cratonvm/apps/spring-boot-suite-runner/.suite/results/craton-fullsuite-azure-20260805-s5/all-jit/logs/module_spring-boot-health.org.springframework.boot.health.contributor.StatusTests.out.log	/data/data/cratonvm/apps/spring-boot-suite-runner/.suite/results/craton-fullsuite-azure-20260805-s5/all-jit/logs/module_spring-boot-health.org.springframework.boot.health.contributor.StatusTests.err.log	
195	module/spring-boot-health	org.springframework.boot.health.registry.AbstractHealthContributorRegistryTests	craton	on	0	EMPTY	0.406	0	0	0	0	0	/data/data/cratonvm/apps/spring-boot-suite-runner/.suite/results/craton-fullsuite-azure-20260805-s5/all-jit/logs/module_spring-boot-health.org.springframework.boot.health.registry.AbstractHealthContributorRegistryTests.out.log	/data/data/cratonvm/apps/spring-boot-suite-runner/.suite/results/craton-fullsuite-azure-20260805-s5/all-jit/logs/module_spring-boot-health.org.springframework.boot.health.registry.AbstractHealthContributorRegistryTests.err.log	
196	module/spring-boot-health	org.springframework.boot.health.registry.DefaultHealthContributorRegistryTests	craton	on	0	PASS	1.822	10	0	0	0	0	/data/data/cratonvm/apps/spring-boot-suite-runner/.suite/results/craton-fullsuite-azure-20260805-s5/all-jit/logs/module_spring-boot-health.org.springframework.boot.health.registry.DefaultHealthContributorRegistryTests.out.log	/data/data/cratonvm/apps/spring-boot-suite-runner/.suite/results/craton-fullsuite-azure-20260805-s5/all-jit/logs/module_spring-boot-health.org.springframework.boot.health.registry.DefaultHealthContributorRegistryTests.err.log	
197	module/spring-boot-health	org.springframework.boot.health.registry.DefaultReactiveHealthContributorRegistryTests	craton	on	0	PASS	1.811	10	0	0	0	0	/data/data/cratonvm/apps/spring-boot-suite-runner/.suite/results/craton-fullsuite-azure-20260805-s5/all-jit/logs/module_spring-boot-health.org.springframework.boot.health.registry.DefaultReactiveHealthContributorRegistryTests.out.log	/data/data/cratonvm/apps/spring-boot-suite-runner/.suite/results/craton-fullsuite-azure-20260805-s5/all-jit/logs/module_spring-boot-health.org.springframework.boot.health.registry.DefaultReactiveHealthContributorRegistryTests.err.log	
198	module/spring-boot-hibernate	org.springframework.boot.hibernate.autoconfigure.Hibernate2ndLevelCacheIntegrationTests	craton	on	0	PASS	6.845	1	0	0	0	0	/data/data/cratonvm/apps/spring-boot-suite-runner/.suite/results/craton-fullsuite-azure-20260805-s5/all-jit/logs/module_spring-boot-hibernate.org.springframework.boot.hibernate.autoconfigure.Hibernate2ndLevelCacheIntegrationTests.out.log	/data/data/cratonvm/apps/spring-boot-suite-runner/.suite/results/craton-fullsuite-azure-20260805-s5/all-jit/logs/module_spring-boot-hibernate.org.springframework.boot.hibernate.autoconfigure.Hibernate2ndLevelCacheIntegrationTests.err.log	
199	module/spring-boot-hibernate	org.springframework.boot.hibernate.autoconfigure.CustomHibernateJpaAutoConfigurationTests	craton	on	0	PASS	14.108	4	0	0	0	0	/data/data/cratonvm/apps/spring-boot-suite-runner/.suite/results/craton-fullsuite-azure-20260805-s5/all-jit/logs/module_spring-boot-hibernate.org.springframework.boot.hibernate.autoconfigure.CustomHibernateJpaAutoConfigurationTests.out.log	/data/data/cratonvm/apps/spring-boot-suite-runner/.suite/results/craton-fullsuite-azure-20260805-s5/all-jit/logs/module_spring-boot-hibernate.org.springframework.boot.hibernate.autoconfigure.CustomHibernateJpaAutoConfigurationTests.err.log	
200	module/spring-boot-hibernate	org.springframework.boot.hibernate.autoconfigure.HibernateDefaultDdlAutoProviderTests	craton	on	0	PASS	11.072	3	0	0	0	0	/data/data/cratonvm/apps/spring-boot-suite-runner/.suite/results/craton-fullsuite-azure-20260805-s5/all-jit/logs/module_spring-boot-hibernate.org.springframework.boot.hibernate.autoconfigure.HibernateDefaultDdlAutoProviderTests.out.log	/data/data/cratonvm/apps/spring-boot-suite-runner/.suite/results/craton-fullsuite-azure-20260805-s5/all-jit/logs/module_spring-boot-hibernate.org.springframework.boot.hibernate.autoconfigure.HibernateDefaultDdlAutoProviderTests.err.log	
201	module/spring-boot-hibernate	org.springframework.boot.hibernate.autoconfigure.HibernatePropertiesTests	craton	on	0	PASS	3.419	8	0	0	0	0	/data/data/cratonvm/apps/spring-boot-suite-runner/.suite/results/craton-fullsuite-azure-20260805-s5/all-jit/logs/module_spring-boot-hibernate.org.springframework.boot.hibernate.autoconfigure.HibernatePropertiesTests.out.log	/data/data/cratonvm/apps/spring-boot-suite-runner/.suite/results/craton-fullsuite-azure-20260805-s5/all-jit/logs/module_spring-boot-hibernate.org.springframework.boot.hibernate.autoconfigure.HibernatePropertiesTests.err.log	
202	module/spring-boot-hibernate	org.springframework.boot.hibernate.autoconfigure.metrics.HibernateMetricsAutoConfigurationTests	craton	on	0	PASS	26.344	7	0	0	0	0	/data/data/cratonvm/apps/spring-boot-suite-runner/.suite/results/craton-fullsuite-azure-20260805-s5/all-jit/logs/module_spring-boot-hibernate.org.springframework.boot.hibernate.autoconfigure.metrics.HibernateMetricsAuto-7fd38b81f6cb.out.log	/data/data/cratonvm/apps/spring-boot-suite-runner/.suite/results/craton-fullsuite-azure-20260805-s5/all-jit/logs/module_spring-boot-hibernate.org.springframework.boot.hibernate.autoconfigure.metrics.HibernateMetricsAuto-7fd38b81f6cb.err.log	
203	module/spring-boot-http-client	org.springframework.boot.http.client.AbstractClientHttpRequestFactoryBuilderTests	craton	on	0	EMPTY	0.403	0	0	0	0	0	/data/data/cratonvm/apps/spring-boot-suite-runner/.suite/results/craton-fullsuite-azure-20260805-s5/all-jit/logs/module_spring-boot-http-client.org.springframework.boot.http.client.AbstractClientHttpRequestFactoryBuilderTests.out.log	/data/data/cratonvm/apps/spring-boot-suite-runner/.suite/results/craton-fullsuite-azure-20260805-s5/all-jit/logs/module_spring-boot-http-client.org.springframework.boot.http.client.AbstractClientHttpRequestFactoryBuilderTests.err.log	
204	module/spring-boot-http-client	org.springframework.boot.http.client.autoconfigure.HttpClientAutoConfigurationTests	craton	on	0	PASS	4.826	4	0	0	0	0	/data/data/cratonvm/apps/spring-boot-suite-runner/.suite/results/craton-fullsuite-azure-20260805-s5/all-jit/logs/module_spring-boot-http-client.org.springframework.boot.http.client.autoconfigure.HttpClientAutoConfigurationTests.out.log	/data/data/cratonvm/apps/spring-boot-suite-runner/.suite/results/craton-fullsuite-azure-20260805-s5/all-jit/logs/module_spring-boot-http-client.org.springframework.boot.http.client.autoconfigure.HttpClientAutoConfigurationTests.err.log	
205	module/spring-boot-http-client	org.springframework.boot.http.client.autoconfigure.HttpClientSettingsPropertyMapperTests	craton	on	0	PASS	2.615	9	0	0	0	0	/data/data/cratonvm/apps/spring-boot-suite-runner/.suite/results/craton-fullsuite-azure-20260805-s5/all-jit/logs/module_spring-boot-http-client.org.springframework.boot.http.client.autoconfigure.HttpClientSettingsPropertyMapperTests.out.log	/data/data/cratonvm/apps/spring-boot-suite-runner/.suite/results/craton-fullsuite-azure-20260805-s5/all-jit/logs/module_spring-boot-http-client.org.springframework.boot.http.client.autoconfigure.HttpClientSettingsPropertyMapperTests.err.log	
206	module/spring-boot-http-client	org.springframework.boot.http.client.autoconfigure.imperative.ImperativeHttpClientAutoConfigurationTests	craton	on	0	PASS	6.442	9	0	0	0	0	/data/data/cratonvm/apps/spring-boot-suite-runner/.suite/results/craton-fullsuite-azure-20260805-s5/all-jit/logs/module_spring-boot-http-client.org.springframework.boot.http.client.autoconfigure.imperative.ImperativeHtt-58f1291c123e.out.log	/data/data/cratonvm/apps/spring-boot-suite-runner/.suite/results/craton-fullsuite-azure-20260805-s5/all-jit/logs/module_spring-boot-http-client.org.springframework.boot.http.client.autoconfigure.imperative.ImperativeHtt-58f1291c123e.err.log	
207	module/spring-boot-http-client	org.springframework.boot.http.client.autoconfigure.imperative.ImperativeHttpClientsPropertiesTests	craton	on	0	PASS	0.603	5	0	0	0	0	/data/data/cratonvm/apps/spring-boot-suite-runner/.suite/results/craton-fullsuite-azure-20260805-s5/all-jit/logs/module_spring-boot-http-client.org.springframework.boot.http.client.autoconfigure.imperative.ImperativeHtt-c3162bbe9993.out.log	/data/data/cratonvm/apps/spring-boot-suite-runner/.suite/results/craton-fullsuite-azure-20260805-s5/all-jit/logs/module_spring-boot-http-client.org.springframework.boot.http.client.autoconfigure.imperative.ImperativeHtt-c3162bbe9993.err.log	
208	module/spring-boot-http-client	org.springframework.boot.http.client.autoconfigure.metrics.HttpClientMetricsAutoConfigurationTests	craton	on	0	PASS	1.807	1	0	0	0	0	/data/data/cratonvm/apps/spring-boot-suite-runner/.suite/results/craton-fullsuite-azure-20260805-s5/all-jit/logs/module_spring-boot-http-client.org.springframework.boot.http.client.autoconfigure.metrics.HttpClientMetric-b356cdd18e36.out.log	/data/data/cratonvm/apps/spring-boot-suite-runner/.suite/results/craton-fullsuite-azure-20260805-s5/all-jit/logs/module_spring-boot-http-client.org.springframework.boot.http.client.autoconfigure.metrics.HttpClientMetric-b356cdd18e36.err.log	
209	module/spring-boot-http-client	org.springframework.boot.http.client.autoconfigure.PropertiesApiVersionInserterTests	craton	on	0	PASS	0.805	3	0	0	0	0	/data/data/cratonvm/apps/spring-boot-suite-runner/.suite/results/craton-fullsuite-azure-20260805-s5/all-jit/logs/module_spring-boot-http-client.org.springframework.boot.http.client.autoconfigure.PropertiesApiVersionInserterTests.out.log	/data/data/cratonvm/apps/spring-boot-suite-runner/.suite/results/craton-fullsuite-azure-20260805-s5/all-jit/logs/module_spring-boot-http-client.org.springframework.boot.http.client.autoconfigure.PropertiesApiVersionInserterTests.err.log	
210	module/spring-boot-http-client	org.springframework.boot.http.client.autoconfigure.reactive.ReactiveHttpClientAutoConfigurationTests	craton	on	0	PASS	14.881	13	0	0	0	0	/data/data/cratonvm/apps/spring-boot-suite-runner/.suite/results/craton-fullsuite-azure-20260805-s5/all-jit/logs/module_spring-boot-http-client.org.springframework.boot.http.client.autoconfigure.reactive.ReactiveHttpCli-4a8014b6cdc0.out.log	/data/data/cratonvm/apps/spring-boot-suite-runner/.suite/results/craton-fullsuite-azure-20260805-s5/all-jit/logs/module_spring-boot-http-client.org.springframework.boot.http.client.autoconfigure.reactive.ReactiveHttpCli-4a8014b6cdc0.err.log	
211	module/spring-boot-http-client	org.springframework.boot.http.client.autoconfigure.reactive.ReactiveHttpClientsPropertiesTests	craton	on	0	PASS	0.603	4	0	0	0	0	/data/data/cratonvm/apps/spring-boot-suite-runner/.suite/results/craton-fullsuite-azure-20260805-s5/all-jit/logs/module_spring-boot-http-client.org.springframework.boot.http.client.autoconfigure.reactive.ReactiveHttpCli-da448b67a7a5.out.log	/data/data/cratonvm/apps/spring-boot-suite-runner/.suite/results/craton-fullsuite-azure-20260805-s5/all-jit/logs/module_spring-boot-http-client.org.springframework.boot.http.client.autoconfigure.reactive.ReactiveHttpCli-da448b67a7a5.err.log	
212	module/spring-boot-http-client	org.springframework.boot.http.client.autoconfigure.service.HttpServiceClientPropertiesTests	craton	on	0	PASS	1.008	2	0	0	0	0	/data/data/cratonvm/apps/spring-boot-suite-runner/.suite/results/craton-fullsuite-azure-20260805-s5/all-jit/logs/module_spring-boot-http-client.org.springframework.boot.http.client.autoconfigure.service.HttpServiceClien-12c82a10e0c3.out.log	/data/data/cratonvm/apps/spring-boot-suite-runner/.suite/results/craton-fullsuite-azure-20260805-s5/all-jit/logs/module_spring-boot-http-client.org.springframework.boot.http.client.autoconfigure.service.HttpServiceClien-12c82a10e0c3.err.log	
213	module/spring-boot-http-client	org.springframework.boot.http.client.ClientHttpRequestFactoryBuilderTests	craton	on	0	PASS	3.221	19	0	0	0	0	/data/data/cratonvm/apps/spring-boot-suite-runner/.suite/results/craton-fullsuite-azure-20260805-s5/all-jit/logs/module_spring-boot-http-client.org.springframework.boot.http.client.ClientHttpRequestFactoryBuilderTests.out.log	/data/data/cratonvm/apps/spring-boot-suite-runner/.suite/results/craton-fullsuite-azure-20260805-s5/all-jit/logs/module_spring-boot-http-client.org.springframework.boot.http.client.ClientHttpRequestFactoryBuilderTests.err.log	
214	module/spring-boot-http-client	org.springframework.boot.http.client.ClientHttpRequestFactoryRuntimeHintsTests	craton	on	0	PASS	1.005	6	0	0	0	0	/data/data/cratonvm/apps/spring-boot-suite-runner/.suite/results/craton-fullsuite-azure-20260805-s5/all-jit/logs/module_spring-boot-http-client.org.springframework.boot.http.client.ClientHttpRequestFactoryRuntimeHintsTests.out.log	/data/data/cratonvm/apps/spring-boot-suite-runner/.suite/results/craton-fullsuite-azure-20260805-s5/all-jit/logs/module_spring-boot-http-client.org.springframework.boot.http.client.ClientHttpRequestFactoryRuntimeHintsTests.err.log	
215	module/spring-boot-http-client	org.springframework.boot.http.client.FilteredAddressesTests	craton	on	0	PASS	2.613	6	0	0	0	0	/data/data/cratonvm/apps/spring-boot-suite-runner/.suite/results/craton-fullsuite-azure-20260805-s5/all-jit/logs/module_spring-boot-http-client.org.springframework.boot.http.client.FilteredAddressesTests.out.log	/data/data/cratonvm/apps/spring-boot-suite-runner/.suite/results/craton-fullsuite-azure-20260805-s5/all-jit/logs/module_spring-boot-http-client.org.springframework.boot.http.client.FilteredAddressesTests.err.log	
216	module/spring-boot-http-client	org.springframework.boot.http.client.FilteredHostExceptionTests	craton	on	0	PASS	0.603	1	0	0	0	0	/data/data/cratonvm/apps/spring-boot-suite-runner/.suite/results/craton-fullsuite-azure-20260805-s5/all-jit/logs/module_spring-boot-http-client.org.springframework.boot.http.client.FilteredHostExceptionTests.out.log	/data/data/cratonvm/apps/spring-boot-suite-runner/.suite/results/craton-fullsuite-azure-20260805-s5/all-jit/logs/module_spring-boot-http-client.org.springframework.boot.http.client.FilteredHostExceptionTests.err.log	
217	module/spring-boot-http-client	org.springframework.boot.http.client.HttpClientSettingsTests	craton	on	0	PASS	3.427	11	0	0	0	0	/data/data/cratonvm/apps/spring-boot-suite-runner/.suite/results/craton-fullsuite-azure-20260805-s5/all-jit/logs/module_spring-boot-http-client.org.springframework.boot.http.client.HttpClientSettingsTests.out.log	/data/data/cratonvm/apps/spring-boot-suite-runner/.suite/results/craton-fullsuite-azure-20260805-s5/all-jit/logs/module_spring-boot-http-client.org.springframework.boot.http.client.HttpClientSettingsTests.err.log	
218	module/spring-boot-http-client	org.springframework.boot.http.client.HttpComponentsClientHttpRequestFactoryBuilderTests	craton	on	0	PASS	8.650	32	0	0	0	0	/data/data/cratonvm/apps/spring-boot-suite-runner/.suite/results/craton-fullsuite-azure-20260805-s5/all-jit/logs/module_spring-boot-http-client.org.springframework.boot.http.client.HttpComponentsClientHttpRequestFactoryBuilderTests.out.log	/data/data/cratonvm/apps/spring-boot-suite-runner/.suite/results/craton-fullsuite-azure-20260805-s5/all-jit/logs/module_spring-boot-http-client.org.springframework.boot.http.client.HttpComponentsClientHttpRequestFactoryBuilderTests.err.log	
219	module/spring-boot-http-client	org.springframework.boot.http.client.HttpComponentsFilteredDnsResolverTests	craton	on	0	PASS	2.013	7	0	0	0	0	/data/data/cratonvm/apps/spring-boot-suite-runner/.suite/results/craton-fullsuite-azure-20260805-s5/all-jit/logs/module_spring-boot-http-client.org.springframework.boot.http.client.HttpComponentsFilteredDnsResolverTests.out.log	/data/data/cratonvm/apps/spring-boot-suite-runner/.suite/results/craton-fullsuite-azure-20260805-s5/all-jit/logs/module_spring-boot-http-client.org.springframework.boot.http.client.HttpComponentsFilteredDnsResolverTests.err.log	
220	module/spring-boot-http-client	org.springframework.boot.http.client.InetAddressFilterTests	craton	on	0	PASS	2.013	76	0	0	0	0	/data/data/cratonvm/apps/spring-boot-suite-runner/.suite/results/craton-fullsuite-azure-20260805-s5/all-jit/logs/module_spring-boot-http-client.org.springframework.boot.http.client.InetAddressFilterTests.out.log	/data/data/cratonvm/apps/spring-boot-suite-runner/.suite/results/craton-fullsuite-azure-20260805-s5/all-jit/logs/module_spring-boot-http-client.org.springframework.boot.http.client.InetAddressFilterTests.err.log	
221	module/spring-boot-http-client	org.springframework.boot.http.client.IpAddressTests	craton	on	0	PASS	1.004	21	0	0	0	0	/data/data/cratonvm/apps/spring-boot-suite-runner/.suite/results/craton-fullsuite-azure-20260805-s5/all-jit/logs/module_spring-boot-http-client.org.springframework.boot.http.client.IpAddressTests.out.log	/data/data/cratonvm/apps/spring-boot-suite-runner/.suite/results/craton-fullsuite-azure-20260805-s5/all-jit/logs/module_spring-boot-http-client.org.springframework.boot.http.client.IpAddressTests.err.log	
222	module/spring-boot-http-client	org.springframework.boot.http.client.JdkClientHttpRequestFactoryBuilderTests	craton	on	1	FAIL	7.438	32	1	0	0	0	/data/data/cratonvm/apps/spring-boot-suite-runner/.suite/results/craton-fullsuite-azure-20260805-s5/all-jit/logs/module_spring-boot-http-client.org.springframework.boot.http.client.JdkClientHttpRequestFactoryBuilderTests.out.log	/data/data/cratonvm/apps/spring-boot-suite-runner/.suite/results/craton-fullsuite-azure-20260805-s5/all-jit/logs/module_spring-boot-http-client.org.springframework.boot.http.client.JdkClientHttpRequestFactoryBuilderTests.err.log	    => java.io.IOException: HttpClient request failed: TLS handshake read: Interrupted system call (os error 4) | hotspot-baseline: PASS 0/32
223	module/spring-boot-http-client	org.springframework.boot.http.client.JdkFilteredProxySelectorTests	craton	on	0	PASS	2.615	3	0	0	0	0	/data/data/cratonvm/apps/spring-boot-suite-runner/.suite/results/craton-fullsuite-azure-20260805-s5/all-jit/logs/module_spring-boot-http-client.org.springframework.boot.http.client.JdkFilteredProxySelectorTests.out.log	/data/data/cratonvm/apps/spring-boot-suite-runner/.suite/results/craton-fullsuite-azure-20260805-s5/all-jit/logs/module_spring-boot-http-client.org.springframework.boot.http.client.JdkFilteredProxySelectorTests.err.log	
224	module/spring-boot-http-client	org.springframework.boot.http.client.JettyClientHttpRequestFactoryBuilderTests	craton	on	0	PASS	8.846	32	0	0	0	0	/data/data/cratonvm/apps/spring-boot-suite-runner/.suite/results/craton-fullsuite-azure-20260805-s5/all-jit/logs/module_spring-boot-http-client.org.springframework.boot.http.client.JettyClientHttpRequestFactoryBuilderTests.out.log	/data/data/cratonvm/apps/spring-boot-suite-runner/.suite/results/craton-fullsuite-azure-20260805-s5/all-jit/logs/module_spring-boot-http-client.org.springframework.boot.http.client.JettyClientHttpRequestFactoryBuilderTests.err.log	
225	module/spring-boot-http-client	org.springframework.boot.http.client.JettyFilteredSocketAddressResolverTests	craton	on	0	PASS	1.606	4	0	0	0	0	/data/data/cratonvm/apps/spring-boot-suite-runner/.suite/results/craton-fullsuite-azure-20260805-s5/all-jit/logs/module_spring-boot-http-client.org.springframework.boot.http.client.JettyFilteredSocketAddressResolverTests.out.log	/data/data/cratonvm/apps/spring-boot-suite-runner/.suite/results/craton-fullsuite-azure-20260805-s5/all-jit/logs/module_spring-boot-http-client.org.springframework.boot.http.client.JettyFilteredSocketAddressResolverTests.err.log	
226	module/spring-boot-http-client	org.springframework.boot.http.client.reactive.AbstractClientHttpConnectorBuilderTests	craton	on	0	EMPTY	0.402	0	0	0	0	0	/data/data/cratonvm/apps/spring-boot-suite-runner/.suite/results/craton-fullsuite-azure-20260805-s5/all-jit/logs/module_spring-boot-http-client.org.springframework.boot.http.client.reactive.AbstractClientHttpConnectorBuilderTests.out.log	/data/data/cratonvm/apps/spring-boot-suite-runner/.suite/results/craton-fullsuite-azure-20260805-s5/all-jit/logs/module_spring-boot-http-client.org.springframework.boot.http.client.reactive.AbstractClientHttpConnectorBuilderTests.err.log	
227	module/spring-boot-http-client	org.springframework.boot.http.client.reactive.HttpComponentsClientHttpConnectorBuilderTests	craton	on	0	PASS	9.047	28	0	0	0	0	/data/data/cratonvm/apps/spring-boot-suite-runner/.suite/results/craton-fullsuite-azure-20260805-s5/all-jit/logs/module_spring-boot-http-client.org.springframework.boot.http.client.reactive.HttpComponentsClientHttpConne-a40cd4dd99cd.out.log	/data/data/cratonvm/apps/spring-boot-suite-runner/.suite/results/craton-fullsuite-azure-20260805-s5/all-jit/logs/module_spring-boot-http-client.org.springframework.boot.http.client.reactive.HttpComponentsClientHttpConne-a40cd4dd99cd.err.log	
228	module/spring-boot-http-client	org.springframework.boot.http.client.reactive.JdkClientHttpConnectorBuilderTests	craton	on	0	PASS	7.636	28	0	0	0	0	/data/data/cratonvm/apps/spring-boot-suite-runner/.suite/results/craton-fullsuite-azure-20260805-s5/all-jit/logs/module_spring-boot-http-client.org.springframework.boot.http.client.reactive.JdkClientHttpConnectorBuilderTests.out.log	/data/data/cratonvm/apps/spring-boot-suite-runner/.suite/results/craton-fullsuite-azure-20260805-s5/all-jit/logs/module_spring-boot-http-client.org.springframework.boot.http.client.reactive.JdkClientHttpConnectorBuilderTests.err.log	
229	module/spring-boot-http-client	org.springframework.boot.http.client.reactive.JettyClientHttpConnectorBuilderTests	craton	on	0	PASS	19.910	28	0	0	0	0	/data/data/cratonvm/apps/spring-boot-suite-runner/.suite/results/craton-fullsuite-azure-20260805-s5/all-jit/logs/module_spring-boot-http-client.org.springframework.boot.http.client.reactive.JettyClientHttpConnectorBuilderTests.out.log	/data/data/cratonvm/apps/spring-boot-suite-runner/.suite/results/craton-fullsuite-azure-20260805-s5/all-jit/logs/module_spring-boot-http-client.org.springframework.boot.http.client.reactive.JettyClientHttpConnectorBuilderTests.err.log	
230	module/spring-boot-http-client	org.springframework.boot.http.client.reactive.ReactorClientHttpConnectorBuilderTests	craton	on	0	PASS	9.253	32	0	0	0	0	/data/data/cratonvm/apps/spring-boot-suite-runner/.suite/results/craton-fullsuite-azure-20260805-s5/all-jit/logs/module_spring-boot-http-client.org.springframework.boot.http.client.reactive.ReactorClientHttpConnectorBuilderTests.out.log	/data/data/cratonvm/apps/spring-boot-suite-runner/.suite/results/craton-fullsuite-azure-20260805-s5/all-jit/logs/module_spring-boot-http-client.org.springframework.boot.http.client.reactive.ReactorClientHttpConnectorBuilderTests.err.log	
231	module/spring-boot-http-client	org.springframework.boot.http.client.ReactorClientHttpRequestFactoryBuilderTests	craton	on	1	FAIL	9.645	33	4	0	0	0	/data/data/cratonvm/apps/spring-boot-suite-runner/.suite/results/craton-fullsuite-azure-20260805-s5/all-jit/logs/module_spring-boot-http-client.org.springframework.boot.http.client.ReactorClientHttpRequestFactoryBuilderTests.out.log	/data/data/cratonvm/apps/spring-boot-suite-runner/.suite/results/craton-fullsuite-azure-20260805-s5/all-jit/logs/module_spring-boot-http-client.org.springframework.boot.http.client.ReactorClientHttpRequestFactoryBuilderTests.err.log	11:54:37.301 [reactor-http-nio-4] WARN reactor.netty.http.client.HttpClientConnect -- [ee00b357, L:/127.0.0.1:39514 - R:localhost/127.0.0.1:46725] The connection observed an error | hotspot-baseline: PASS 0/33
232	module/spring-boot-http-client	org.springframework.boot.http.client.ReactorFilteredResolvedAddressSelectorTests	craton	on	0	PASS	5.830	3	0	0	0	0	/data/data/cratonvm/apps/spring-boot-suite-runner/.suite/results/craton-fullsuite-azure-20260805-s5/all-jit/logs/module_spring-boot-http-client.org.springframework.boot.http.client.ReactorFilteredResolvedAddressSelectorTests.out.log	/data/data/cratonvm/apps/spring-boot-suite-runner/.suite/results/craton-fullsuite-azure-20260805-s5/all-jit/logs/module_spring-boot-http-client.org.springframework.boot.http.client.ReactorFilteredResolvedAddressSelectorTests.err.log	
233	module/spring-boot-http-client	org.springframework.boot.http.client.ReflectiveComponentsClientHttpRequestFactoryBuilderTests	craton	on	0	PASS	3.015	21	0	0	0	0	/data/data/cratonvm/apps/spring-boot-suite-runner/.suite/results/craton-fullsuite-azure-20260805-s5/all-jit/logs/module_spring-boot-http-client.org.springframework.boot.http.client.ReflectiveComponentsClientHttpRequestF-59fd59b51265.out.log	/data/data/cratonvm/apps/spring-boot-suite-runner/.suite/results/craton-fullsuite-azure-20260805-s5/all-jit/logs/module_spring-boot-http-client.org.springframework.boot.http.client.ReflectiveComponentsClientHttpRequestF-59fd59b51265.err.log	
234	module/spring-boot-http-client	org.springframework.boot.http.client.SimpleClientHttpRequestFactoryBuilderTests	craton	on	0	PASS	4.423	19	0	0	0	0	/data/data/cratonvm/apps/spring-boot-suite-runner/.suite/results/craton-fullsuite-azure-20260805-s5/all-jit/logs/module_spring-boot-http-client.org.springframework.boot.http.client.SimpleClientHttpRequestFactoryBuilderTests.out.log	/data/data/cratonvm/apps/spring-boot-suite-runner/.suite/results/craton-fullsuite-azure-20260805-s5/all-jit/logs/module_spring-boot-http-client.org.springframework.boot.http.client.SimpleClientHttpRequestFactoryBuilderTests.err.log	
235	module/spring-boot-http-codec	org.springframework.boot.http.codec.autoconfigure.CodecsAutoConfigurationTests	craton	on	0	PASS	6.429	14	0	0	0	0	/data/data/cratonvm/apps/spring-boot-suite-runner/.suite/results/craton-fullsuite-azure-20260805-s5/all-jit/logs/module_spring-boot-http-codec.org.springframework.boot.http.codec.autoconfigure.CodecsAutoConfigurationTests.out.log	/data/data/cratonvm/apps/spring-boot-suite-runner/.suite/results/craton-fullsuite-azure-20260805-s5/all-jit/logs/module_spring-boot-http-codec.org.springframework.boot.http.codec.autoconfigure.CodecsAutoConfigurationTests.err.log	
236	module/spring-boot-http-converter	org.springframework.boot.http.converter.autoconfigure.HttpMessageConvertersAutoConfigurationTests	craton	on	0	PASS	35.152	38	0	0	0	0	/data/data/cratonvm/apps/spring-boot-suite-runner/.suite/results/craton-fullsuite-azure-20260805-s5/all-jit/logs/module_spring-boot-http-converter.org.springframework.boot.http.converter.autoconfigure.HttpMessageConvert-26a1ff7207f2.out.log	/data/data/cratonvm/apps/spring-boot-suite-runner/.suite/results/craton-fullsuite-azure-20260805-s5/all-jit/logs/module_spring-boot-http-converter.org.springframework.boot.http.converter.autoconfigure.HttpMessageConvert-26a1ff7207f2.err.log	
237	module/spring-boot-http-converter	org.springframework.boot.http.converter.autoconfigure.HttpMessageConvertersAutoConfigurationWithoutJacksonTests	craton	on	0	PASS	3.213	1	0	0	0	0	/data/data/cratonvm/apps/spring-boot-suite-runner/.suite/results/craton-fullsuite-azure-20260805-s5/all-jit/logs/module_spring-boot-http-converter.org.springframework.boot.http.converter.autoconfigure.HttpMessageConvert-e80b80c2af22.out.log	/data/data/cratonvm/apps/spring-boot-suite-runner/.suite/results/craton-fullsuite-azure-20260805-s5/all-jit/logs/module_spring-boot-http-converter.org.springframework.boot.http.converter.autoconfigure.HttpMessageConvert-e80b80c2af22.err.log	
238	module/spring-boot-http-converter	org.springframework.boot.http.converter.autoconfigure.HttpMessageConvertersTests	craton	on	0	PASS	2.409	9	0	0	0	0	/data/data/cratonvm/apps/spring-boot-suite-runner/.suite/results/craton-fullsuite-azure-20260805-s5/all-jit/logs/module_spring-boot-http-converter.org.springframework.boot.http.converter.autoconfigure.HttpMessageConvertersTests.out.log	/data/data/cratonvm/apps/spring-boot-suite-runner/.suite/results/craton-fullsuite-azure-20260805-s5/all-jit/logs/module_spring-boot-http-converter.org.springframework.boot.http.converter.autoconfigure.HttpMessageConvertersTests.err.log	
239	module/spring-boot-integration	org.springframework.boot.integration.actuate.endpoint.IntegrationGraphEndpointTests	craton	on	0	PASS	2.611	2	0	0	0	0	/data/data/cratonvm/apps/spring-boot-suite-runner/.suite/results/craton-fullsuite-azure-20260805-s5/all-jit/logs/module_spring-boot-integration.org.springframework.boot.integration.actuate.endpoint.IntegrationGraphEndpointTests.out.log	/data/data/cratonvm/apps/spring-boot-suite-runner/.suite/results/craton-fullsuite-azure-20260805-s5/all-jit/logs/module_spring-boot-integration.org.springframework.boot.integration.actuate.endpoint.IntegrationGraphEndpointTests.err.log	
240	module/spring-boot-integration	org.springframework.boot.integration.actuate.endpoint.IntegrationGraphEndpointWebIntegrationTests	craton	on	0	PASS	54.218	6	0	0	0	0	/data/data/cratonvm/apps/spring-boot-suite-runner/.suite/results/craton-fullsuite-azure-20260805-s5/all-jit/logs/module_spring-boot-integration.org.springframework.boot.integration.actuate.endpoint.IntegrationGraphEndpo-cf6a6f777358.out.log	/data/data/cratonvm/apps/spring-boot-suite-runner/.suite/results/craton-fullsuite-azure-20260805-s5/all-jit/logs/module_spring-boot-integration.org.springframework.boot.integration.actuate.endpoint.IntegrationGraphEndpo-cf6a6f777358.err.log	
241	module/spring-boot-hibernate	org.springframework.boot.hibernate.autoconfigure.HibernateJpaAutoConfigurationTests	craton	on	0	PASS	332.591	70	0	0	3	0	/data/data/cratonvm/apps/spring-boot-suite-runner/.suite/results/craton-fullsuite-azure-20260805-s5/all-jit/logs/module_spring-boot-hibernate.org.springframework.boot.hibernate.autoconfigure.HibernateJpaAutoConfigurationTests.out.log	/data/data/cratonvm/apps/spring-boot-suite-runner/.suite/results/craton-fullsuite-azure-20260805-s5/all-jit/logs/module_spring-boot-hibernate.org.springframework.boot.hibernate.autoconfigure.HibernateJpaAutoConfigurationTests.err.log	
242	module/spring-boot-integration	org.springframework.boot.integration.autoconfigure.IntegrationDataSourceScriptDatabaseInitializerTests	craton	on	0	PASS	2.009	1	0	0	0	0	/data/data/cratonvm/apps/spring-boot-suite-runner/.suite/results/craton-fullsuite-azure-20260805-s5/all-jit/logs/module_spring-boot-integration.org.springframework.boot.integration.autoconfigure.IntegrationDataSourceScr-4fc81c3774aa.out.log	/data/data/cratonvm/apps/spring-boot-suite-runner/.suite/results/craton-fullsuite-azure-20260805-s5/all-jit/logs/module_spring-boot-integration.org.springframework.boot.integration.autoconfigure.IntegrationDataSourceScr-4fc81c3774aa.err.log	
243	module/spring-boot-integration	org.springframework.boot.integration.autoconfigure.IntegrationGraphEndpointAutoConfigurationTests	craton	on	0	PASS	14.055	4	0	0	0	0	/data/data/cratonvm/apps/spring-boot-suite-runner/.suite/results/craton-fullsuite-azure-20260805-s5/all-jit/logs/module_spring-boot-integration.org.springframework.boot.integration.autoconfigure.IntegrationGraphEndpoint-2bff2f8bbf4a.out.log	/data/data/cratonvm/apps/spring-boot-suite-runner/.suite/results/craton-fullsuite-azure-20260805-s5/all-jit/logs/module_spring-boot-integration.org.springframework.boot.integration.autoconfigure.IntegrationGraphEndpoint-2bff2f8bbf4a.err.log	
244	module/spring-boot-integration	org.springframework.boot.integration.autoconfigure.IntegrationPropertiesEnvironmentPostProcessorTests	craton	on	0	PASS	4.618	15	0	0	0	0	/data/data/cratonvm/apps/spring-boot-suite-runner/.suite/results/craton-fullsuite-azure-20260805-s5/all-jit/logs/module_spring-boot-integration.org.springframework.boot.integration.autoconfigure.IntegrationPropertiesEnv-a59c3b5e6ab5.out.log	/data/data/cratonvm/apps/spring-boot-suite-runner/.suite/results/craton-fullsuite-azure-20260805-s5/all-jit/logs/module_spring-boot-integration.org.springframework.boot.integration.autoconfigure.IntegrationPropertiesEnv-a59c3b5e6ab5.err.log	
245	module/spring-boot-integration	org.springframework.boot.integration.autoconfigure.metrics.IntegrationMetricsAutoConfigurationTests	craton	on	0	PASS	5.019	1	0	0	0	0	/data/data/cratonvm/apps/spring-boot-suite-runner/.suite/results/craton-fullsuite-azure-20260805-s5/all-jit/logs/module_spring-boot-integration.org.springframework.boot.integration.autoconfigure.metrics.IntegrationMetri-df4569a1bc00.out.log	/data/data/cratonvm/apps/spring-boot-suite-runner/.suite/results/craton-fullsuite-azure-20260805-s5/all-jit/logs/module_spring-boot-integration.org.springframework.boot.integration.autoconfigure.metrics.IntegrationMetri-df4569a1bc00.err.log	
246	module/spring-boot-jackson	org.springframework.boot.jackson.autoconfigure.JacksonAutoConfigurationTests	craton	on	1	FAIL	70.662	69	22	0	0	32	/data/data/cratonvm/apps/spring-boot-suite-runner/.suite/results/craton-fullsuite-azure-20260805-s5/all-jit/logs/module_spring-boot-jackson.org.springframework.boot.jackson.autoconfigure.JacksonAutoConfigurationTests.out.log	/data/data/cratonvm/apps/spring-boot-suite-runner/.suite/results/craton-fullsuite-azure-20260805-s5/all-jit/logs/module_spring-boot-jackson.org.springframework.boot.jackson.autoconfigure.JacksonAutoConfigurationTests.err.log	    => java.lang.NullPointerException: Cannot invoke "java.util.Optional.isPresent()" because the return value of "org.junit.platform.commons.util.AnnotationUtils.findAnnotation(ja | hotspot-baseline: PASS 0/162
247	module/spring-boot-integration	org.springframework.boot.integration.autoconfigure.IntegrationAutoConfigurationTests	craton	on	0	PASS	165.340	34	0	0	0	0	/data/data/cratonvm/apps/spring-boot-suite-runner/.suite/results/craton-fullsuite-azure-20260805-s5/all-jit/logs/module_spring-boot-integration.org.springframework.boot.integration.autoconfigure.IntegrationAutoConfigurationTests.out.log	/data/data/cratonvm/apps/spring-boot-suite-runner/.suite/results/craton-fullsuite-azure-20260805-s5/all-jit/logs/module_spring-boot-integration.org.springframework.boot.integration.autoconfigure.IntegrationAutoConfigurationTests.err.log	
