index	module	class	vm	jit	rc	status	seconds	tests	failed	aborted	skipped	containersFailed	stdoutLog	stderrLog	note
1	core/spring-boot	org.springframework.boot.io.Base64ProtocolResolverTests	craton	on	0	PASS	0.643	3	0	0	0	0	/data/data/cratonvm/apps/spring-boot-suite-runner/.suite/results/craton-fullsuite-azure-20260805-s2/all-jit/logs/core_spring-boot.org.springframework.boot.io.Base64ProtocolResolverTests.out.log	/data/data/cratonvm/apps/spring-boot-suite-runner/.suite/results/craton-fullsuite-azure-20260805-s2/all-jit/logs/core_spring-boot.org.springframework.boot.io.Base64ProtocolResolverTests.err.log	
2	core/spring-boot	org.springframework.boot.io.ProtocolResolverApplicationContextInitializerTests	craton	on	0	PASS	1.623	1	0	0	0	0	/data/data/cratonvm/apps/spring-boot-suite-runner/.suite/results/craton-fullsuite-azure-20260805-s2/all-jit/logs/core_spring-boot.org.springframework.boot.io.ProtocolResolverApplicationContextInitializerTests.out.log	/data/data/cratonvm/apps/spring-boot-suite-runner/.suite/results/craton-fullsuite-azure-20260805-s2/all-jit/logs/core_spring-boot.org.springframework.boot.io.ProtocolResolverApplicationContextInitializerTests.err.log	
3	core/spring-boot	org.springframework.boot.json.AbstractJsonParserTests	craton	on	0	EMPTY	0.605	0	0	0	0	0	/data/data/cratonvm/apps/spring-boot-suite-runner/.suite/results/craton-fullsuite-azure-20260805-s2/all-jit/logs/core_spring-boot.org.springframework.boot.json.AbstractJsonParserTests.out.log	/data/data/cratonvm/apps/spring-boot-suite-runner/.suite/results/craton-fullsuite-azure-20260805-s2/all-jit/logs/core_spring-boot.org.springframework.boot.json.AbstractJsonParserTests.err.log	
4	core/spring-boot	org.springframework.boot.json.AppendableByteArrayTests	craton	on	0	PASS	0.807	4	0	0	0	0	/data/data/cratonvm/apps/spring-boot-suite-runner/.suite/results/craton-fullsuite-azure-20260805-s2/all-jit/logs/core_spring-boot.org.springframework.boot.json.AppendableByteArrayTests.out.log	/data/data/cratonvm/apps/spring-boot-suite-runner/.suite/results/craton-fullsuite-azure-20260805-s2/all-jit/logs/core_spring-boot.org.springframework.boot.json.AppendableByteArrayTests.err.log	
5	core/spring-boot	org.springframework.boot.io.ProtocolResolverApplicationContextInitializerIntegrationTests	craton	on	0	PASS	5.664	1	0	0	0	0	/data/data/cratonvm/apps/spring-boot-suite-runner/.suite/results/craton-fullsuite-azure-20260805-s2/all-jit/logs/core_spring-boot.org.springframework.boot.io.ProtocolResolverApplicationContextInitializerIntegrationTests.out.log	/data/data/cratonvm/apps/spring-boot-suite-runner/.suite/results/craton-fullsuite-azure-20260805-s2/all-jit/logs/core_spring-boot.org.springframework.boot.io.ProtocolResolverApplicationContextInitializerIntegrationTests.err.log	
6	core/spring-boot	org.springframework.boot.json.GsonJsonParserTests	craton	on	0	PASS	1.820	25	0	0	0	0	/data/data/cratonvm/apps/spring-boot-suite-runner/.suite/results/craton-fullsuite-azure-20260805-s2/all-jit/logs/core_spring-boot.org.springframework.boot.json.GsonJsonParserTests.out.log	/data/data/cratonvm/apps/spring-boot-suite-runner/.suite/results/craton-fullsuite-azure-20260805-s2/all-jit/logs/core_spring-boot.org.springframework.boot.json.GsonJsonParserTests.err.log	
7	core/spring-boot	org.springframework.boot.json.JacksonJsonParserTests	craton	on	0	PASS	12.486	26	0	0	0	0	/data/data/cratonvm/apps/spring-boot-suite-runner/.suite/results/craton-fullsuite-azure-20260805-s2/all-jit/logs/core_spring-boot.org.springframework.boot.json.JacksonJsonParserTests.out.log	/data/data/cratonvm/apps/spring-boot-suite-runner/.suite/results/craton-fullsuite-azure-20260805-s2/all-jit/logs/core_spring-boot.org.springframework.boot.json.JacksonJsonParserTests.err.log	
8	core/spring-boot	org.springframework.boot.json.JsonValueWriterTests	craton	on	0	PASS	1.410	32	0	0	1	0	/data/data/cratonvm/apps/spring-boot-suite-runner/.suite/results/craton-fullsuite-azure-20260805-s2/all-jit/logs/core_spring-boot.org.springframework.boot.json.JsonValueWriterTests.out.log	/data/data/cratonvm/apps/spring-boot-suite-runner/.suite/results/craton-fullsuite-azure-20260805-s2/all-jit/logs/core_spring-boot.org.springframework.boot.json.JsonValueWriterTests.err.log	
9	core/spring-boot	org.springframework.boot.json.JsonWriterTests	craton	on	0	PASS	3.635	86	0	0	0	0	/data/data/cratonvm/apps/spring-boot-suite-runner/.suite/results/craton-fullsuite-azure-20260805-s2/all-jit/logs/core_spring-boot.org.springframework.boot.json.JsonWriterTests.out.log	/data/data/cratonvm/apps/spring-boot-suite-runner/.suite/results/craton-fullsuite-azure-20260805-s2/all-jit/logs/core_spring-boot.org.springframework.boot.json.JsonWriterTests.err.log	
10	core/spring-boot	org.springframework.boot.json.WritableJsonTests	craton	on	0	PASS	1.012	14	0	0	0	0	/data/data/cratonvm/apps/spring-boot-suite-runner/.suite/results/craton-fullsuite-azure-20260805-s2/all-jit/logs/core_spring-boot.org.springframework.boot.json.WritableJsonTests.out.log	/data/data/cratonvm/apps/spring-boot-suite-runner/.suite/results/craton-fullsuite-azure-20260805-s2/all-jit/logs/core_spring-boot.org.springframework.boot.json.WritableJsonTests.err.log	
11	core/spring-boot	org.springframework.boot.LazyInitializationBeanFactoryPostProcessorTests	craton	on	0	PASS	1.812	3	0	0	0	0	/data/data/cratonvm/apps/spring-boot-suite-runner/.suite/results/craton-fullsuite-azure-20260805-s2/all-jit/logs/core_spring-boot.org.springframework.boot.LazyInitializationBeanFactoryPostProcessorTests.out.log	/data/data/cratonvm/apps/spring-boot-suite-runner/.suite/results/craton-fullsuite-azure-20260805-s2/all-jit/logs/core_spring-boot.org.springframework.boot.LazyInitializationBeanFactoryPostProcessorTests.err.log	
12	core/spring-boot	org.springframework.boot.LazyInitializationExcludeFilterTests	craton	on	0	PASS	3.020	1	0	0	0	0	/data/data/cratonvm/apps/spring-boot-suite-runner/.suite/results/craton-fullsuite-azure-20260805-s2/all-jit/logs/core_spring-boot.org.springframework.boot.LazyInitializationExcludeFilterTests.out.log	/data/data/cratonvm/apps/spring-boot-suite-runner/.suite/results/craton-fullsuite-azure-20260805-s2/all-jit/logs/core_spring-boot.org.springframework.boot.LazyInitializationExcludeFilterTests.err.log	
13	core/spring-boot	org.springframework.boot.logging.AbstractLoggingSystemTests	craton	on	0	EMPTY	0.604	0	0	0	0	0	/data/data/cratonvm/apps/spring-boot-suite-runner/.suite/results/craton-fullsuite-azure-20260805-s2/all-jit/logs/core_spring-boot.org.springframework.boot.logging.AbstractLoggingSystemTests.out.log	/data/data/cratonvm/apps/spring-boot-suite-runner/.suite/results/craton-fullsuite-azure-20260805-s2/all-jit/logs/core_spring-boot.org.springframework.boot.logging.AbstractLoggingSystemTests.err.log	
14	core/spring-boot	org.springframework.boot.logging.CorrelationIdFormatterTests	craton	on	0	PASS	0.806	11	0	0	0	0	/data/data/cratonvm/apps/spring-boot-suite-runner/.suite/results/craton-fullsuite-azure-20260805-s2/all-jit/logs/core_spring-boot.org.springframework.boot.logging.CorrelationIdFormatterTests.out.log	/data/data/cratonvm/apps/spring-boot-suite-runner/.suite/results/craton-fullsuite-azure-20260805-s2/all-jit/logs/core_spring-boot.org.springframework.boot.logging.CorrelationIdFormatterTests.err.log	
15	core/spring-boot	org.springframework.boot.logging.DeferredLogFactoryTests	craton	on	0	PASS	2.873	2	0	0	0	0	/data/data/cratonvm/apps/spring-boot-suite-runner/.suite/results/craton-fullsuite-azure-20260805-s2/all-jit/logs/core_spring-boot.org.springframework.boot.logging.DeferredLogFactoryTests.out.log	/data/data/cratonvm/apps/spring-boot-suite-runner/.suite/results/craton-fullsuite-azure-20260805-s2/all-jit/logs/core_spring-boot.org.springframework.boot.logging.DeferredLogFactoryTests.err.log	
16	core/spring-boot	org.springframework.boot.json.BasicJsonParserTests	craton	on	0	PASS	33.127	26	0	0	0	0	/data/data/cratonvm/apps/spring-boot-suite-runner/.suite/results/craton-fullsuite-azure-20260805-s2/all-jit/logs/core_spring-boot.org.springframework.boot.json.BasicJsonParserTests.out.log	/data/data/cratonvm/apps/spring-boot-suite-runner/.suite/results/craton-fullsuite-azure-20260805-s2/all-jit/logs/core_spring-boot.org.springframework.boot.json.BasicJsonParserTests.err.log	
17	core/spring-boot	org.springframework.boot.logging.DeferredLogsTests	craton	on	0	PASS	2.239	1	0	0	0	0	/data/data/cratonvm/apps/spring-boot-suite-runner/.suite/results/craton-fullsuite-azure-20260805-s2/all-jit/logs/core_spring-boot.org.springframework.boot.logging.DeferredLogsTests.out.log	/data/data/cratonvm/apps/spring-boot-suite-runner/.suite/results/craton-fullsuite-azure-20260805-s2/all-jit/logs/core_spring-boot.org.springframework.boot.logging.DeferredLogsTests.err.log	
18	core/spring-boot	org.springframework.boot.logging.DeferredLogTests	craton	on	0	PASS	3.438	20	0	0	0	0	/data/data/cratonvm/apps/spring-boot-suite-runner/.suite/results/craton-fullsuite-azure-20260805-s2/all-jit/logs/core_spring-boot.org.springframework.boot.logging.DeferredLogTests.out.log	/data/data/cratonvm/apps/spring-boot-suite-runner/.suite/results/craton-fullsuite-azure-20260805-s2/all-jit/logs/core_spring-boot.org.springframework.boot.logging.DeferredLogTests.err.log	
19	core/spring-boot	org.springframework.boot.logging.DelegatingLoggingSystemFactoryTests	craton	on	0	PASS	2.820	3	0	0	0	0	/data/data/cratonvm/apps/spring-boot-suite-runner/.suite/results/craton-fullsuite-azure-20260805-s2/all-jit/logs/core_spring-boot.org.springframework.boot.logging.DelegatingLoggingSystemFactoryTests.out.log	/data/data/cratonvm/apps/spring-boot-suite-runner/.suite/results/craton-fullsuite-azure-20260805-s2/all-jit/logs/core_spring-boot.org.springframework.boot.logging.DelegatingLoggingSystemFactoryTests.err.log	
20	core/spring-boot	org.springframework.boot.logging.log4j2.AbstractStructuredLoggingTests	craton	on	0	EMPTY	0.603	0	0	0	0	0	/data/data/cratonvm/apps/spring-boot-suite-runner/.suite/results/craton-fullsuite-azure-20260805-s2/all-jit/logs/core_spring-boot.org.springframework.boot.logging.log4j2.AbstractStructuredLoggingTests.out.log	/data/data/cratonvm/apps/spring-boot-suite-runner/.suite/results/craton-fullsuite-azure-20260805-s2/all-jit/logs/core_spring-boot.org.springframework.boot.logging.log4j2.AbstractStructuredLoggingTests.err.log	
21	core/spring-boot	org.springframework.boot.logging.java.JavaLoggingSystemTests	craton	on	0	PASS	1.836	12	0	0	0	0	/data/data/cratonvm/apps/spring-boot-suite-runner/.suite/results/craton-fullsuite-azure-20260805-s2/all-jit/logs/core_spring-boot.org.springframework.boot.logging.java.JavaLoggingSystemTests.out.log	/data/data/cratonvm/apps/spring-boot-suite-runner/.suite/results/craton-fullsuite-azure-20260805-s2/all-jit/logs/core_spring-boot.org.springframework.boot.logging.java.JavaLoggingSystemTests.err.log	
22	core/spring-boot	org.springframework.boot.logging.log4j2.ColorConverterTests	craton	on	0	PASS	1.623	32	0	0	0	0	/data/data/cratonvm/apps/spring-boot-suite-runner/.suite/results/craton-fullsuite-azure-20260805-s2/all-jit/logs/core_spring-boot.org.springframework.boot.logging.log4j2.ColorConverterTests.out.log	/data/data/cratonvm/apps/spring-boot-suite-runner/.suite/results/craton-fullsuite-azure-20260805-s2/all-jit/logs/core_spring-boot.org.springframework.boot.logging.log4j2.ColorConverterTests.err.log	
23	core/spring-boot	org.springframework.boot.logging.log4j2.CorrelationIdConverterTests	craton	on	0	PASS	0.622	2	0	0	0	0	/data/data/cratonvm/apps/spring-boot-suite-runner/.suite/results/craton-fullsuite-azure-20260805-s2/all-jit/logs/core_spring-boot.org.springframework.boot.logging.log4j2.CorrelationIdConverterTests.out.log	/data/data/cratonvm/apps/spring-boot-suite-runner/.suite/results/craton-fullsuite-azure-20260805-s2/all-jit/logs/core_spring-boot.org.springframework.boot.logging.log4j2.CorrelationIdConverterTests.err.log	
24	core/spring-boot	org.springframework.boot.logging.log4j2.EnclosedInSquareBracketsConverterTests	craton	on	0	PASS	0.806	2	0	0	0	0	/data/data/cratonvm/apps/spring-boot-suite-runner/.suite/results/craton-fullsuite-azure-20260805-s2/all-jit/logs/core_spring-boot.org.springframework.boot.logging.log4j2.EnclosedInSquareBracketsConverterTests.out.log	/data/data/cratonvm/apps/spring-boot-suite-runner/.suite/results/craton-fullsuite-azure-20260805-s2/all-jit/logs/core_spring-boot.org.springframework.boot.logging.log4j2.EnclosedInSquareBracketsConverterTests.err.log	
25	core/spring-boot	org.springframework.boot.logging.log4j2.ExtendedWhitespaceThrowablePatternConverterTests	craton	on	0	PASS	0.805	2	0	0	0	0	/data/data/cratonvm/apps/spring-boot-suite-runner/.suite/results/craton-fullsuite-azure-20260805-s2/all-jit/logs/core_spring-boot.org.springframework.boot.logging.log4j2.ExtendedWhitespaceThrowablePatternConverterTests.out.log	/data/data/cratonvm/apps/spring-boot-suite-runner/.suite/results/craton-fullsuite-azure-20260805-s2/all-jit/logs/core_spring-boot.org.springframework.boot.logging.log4j2.ExtendedWhitespaceThrowablePatternConverterTests.err.log	
26	core/spring-boot	org.springframework.boot.logging.log4j2.ExtractorTests	craton	on	0	PASS	0.809	4	0	0	0	0	/data/data/cratonvm/apps/spring-boot-suite-runner/.suite/results/craton-fullsuite-azure-20260805-s2/all-jit/logs/core_spring-boot.org.springframework.boot.logging.log4j2.ExtractorTests.out.log	/data/data/cratonvm/apps/spring-boot-suite-runner/.suite/results/craton-fullsuite-azure-20260805-s2/all-jit/logs/core_spring-boot.org.springframework.boot.logging.log4j2.ExtractorTests.err.log	
27	core/spring-boot	org.springframework.boot.logging.log4j2.ElasticCommonSchemaStructuredLogFormatterTests	craton	on	0	PASS	3.297	7	0	0	0	0	/data/data/cratonvm/apps/spring-boot-suite-runner/.suite/results/craton-fullsuite-azure-20260805-s2/all-jit/logs/core_spring-boot.org.springframework.boot.logging.log4j2.ElasticCommonSchemaStructuredLogFormatterTests.out.log	/data/data/cratonvm/apps/spring-boot-suite-runner/.suite/results/craton-fullsuite-azure-20260805-s2/all-jit/logs/core_spring-boot.org.springframework.boot.logging.log4j2.ElasticCommonSchemaStructuredLogFormatterTests.err.log	
28	core/spring-boot	org.springframework.boot.logging.log4j2.GraylogExtendedLogFormatStructuredLogFormatterTests	craton	on	0	PASS	3.235	8	0	0	0	0	/data/data/cratonvm/apps/spring-boot-suite-runner/.suite/results/craton-fullsuite-azure-20260805-s2/all-jit/logs/core_spring-boot.org.springframework.boot.logging.log4j2.GraylogExtendedLogFormatStructuredLogFormatterTests.out.log	/data/data/cratonvm/apps/spring-boot-suite-runner/.suite/results/craton-fullsuite-azure-20260805-s2/all-jit/logs/core_spring-boot.org.springframework.boot.logging.log4j2.GraylogExtendedLogFormatStructuredLogFormatterTests.err.log	
29	core/spring-boot	org.springframework.boot.logging.log4j2.Log4j2LoggingSystemPropertiesTests	craton	on	0	PASS	1.411	3	0	0	0	0	/data/data/cratonvm/apps/spring-boot-suite-runner/.suite/results/craton-fullsuite-azure-20260805-s2/all-jit/logs/core_spring-boot.org.springframework.boot.logging.log4j2.Log4j2LoggingSystemPropertiesTests.out.log	/data/data/cratonvm/apps/spring-boot-suite-runner/.suite/results/craton-fullsuite-azure-20260805-s2/all-jit/logs/core_spring-boot.org.springframework.boot.logging.log4j2.Log4j2LoggingSystemPropertiesTests.err.log	
30	core/spring-boot	org.springframework.boot.logging.log4j2.Log4j2FileXmlTests	craton	on	0	PASS	5.281	12	0	0	0	0	/data/data/cratonvm/apps/spring-boot-suite-runner/.suite/results/craton-fullsuite-azure-20260805-s2/all-jit/logs/core_spring-boot.org.springframework.boot.logging.log4j2.Log4j2FileXmlTests.out.log	/data/data/cratonvm/apps/spring-boot-suite-runner/.suite/results/craton-fullsuite-azure-20260805-s2/all-jit/logs/core_spring-boot.org.springframework.boot.logging.log4j2.Log4j2FileXmlTests.err.log	
31	core/spring-boot	org.springframework.boot.logging.log4j2.Log4J2RuntimeHintsTests	craton	on	0	PASS	0.805	3	0	0	0	0	/data/data/cratonvm/apps/spring-boot-suite-runner/.suite/results/craton-fullsuite-azure-20260805-s2/all-jit/logs/core_spring-boot.org.springframework.boot.logging.log4j2.Log4J2RuntimeHintsTests.out.log	/data/data/cratonvm/apps/spring-boot-suite-runner/.suite/results/craton-fullsuite-azure-20260805-s2/all-jit/logs/core_spring-boot.org.springframework.boot.logging.log4j2.Log4J2RuntimeHintsTests.err.log	
32	core/spring-boot	org.springframework.boot.logging.log4j2.Log4j2XmlTests	craton	on	0	PASS	2.618	6	0	0	0	0	/data/data/cratonvm/apps/spring-boot-suite-runner/.suite/results/craton-fullsuite-azure-20260805-s2/all-jit/logs/core_spring-boot.org.springframework.boot.logging.log4j2.Log4j2XmlTests.out.log	/data/data/cratonvm/apps/spring-boot-suite-runner/.suite/results/craton-fullsuite-azure-20260805-s2/all-jit/logs/core_spring-boot.org.springframework.boot.logging.log4j2.Log4j2XmlTests.err.log	
33	core/spring-boot	org.springframework.boot.logging.log4j2.LogstashStructuredLogFormatterTests	craton	on	0	PASS	2.817	5	0	0	0	0	/data/data/cratonvm/apps/spring-boot-suite-runner/.suite/results/craton-fullsuite-azure-20260805-s2/all-jit/logs/core_spring-boot.org.springframework.boot.logging.log4j2.LogstashStructuredLogFormatterTests.out.log	/data/data/cratonvm/apps/spring-boot-suite-runner/.suite/results/craton-fullsuite-azure-20260805-s2/all-jit/logs/core_spring-boot.org.springframework.boot.logging.log4j2.LogstashStructuredLogFormatterTests.err.log	
34	core/spring-boot	org.springframework.boot.logging.log4j2.SpringBootPropertySourceTests	craton	on	0	PASS	1.608	2	0	0	0	0	/data/data/cratonvm/apps/spring-boot-suite-runner/.suite/results/craton-fullsuite-azure-20260805-s2/all-jit/logs/core_spring-boot.org.springframework.boot.logging.log4j2.SpringBootPropertySourceTests.out.log	/data/data/cratonvm/apps/spring-boot-suite-runner/.suite/results/craton-fullsuite-azure-20260805-s2/all-jit/logs/core_spring-boot.org.springframework.boot.logging.log4j2.SpringBootPropertySourceTests.err.log	
35	core/spring-boot	org.springframework.boot.logging.log4j2.SpringEnvironmentLookupTests	craton	on	0	PASS	1.409	3	0	0	0	0	/data/data/cratonvm/apps/spring-boot-suite-runner/.suite/results/craton-fullsuite-azure-20260805-s2/all-jit/logs/core_spring-boot.org.springframework.boot.logging.log4j2.SpringEnvironmentLookupTests.out.log	/data/data/cratonvm/apps/spring-boot-suite-runner/.suite/results/craton-fullsuite-azure-20260805-s2/all-jit/logs/core_spring-boot.org.springframework.boot.logging.log4j2.SpringEnvironmentLookupTests.err.log	
36	core/spring-boot	org.springframework.boot.logging.log4j2.SpringEnvironmentPropertySourceTests	craton	on	0	PASS	1.408	7	0	0	0	0	/data/data/cratonvm/apps/spring-boot-suite-runner/.suite/results/craton-fullsuite-azure-20260805-s2/all-jit/logs/core_spring-boot.org.springframework.boot.logging.log4j2.SpringEnvironmentPropertySourceTests.out.log	/data/data/cratonvm/apps/spring-boot-suite-runner/.suite/results/craton-fullsuite-azure-20260805-s2/all-jit/logs/core_spring-boot.org.springframework.boot.logging.log4j2.SpringEnvironmentPropertySourceTests.err.log	
37	core/spring-boot	org.springframework.boot.logging.log4j2.SpringProfileArbiterTests	craton	on	0	PASS	14.886	7	0	0	0	0	/data/data/cratonvm/apps/spring-boot-suite-runner/.suite/results/craton-fullsuite-azure-20260805-s2/all-jit/logs/core_spring-boot.org.springframework.boot.logging.log4j2.SpringProfileArbiterTests.out.log	/data/data/cratonvm/apps/spring-boot-suite-runner/.suite/results/craton-fullsuite-azure-20260805-s2/all-jit/logs/core_spring-boot.org.springframework.boot.logging.log4j2.SpringProfileArbiterTests.err.log	
38	core/spring-boot	org.springframework.boot.logging.log4j2.StructuredLogLayoutTests	craton	on	0	PASS	3.419	9	0	0	0	0	/data/data/cratonvm/apps/spring-boot-suite-runner/.suite/results/craton-fullsuite-azure-20260805-s2/all-jit/logs/core_spring-boot.org.springframework.boot.logging.log4j2.StructuredLogLayoutTests.out.log	/data/data/cratonvm/apps/spring-boot-suite-runner/.suite/results/craton-fullsuite-azure-20260805-s2/all-jit/logs/core_spring-boot.org.springframework.boot.logging.log4j2.StructuredLogLayoutTests.err.log	
39	core/spring-boot	org.springframework.boot.logging.log4j2.WhitespaceThrowablePatternConverterTests	craton	on	0	PASS	0.807	2	0	0	0	0	/data/data/cratonvm/apps/spring-boot-suite-runner/.suite/results/craton-fullsuite-azure-20260805-s2/all-jit/logs/core_spring-boot.org.springframework.boot.logging.log4j2.WhitespaceThrowablePatternConverterTests.out.log	/data/data/cratonvm/apps/spring-boot-suite-runner/.suite/results/craton-fullsuite-azure-20260805-s2/all-jit/logs/core_spring-boot.org.springframework.boot.logging.log4j2.WhitespaceThrowablePatternConverterTests.err.log	
40	core/spring-boot	org.springframework.boot.logging.logback.AbstractStructuredLoggingTests	craton	on	0	EMPTY	0.402	0	0	0	0	0	/data/data/cratonvm/apps/spring-boot-suite-runner/.suite/results/craton-fullsuite-azure-20260805-s2/all-jit/logs/core_spring-boot.org.springframework.boot.logging.logback.AbstractStructuredLoggingTests.out.log	/data/data/cratonvm/apps/spring-boot-suite-runner/.suite/results/craton-fullsuite-azure-20260805-s2/all-jit/logs/core_spring-boot.org.springframework.boot.logging.logback.AbstractStructuredLoggingTests.err.log	
41	core/spring-boot	org.springframework.boot.logging.logback.ColorConverterTests	craton	on	0	PASS	1.208	32	0	0	0	0	/data/data/cratonvm/apps/spring-boot-suite-runner/.suite/results/craton-fullsuite-azure-20260805-s2/all-jit/logs/core_spring-boot.org.springframework.boot.logging.logback.ColorConverterTests.out.log	/data/data/cratonvm/apps/spring-boot-suite-runner/.suite/results/craton-fullsuite-azure-20260805-s2/all-jit/logs/core_spring-boot.org.springframework.boot.logging.logback.ColorConverterTests.err.log	
42	core/spring-boot	org.springframework.boot.logging.logback.CorrelationIdConverterTests	craton	on	0	PASS	0.605	2	0	0	0	0	/data/data/cratonvm/apps/spring-boot-suite-runner/.suite/results/craton-fullsuite-azure-20260805-s2/all-jit/logs/core_spring-boot.org.springframework.boot.logging.logback.CorrelationIdConverterTests.out.log	/data/data/cratonvm/apps/spring-boot-suite-runner/.suite/results/craton-fullsuite-azure-20260805-s2/all-jit/logs/core_spring-boot.org.springframework.boot.logging.logback.CorrelationIdConverterTests.err.log	
43	core/spring-boot	org.springframework.boot.logging.logback.DefaultLogbackConfigurationTests	craton	on	0	PASS	3.220	7	0	0	0	0	/data/data/cratonvm/apps/spring-boot-suite-runner/.suite/results/craton-fullsuite-azure-20260805-s2/all-jit/logs/core_spring-boot.org.springframework.boot.logging.logback.DefaultLogbackConfigurationTests.out.log	/data/data/cratonvm/apps/spring-boot-suite-runner/.suite/results/craton-fullsuite-azure-20260805-s2/all-jit/logs/core_spring-boot.org.springframework.boot.logging.logback.DefaultLogbackConfigurationTests.err.log	
44	core/spring-boot	org.springframework.boot.logging.logback.ElasticCommonSchemaStructuredLogFormatterTests	craton	on	0	PASS	3.220	7	0	0	0	0	/data/data/cratonvm/apps/spring-boot-suite-runner/.suite/results/craton-fullsuite-azure-20260805-s2/all-jit/logs/core_spring-boot.org.springframework.boot.logging.logback.ElasticCommonSchemaStructuredLogFormatterTests.out.log	/data/data/cratonvm/apps/spring-boot-suite-runner/.suite/results/craton-fullsuite-azure-20260805-s2/all-jit/logs/core_spring-boot.org.springframework.boot.logging.logback.ElasticCommonSchemaStructuredLogFormatterTests.err.log	
45	core/spring-boot	org.springframework.boot.logging.logback.EnclosedInSquareBracketsConverterTests	craton	on	0	PASS	0.603	5	0	0	0	0	/data/data/cratonvm/apps/spring-boot-suite-runner/.suite/results/craton-fullsuite-azure-20260805-s2/all-jit/logs/core_spring-boot.org.springframework.boot.logging.logback.EnclosedInSquareBracketsConverterTests.out.log	/data/data/cratonvm/apps/spring-boot-suite-runner/.suite/results/craton-fullsuite-azure-20260805-s2/all-jit/logs/core_spring-boot.org.springframework.boot.logging.logback.EnclosedInSquareBracketsConverterTests.err.log	
46	core/spring-boot	org.springframework.boot.logging.logback.ExtendedWhitespaceThrowableProxyConverterTests	craton	on	0	PASS	0.603	2	0	0	0	0	/data/data/cratonvm/apps/spring-boot-suite-runner/.suite/results/craton-fullsuite-azure-20260805-s2/all-jit/logs/core_spring-boot.org.springframework.boot.logging.logback.ExtendedWhitespaceThrowableProxyConverterTests.out.log	/data/data/cratonvm/apps/spring-boot-suite-runner/.suite/results/craton-fullsuite-azure-20260805-s2/all-jit/logs/core_spring-boot.org.springframework.boot.logging.logback.ExtendedWhitespaceThrowableProxyConverterTests.err.log	
47	core/spring-boot	org.springframework.boot.logging.logback.ExtractorTests	craton	on	0	PASS	0.805	4	0	0	0	0	/data/data/cratonvm/apps/spring-boot-suite-runner/.suite/results/craton-fullsuite-azure-20260805-s2/all-jit/logs/core_spring-boot.org.springframework.boot.logging.logback.ExtractorTests.out.log	/data/data/cratonvm/apps/spring-boot-suite-runner/.suite/results/craton-fullsuite-azure-20260805-s2/all-jit/logs/core_spring-boot.org.springframework.boot.logging.logback.ExtractorTests.err.log	
48	core/spring-boot	org.springframework.boot.logging.logback.GraylogExtendedLogFormatStructuredLogFormatterTests	craton	on	0	PASS	3.425	8	0	0	0	0	/data/data/cratonvm/apps/spring-boot-suite-runner/.suite/results/craton-fullsuite-azure-20260805-s2/all-jit/logs/core_spring-boot.org.springframework.boot.logging.logback.GraylogExtendedLogFormatStructuredLogFormatterTests.out.log	/data/data/cratonvm/apps/spring-boot-suite-runner/.suite/results/craton-fullsuite-azure-20260805-s2/all-jit/logs/core_spring-boot.org.springframework.boot.logging.logback.GraylogExtendedLogFormatStructuredLogFormatterTests.err.log	
49	core/spring-boot	org.springframework.boot.logging.logback.LogbackConfigurationAotContributionTests	craton	on	0	PASS	2.213	11	0	0	0	0	/data/data/cratonvm/apps/spring-boot-suite-runner/.suite/results/craton-fullsuite-azure-20260805-s2/all-jit/logs/core_spring-boot.org.springframework.boot.logging.logback.LogbackConfigurationAotContributionTests.out.log	/data/data/cratonvm/apps/spring-boot-suite-runner/.suite/results/craton-fullsuite-azure-20260805-s2/all-jit/logs/core_spring-boot.org.springframework.boot.logging.logback.LogbackConfigurationAotContributionTests.err.log	
50	core/spring-boot	org.springframework.boot.logging.logback.LogbackConfigurationTests	craton	on	0	PASS	4.834	4	0	0	0	0	/data/data/cratonvm/apps/spring-boot-suite-runner/.suite/results/craton-fullsuite-azure-20260805-s2/all-jit/logs/core_spring-boot.org.springframework.boot.logging.logback.LogbackConfigurationTests.out.log	/data/data/cratonvm/apps/spring-boot-suite-runner/.suite/results/craton-fullsuite-azure-20260805-s2/all-jit/logs/core_spring-boot.org.springframework.boot.logging.logback.LogbackConfigurationTests.err.log	
51	core/spring-boot	org.springframework.boot.logging.logback.LogbackLoggingSystemParallelInitializationTests	craton	on	0	PASS	3.222	1	0	0	0	0	/data/data/cratonvm/apps/spring-boot-suite-runner/.suite/results/craton-fullsuite-azure-20260805-s2/all-jit/logs/core_spring-boot.org.springframework.boot.logging.logback.LogbackLoggingSystemParallelInitializationTests.out.log	/data/data/cratonvm/apps/spring-boot-suite-runner/.suite/results/craton-fullsuite-azure-20260805-s2/all-jit/logs/core_spring-boot.org.springframework.boot.logging.logback.LogbackLoggingSystemParallelInitializationTests.err.log	
52	core/spring-boot	org.springframework.boot.logging.logback.LogbackLoggingSystemPropertiesTests	craton	on	0	PASS	4.630	5	0	0	0	0	/data/data/cratonvm/apps/spring-boot-suite-runner/.suite/results/craton-fullsuite-azure-20260805-s2/all-jit/logs/core_spring-boot.org.springframework.boot.logging.logback.LogbackLoggingSystemPropertiesTests.out.log	/data/data/cratonvm/apps/spring-boot-suite-runner/.suite/results/craton-fullsuite-azure-20260805-s2/all-jit/logs/core_spring-boot.org.springframework.boot.logging.logback.LogbackLoggingSystemPropertiesTests.err.log	
53	core/spring-boot	org.springframework.boot.logging.log4j2.Log4J2LoggingSystemTests	craton	on	0	PASS	114.738	61	0	0	0	0	/data/data/cratonvm/apps/spring-boot-suite-runner/.suite/results/craton-fullsuite-azure-20260805-s2/all-jit/logs/core_spring-boot.org.springframework.boot.logging.log4j2.Log4J2LoggingSystemTests.out.log	/data/data/cratonvm/apps/spring-boot-suite-runner/.suite/results/craton-fullsuite-azure-20260805-s2/all-jit/logs/core_spring-boot.org.springframework.boot.logging.log4j2.Log4J2LoggingSystemTests.err.log	
54	core/spring-boot	org.springframework.boot.logging.logback.LogbackRuntimeHintsTests	craton	on	0	PASS	1.410	4	0	0	0	0	/data/data/cratonvm/apps/spring-boot-suite-runner/.suite/results/craton-fullsuite-azure-20260805-s2/all-jit/logs/core_spring-boot.org.springframework.boot.logging.logback.LogbackRuntimeHintsTests.out.log	/data/data/cratonvm/apps/spring-boot-suite-runner/.suite/results/craton-fullsuite-azure-20260805-s2/all-jit/logs/core_spring-boot.org.springframework.boot.logging.logback.LogbackRuntimeHintsTests.err.log	
55	core/spring-boot	org.springframework.boot.logging.logback.LogstashStructuredLogFormatterTests	craton	on	0	PASS	2.620	4	0	0	0	0	/data/data/cratonvm/apps/spring-boot-suite-runner/.suite/results/craton-fullsuite-azure-20260805-s2/all-jit/logs/core_spring-boot.org.springframework.boot.logging.logback.LogstashStructuredLogFormatterTests.out.log	/data/data/cratonvm/apps/spring-boot-suite-runner/.suite/results/craton-fullsuite-azure-20260805-s2/all-jit/logs/core_spring-boot.org.springframework.boot.logging.logback.LogstashStructuredLogFormatterTests.err.log	
56	core/spring-boot	org.springframework.boot.logging.logback.RootLogLevelConfiguratorTests	craton	on	0	PASS	0.605	1	0	0	0	0	/data/data/cratonvm/apps/spring-boot-suite-runner/.suite/results/craton-fullsuite-azure-20260805-s2/all-jit/logs/core_spring-boot.org.springframework.boot.logging.logback.RootLogLevelConfiguratorTests.out.log	/data/data/cratonvm/apps/spring-boot-suite-runner/.suite/results/craton-fullsuite-azure-20260805-s2/all-jit/logs/core_spring-boot.org.springframework.boot.logging.logback.RootLogLevelConfiguratorTests.err.log	
57	core/spring-boot	org.springframework.boot.logging.logback.SpringBootJoranConfiguratorTests	craton	on	0	PASS	25.979	22	0	0	0	0	/data/data/cratonvm/apps/spring-boot-suite-runner/.suite/results/craton-fullsuite-azure-20260805-s2/all-jit/logs/core_spring-boot.org.springframework.boot.logging.logback.SpringBootJoranConfiguratorTests.out.log	/data/data/cratonvm/apps/spring-boot-suite-runner/.suite/results/craton-fullsuite-azure-20260805-s2/all-jit/logs/core_spring-boot.org.springframework.boot.logging.logback.SpringBootJoranConfiguratorTests.err.log	
58	core/spring-boot	org.springframework.boot.logging.logback.SpringProfileModelHandlerTests	craton	on	0	PASS	2.417	4	0	0	0	0	/data/data/cratonvm/apps/spring-boot-suite-runner/.suite/results/craton-fullsuite-azure-20260805-s2/all-jit/logs/core_spring-boot.org.springframework.boot.logging.logback.SpringProfileModelHandlerTests.out.log	/data/data/cratonvm/apps/spring-boot-suite-runner/.suite/results/craton-fullsuite-azure-20260805-s2/all-jit/logs/core_spring-boot.org.springframework.boot.logging.logback.SpringProfileModelHandlerTests.err.log	
59	core/spring-boot	org.springframework.boot.logging.logback.LogbackLoggingSystemTests	craton	on	0	PASS	90.490	86	0	0	0	0	/data/data/cratonvm/apps/spring-boot-suite-runner/.suite/results/craton-fullsuite-azure-20260805-s2/all-jit/logs/core_spring-boot.org.springframework.boot.logging.logback.LogbackLoggingSystemTests.out.log	/data/data/cratonvm/apps/spring-boot-suite-runner/.suite/results/craton-fullsuite-azure-20260805-s2/all-jit/logs/core_spring-boot.org.springframework.boot.logging.logback.LogbackLoggingSystemTests.err.log	
60	core/spring-boot	org.springframework.boot.logging.logback.StructuredLogEncoderTests	craton	on	0	PASS	3.458	9	0	0	0	0	/data/data/cratonvm/apps/spring-boot-suite-runner/.suite/results/craton-fullsuite-azure-20260805-s2/all-jit/logs/core_spring-boot.org.springframework.boot.logging.logback.StructuredLogEncoderTests.out.log	/data/data/cratonvm/apps/spring-boot-suite-runner/.suite/results/craton-fullsuite-azure-20260805-s2/all-jit/logs/core_spring-boot.org.springframework.boot.logging.logback.StructuredLogEncoderTests.err.log	
61	core/spring-boot	org.springframework.boot.logging.logback.WhitespaceThrowableProxyConverterTests	craton	on	0	PASS	0.603	2	0	0	0	0	/data/data/cratonvm/apps/spring-boot-suite-runner/.suite/results/craton-fullsuite-azure-20260805-s2/all-jit/logs/core_spring-boot.org.springframework.boot.logging.logback.WhitespaceThrowableProxyConverterTests.out.log	/data/data/cratonvm/apps/spring-boot-suite-runner/.suite/results/craton-fullsuite-azure-20260805-s2/all-jit/logs/core_spring-boot.org.springframework.boot.logging.logback.WhitespaceThrowableProxyConverterTests.err.log	
62	core/spring-boot	org.springframework.boot.logging.logback.SystemStatusListenerTests	craton	on	0	PASS	1.447	9	0	0	0	0	/data/data/cratonvm/apps/spring-boot-suite-runner/.suite/results/craton-fullsuite-azure-20260805-s2/all-jit/logs/core_spring-boot.org.springframework.boot.logging.logback.SystemStatusListenerTests.out.log	/data/data/cratonvm/apps/spring-boot-suite-runner/.suite/results/craton-fullsuite-azure-20260805-s2/all-jit/logs/core_spring-boot.org.springframework.boot.logging.logback.SystemStatusListenerTests.err.log	
63	core/spring-boot	org.springframework.boot.logging.LogbackAndLog4J2ExcludedLoggingSystemTests	craton	on	0	PASS	1.438	1	0	0	0	0	/data/data/cratonvm/apps/spring-boot-suite-runner/.suite/results/craton-fullsuite-azure-20260805-s2/all-jit/logs/core_spring-boot.org.springframework.boot.logging.LogbackAndLog4J2ExcludedLoggingSystemTests.out.log	/data/data/cratonvm/apps/spring-boot-suite-runner/.suite/results/craton-fullsuite-azure-20260805-s2/all-jit/logs/core_spring-boot.org.springframework.boot.logging.LogbackAndLog4J2ExcludedLoggingSystemTests.err.log	
64	core/spring-boot	org.springframework.boot.logging.LogFileTests	craton	on	0	PASS	1.628	4	0	0	0	0	/data/data/cratonvm/apps/spring-boot-suite-runner/.suite/results/craton-fullsuite-azure-20260805-s2/all-jit/logs/core_spring-boot.org.springframework.boot.logging.LogFileTests.out.log	/data/data/cratonvm/apps/spring-boot-suite-runner/.suite/results/craton-fullsuite-azure-20260805-s2/all-jit/logs/core_spring-boot.org.springframework.boot.logging.LogFileTests.err.log	
65	core/spring-boot	org.springframework.boot.logging.LoggerConfigurationComparatorTests	craton	on	0	PASS	0.820	7	0	0	0	0	/data/data/cratonvm/apps/spring-boot-suite-runner/.suite/results/craton-fullsuite-azure-20260805-s2/all-jit/logs/core_spring-boot.org.springframework.boot.logging.LoggerConfigurationComparatorTests.out.log	/data/data/cratonvm/apps/spring-boot-suite-runner/.suite/results/craton-fullsuite-azure-20260805-s2/all-jit/logs/core_spring-boot.org.springframework.boot.logging.LoggerConfigurationComparatorTests.err.log	
66	core/spring-boot	org.springframework.boot.logging.LoggerGroupsTests	craton	on	0	PASS	0.806	2	0	0	0	0	/data/data/cratonvm/apps/spring-boot-suite-runner/.suite/results/craton-fullsuite-azure-20260805-s2/all-jit/logs/core_spring-boot.org.springframework.boot.logging.LoggerGroupsTests.out.log	/data/data/cratonvm/apps/spring-boot-suite-runner/.suite/results/craton-fullsuite-azure-20260805-s2/all-jit/logs/core_spring-boot.org.springframework.boot.logging.LoggerGroupsTests.err.log	
67	core/spring-boot	org.springframework.boot.logging.LoggerConfigurationTests	craton	on	0	PASS	1.249	22	0	0	0	0	/data/data/cratonvm/apps/spring-boot-suite-runner/.suite/results/craton-fullsuite-azure-20260805-s2/all-jit/logs/core_spring-boot.org.springframework.boot.logging.LoggerConfigurationTests.out.log	/data/data/cratonvm/apps/spring-boot-suite-runner/.suite/results/craton-fullsuite-azure-20260805-s2/all-jit/logs/core_spring-boot.org.springframework.boot.logging.LoggerConfigurationTests.err.log	
68	core/spring-boot	org.springframework.boot.logging.LoggingSystemTests	craton	on	0	PASS	4.432	8	0	0	0	0	/data/data/cratonvm/apps/spring-boot-suite-runner/.suite/results/craton-fullsuite-azure-20260805-s2/all-jit/logs/core_spring-boot.org.springframework.boot.logging.LoggingSystemTests.out.log	/data/data/cratonvm/apps/spring-boot-suite-runner/.suite/results/craton-fullsuite-azure-20260805-s2/all-jit/logs/core_spring-boot.org.springframework.boot.logging.LoggingSystemTests.err.log	
69	core/spring-boot	org.springframework.boot.logging.LoggingSystemPropertiesTests	craton	on	0	PASS	5.492	25	0	0	0	0	/data/data/cratonvm/apps/spring-boot-suite-runner/.suite/results/craton-fullsuite-azure-20260805-s2/all-jit/logs/core_spring-boot.org.springframework.boot.logging.LoggingSystemPropertiesTests.out.log	/data/data/cratonvm/apps/spring-boot-suite-runner/.suite/results/craton-fullsuite-azure-20260805-s2/all-jit/logs/core_spring-boot.org.springframework.boot.logging.LoggingSystemPropertiesTests.err.log	
70	core/spring-boot	org.springframework.boot.logging.StandardStackTracePrinterTests	craton	on	0	PASS	1.408	23	0	0	0	0	/data/data/cratonvm/apps/spring-boot-suite-runner/.suite/results/craton-fullsuite-azure-20260805-s2/all-jit/logs/core_spring-boot.org.springframework.boot.logging.StandardStackTracePrinterTests.out.log	/data/data/cratonvm/apps/spring-boot-suite-runner/.suite/results/craton-fullsuite-azure-20260805-s2/all-jit/logs/core_spring-boot.org.springframework.boot.logging.StandardStackTracePrinterTests.err.log	
71	core/spring-boot	org.springframework.boot.logging.LogLevelTests	craton	on	0	PASS	2.255	7	0	0	0	0	/data/data/cratonvm/apps/spring-boot-suite-runner/.suite/results/craton-fullsuite-azure-20260805-s2/all-jit/logs/core_spring-boot.org.springframework.boot.logging.LogLevelTests.out.log	/data/data/cratonvm/apps/spring-boot-suite-runner/.suite/results/craton-fullsuite-azure-20260805-s2/all-jit/logs/core_spring-boot.org.springframework.boot.logging.LogLevelTests.err.log	
72	core/spring-boot	org.springframework.boot.logging.structured.CommonStructuredLogFormatTests	craton	on	0	PASS	0.618	3	0	0	0	0	/data/data/cratonvm/apps/spring-boot-suite-runner/.suite/results/craton-fullsuite-azure-20260805-s2/all-jit/logs/core_spring-boot.org.springframework.boot.logging.structured.CommonStructuredLogFormatTests.out.log	/data/data/cratonvm/apps/spring-boot-suite-runner/.suite/results/craton-fullsuite-azure-20260805-s2/all-jit/logs/core_spring-boot.org.springframework.boot.logging.structured.CommonStructuredLogFormatTests.err.log	
73	core/spring-boot	org.springframework.boot.logging.structured.ContextPairsTests	craton	on	0	PASS	0.818	13	0	0	0	0	/data/data/cratonvm/apps/spring-boot-suite-runner/.suite/results/craton-fullsuite-azure-20260805-s2/all-jit/logs/core_spring-boot.org.springframework.boot.logging.structured.ContextPairsTests.out.log	/data/data/cratonvm/apps/spring-boot-suite-runner/.suite/results/craton-fullsuite-azure-20260805-s2/all-jit/logs/core_spring-boot.org.springframework.boot.logging.structured.ContextPairsTests.err.log	
74	core/spring-boot	org.springframework.boot.logging.structured.ElasticCommonSchemaPropertiesTests	craton	on	0	PASS	1.836	7	0	0	0	0	/data/data/cratonvm/apps/spring-boot-suite-runner/.suite/results/craton-fullsuite-azure-20260805-s2/all-jit/logs/core_spring-boot.org.springframework.boot.logging.structured.ElasticCommonSchemaPropertiesTests.out.log	/data/data/cratonvm/apps/spring-boot-suite-runner/.suite/results/craton-fullsuite-azure-20260805-s2/all-jit/logs/core_spring-boot.org.springframework.boot.logging.structured.ElasticCommonSchemaPropertiesTests.err.log	
75	core/spring-boot	org.springframework.boot.logging.structured.GraylogExtendedLogFormatPropertiesTests	craton	on	0	PASS	2.035	10	0	0	0	0	/data/data/cratonvm/apps/spring-boot-suite-runner/.suite/results/craton-fullsuite-azure-20260805-s2/all-jit/logs/core_spring-boot.org.springframework.boot.logging.structured.GraylogExtendedLogFormatPropertiesTests.out.log	/data/data/cratonvm/apps/spring-boot-suite-runner/.suite/results/craton-fullsuite-azure-20260805-s2/all-jit/logs/core_spring-boot.org.springframework.boot.logging.structured.GraylogExtendedLogFormatPropertiesTests.err.log	
76	core/spring-boot	org.springframework.boot.logging.structured.StructuredLoggingJsonPropertiesBeanFactoryInitializationAotProcessorTests	craton	on	0	PASS	3.624	7	0	0	0	0	/data/data/cratonvm/apps/spring-boot-suite-runner/.suite/results/craton-fullsuite-azure-20260805-s2/all-jit/logs/core_spring-boot.org.springframework.boot.logging.structured.StructuredLoggingJsonPropertiesBeanFactoryIni-e415b54336a9.out.log	/data/data/cratonvm/apps/spring-boot-suite-runner/.suite/results/craton-fullsuite-azure-20260805-s2/all-jit/logs/core_spring-boot.org.springframework.boot.logging.structured.StructuredLoggingJsonPropertiesBeanFactoryIni-e415b54336a9.err.log	
77	core/spring-boot	org.springframework.boot.logging.structured.StructuredLogFormatterFactoryTests	craton	on	0	PASS	4.305	9	0	0	0	0	/data/data/cratonvm/apps/spring-boot-suite-runner/.suite/results/craton-fullsuite-azure-20260805-s2/all-jit/logs/core_spring-boot.org.springframework.boot.logging.structured.StructuredLogFormatterFactoryTests.out.log	/data/data/cratonvm/apps/spring-boot-suite-runner/.suite/results/craton-fullsuite-azure-20260805-s2/all-jit/logs/core_spring-boot.org.springframework.boot.logging.structured.StructuredLogFormatterFactoryTests.err.log	
78	core/spring-boot	org.springframework.boot.logging.structured.StructuredLoggingJsonPropertiesTests	craton	on	0	PASS	2.218	19	0	0	0	0	/data/data/cratonvm/apps/spring-boot-suite-runner/.suite/results/craton-fullsuite-azure-20260805-s2/all-jit/logs/core_spring-boot.org.springframework.boot.logging.structured.StructuredLoggingJsonPropertiesTests.out.log	/data/data/cratonvm/apps/spring-boot-suite-runner/.suite/results/craton-fullsuite-azure-20260805-s2/all-jit/logs/core_spring-boot.org.springframework.boot.logging.structured.StructuredLoggingJsonPropertiesTests.err.log	
79	core/spring-boot	org.springframework.boot.logging.structured.StructuredLoggingJsonPropertiesJsonMembersCustomizerTests	craton	on	0	PASS	2.666	8	0	0	0	0	/data/data/cratonvm/apps/spring-boot-suite-runner/.suite/results/craton-fullsuite-azure-20260805-s2/all-jit/logs/core_spring-boot.org.springframework.boot.logging.structured.StructuredLoggingJsonPropertiesJsonMembersCustomizerTests.out.log	/data/data/cratonvm/apps/spring-boot-suite-runner/.suite/results/craton-fullsuite-azure-20260805-s2/all-jit/logs/core_spring-boot.org.springframework.boot.logging.structured.StructuredLoggingJsonPropertiesJsonMembersCustomizerTests.err.log	
80	core/spring-boot	org.springframework.boot.origin.JarUriTests	craton	on	0	PASS	0.633	4	0	0	0	0	/data/data/cratonvm/apps/spring-boot-suite-runner/.suite/results/craton-fullsuite-azure-20260805-s2/all-jit/logs/core_spring-boot.org.springframework.boot.origin.JarUriTests.out.log	/data/data/cratonvm/apps/spring-boot-suite-runner/.suite/results/craton-fullsuite-azure-20260805-s2/all-jit/logs/core_spring-boot.org.springframework.boot.origin.JarUriTests.err.log	
81	core/spring-boot	org.springframework.boot.origin.OriginLookupTests	craton	on	0	PASS	1.838	4	0	0	0	0	/data/data/cratonvm/apps/spring-boot-suite-runner/.suite/results/craton-fullsuite-azure-20260805-s2/all-jit/logs/core_spring-boot.org.springframework.boot.origin.OriginLookupTests.out.log	/data/data/cratonvm/apps/spring-boot-suite-runner/.suite/results/craton-fullsuite-azure-20260805-s2/all-jit/logs/core_spring-boot.org.springframework.boot.origin.OriginLookupTests.err.log	
82	core/spring-boot	org.springframework.boot.origin.OriginTests	craton	on	0	PASS	2.427	9	0	0	0	0	/data/data/cratonvm/apps/spring-boot-suite-runner/.suite/results/craton-fullsuite-azure-20260805-s2/all-jit/logs/core_spring-boot.org.springframework.boot.origin.OriginTests.out.log	/data/data/cratonvm/apps/spring-boot-suite-runner/.suite/results/craton-fullsuite-azure-20260805-s2/all-jit/logs/core_spring-boot.org.springframework.boot.origin.OriginTests.err.log	
83	core/spring-boot	org.springframework.boot.origin.OriginTrackedValueTests	craton	on	0	PASS	1.811	6	0	0	0	0	/data/data/cratonvm/apps/spring-boot-suite-runner/.suite/results/craton-fullsuite-azure-20260805-s2/all-jit/logs/core_spring-boot.org.springframework.boot.origin.OriginTrackedValueTests.out.log	/data/data/cratonvm/apps/spring-boot-suite-runner/.suite/results/craton-fullsuite-azure-20260805-s2/all-jit/logs/core_spring-boot.org.springframework.boot.origin.OriginTrackedValueTests.err.log	
84	core/spring-boot	org.springframework.boot.origin.OriginTrackedResourceTests	craton	on	0	PASS	3.449	21	0	0	0	0	/data/data/cratonvm/apps/spring-boot-suite-runner/.suite/results/craton-fullsuite-azure-20260805-s2/all-jit/logs/core_spring-boot.org.springframework.boot.origin.OriginTrackedResourceTests.out.log	/data/data/cratonvm/apps/spring-boot-suite-runner/.suite/results/craton-fullsuite-azure-20260805-s2/all-jit/logs/core_spring-boot.org.springframework.boot.origin.OriginTrackedResourceTests.err.log	
85	core/spring-boot	org.springframework.boot.origin.SystemEnvironmentOriginTests	craton	on	0	PASS	0.604	4	0	0	0	0	/data/data/cratonvm/apps/spring-boot-suite-runner/.suite/results/craton-fullsuite-azure-20260805-s2/all-jit/logs/core_spring-boot.org.springframework.boot.origin.SystemEnvironmentOriginTests.out.log	/data/data/cratonvm/apps/spring-boot-suite-runner/.suite/results/craton-fullsuite-azure-20260805-s2/all-jit/logs/core_spring-boot.org.springframework.boot.origin.SystemEnvironmentOriginTests.err.log	
86	core/spring-boot	org.springframework.boot.origin.TextResourceOriginTests	craton	on	0	PASS	1.006	15	0	0	0	0	/data/data/cratonvm/apps/spring-boot-suite-runner/.suite/results/craton-fullsuite-azure-20260805-s2/all-jit/logs/core_spring-boot.org.springframework.boot.origin.TextResourceOriginTests.out.log	/data/data/cratonvm/apps/spring-boot-suite-runner/.suite/results/craton-fullsuite-azure-20260805-s2/all-jit/logs/core_spring-boot.org.springframework.boot.origin.TextResourceOriginTests.err.log	
87	core/spring-boot	org.springframework.boot.origin.PropertySourceOriginTests	craton	on	0	PASS	4.089	9	0	0	0	0	/data/data/cratonvm/apps/spring-boot-suite-runner/.suite/results/craton-fullsuite-azure-20260805-s2/all-jit/logs/core_spring-boot.org.springframework.boot.origin.PropertySourceOriginTests.out.log	/data/data/cratonvm/apps/spring-boot-suite-runner/.suite/results/craton-fullsuite-azure-20260805-s2/all-jit/logs/core_spring-boot.org.springframework.boot.origin.PropertySourceOriginTests.err.log	
88	core/spring-boot	org.springframework.boot.ResourceBannerTests	craton	on	0	PASS	2.011	15	0	0	0	0	/data/data/cratonvm/apps/spring-boot-suite-runner/.suite/results/craton-fullsuite-azure-20260805-s2/all-jit/logs/core_spring-boot.org.springframework.boot.ResourceBannerTests.out.log	/data/data/cratonvm/apps/spring-boot-suite-runner/.suite/results/craton-fullsuite-azure-20260805-s2/all-jit/logs/core_spring-boot.org.springframework.boot.ResourceBannerTests.err.log	
89	core/spring-boot	org.springframework.boot.OverrideSourcesTests	craton	on	0	PASS	5.686	2	0	0	0	0	/data/data/cratonvm/apps/spring-boot-suite-runner/.suite/results/craton-fullsuite-azure-20260805-s2/all-jit/logs/core_spring-boot.org.springframework.boot.OverrideSourcesTests.out.log	/data/data/cratonvm/apps/spring-boot-suite-runner/.suite/results/craton-fullsuite-azure-20260805-s2/all-jit/logs/core_spring-boot.org.springframework.boot.OverrideSourcesTests.err.log	
90	core/spring-boot	org.springframework.boot.retry.RetryPolicySettingsTests	craton	on	0	PASS	2.644	12	0	0	0	0	/data/data/cratonvm/apps/spring-boot-suite-runner/.suite/results/craton-fullsuite-azure-20260805-s2/all-jit/logs/core_spring-boot.org.springframework.boot.retry.RetryPolicySettingsTests.out.log	/data/data/cratonvm/apps/spring-boot-suite-runner/.suite/results/craton-fullsuite-azure-20260805-s2/all-jit/logs/core_spring-boot.org.springframework.boot.retry.RetryPolicySettingsTests.err.log	
91	core/spring-boot	org.springframework.boot.SimpleMainTests	craton	on	0	PASS	11.096	5	0	0	0	0	/data/data/cratonvm/apps/spring-boot-suite-runner/.suite/results/craton-fullsuite-azure-20260805-s2/all-jit/logs/core_spring-boot.org.springframework.boot.SimpleMainTests.out.log	/data/data/cratonvm/apps/spring-boot-suite-runner/.suite/results/craton-fullsuite-azure-20260805-s2/all-jit/logs/core_spring-boot.org.springframework.boot.SimpleMainTests.err.log	
92	core/spring-boot	org.springframework.boot.SpringApplicationBannerPrinterTests	craton	on	0	PASS	3.023	2	0	0	0	0	/data/data/cratonvm/apps/spring-boot-suite-runner/.suite/results/craton-fullsuite-azure-20260805-s2/all-jit/logs/core_spring-boot.org.springframework.boot.SpringApplicationBannerPrinterTests.out.log	/data/data/cratonvm/apps/spring-boot-suite-runner/.suite/results/craton-fullsuite-azure-20260805-s2/all-jit/logs/core_spring-boot.org.springframework.boot.SpringApplicationBannerPrinterTests.err.log	
93	core/spring-boot	org.springframework.boot.SpringApplicationAotProcessorTests	craton	on	0	PASS	19.985	8	0	0	0	0	/data/data/cratonvm/apps/spring-boot-suite-runner/.suite/results/craton-fullsuite-azure-20260805-s2/all-jit/logs/core_spring-boot.org.springframework.boot.SpringApplicationAotProcessorTests.out.log	/data/data/cratonvm/apps/spring-boot-suite-runner/.suite/results/craton-fullsuite-azure-20260805-s2/all-jit/logs/core_spring-boot.org.springframework.boot.SpringApplicationAotProcessorTests.err.log	
94	core/spring-boot	org.springframework.boot.SpringApplicationExtensionsTests	craton	on	0	PASS	13.508	7	0	0	0	0	/data/data/cratonvm/apps/spring-boot-suite-runner/.suite/results/craton-fullsuite-azure-20260805-s2/all-jit/logs/core_spring-boot.org.springframework.boot.SpringApplicationExtensionsTests.out.log	/data/data/cratonvm/apps/spring-boot-suite-runner/.suite/results/craton-fullsuite-azure-20260805-s2/all-jit/logs/core_spring-boot.org.springframework.boot.SpringApplicationExtensionsTests.err.log	
95	core/spring-boot	org.springframework.boot.SpringApplicationNoWebTests	craton	on	0	PASS	8.889	2	0	0	0	0	/data/data/cratonvm/apps/spring-boot-suite-runner/.suite/results/craton-fullsuite-azure-20260805-s2/all-jit/logs/core_spring-boot.org.springframework.boot.SpringApplicationNoWebTests.out.log	/data/data/cratonvm/apps/spring-boot-suite-runner/.suite/results/craton-fullsuite-azure-20260805-s2/all-jit/logs/core_spring-boot.org.springframework.boot.SpringApplicationNoWebTests.err.log	
96	core/spring-boot	org.springframework.boot.SpringApplicationShutdownHookTests	craton	on	0	PASS	3.033	14	0	0	0	0	/data/data/cratonvm/apps/spring-boot-suite-runner/.suite/results/craton-fullsuite-azure-20260805-s2/all-jit/logs/core_spring-boot.org.springframework.boot.SpringApplicationShutdownHookTests.out.log	/data/data/cratonvm/apps/spring-boot-suite-runner/.suite/results/craton-fullsuite-azure-20260805-s2/all-jit/logs/core_spring-boot.org.springframework.boot.SpringApplicationShutdownHookTests.err.log	
97	core/spring-boot	org.springframework.boot.SpringBootConfigurationTests	craton	on	0	PASS	0.805	2	0	0	0	0	/data/data/cratonvm/apps/spring-boot-suite-runner/.suite/results/craton-fullsuite-azure-20260805-s2/all-jit/logs/core_spring-boot.org.springframework.boot.SpringBootConfigurationTests.out.log	/data/data/cratonvm/apps/spring-boot-suite-runner/.suite/results/craton-fullsuite-azure-20260805-s2/all-jit/logs/core_spring-boot.org.springframework.boot.SpringBootConfigurationTests.err.log	
98	core/spring-boot	org.springframework.boot.SpringBootExceptionHandlerTests	craton	on	0	PASS	1.610	3	0	0	0	0	/data/data/cratonvm/apps/spring-boot-suite-runner/.suite/results/craton-fullsuite-azure-20260805-s2/all-jit/logs/core_spring-boot.org.springframework.boot.SpringBootExceptionHandlerTests.out.log	/data/data/cratonvm/apps/spring-boot-suite-runner/.suite/results/craton-fullsuite-azure-20260805-s2/all-jit/logs/core_spring-boot.org.springframework.boot.SpringBootExceptionHandlerTests.err.log	
99	core/spring-boot	org.springframework.boot.SpringBootVersionTests	craton	on	0	PASS	0.607	1	0	0	0	0	/data/data/cratonvm/apps/spring-boot-suite-runner/.suite/results/craton-fullsuite-azure-20260805-s2/all-jit/logs/core_spring-boot.org.springframework.boot.SpringBootVersionTests.out.log	/data/data/cratonvm/apps/spring-boot-suite-runner/.suite/results/craton-fullsuite-azure-20260805-s2/all-jit/logs/core_spring-boot.org.springframework.boot.SpringBootVersionTests.err.log	
100	core/spring-boot	org.springframework.boot.ssl.AliasKeyManagerFactoryTests	craton	on	0	PASS	3.016	1	0	0	0	0	/data/data/cratonvm/apps/spring-boot-suite-runner/.suite/results/craton-fullsuite-azure-20260805-s2/all-jit/logs/core_spring-boot.org.springframework.boot.ssl.AliasKeyManagerFactoryTests.out.log	/data/data/cratonvm/apps/spring-boot-suite-runner/.suite/results/craton-fullsuite-azure-20260805-s2/all-jit/logs/core_spring-boot.org.springframework.boot.ssl.AliasKeyManagerFactoryTests.err.log	
101	core/spring-boot	org.springframework.boot.ssl.DefaultSslBundleRegistryTests	craton	on	0	PASS	3.428	12	0	0	0	0	/data/data/cratonvm/apps/spring-boot-suite-runner/.suite/results/craton-fullsuite-azure-20260805-s2/all-jit/logs/core_spring-boot.org.springframework.boot.ssl.DefaultSslBundleRegistryTests.out.log	/data/data/cratonvm/apps/spring-boot-suite-runner/.suite/results/craton-fullsuite-azure-20260805-s2/all-jit/logs/core_spring-boot.org.springframework.boot.ssl.DefaultSslBundleRegistryTests.err.log	
102	core/spring-boot	org.springframework.boot.ssl.DefaultSslManagerBundleTests	craton	on	0	PASS	4.632	10	0	0	0	0	/data/data/cratonvm/apps/spring-boot-suite-runner/.suite/results/craton-fullsuite-azure-20260805-s2/all-jit/logs/core_spring-boot.org.springframework.boot.ssl.DefaultSslManagerBundleTests.out.log	/data/data/cratonvm/apps/spring-boot-suite-runner/.suite/results/craton-fullsuite-azure-20260805-s2/all-jit/logs/core_spring-boot.org.springframework.boot.ssl.DefaultSslManagerBundleTests.err.log	
103	core/spring-boot	org.springframework.boot.ssl.FixedTrustManagerFactoryTests	craton	on	0	PASS	1.614	1	0	0	0	0	/data/data/cratonvm/apps/spring-boot-suite-runner/.suite/results/craton-fullsuite-azure-20260805-s2/all-jit/logs/core_spring-boot.org.springframework.boot.ssl.FixedTrustManagerFactoryTests.out.log	/data/data/cratonvm/apps/spring-boot-suite-runner/.suite/results/craton-fullsuite-azure-20260805-s2/all-jit/logs/core_spring-boot.org.springframework.boot.ssl.FixedTrustManagerFactoryTests.err.log	
104	core/spring-boot	org.springframework.boot.ssl.jks.JksSslStoreBundleTests	craton	on	0	PASS	3.422	14	0	0	0	0	/data/data/cratonvm/apps/spring-boot-suite-runner/.suite/results/craton-fullsuite-azure-20260805-s2/all-jit/logs/core_spring-boot.org.springframework.boot.ssl.jks.JksSslStoreBundleTests.out.log	/data/data/cratonvm/apps/spring-boot-suite-runner/.suite/results/craton-fullsuite-azure-20260805-s2/all-jit/logs/core_spring-boot.org.springframework.boot.ssl.jks.JksSslStoreBundleTests.err.log	
105	core/spring-boot	org.springframework.boot.ssl.NoSuchSslBundleExceptionTests	craton	on	0	PASS	0.603	1	0	0	0	0	/data/data/cratonvm/apps/spring-boot-suite-runner/.suite/results/craton-fullsuite-azure-20260805-s2/all-jit/logs/core_spring-boot.org.springframework.boot.ssl.NoSuchSslBundleExceptionTests.out.log	/data/data/cratonvm/apps/spring-boot-suite-runner/.suite/results/craton-fullsuite-azure-20260805-s2/all-jit/logs/core_spring-boot.org.springframework.boot.ssl.NoSuchSslBundleExceptionTests.err.log	
106	core/spring-boot	org.springframework.boot.ssl.pem.LoadedPemSslStoreTests	craton	on	0	PASS	3.227	5	0	0	0	0	/data/data/cratonvm/apps/spring-boot-suite-runner/.suite/results/craton-fullsuite-azure-20260805-s2/all-jit/logs/core_spring-boot.org.springframework.boot.ssl.pem.LoadedPemSslStoreTests.out.log	/data/data/cratonvm/apps/spring-boot-suite-runner/.suite/results/craton-fullsuite-azure-20260805-s2/all-jit/logs/core_spring-boot.org.springframework.boot.ssl.pem.LoadedPemSslStoreTests.err.log	
107	core/spring-boot	org.springframework.boot.ssl.pem.PemCertificateParserTests	craton	on	0	PASS	0.806	2	0	0	0	0	/data/data/cratonvm/apps/spring-boot-suite-runner/.suite/results/craton-fullsuite-azure-20260805-s2/all-jit/logs/core_spring-boot.org.springframework.boot.ssl.pem.PemCertificateParserTests.out.log	/data/data/cratonvm/apps/spring-boot-suite-runner/.suite/results/craton-fullsuite-azure-20260805-s2/all-jit/logs/core_spring-boot.org.springframework.boot.ssl.pem.PemCertificateParserTests.err.log	
108	core/spring-boot	org.springframework.boot.ssl.pem.PemContentTests	craton	on	0	PASS	3.419	16	0	0	0	0	/data/data/cratonvm/apps/spring-boot-suite-runner/.suite/results/craton-fullsuite-azure-20260805-s2/all-jit/logs/core_spring-boot.org.springframework.boot.ssl.pem.PemContentTests.out.log	/data/data/cratonvm/apps/spring-boot-suite-runner/.suite/results/craton-fullsuite-azure-20260805-s2/all-jit/logs/core_spring-boot.org.springframework.boot.ssl.pem.PemContentTests.err.log	
109	core/spring-boot	org.springframework.boot.ssl.pem.PemPrivateKeyParserTests	craton	on	0	PASS	2.821	47	0	0	0	0	/data/data/cratonvm/apps/spring-boot-suite-runner/.suite/results/craton-fullsuite-azure-20260805-s2/all-jit/logs/core_spring-boot.org.springframework.boot.ssl.pem.PemPrivateKeyParserTests.out.log	/data/data/cratonvm/apps/spring-boot-suite-runner/.suite/results/craton-fullsuite-azure-20260805-s2/all-jit/logs/core_spring-boot.org.springframework.boot.ssl.pem.PemPrivateKeyParserTests.err.log	
110	core/spring-boot	org.springframework.boot.ssl.pem.PemSslStoreBundleTests	craton	on	0	PASS	3.430	11	0	0	0	0	/data/data/cratonvm/apps/spring-boot-suite-runner/.suite/results/craton-fullsuite-azure-20260805-s2/all-jit/logs/core_spring-boot.org.springframework.boot.ssl.pem.PemSslStoreBundleTests.out.log	/data/data/cratonvm/apps/spring-boot-suite-runner/.suite/results/craton-fullsuite-azure-20260805-s2/all-jit/logs/core_spring-boot.org.springframework.boot.ssl.pem.PemSslStoreBundleTests.err.log	
111	core/spring-boot	org.springframework.boot.ssl.pem.PemSslStoreTests	craton	on	0	PASS	4.231	5	0	0	0	0	/data/data/cratonvm/apps/spring-boot-suite-runner/.suite/results/craton-fullsuite-azure-20260805-s2/all-jit/logs/core_spring-boot.org.springframework.boot.ssl.pem.PemSslStoreTests.out.log	/data/data/cratonvm/apps/spring-boot-suite-runner/.suite/results/craton-fullsuite-azure-20260805-s2/all-jit/logs/core_spring-boot.org.springframework.boot.ssl.pem.PemSslStoreTests.err.log	
112	core/spring-boot	org.springframework.boot.ssl.SslBundleKeyTests	craton	on	0	PASS	3.424	5	0	0	0	0	/data/data/cratonvm/apps/spring-boot-suite-runner/.suite/results/craton-fullsuite-azure-20260805-s2/all-jit/logs/core_spring-boot.org.springframework.boot.ssl.SslBundleKeyTests.out.log	/data/data/cratonvm/apps/spring-boot-suite-runner/.suite/results/craton-fullsuite-azure-20260805-s2/all-jit/logs/core_spring-boot.org.springframework.boot.ssl.SslBundleKeyTests.err.log	
113	core/spring-boot	org.springframework.boot.ssl.SslBundleTests	craton	on	0	PASS	4.026	3	0	0	0	0	/data/data/cratonvm/apps/spring-boot-suite-runner/.suite/results/craton-fullsuite-azure-20260805-s2/all-jit/logs/core_spring-boot.org.springframework.boot.ssl.SslBundleTests.out.log	/data/data/cratonvm/apps/spring-boot-suite-runner/.suite/results/craton-fullsuite-azure-20260805-s2/all-jit/logs/core_spring-boot.org.springframework.boot.ssl.SslBundleTests.err.log	
114	core/spring-boot	org.springframework.boot.ssl.SslManagerBundleTests	craton	on	0	PASS	3.018	9	0	0	0	0	/data/data/cratonvm/apps/spring-boot-suite-runner/.suite/results/craton-fullsuite-azure-20260805-s2/all-jit/logs/core_spring-boot.org.springframework.boot.ssl.SslManagerBundleTests.out.log	/data/data/cratonvm/apps/spring-boot-suite-runner/.suite/results/craton-fullsuite-azure-20260805-s2/all-jit/logs/core_spring-boot.org.springframework.boot.ssl.SslManagerBundleTests.err.log	
115	core/spring-boot	org.springframework.boot.ssl.SslOptionsTests	craton	on	0	PASS	0.805	8	0	0	0	0	/data/data/cratonvm/apps/spring-boot-suite-runner/.suite/results/craton-fullsuite-azure-20260805-s2/all-jit/logs/core_spring-boot.org.springframework.boot.ssl.SslOptionsTests.out.log	/data/data/cratonvm/apps/spring-boot-suite-runner/.suite/results/craton-fullsuite-azure-20260805-s2/all-jit/logs/core_spring-boot.org.springframework.boot.ssl.SslOptionsTests.err.log	
116	core/spring-boot	org.springframework.boot.ssl.SslStoreBundleTests	craton	on	0	PASS	3.025	2	0	0	0	0	/data/data/cratonvm/apps/spring-boot-suite-runner/.suite/results/craton-fullsuite-azure-20260805-s2/all-jit/logs/core_spring-boot.org.springframework.boot.ssl.SslStoreBundleTests.out.log	/data/data/cratonvm/apps/spring-boot-suite-runner/.suite/results/craton-fullsuite-azure-20260805-s2/all-jit/logs/core_spring-boot.org.springframework.boot.ssl.SslStoreBundleTests.err.log	
117	core/spring-boot	org.springframework.boot.StartupInfoLoggerTests	craton	on	0	PASS	3.426	7	0	0	0	0	/data/data/cratonvm/apps/spring-boot-suite-runner/.suite/results/craton-fullsuite-azure-20260805-s2/all-jit/logs/core_spring-boot.org.springframework.boot.StartupInfoLoggerTests.out.log	/data/data/cratonvm/apps/spring-boot-suite-runner/.suite/results/craton-fullsuite-azure-20260805-s2/all-jit/logs/core_spring-boot.org.springframework.boot.StartupInfoLoggerTests.err.log	
118	core/spring-boot	org.springframework.boot.support.AnsiOutputApplicationListenerTests	craton	on	0	PASS	9.070	3	0	0	0	0	/data/data/cratonvm/apps/spring-boot-suite-runner/.suite/results/craton-fullsuite-azure-20260805-s2/all-jit/logs/core_spring-boot.org.springframework.boot.support.AnsiOutputApplicationListenerTests.out.log	/data/data/cratonvm/apps/spring-boot-suite-runner/.suite/results/craton-fullsuite-azure-20260805-s2/all-jit/logs/core_spring-boot.org.springframework.boot.support.AnsiOutputApplicationListenerTests.err.log	
119	core/spring-boot	org.springframework.boot.support.EnvironmentPostProcessorApplicationListenerTests	craton	on	0	PASS	28.646	16	0	0	0	0	/data/data/cratonvm/apps/spring-boot-suite-runner/.suite/results/craton-fullsuite-azure-20260805-s2/all-jit/logs/core_spring-boot.org.springframework.boot.support.EnvironmentPostProcessorApplicationListenerTests.out.log	/data/data/cratonvm/apps/spring-boot-suite-runner/.suite/results/craton-fullsuite-azure-20260805-s2/all-jit/logs/core_spring-boot.org.springframework.boot.support.EnvironmentPostProcessorApplicationListenerTests.err.log	
120	core/spring-boot	org.springframework.boot.support.RandomValuePropertySourceEnvironmentPostProcessorTests	craton	on	0	PASS	6.442	2	0	0	0	0	/data/data/cratonvm/apps/spring-boot-suite-runner/.suite/results/craton-fullsuite-azure-20260805-s2/all-jit/logs/core_spring-boot.org.springframework.boot.support.RandomValuePropertySourceEnvironmentPostProcessorTests.out.log	/data/data/cratonvm/apps/spring-boot-suite-runner/.suite/results/craton-fullsuite-azure-20260805-s2/all-jit/logs/core_spring-boot.org.springframework.boot.support.RandomValuePropertySourceEnvironmentPostProcessorTests.err.log	
121	core/spring-boot	org.springframework.boot.support.ReflectionEnvironmentPostProcessorsFactoryTests	craton	on	0	PASS	1.814	9	0	0	0	0	/data/data/cratonvm/apps/spring-boot-suite-runner/.suite/results/craton-fullsuite-azure-20260805-s2/all-jit/logs/core_spring-boot.org.springframework.boot.support.ReflectionEnvironmentPostProcessorsFactoryTests.out.log	/data/data/cratonvm/apps/spring-boot-suite-runner/.suite/results/craton-fullsuite-azure-20260805-s2/all-jit/logs/core_spring-boot.org.springframework.boot.support.ReflectionEnvironmentPostProcessorsFactoryTests.err.log	
122	core/spring-boot	org.springframework.boot.support.SpringApplicationJsonEnvironmentPostProcessorTests	craton	on	0	PASS	2.619	17	0	0	0	0	/data/data/cratonvm/apps/spring-boot-suite-runner/.suite/results/craton-fullsuite-azure-20260805-s2/all-jit/logs/core_spring-boot.org.springframework.boot.support.SpringApplicationJsonEnvironmentPostProcessorTests.out.log	/data/data/cratonvm/apps/spring-boot-suite-runner/.suite/results/craton-fullsuite-azure-20260805-s2/all-jit/logs/core_spring-boot.org.springframework.boot.support.SpringApplicationJsonEnvironmentPostProcessorTests.err.log	
123	core/spring-boot	org.springframework.boot.support.SystemEnvironmentPropertySourceEnvironmentPostProcessorTests	craton	on	0	PASS	2.015	6	0	0	0	0	/data/data/cratonvm/apps/spring-boot-suite-runner/.suite/results/craton-fullsuite-azure-20260805-s2/all-jit/logs/core_spring-boot.org.springframework.boot.support.SystemEnvironmentPropertySourceEnvironmentPostProcessorTests.out.log	/data/data/cratonvm/apps/spring-boot-suite-runner/.suite/results/craton-fullsuite-azure-20260805-s2/all-jit/logs/core_spring-boot.org.springframework.boot.support.SystemEnvironmentPropertySourceEnvironmentPostProcessorTests.err.log	
124	core/spring-boot	org.springframework.boot.system.ApplicationHomeTests	craton	on	0	PASS	1.006	2	0	0	0	0	/data/data/cratonvm/apps/spring-boot-suite-runner/.suite/results/craton-fullsuite-azure-20260805-s2/all-jit/logs/core_spring-boot.org.springframework.boot.system.ApplicationHomeTests.out.log	/data/data/cratonvm/apps/spring-boot-suite-runner/.suite/results/craton-fullsuite-azure-20260805-s2/all-jit/logs/core_spring-boot.org.springframework.boot.system.ApplicationHomeTests.err.log	
125	core/spring-boot	org.springframework.boot.system.ApplicationPidTests	craton	on	0	PASS	12.244	13	0	0	0	0	/data/data/cratonvm/apps/spring-boot-suite-runner/.suite/results/craton-fullsuite-azure-20260805-s2/all-jit/logs/core_spring-boot.org.springframework.boot.system.ApplicationPidTests.out.log	/data/data/cratonvm/apps/spring-boot-suite-runner/.suite/results/craton-fullsuite-azure-20260805-s2/all-jit/logs/core_spring-boot.org.springframework.boot.system.ApplicationPidTests.err.log	
126	core/spring-boot	org.springframework.boot.system.ApplicationTempTests	craton	on	0	PASS	3.816	6	0	0	0	0	/data/data/cratonvm/apps/spring-boot-suite-runner/.suite/results/craton-fullsuite-azure-20260805-s2/all-jit/logs/core_spring-boot.org.springframework.boot.system.ApplicationTempTests.out.log	/data/data/cratonvm/apps/spring-boot-suite-runner/.suite/results/craton-fullsuite-azure-20260805-s2/all-jit/logs/core_spring-boot.org.springframework.boot.system.ApplicationTempTests.err.log	
127	core/spring-boot	org.springframework.boot.system.JavaVersionTests	craton	on	0	PASS	1.005	11	0	0	9	0	/data/data/cratonvm/apps/spring-boot-suite-runner/.suite/results/craton-fullsuite-azure-20260805-s2/all-jit/logs/core_spring-boot.org.springframework.boot.system.JavaVersionTests.out.log	/data/data/cratonvm/apps/spring-boot-suite-runner/.suite/results/craton-fullsuite-azure-20260805-s2/all-jit/logs/core_spring-boot.org.springframework.boot.system.JavaVersionTests.err.log	
128	core/spring-boot	org.springframework.boot.task.SimpleAsyncTaskExecutorBuilderTests	craton	on	0	PASS	19.677	15	0	0	0	0	/data/data/cratonvm/apps/spring-boot-suite-runner/.suite/results/craton-fullsuite-azure-20260805-s2/all-jit/logs/core_spring-boot.org.springframework.boot.task.SimpleAsyncTaskExecutorBuilderTests.out.log	/data/data/cratonvm/apps/spring-boot-suite-runner/.suite/results/craton-fullsuite-azure-20260805-s2/all-jit/logs/core_spring-boot.org.springframework.boot.task.SimpleAsyncTaskExecutorBuilderTests.err.log	
129	core/spring-boot	org.springframework.boot.task.SimpleAsyncTaskSchedulerBuilderTests	craton	on	0	PASS	6.642	13	0	0	0	0	/data/data/cratonvm/apps/spring-boot-suite-runner/.suite/results/craton-fullsuite-azure-20260805-s2/all-jit/logs/core_spring-boot.org.springframework.boot.task.SimpleAsyncTaskSchedulerBuilderTests.out.log	/data/data/cratonvm/apps/spring-boot-suite-runner/.suite/results/craton-fullsuite-azure-20260805-s2/all-jit/logs/core_spring-boot.org.springframework.boot.task.SimpleAsyncTaskSchedulerBuilderTests.err.log	
130	core/spring-boot	org.springframework.boot.task.ThreadPoolTaskExecutorBuilderTests	craton	on	0	PASS	7.038	14	0	0	0	0	/data/data/cratonvm/apps/spring-boot-suite-runner/.suite/results/craton-fullsuite-azure-20260805-s2/all-jit/logs/core_spring-boot.org.springframework.boot.task.ThreadPoolTaskExecutorBuilderTests.out.log	/data/data/cratonvm/apps/spring-boot-suite-runner/.suite/results/craton-fullsuite-azure-20260805-s2/all-jit/logs/core_spring-boot.org.springframework.boot.task.ThreadPoolTaskExecutorBuilderTests.err.log	
131	core/spring-boot	org.springframework.boot.task.ThreadPoolTaskSchedulerBuilderTests	craton	on	0	PASS	7.441	13	0	0	0	0	/data/data/cratonvm/apps/spring-boot-suite-runner/.suite/results/craton-fullsuite-azure-20260805-s2/all-jit/logs/core_spring-boot.org.springframework.boot.task.ThreadPoolTaskSchedulerBuilderTests.out.log	/data/data/cratonvm/apps/spring-boot-suite-runner/.suite/results/craton-fullsuite-azure-20260805-s2/all-jit/logs/core_spring-boot.org.springframework.boot.task.ThreadPoolTaskSchedulerBuilderTests.err.log	
132	core/spring-boot	org.springframework.boot.util.InstantiatorTests	craton	on	0	PASS	1.008	12	0	0	0	0	/data/data/cratonvm/apps/spring-boot-suite-runner/.suite/results/craton-fullsuite-azure-20260805-s2/all-jit/logs/core_spring-boot.org.springframework.boot.util.InstantiatorTests.out.log	/data/data/cratonvm/apps/spring-boot-suite-runner/.suite/results/craton-fullsuite-azure-20260805-s2/all-jit/logs/core_spring-boot.org.springframework.boot.util.InstantiatorTests.err.log	
133	core/spring-boot	org.springframework.boot.util.LambdaSafeTests	craton	on	0	PASS	7.243	31	0	0	0	0	/data/data/cratonvm/apps/spring-boot-suite-runner/.suite/results/craton-fullsuite-azure-20260805-s2/all-jit/logs/core_spring-boot.org.springframework.boot.util.LambdaSafeTests.out.log	/data/data/cratonvm/apps/spring-boot-suite-runner/.suite/results/craton-fullsuite-azure-20260805-s2/all-jit/logs/core_spring-boot.org.springframework.boot.util.LambdaSafeTests.err.log	
134	core/spring-boot	org.springframework.boot.validation.beanvalidation.MethodValidationExcludeFilterTests	craton	on	0	PASS	0.805	4	0	0	0	0	/data/data/cratonvm/apps/spring-boot-suite-runner/.suite/results/craton-fullsuite-azure-20260805-s2/all-jit/logs/core_spring-boot.org.springframework.boot.validation.beanvalidation.MethodValidationExcludeFilterTests.out.log	/data/data/cratonvm/apps/spring-boot-suite-runner/.suite/results/craton-fullsuite-azure-20260805-s2/all-jit/logs/core_spring-boot.org.springframework.boot.validation.beanvalidation.MethodValidationExcludeFilterTests.err.log	
135	core/spring-boot	org.springframework.boot.validation.MessageInterpolatorFactoryTests	craton	on	0	PASS	3.021	2	0	0	0	0	/data/data/cratonvm/apps/spring-boot-suite-runner/.suite/results/craton-fullsuite-azure-20260805-s2/all-jit/logs/core_spring-boot.org.springframework.boot.validation.MessageInterpolatorFactoryTests.out.log	/data/data/cratonvm/apps/spring-boot-suite-runner/.suite/results/craton-fullsuite-azure-20260805-s2/all-jit/logs/core_spring-boot.org.springframework.boot.validation.MessageInterpolatorFactoryTests.err.log	
136	core/spring-boot	org.springframework.boot.validation.MessageInterpolatorFactoryWithoutElIntegrationTests	craton	on	0	PASS	6.643	3	0	0	0	0	/data/data/cratonvm/apps/spring-boot-suite-runner/.suite/results/craton-fullsuite-azure-20260805-s2/all-jit/logs/core_spring-boot.org.springframework.boot.validation.MessageInterpolatorFactoryWithoutElIntegrationTests.out.log	/data/data/cratonvm/apps/spring-boot-suite-runner/.suite/results/craton-fullsuite-azure-20260805-s2/all-jit/logs/core_spring-boot.org.springframework.boot.validation.MessageInterpolatorFactoryWithoutElIntegrationTests.err.log	
137	core/spring-boot	org.springframework.boot.validation.MessageSourceMessageInterpolatorIntegrationTests	craton	on	0	PASS	2.823	9	0	0	0	0	/data/data/cratonvm/apps/spring-boot-suite-runner/.suite/results/craton-fullsuite-azure-20260805-s2/all-jit/logs/core_spring-boot.org.springframework.boot.validation.MessageSourceMessageInterpolatorIntegrationTests.out.log	/data/data/cratonvm/apps/spring-boot-suite-runner/.suite/results/craton-fullsuite-azure-20260805-s2/all-jit/logs/core_spring-boot.org.springframework.boot.validation.MessageSourceMessageInterpolatorIntegrationTests.err.log	
138	core/spring-boot	org.springframework.boot.validation.MessageSourceMessageInterpolatorTests	craton	on	0	PASS	4.028	9	0	0	0	0	/data/data/cratonvm/apps/spring-boot-suite-runner/.suite/results/craton-fullsuite-azure-20260805-s2/all-jit/logs/core_spring-boot.org.springframework.boot.validation.MessageSourceMessageInterpolatorTests.out.log	/data/data/cratonvm/apps/spring-boot-suite-runner/.suite/results/craton-fullsuite-azure-20260805-s2/all-jit/logs/core_spring-boot.org.springframework.boot.validation.MessageSourceMessageInterpolatorTests.err.log	
139	core/spring-boot	org.springframework.boot.web.context.reactive.FilteredReactiveWebContextResourceFilePathResolverIntegrationTests	craton	on	0	PASS	1.409	2	0	0	0	0	/data/data/cratonvm/apps/spring-boot-suite-runner/.suite/results/craton-fullsuite-azure-20260805-s2/all-jit/logs/core_spring-boot.org.springframework.boot.web.context.reactive.FilteredReactiveWebContextResourceFilePathR-d2bc39a7a136.out.log	/data/data/cratonvm/apps/spring-boot-suite-runner/.suite/results/craton-fullsuite-azure-20260805-s2/all-jit/logs/core_spring-boot.org.springframework.boot.web.context.reactive.FilteredReactiveWebContextResourceFilePathR-d2bc39a7a136.err.log	
140	core/spring-boot	org.springframework.boot.web.context.reactive.GenericReactiveWebApplicationContextTests	craton	on	0	PASS	1.006	1	0	0	0	0	/data/data/cratonvm/apps/spring-boot-suite-runner/.suite/results/craton-fullsuite-azure-20260805-s2/all-jit/logs/core_spring-boot.org.springframework.boot.web.context.reactive.GenericReactiveWebApplicationContextTests.out.log	/data/data/cratonvm/apps/spring-boot-suite-runner/.suite/results/craton-fullsuite-azure-20260805-s2/all-jit/logs/core_spring-boot.org.springframework.boot.web.context.reactive.GenericReactiveWebApplicationContextTests.err.log	
141	core/spring-boot	org.springframework.boot.web.context.servlet.ServletContextResourceFilePathResolverIntegrationTests	craton	on	0	PASS	1.206	1	0	0	0	0	/data/data/cratonvm/apps/spring-boot-suite-runner/.suite/results/craton-fullsuite-azure-20260805-s2/all-jit/logs/core_spring-boot.org.springframework.boot.web.context.servlet.ServletContextResourceFilePathResolverIntegrationTests.out.log	/data/data/cratonvm/apps/spring-boot-suite-runner/.suite/results/craton-fullsuite-azure-20260805-s2/all-jit/logs/core_spring-boot.org.springframework.boot.web.context.servlet.ServletContextResourceFilePathResolverIntegrationTests.err.log	
142	core/spring-boot	org.springframework.boot.web.error.ErrorAttributesOptionsTests	craton	on	0	PASS	0.603	4	0	0	0	0	/data/data/cratonvm/apps/spring-boot-suite-runner/.suite/results/craton-fullsuite-azure-20260805-s2/all-jit/logs/core_spring-boot.org.springframework.boot.web.error.ErrorAttributesOptionsTests.out.log	/data/data/cratonvm/apps/spring-boot-suite-runner/.suite/results/craton-fullsuite-azure-20260805-s2/all-jit/logs/core_spring-boot.org.springframework.boot.web.error.ErrorAttributesOptionsTests.err.log	
143	core/spring-boot	org.springframework.boot.web.error.ErrorTests	craton	on	0	PASS	1.005	2	0	0	0	0	/data/data/cratonvm/apps/spring-boot-suite-runner/.suite/results/craton-fullsuite-azure-20260805-s2/all-jit/logs/core_spring-boot.org.springframework.boot.web.error.ErrorTests.out.log	/data/data/cratonvm/apps/spring-boot-suite-runner/.suite/results/craton-fullsuite-azure-20260805-s2/all-jit/logs/core_spring-boot.org.springframework.boot.web.error.ErrorTests.err.log	
144	core/spring-boot	org.springframework.boot.web.servlet.AbstractFilterRegistrationBeanTests	craton	on	0	EMPTY	0.605	0	0	0	0	0	/data/data/cratonvm/apps/spring-boot-suite-runner/.suite/results/craton-fullsuite-azure-20260805-s2/all-jit/logs/core_spring-boot.org.springframework.boot.web.servlet.AbstractFilterRegistrationBeanTests.out.log	/data/data/cratonvm/apps/spring-boot-suite-runner/.suite/results/craton-fullsuite-azure-20260805-s2/all-jit/logs/core_spring-boot.org.springframework.boot.web.servlet.AbstractFilterRegistrationBeanTests.err.log	
145	core/spring-boot	org.springframework.boot.SpringApplicationTests	craton	on	0	PASS	205.167	102	0	0	2	0	/data/data/cratonvm/apps/spring-boot-suite-runner/.suite/results/craton-fullsuite-azure-20260805-s2/all-jit/logs/core_spring-boot.org.springframework.boot.SpringApplicationTests.out.log	/data/data/cratonvm/apps/spring-boot-suite-runner/.suite/results/craton-fullsuite-azure-20260805-s2/all-jit/logs/core_spring-boot.org.springframework.boot.SpringApplicationTests.err.log	
146	core/spring-boot	org.springframework.boot.web.servlet.DelegatingFilterProxyRegistrationBeanTests	craton	on	0	PASS	7.065	26	0	0	0	0	/data/data/cratonvm/apps/spring-boot-suite-runner/.suite/results/craton-fullsuite-azure-20260805-s2/all-jit/logs/core_spring-boot.org.springframework.boot.web.servlet.DelegatingFilterProxyRegistrationBeanTests.out.log	/data/data/cratonvm/apps/spring-boot-suite-runner/.suite/results/craton-fullsuite-azure-20260805-s2/all-jit/logs/core_spring-boot.org.springframework.boot.web.servlet.DelegatingFilterProxyRegistrationBeanTests.err.log	
147	core/spring-boot	org.springframework.boot.web.servlet.DynamicRegistrationBeanTests	craton	on	0	PASS	1.422	3	0	0	0	0	/data/data/cratonvm/apps/spring-boot-suite-runner/.suite/results/craton-fullsuite-azure-20260805-s2/all-jit/logs/core_spring-boot.org.springframework.boot.web.servlet.DynamicRegistrationBeanTests.out.log	/data/data/cratonvm/apps/spring-boot-suite-runner/.suite/results/craton-fullsuite-azure-20260805-s2/all-jit/logs/core_spring-boot.org.springframework.boot.web.servlet.DynamicRegistrationBeanTests.err.log	
148	core/spring-boot	org.springframework.boot.web.servlet.FilterRegistrationBeanTests	craton	on	0	PASS	6.859	25	0	0	0	0	/data/data/cratonvm/apps/spring-boot-suite-runner/.suite/results/craton-fullsuite-azure-20260805-s2/all-jit/logs/core_spring-boot.org.springframework.boot.web.servlet.FilterRegistrationBeanTests.out.log	/data/data/cratonvm/apps/spring-boot-suite-runner/.suite/results/craton-fullsuite-azure-20260805-s2/all-jit/logs/core_spring-boot.org.springframework.boot.web.servlet.FilterRegistrationBeanTests.err.log	
149	core/spring-boot	org.springframework.boot.web.servlet.FilterRegistrationIntegrationTests	craton	on	0	PASS	5.864	2	0	0	0	0	/data/data/cratonvm/apps/spring-boot-suite-runner/.suite/results/craton-fullsuite-azure-20260805-s2/all-jit/logs/core_spring-boot.org.springframework.boot.web.servlet.FilterRegistrationIntegrationTests.out.log	/data/data/cratonvm/apps/spring-boot-suite-runner/.suite/results/craton-fullsuite-azure-20260805-s2/all-jit/logs/core_spring-boot.org.springframework.boot.web.servlet.FilterRegistrationIntegrationTests.err.log	
150	core/spring-boot	org.springframework.boot.web.servlet.ServletContextInitializerBeansTests	craton	on	0	PASS	3.829	12	0	0	0	0	/data/data/cratonvm/apps/spring-boot-suite-runner/.suite/results/craton-fullsuite-azure-20260805-s2/all-jit/logs/core_spring-boot.org.springframework.boot.web.servlet.ServletContextInitializerBeansTests.out.log	/data/data/cratonvm/apps/spring-boot-suite-runner/.suite/results/craton-fullsuite-azure-20260805-s2/all-jit/logs/core_spring-boot.org.springframework.boot.web.servlet.ServletContextInitializerBeansTests.err.log	
151	core/spring-boot	org.springframework.boot.web.servlet.ServletListenerRegistrationBeanTests	craton	on	0	PASS	4.834	3	0	0	0	0	/data/data/cratonvm/apps/spring-boot-suite-runner/.suite/results/craton-fullsuite-azure-20260805-s2/all-jit/logs/core_spring-boot.org.springframework.boot.web.servlet.ServletListenerRegistrationBeanTests.out.log	/data/data/cratonvm/apps/spring-boot-suite-runner/.suite/results/craton-fullsuite-azure-20260805-s2/all-jit/logs/core_spring-boot.org.springframework.boot.web.servlet.ServletListenerRegistrationBeanTests.err.log	
152	core/spring-boot	org.springframework.boot.web.servlet.ServletRegistrationBeanTests	craton	on	0	PASS	5.836	14	0	0	0	0	/data/data/cratonvm/apps/spring-boot-suite-runner/.suite/results/craton-fullsuite-azure-20260805-s2/all-jit/logs/core_spring-boot.org.springframework.boot.web.servlet.ServletRegistrationBeanTests.out.log	/data/data/cratonvm/apps/spring-boot-suite-runner/.suite/results/craton-fullsuite-azure-20260805-s2/all-jit/logs/core_spring-boot.org.springframework.boot.web.servlet.ServletRegistrationBeanTests.err.log	
153	core/spring-boot	org.springframework.boot.web.servlet.NoSpringWebFilterRegistrationBeanTests	craton	on	0	PASS	16.609	19	0	0	0	0	/data/data/cratonvm/apps/spring-boot-suite-runner/.suite/results/craton-fullsuite-azure-20260805-s2/all-jit/logs/core_spring-boot.org.springframework.boot.web.servlet.NoSpringWebFilterRegistrationBeanTests.out.log	/data/data/cratonvm/apps/spring-boot-suite-runner/.suite/results/craton-fullsuite-azure-20260805-s2/all-jit/logs/core_spring-boot.org.springframework.boot.web.servlet.NoSpringWebFilterRegistrationBeanTests.err.log	
154	core/spring-boot	org.springframework.boot.web.servlet.support.ErrorPageFilterTests	craton	on	0	PASS	4.852	26	0	0	0	0	/data/data/cratonvm/apps/spring-boot-suite-runner/.suite/results/craton-fullsuite-azure-20260805-s2/all-jit/logs/core_spring-boot.org.springframework.boot.web.servlet.support.ErrorPageFilterTests.out.log	/data/data/cratonvm/apps/spring-boot-suite-runner/.suite/results/craton-fullsuite-azure-20260805-s2/all-jit/logs/core_spring-boot.org.springframework.boot.web.servlet.support.ErrorPageFilterTests.err.log	
155	core/spring-boot	org.springframework.boot.web.servlet.support.ServletContextApplicationContextInitializerTests	craton	on	0	PASS	7.085	3	0	0	0	0	/data/data/cratonvm/apps/spring-boot-suite-runner/.suite/results/craton-fullsuite-azure-20260805-s2/all-jit/logs/core_spring-boot.org.springframework.boot.web.servlet.support.ServletContextApplicationContextInitializerTests.out.log	/data/data/cratonvm/apps/spring-boot-suite-runner/.suite/results/craton-fullsuite-azure-20260805-s2/all-jit/logs/core_spring-boot.org.springframework.boot.web.servlet.support.ServletContextApplicationContextInitializerTests.err.log	
156	core/spring-boot-autoconfigure	org.springframework.boot.autoconfigure.AbstractDependsOnBeanFactoryPostProcessorTests	craton	on	0	PASS	1.817	5	0	0	0	0	/data/data/cratonvm/apps/spring-boot-suite-runner/.suite/results/craton-fullsuite-azure-20260805-s2/all-jit/logs/core_spring-boot-autoconfigure.org.springframework.boot.autoconfigure.AbstractDependsOnBeanFactoryPostProcessorTests.out.log	/data/data/cratonvm/apps/spring-boot-suite-runner/.suite/results/craton-fullsuite-azure-20260805-s2/all-jit/logs/core_spring-boot-autoconfigure.org.springframework.boot.autoconfigure.AbstractDependsOnBeanFactoryPostProcessorTests.err.log	
157	core/spring-boot-autoconfigure	org.springframework.boot.autoconfigure.admin.SpringApplicationAdminJmxAutoConfigurationTests	craton	on	0	PASS	5.640	5	0	0	0	0	/data/data/cratonvm/apps/spring-boot-suite-runner/.suite/results/craton-fullsuite-azure-20260805-s2/all-jit/logs/core_spring-boot-autoconfigure.org.springframework.boot.autoconfigure.admin.SpringApplicationAdminJmxAutoC-d4dd8b524340.out.log	/data/data/cratonvm/apps/spring-boot-suite-runner/.suite/results/craton-fullsuite-azure-20260805-s2/all-jit/logs/core_spring-boot-autoconfigure.org.springframework.boot.autoconfigure.admin.SpringApplicationAdminJmxAutoC-d4dd8b524340.err.log	
158	core/spring-boot-autoconfigure	org.springframework.boot.autoconfigure.aop.AopAutoConfigurationTests	craton	on	0	PASS	4.839	6	0	0	0	0	/data/data/cratonvm/apps/spring-boot-suite-runner/.suite/results/craton-fullsuite-azure-20260805-s2/all-jit/logs/core_spring-boot-autoconfigure.org.springframework.boot.autoconfigure.aop.AopAutoConfigurationTests.out.log	/data/data/cratonvm/apps/spring-boot-suite-runner/.suite/results/craton-fullsuite-azure-20260805-s2/all-jit/logs/core_spring-boot-autoconfigure.org.springframework.boot.autoconfigure.aop.AopAutoConfigurationTests.err.log	
159	core/spring-boot-autoconfigure	org.springframework.boot.autoconfigure.aop.NonAspectJAopAutoConfigurationTests	craton	on	0	PASS	3.023	2	0	0	0	0	/data/data/cratonvm/apps/spring-boot-suite-runner/.suite/results/craton-fullsuite-azure-20260805-s2/all-jit/logs/core_spring-boot-autoconfigure.org.springframework.boot.autoconfigure.aop.NonAspectJAopAutoConfigurationTests.out.log	/data/data/cratonvm/apps/spring-boot-suite-runner/.suite/results/craton-fullsuite-azure-20260805-s2/all-jit/logs/core_spring-boot-autoconfigure.org.springframework.boot.autoconfigure.aop.NonAspectJAopAutoConfigurationTests.err.log	
160	core/spring-boot-autoconfigure	org.springframework.boot.autoconfigure.AutoConfigurationExcludeFilterTests	craton	on	0	PASS	1.005	1	0	0	0	0	/data/data/cratonvm/apps/spring-boot-suite-runner/.suite/results/craton-fullsuite-azure-20260805-s2/all-jit/logs/core_spring-boot-autoconfigure.org.springframework.boot.autoconfigure.AutoConfigurationExcludeFilterTests.out.log	/data/data/cratonvm/apps/spring-boot-suite-runner/.suite/results/craton-fullsuite-azure-20260805-s2/all-jit/logs/core_spring-boot-autoconfigure.org.springframework.boot.autoconfigure.AutoConfigurationExcludeFilterTests.err.log	
161	core/spring-boot-autoconfigure	org.springframework.boot.autoconfigure.AutoConfigurationImportSelectorIntegrationTests	craton	on	0	PASS	2.017	4	0	0	0	0	/data/data/cratonvm/apps/spring-boot-suite-runner/.suite/results/craton-fullsuite-azure-20260805-s2/all-jit/logs/core_spring-boot-autoconfigure.org.springframework.boot.autoconfigure.AutoConfigurationImportSelectorIntegrationTests.out.log	/data/data/cratonvm/apps/spring-boot-suite-runner/.suite/results/craton-fullsuite-azure-20260805-s2/all-jit/logs/core_spring-boot-autoconfigure.org.springframework.boot.autoconfigure.AutoConfigurationImportSelectorIntegrationTests.err.log	
162	core/spring-boot-autoconfigure	org.springframework.boot.autoconfigure.AutoConfigurationImportSelectorTests	craton	on	0	PASS	2.011	19	0	0	0	0	/data/data/cratonvm/apps/spring-boot-suite-runner/.suite/results/craton-fullsuite-azure-20260805-s2/all-jit/logs/core_spring-boot-autoconfigure.org.springframework.boot.autoconfigure.AutoConfigurationImportSelectorTests.out.log	/data/data/cratonvm/apps/spring-boot-suite-runner/.suite/results/craton-fullsuite-azure-20260805-s2/all-jit/logs/core_spring-boot-autoconfigure.org.springframework.boot.autoconfigure.AutoConfigurationImportSelectorTests.err.log	
163	core/spring-boot-autoconfigure	org.springframework.boot.autoconfigure.AutoConfigurationMetadataLoaderTests	craton	on	0	PASS	1.009	12	0	0	0	0	/data/data/cratonvm/apps/spring-boot-suite-runner/.suite/results/craton-fullsuite-azure-20260805-s2/all-jit/logs/core_spring-boot-autoconfigure.org.springframework.boot.autoconfigure.AutoConfigurationMetadataLoaderTests.out.log	/data/data/cratonvm/apps/spring-boot-suite-runner/.suite/results/craton-fullsuite-azure-20260805-s2/all-jit/logs/core_spring-boot-autoconfigure.org.springframework.boot.autoconfigure.AutoConfigurationMetadataLoaderTests.err.log	
164	core/spring-boot-autoconfigure	org.springframework.boot.autoconfigure.AutoConfigurationPackagesTests	craton	on	0	PASS	1.409	5	0	0	0	0	/data/data/cratonvm/apps/spring-boot-suite-runner/.suite/results/craton-fullsuite-azure-20260805-s2/all-jit/logs/core_spring-boot-autoconfigure.org.springframework.boot.autoconfigure.AutoConfigurationPackagesTests.out.log	/data/data/cratonvm/apps/spring-boot-suite-runner/.suite/results/craton-fullsuite-azure-20260805-s2/all-jit/logs/core_spring-boot-autoconfigure.org.springframework.boot.autoconfigure.AutoConfigurationPackagesTests.err.log	
165	core/spring-boot-autoconfigure	org.springframework.boot.autoconfigure.AutoConfigurationReplacementsTests	craton	on	0	PASS	1.009	3	0	0	0	0	/data/data/cratonvm/apps/spring-boot-suite-runner/.suite/results/craton-fullsuite-azure-20260805-s2/all-jit/logs/core_spring-boot-autoconfigure.org.springframework.boot.autoconfigure.AutoConfigurationReplacementsTests.out.log	/data/data/cratonvm/apps/spring-boot-suite-runner/.suite/results/craton-fullsuite-azure-20260805-s2/all-jit/logs/core_spring-boot-autoconfigure.org.springframework.boot.autoconfigure.AutoConfigurationReplacementsTests.err.log	
166	core/spring-boot	org.springframework.boot.web.servlet.support.SpringBootServletInitializerTests	craton	on	0	PASS	28.041	15	0	0	0	0	/data/data/cratonvm/apps/spring-boot-suite-runner/.suite/results/craton-fullsuite-azure-20260805-s2/all-jit/logs/core_spring-boot.org.springframework.boot.web.servlet.support.SpringBootServletInitializerTests.out.log	/data/data/cratonvm/apps/spring-boot-suite-runner/.suite/results/craton-fullsuite-azure-20260805-s2/all-jit/logs/core_spring-boot.org.springframework.boot.web.servlet.support.SpringBootServletInitializerTests.err.log	
167	core/spring-boot-autoconfigure	org.springframework.boot.autoconfigure.AutoConfigurationsTests	craton	on	0	PASS	1.009	4	0	0	0	0	/data/data/cratonvm/apps/spring-boot-suite-runner/.suite/results/craton-fullsuite-azure-20260805-s2/all-jit/logs/core_spring-boot-autoconfigure.org.springframework.boot.autoconfigure.AutoConfigurationsTests.out.log	/data/data/cratonvm/apps/spring-boot-suite-runner/.suite/results/craton-fullsuite-azure-20260805-s2/all-jit/logs/core_spring-boot-autoconfigure.org.springframework.boot.autoconfigure.AutoConfigurationsTests.err.log	
168	core/spring-boot-autoconfigure	org.springframework.boot.autoconfigure.AutoConfigurationSorterTests	craton	on	0	PASS	3.685	18	0	0	0	0	/data/data/cratonvm/apps/spring-boot-suite-runner/.suite/results/craton-fullsuite-azure-20260805-s2/all-jit/logs/core_spring-boot-autoconfigure.org.springframework.boot.autoconfigure.AutoConfigurationSorterTests.out.log	/data/data/cratonvm/apps/spring-boot-suite-runner/.suite/results/craton-fullsuite-azure-20260805-s2/all-jit/logs/core_spring-boot-autoconfigure.org.springframework.boot.autoconfigure.AutoConfigurationSorterTests.err.log	
169	core/spring-boot-autoconfigure	org.springframework.boot.autoconfigure.availability.ApplicationAvailabilityAutoConfigurationTests	craton	on	0	PASS	2.452	3	0	0	0	0	/data/data/cratonvm/apps/spring-boot-suite-runner/.suite/results/craton-fullsuite-azure-20260805-s2/all-jit/logs/core_spring-boot-autoconfigure.org.springframework.boot.autoconfigure.availability.ApplicationAvailability-0b93f899c1a5.out.log	/data/data/cratonvm/apps/spring-boot-suite-runner/.suite/results/craton-fullsuite-azure-20260805-s2/all-jit/logs/core_spring-boot-autoconfigure.org.springframework.boot.autoconfigure.availability.ApplicationAvailability-0b93f899c1a5.err.log	
170	core/spring-boot-autoconfigure	org.springframework.boot.autoconfigure.condition.AbstractNestedConditionTests	craton	on	0	PASS	1.232	3	0	0	0	0	/data/data/cratonvm/apps/spring-boot-suite-runner/.suite/results/craton-fullsuite-azure-20260805-s2/all-jit/logs/core_spring-boot-autoconfigure.org.springframework.boot.autoconfigure.condition.AbstractNestedConditionTests.out.log	/data/data/cratonvm/apps/spring-boot-suite-runner/.suite/results/craton-fullsuite-azure-20260805-s2/all-jit/logs/core_spring-boot-autoconfigure.org.springframework.boot.autoconfigure.condition.AbstractNestedConditionTests.err.log	
171	core/spring-boot-autoconfigure	org.springframework.boot.autoconfigure.condition.AllNestedConditionsTests	craton	on	0	PASS	1.630	4	0	0	0	0	/data/data/cratonvm/apps/spring-boot-suite-runner/.suite/results/craton-fullsuite-azure-20260805-s2/all-jit/logs/core_spring-boot-autoconfigure.org.springframework.boot.autoconfigure.condition.AllNestedConditionsTests.out.log	/data/data/cratonvm/apps/spring-boot-suite-runner/.suite/results/craton-fullsuite-azure-20260805-s2/all-jit/logs/core_spring-boot-autoconfigure.org.springframework.boot.autoconfigure.condition.AllNestedConditionsTests.err.log	
172	core/spring-boot-autoconfigure	org.springframework.boot.autoconfigure.condition.AnyNestedConditionTests	craton	on	0	PASS	1.641	4	0	0	0	0	/data/data/cratonvm/apps/spring-boot-suite-runner/.suite/results/craton-fullsuite-azure-20260805-s2/all-jit/logs/core_spring-boot-autoconfigure.org.springframework.boot.autoconfigure.condition.AnyNestedConditionTests.out.log	/data/data/cratonvm/apps/spring-boot-suite-runner/.suite/results/craton-fullsuite-azure-20260805-s2/all-jit/logs/core_spring-boot-autoconfigure.org.springframework.boot.autoconfigure.condition.AnyNestedConditionTests.err.log	
173	core/spring-boot-autoconfigure	org.springframework.boot.autoconfigure.condition.ConditionalOnBeanTests	craton	on	0	PASS	7.670	36	0	0	0	0	/data/data/cratonvm/apps/spring-boot-suite-runner/.suite/results/craton-fullsuite-azure-20260805-s2/all-jit/logs/core_spring-boot-autoconfigure.org.springframework.boot.autoconfigure.condition.ConditionalOnBeanTests.out.log	/data/data/cratonvm/apps/spring-boot-suite-runner/.suite/results/craton-fullsuite-azure-20260805-s2/all-jit/logs/core_spring-boot-autoconfigure.org.springframework.boot.autoconfigure.condition.ConditionalOnBeanTests.err.log	
174	core/spring-boot-autoconfigure	org.springframework.boot.autoconfigure.condition.ConditionalOnCheckpointRestoreTests	craton	on	0	PASS	2.216	2	0	0	0	0	/data/data/cratonvm/apps/spring-boot-suite-runner/.suite/results/craton-fullsuite-azure-20260805-s2/all-jit/logs/core_spring-boot-autoconfigure.org.springframework.boot.autoconfigure.condition.ConditionalOnCheckpointRestoreTests.out.log	/data/data/cratonvm/apps/spring-boot-suite-runner/.suite/results/craton-fullsuite-azure-20260805-s2/all-jit/logs/core_spring-boot-autoconfigure.org.springframework.boot.autoconfigure.condition.ConditionalOnCheckpointRestoreTests.err.log	
175	core/spring-boot-autoconfigure	org.springframework.boot.autoconfigure.condition.ConditionalOnClassTests	craton	on	0	PASS	2.823	5	0	0	0	0	/data/data/cratonvm/apps/spring-boot-suite-runner/.suite/results/craton-fullsuite-azure-20260805-s2/all-jit/logs/core_spring-boot-autoconfigure.org.springframework.boot.autoconfigure.condition.ConditionalOnClassTests.out.log	/data/data/cratonvm/apps/spring-boot-suite-runner/.suite/results/craton-fullsuite-azure-20260805-s2/all-jit/logs/core_spring-boot-autoconfigure.org.springframework.boot.autoconfigure.condition.ConditionalOnClassTests.err.log	
176	core/spring-boot-autoconfigure	org.springframework.boot.autoconfigure.condition.ConditionalOnCloudPlatformTests	craton	on	0	PASS	1.409	3	0	0	0	0	/data/data/cratonvm/apps/spring-boot-suite-runner/.suite/results/craton-fullsuite-azure-20260805-s2/all-jit/logs/core_spring-boot-autoconfigure.org.springframework.boot.autoconfigure.condition.ConditionalOnCloudPlatformTests.out.log	/data/data/cratonvm/apps/spring-boot-suite-runner/.suite/results/craton-fullsuite-azure-20260805-s2/all-jit/logs/core_spring-boot-autoconfigure.org.springframework.boot.autoconfigure.condition.ConditionalOnCloudPlatformTests.err.log	
177	core/spring-boot-autoconfigure	org.springframework.boot.autoconfigure.condition.ConditionalOnExpressionTests	craton	on	0	PASS	3.426	4	0	0	0	0	/data/data/cratonvm/apps/spring-boot-suite-runner/.suite/results/craton-fullsuite-azure-20260805-s2/all-jit/logs/core_spring-boot-autoconfigure.org.springframework.boot.autoconfigure.condition.ConditionalOnExpressionTests.out.log	/data/data/cratonvm/apps/spring-boot-suite-runner/.suite/results/craton-fullsuite-azure-20260805-s2/all-jit/logs/core_spring-boot-autoconfigure.org.springframework.boot.autoconfigure.condition.ConditionalOnExpressionTests.err.log	
178	core/spring-boot-autoconfigure	org.springframework.boot.autoconfigure.condition.ConditionalOnJavaTests	craton	on	0	PASS	1.205	4	0	0	4	0	/data/data/cratonvm/apps/spring-boot-suite-runner/.suite/results/craton-fullsuite-azure-20260805-s2/all-jit/logs/core_spring-boot-autoconfigure.org.springframework.boot.autoconfigure.condition.ConditionalOnJavaTests.out.log	/data/data/cratonvm/apps/spring-boot-suite-runner/.suite/results/craton-fullsuite-azure-20260805-s2/all-jit/logs/core_spring-boot-autoconfigure.org.springframework.boot.autoconfigure.condition.ConditionalOnJavaTests.err.log	
179	core/spring-boot-autoconfigure	org.springframework.boot.autoconfigure.condition.ConditionalOnJndiTests	craton	on	0	PASS	3.833	6	0	0	0	0	/data/data/cratonvm/apps/spring-boot-suite-runner/.suite/results/craton-fullsuite-azure-20260805-s2/all-jit/logs/core_spring-boot-autoconfigure.org.springframework.boot.autoconfigure.condition.ConditionalOnJndiTests.out.log	/data/data/cratonvm/apps/spring-boot-suite-runner/.suite/results/craton-fullsuite-azure-20260805-s2/all-jit/logs/core_spring-boot-autoconfigure.org.springframework.boot.autoconfigure.condition.ConditionalOnJndiTests.err.log	
180	core/spring-boot-autoconfigure	org.springframework.boot.autoconfigure.condition.ConditionalOnMissingBeanTests	craton	on	0	PASS	11.693	50	0	0	0	0	/data/data/cratonvm/apps/spring-boot-suite-runner/.suite/results/craton-fullsuite-azure-20260805-s2/all-jit/logs/core_spring-boot-autoconfigure.org.springframework.boot.autoconfigure.condition.ConditionalOnMissingBeanTests.out.log	/data/data/cratonvm/apps/spring-boot-suite-runner/.suite/results/craton-fullsuite-azure-20260805-s2/all-jit/logs/core_spring-boot-autoconfigure.org.springframework.boot.autoconfigure.condition.ConditionalOnMissingBeanTests.err.log	
181	core/spring-boot-autoconfigure	org.springframework.boot.autoconfigure.condition.ConditionalOnMissingBeanWithFilteredClasspathTests	craton	on	0	PASS	1.811	1	0	0	0	0	/data/data/cratonvm/apps/spring-boot-suite-runner/.suite/results/craton-fullsuite-azure-20260805-s2/all-jit/logs/core_spring-boot-autoconfigure.org.springframework.boot.autoconfigure.condition.ConditionalOnMissingBeanWi-ce7dff77cbc5.out.log	/data/data/cratonvm/apps/spring-boot-suite-runner/.suite/results/craton-fullsuite-azure-20260805-s2/all-jit/logs/core_spring-boot-autoconfigure.org.springframework.boot.autoconfigure.condition.ConditionalOnMissingBeanWi-ce7dff77cbc5.err.log	
182	core/spring-boot-autoconfigure	org.springframework.boot.autoconfigure.condition.ConditionalOnBooleanPropertyTests	craton	on	0	PASS	35.634	22	0	0	0	0	/data/data/cratonvm/apps/spring-boot-suite-runner/.suite/results/craton-fullsuite-azure-20260805-s2/all-jit/logs/core_spring-boot-autoconfigure.org.springframework.boot.autoconfigure.condition.ConditionalOnBooleanPropertyTests.out.log	/data/data/cratonvm/apps/spring-boot-suite-runner/.suite/results/craton-fullsuite-azure-20260805-s2/all-jit/logs/core_spring-boot-autoconfigure.org.springframework.boot.autoconfigure.condition.ConditionalOnBooleanPropertyTests.err.log	
183	core/spring-boot-autoconfigure	org.springframework.boot.autoconfigure.condition.ConditionalOnMissingClassTests	craton	on	0	PASS	1.020	2	0	0	0	0	/data/data/cratonvm/apps/spring-boot-suite-runner/.suite/results/craton-fullsuite-azure-20260805-s2/all-jit/logs/core_spring-boot-autoconfigure.org.springframework.boot.autoconfigure.condition.ConditionalOnMissingClassTests.out.log	/data/data/cratonvm/apps/spring-boot-suite-runner/.suite/results/craton-fullsuite-azure-20260805-s2/all-jit/logs/core_spring-boot-autoconfigure.org.springframework.boot.autoconfigure.condition.ConditionalOnMissingClassTests.err.log	
184	core/spring-boot-autoconfigure	org.springframework.boot.autoconfigure.condition.ConditionalOnNotWarDeploymentTests	craton	on	0	PASS	1.207	4	0	0	0	0	/data/data/cratonvm/apps/spring-boot-suite-runner/.suite/results/craton-fullsuite-azure-20260805-s2/all-jit/logs/core_spring-boot-autoconfigure.org.springframework.boot.autoconfigure.condition.ConditionalOnNotWarDeploymentTests.out.log	/data/data/cratonvm/apps/spring-boot-suite-runner/.suite/results/craton-fullsuite-azure-20260805-s2/all-jit/logs/core_spring-boot-autoconfigure.org.springframework.boot.autoconfigure.condition.ConditionalOnNotWarDeploymentTests.err.log	
185	core/spring-boot-autoconfigure	org.springframework.boot.autoconfigure.condition.ConditionalOnMissingFilterBeanTests	craton	on	0	PASS	2.248	8	0	0	0	0	/data/data/cratonvm/apps/spring-boot-suite-runner/.suite/results/craton-fullsuite-azure-20260805-s2/all-jit/logs/core_spring-boot-autoconfigure.org.springframework.boot.autoconfigure.condition.ConditionalOnMissingFilterBeanTests.out.log	/data/data/cratonvm/apps/spring-boot-suite-runner/.suite/results/craton-fullsuite-azure-20260805-s2/all-jit/logs/core_spring-boot-autoconfigure.org.springframework.boot.autoconfigure.condition.ConditionalOnMissingFilterBeanTests.err.log	
186	core/spring-boot-autoconfigure	org.springframework.boot.autoconfigure.condition.ConditionalOnNotWebApplicationTests	craton	on	0	PASS	1.227	3	0	0	0	0	/data/data/cratonvm/apps/spring-boot-suite-runner/.suite/results/craton-fullsuite-azure-20260805-s2/all-jit/logs/core_spring-boot-autoconfigure.org.springframework.boot.autoconfigure.condition.ConditionalOnNotWebApplicationTests.out.log	/data/data/cratonvm/apps/spring-boot-suite-runner/.suite/results/craton-fullsuite-azure-20260805-s2/all-jit/logs/core_spring-boot-autoconfigure.org.springframework.boot.autoconfigure.condition.ConditionalOnNotWebApplicationTests.err.log	
187	core/spring-boot-autoconfigure	org.springframework.boot.autoconfigure.condition.ConditionalOnResourceTests	craton	on	0	PASS	1.412	3	0	0	0	0	/data/data/cratonvm/apps/spring-boot-suite-runner/.suite/results/craton-fullsuite-azure-20260805-s2/all-jit/logs/core_spring-boot-autoconfigure.org.springframework.boot.autoconfigure.condition.ConditionalOnResourceTests.out.log	/data/data/cratonvm/apps/spring-boot-suite-runner/.suite/results/craton-fullsuite-azure-20260805-s2/all-jit/logs/core_spring-boot-autoconfigure.org.springframework.boot.autoconfigure.condition.ConditionalOnResourceTests.err.log	
188	core/spring-boot-autoconfigure	org.springframework.boot.autoconfigure.condition.ConditionalOnSingleCandidateTests	craton	on	0	PASS	4.034	17	0	0	0	0	/data/data/cratonvm/apps/spring-boot-suite-runner/.suite/results/craton-fullsuite-azure-20260805-s2/all-jit/logs/core_spring-boot-autoconfigure.org.springframework.boot.autoconfigure.condition.ConditionalOnSingleCandidateTests.out.log	/data/data/cratonvm/apps/spring-boot-suite-runner/.suite/results/craton-fullsuite-azure-20260805-s2/all-jit/logs/core_spring-boot-autoconfigure.org.springframework.boot.autoconfigure.condition.ConditionalOnSingleCandidateTests.err.log	
189	core/spring-boot-autoconfigure	org.springframework.boot.autoconfigure.condition.ConditionalOnThreadingTests	craton	on	0	PASS	1.208	2	0	0	2	0	/data/data/cratonvm/apps/spring-boot-suite-runner/.suite/results/craton-fullsuite-azure-20260805-s2/all-jit/logs/core_spring-boot-autoconfigure.org.springframework.boot.autoconfigure.condition.ConditionalOnThreadingTests.out.log	/data/data/cratonvm/apps/spring-boot-suite-runner/.suite/results/craton-fullsuite-azure-20260805-s2/all-jit/logs/core_spring-boot-autoconfigure.org.springframework.boot.autoconfigure.condition.ConditionalOnThreadingTests.err.log	
190	core/spring-boot-autoconfigure	org.springframework.boot.autoconfigure.condition.ConditionalOnWarDeploymentTests	craton	on	0	PASS	1.213	4	0	0	0	0	/data/data/cratonvm/apps/spring-boot-suite-runner/.suite/results/craton-fullsuite-azure-20260805-s2/all-jit/logs/core_spring-boot-autoconfigure.org.springframework.boot.autoconfigure.condition.ConditionalOnWarDeploymentTests.out.log	/data/data/cratonvm/apps/spring-boot-suite-runner/.suite/results/craton-fullsuite-azure-20260805-s2/all-jit/logs/core_spring-boot-autoconfigure.org.springframework.boot.autoconfigure.condition.ConditionalOnWarDeploymentTests.err.log	
191	core/spring-boot-autoconfigure	org.springframework.boot.autoconfigure.condition.ConditionalOnWebApplicationTests	craton	on	0	PASS	1.409	3	0	0	0	0	/data/data/cratonvm/apps/spring-boot-suite-runner/.suite/results/craton-fullsuite-azure-20260805-s2/all-jit/logs/core_spring-boot-autoconfigure.org.springframework.boot.autoconfigure.condition.ConditionalOnWebApplicationTests.out.log	/data/data/cratonvm/apps/spring-boot-suite-runner/.suite/results/craton-fullsuite-azure-20260805-s2/all-jit/logs/core_spring-boot-autoconfigure.org.springframework.boot.autoconfigure.condition.ConditionalOnWebApplicationTests.err.log	
192	core/spring-boot-autoconfigure	org.springframework.boot.autoconfigure.condition.ConditionEvaluationReportAutoConfigurationImportListenerTests	craton	on	0	PASS	1.006	5	0	0	0	0	/data/data/cratonvm/apps/spring-boot-suite-runner/.suite/results/craton-fullsuite-azure-20260805-s2/all-jit/logs/core_spring-boot-autoconfigure.org.springframework.boot.autoconfigure.condition.ConditionEvaluationReportA-11fe6055f0ec.out.log	/data/data/cratonvm/apps/spring-boot-suite-runner/.suite/results/craton-fullsuite-azure-20260805-s2/all-jit/logs/core_spring-boot-autoconfigure.org.springframework.boot.autoconfigure.condition.ConditionEvaluationReportA-11fe6055f0ec.err.log	
193	core/spring-boot-autoconfigure	org.springframework.boot.autoconfigure.condition.ConditionEvaluationReportTests	craton	on	0	PASS	3.425	11	0	0	0	0	/data/data/cratonvm/apps/spring-boot-suite-runner/.suite/results/craton-fullsuite-azure-20260805-s2/all-jit/logs/core_spring-boot-autoconfigure.org.springframework.boot.autoconfigure.condition.ConditionEvaluationReportTests.out.log	/data/data/cratonvm/apps/spring-boot-suite-runner/.suite/results/craton-fullsuite-azure-20260805-s2/all-jit/logs/core_spring-boot-autoconfigure.org.springframework.boot.autoconfigure.condition.ConditionEvaluationReportTests.err.log	
194	core/spring-boot-autoconfigure	org.springframework.boot.autoconfigure.condition.ConditionMessageTests	craton	on	0	PASS	1.208	27	0	0	0	0	/data/data/cratonvm/apps/spring-boot-suite-runner/.suite/results/craton-fullsuite-azure-20260805-s2/all-jit/logs/core_spring-boot-autoconfigure.org.springframework.boot.autoconfigure.condition.ConditionMessageTests.out.log	/data/data/cratonvm/apps/spring-boot-suite-runner/.suite/results/craton-fullsuite-azure-20260805-s2/all-jit/logs/core_spring-boot-autoconfigure.org.springframework.boot.autoconfigure.condition.ConditionMessageTests.err.log	
195	core/spring-boot-autoconfigure	org.springframework.boot.autoconfigure.condition.NoneNestedConditionsTests	craton	on	0	PASS	1.410	4	0	0	0	0	/data/data/cratonvm/apps/spring-boot-suite-runner/.suite/results/craton-fullsuite-azure-20260805-s2/all-jit/logs/core_spring-boot-autoconfigure.org.springframework.boot.autoconfigure.condition.NoneNestedConditionsTests.out.log	/data/data/cratonvm/apps/spring-boot-suite-runner/.suite/results/craton-fullsuite-azure-20260805-s2/all-jit/logs/core_spring-boot-autoconfigure.org.springframework.boot.autoconfigure.condition.NoneNestedConditionsTests.err.log	
196	core/spring-boot-autoconfigure	org.springframework.boot.autoconfigure.condition.OnBeanConditionTypeDeductionFailureTests	craton	on	0	PASS	1.814	1	0	0	0	0	/data/data/cratonvm/apps/spring-boot-suite-runner/.suite/results/craton-fullsuite-azure-20260805-s2/all-jit/logs/core_spring-boot-autoconfigure.org.springframework.boot.autoconfigure.condition.OnBeanConditionTypeDeducti-ef3749960ee5.out.log	/data/data/cratonvm/apps/spring-boot-suite-runner/.suite/results/craton-fullsuite-azure-20260805-s2/all-jit/logs/core_spring-boot-autoconfigure.org.springframework.boot.autoconfigure.condition.OnBeanConditionTypeDeducti-ef3749960ee5.err.log	
197	core/spring-boot-autoconfigure	org.springframework.boot.autoconfigure.condition.OnClassConditionAutoConfigurationImportFilterTests	craton	on	0	PASS	2.414	3	0	0	0	0	/data/data/cratonvm/apps/spring-boot-suite-runner/.suite/results/craton-fullsuite-azure-20260805-s2/all-jit/logs/core_spring-boot-autoconfigure.org.springframework.boot.autoconfigure.condition.OnClassConditionAutoConfig-b7f585c9eb7b.out.log	/data/data/cratonvm/apps/spring-boot-suite-runner/.suite/results/craton-fullsuite-azure-20260805-s2/all-jit/logs/core_spring-boot-autoconfigure.org.springframework.boot.autoconfigure.condition.OnClassConditionAutoConfig-b7f585c9eb7b.err.log	
198	core/spring-boot-autoconfigure	org.springframework.boot.autoconfigure.condition.OnPropertyListConditionTests	craton	on	0	PASS	1.812	5	0	0	0	0	/data/data/cratonvm/apps/spring-boot-suite-runner/.suite/results/craton-fullsuite-azure-20260805-s2/all-jit/logs/core_spring-boot-autoconfigure.org.springframework.boot.autoconfigure.condition.OnPropertyListConditionTests.out.log	/data/data/cratonvm/apps/spring-boot-suite-runner/.suite/results/craton-fullsuite-azure-20260805-s2/all-jit/logs/core_spring-boot-autoconfigure.org.springframework.boot.autoconfigure.condition.OnPropertyListConditionTests.err.log	
199	core/spring-boot-autoconfigure	org.springframework.boot.autoconfigure.condition.ResourceConditionTests	craton	on	0	PASS	1.412	3	0	0	0	0	/data/data/cratonvm/apps/spring-boot-suite-runner/.suite/results/craton-fullsuite-azure-20260805-s2/all-jit/logs/core_spring-boot-autoconfigure.org.springframework.boot.autoconfigure.condition.ResourceConditionTests.out.log	/data/data/cratonvm/apps/spring-boot-suite-runner/.suite/results/craton-fullsuite-azure-20260805-s2/all-jit/logs/core_spring-boot-autoconfigure.org.springframework.boot.autoconfigure.condition.ResourceConditionTests.err.log	
200	core/spring-boot-autoconfigure	org.springframework.boot.autoconfigure.condition.SpringBootConditionTests	craton	on	0	PASS	1.009	2	0	0	0	0	/data/data/cratonvm/apps/spring-boot-suite-runner/.suite/results/craton-fullsuite-azure-20260805-s2/all-jit/logs/core_spring-boot-autoconfigure.org.springframework.boot.autoconfigure.condition.SpringBootConditionTests.out.log	/data/data/cratonvm/apps/spring-boot-suite-runner/.suite/results/craton-fullsuite-azure-20260805-s2/all-jit/logs/core_spring-boot-autoconfigure.org.springframework.boot.autoconfigure.condition.SpringBootConditionTests.err.log	
201	core/spring-boot-autoconfigure	org.springframework.boot.autoconfigure.container.ContainerImageMetadataTests	craton	on	0	PASS	0.807	8	0	0	0	0	/data/data/cratonvm/apps/spring-boot-suite-runner/.suite/results/craton-fullsuite-azure-20260805-s2/all-jit/logs/core_spring-boot-autoconfigure.org.springframework.boot.autoconfigure.container.ContainerImageMetadataTests.out.log	/data/data/cratonvm/apps/spring-boot-suite-runner/.suite/results/craton-fullsuite-azure-20260805-s2/all-jit/logs/core_spring-boot-autoconfigure.org.springframework.boot.autoconfigure.container.ContainerImageMetadataTests.err.log	
202	core/spring-boot-autoconfigure	org.springframework.boot.autoconfigure.context.ConfigurationPropertiesAutoConfigurationTests	craton	on	0	PASS	1.612	2	0	0	0	0	/data/data/cratonvm/apps/spring-boot-suite-runner/.suite/results/craton-fullsuite-azure-20260805-s2/all-jit/logs/core_spring-boot-autoconfigure.org.springframework.boot.autoconfigure.context.ConfigurationPropertiesAutoC-2a7eaaf0e7a9.out.log	/data/data/cratonvm/apps/spring-boot-suite-runner/.suite/results/craton-fullsuite-azure-20260805-s2/all-jit/logs/core_spring-boot-autoconfigure.org.springframework.boot.autoconfigure.context.ConfigurationPropertiesAutoC-2a7eaaf0e7a9.err.log	
203	core/spring-boot-autoconfigure	org.springframework.boot.autoconfigure.context.LifecycleAutoConfigurationTests	craton	on	0	PASS	2.215	4	0	0	0	0	/data/data/cratonvm/apps/spring-boot-suite-runner/.suite/results/craton-fullsuite-azure-20260805-s2/all-jit/logs/core_spring-boot-autoconfigure.org.springframework.boot.autoconfigure.context.LifecycleAutoConfigurationTests.out.log	/data/data/cratonvm/apps/spring-boot-suite-runner/.suite/results/craton-fullsuite-azure-20260805-s2/all-jit/logs/core_spring-boot-autoconfigure.org.springframework.boot.autoconfigure.context.LifecycleAutoConfigurationTests.err.log	
204	core/spring-boot-autoconfigure	org.springframework.boot.autoconfigure.context.MessageSourceAutoConfigurationTests	craton	on	0	PASS	8.255	19	0	0	1	0	/data/data/cratonvm/apps/spring-boot-suite-runner/.suite/results/craton-fullsuite-azure-20260805-s2/all-jit/logs/core_spring-boot-autoconfigure.org.springframework.boot.autoconfigure.context.MessageSourceAutoConfigurationTests.out.log	/data/data/cratonvm/apps/spring-boot-suite-runner/.suite/results/craton-fullsuite-azure-20260805-s2/all-jit/logs/core_spring-boot-autoconfigure.org.springframework.boot.autoconfigure.context.MessageSourceAutoConfigurationTests.err.log	
205	core/spring-boot-autoconfigure	org.springframework.boot.autoconfigure.context.PropertyPlaceholderAutoConfigurationTests	craton	on	0	PASS	2.016	6	0	0	0	0	/data/data/cratonvm/apps/spring-boot-suite-runner/.suite/results/craton-fullsuite-azure-20260805-s2/all-jit/logs/core_spring-boot-autoconfigure.org.springframework.boot.autoconfigure.context.PropertyPlaceholderAutoConfigurationTests.out.log	/data/data/cratonvm/apps/spring-boot-suite-runner/.suite/results/craton-fullsuite-azure-20260805-s2/all-jit/logs/core_spring-boot-autoconfigure.org.springframework.boot.autoconfigure.context.PropertyPlaceholderAutoConfigurationTests.err.log	
206	core/spring-boot-autoconfigure	org.springframework.boot.autoconfigure.data.ConditionalOnRepositoryTypeTests	craton	on	0	PASS	2.214	11	0	0	0	0	/data/data/cratonvm/apps/spring-boot-suite-runner/.suite/results/craton-fullsuite-azure-20260805-s2/all-jit/logs/core_spring-boot-autoconfigure.org.springframework.boot.autoconfigure.data.ConditionalOnRepositoryTypeTests.out.log	/data/data/cratonvm/apps/spring-boot-suite-runner/.suite/results/craton-fullsuite-azure-20260805-s2/all-jit/logs/core_spring-boot-autoconfigure.org.springframework.boot.autoconfigure.data.ConditionalOnRepositoryTypeTests.err.log	
207	core/spring-boot-autoconfigure	org.springframework.boot.autoconfigure.diagnostics.analyzer.NoSuchBeanDefinitionFailureAnalyzerTests	craton	on	0	PASS	3.021	11	0	0	0	0	/data/data/cratonvm/apps/spring-boot-suite-runner/.suite/results/craton-fullsuite-azure-20260805-s2/all-jit/logs/core_spring-boot-autoconfigure.org.springframework.boot.autoconfigure.diagnostics.analyzer.NoSuchBeanDefin-7106a1a9f67a.out.log	/data/data/cratonvm/apps/spring-boot-suite-runner/.suite/results/craton-fullsuite-azure-20260805-s2/all-jit/logs/core_spring-boot-autoconfigure.org.springframework.boot.autoconfigure.diagnostics.analyzer.NoSuchBeanDefin-7106a1a9f67a.err.log	
208	core/spring-boot-autoconfigure	org.springframework.boot.autoconfigure.ImportAutoConfigurationImportSelectorTests	craton	on	0	PASS	2.017	16	0	0	0	0	/data/data/cratonvm/apps/spring-boot-suite-runner/.suite/results/craton-fullsuite-azure-20260805-s2/all-jit/logs/core_spring-boot-autoconfigure.org.springframework.boot.autoconfigure.ImportAutoConfigurationImportSelectorTests.out.log	/data/data/cratonvm/apps/spring-boot-suite-runner/.suite/results/craton-fullsuite-azure-20260805-s2/all-jit/logs/core_spring-boot-autoconfigure.org.springframework.boot.autoconfigure.ImportAutoConfigurationImportSelectorTests.err.log	
209	core/spring-boot-autoconfigure	org.springframework.boot.autoconfigure.ImportAutoConfigurationTests	craton	on	0	PASS	2.623	5	0	0	0	0	/data/data/cratonvm/apps/spring-boot-suite-runner/.suite/results/craton-fullsuite-azure-20260805-s2/all-jit/logs/core_spring-boot-autoconfigure.org.springframework.boot.autoconfigure.ImportAutoConfigurationTests.out.log	/data/data/cratonvm/apps/spring-boot-suite-runner/.suite/results/craton-fullsuite-azure-20260805-s2/all-jit/logs/core_spring-boot-autoconfigure.org.springframework.boot.autoconfigure.ImportAutoConfigurationTests.err.log	
210	core/spring-boot-autoconfigure	org.springframework.boot.autoconfigure.info.ProjectInfoAutoConfigurationTests	craton	on	0	PASS	5.643	11	0	0	0	0	/data/data/cratonvm/apps/spring-boot-suite-runner/.suite/results/craton-fullsuite-azure-20260805-s2/all-jit/logs/core_spring-boot-autoconfigure.org.springframework.boot.autoconfigure.info.ProjectInfoAutoConfigurationTests.out.log	/data/data/cratonvm/apps/spring-boot-suite-runner/.suite/results/craton-fullsuite-azure-20260805-s2/all-jit/logs/core_spring-boot-autoconfigure.org.springframework.boot.autoconfigure.info.ProjectInfoAutoConfigurationTests.err.log	
211	core/spring-boot-autoconfigure	org.springframework.boot.autoconfigure.jmx.JmxAutoConfigurationTests	craton	on	0	PASS	2.817	6	0	0	0	0	/data/data/cratonvm/apps/spring-boot-suite-runner/.suite/results/craton-fullsuite-azure-20260805-s2/all-jit/logs/core_spring-boot-autoconfigure.org.springframework.boot.autoconfigure.jmx.JmxAutoConfigurationTests.out.log	/data/data/cratonvm/apps/spring-boot-suite-runner/.suite/results/craton-fullsuite-azure-20260805-s2/all-jit/logs/core_spring-boot-autoconfigure.org.springframework.boot.autoconfigure.jmx.JmxAutoConfigurationTests.err.log	
212	core/spring-boot-autoconfigure	org.springframework.boot.autoconfigure.jmx.ParentAwareNamingStrategyTests	craton	on	0	PASS	1.413	4	0	0	0	0	/data/data/cratonvm/apps/spring-boot-suite-runner/.suite/results/craton-fullsuite-azure-20260805-s2/all-jit/logs/core_spring-boot-autoconfigure.org.springframework.boot.autoconfigure.jmx.ParentAwareNamingStrategyTests.out.log	/data/data/cratonvm/apps/spring-boot-suite-runner/.suite/results/craton-fullsuite-azure-20260805-s2/all-jit/logs/core_spring-boot-autoconfigure.org.springframework.boot.autoconfigure.jmx.ParentAwareNamingStrategyTests.err.log	
213	core/spring-boot-autoconfigure	org.springframework.boot.autoconfigure.condition.ConditionalOnPropertyTests	craton	on	0	PASS	62.393	38	0	0	0	0	/data/data/cratonvm/apps/spring-boot-suite-runner/.suite/results/craton-fullsuite-azure-20260805-s2/all-jit/logs/core_spring-boot-autoconfigure.org.springframework.boot.autoconfigure.condition.ConditionalOnPropertyTests.out.log	/data/data/cratonvm/apps/spring-boot-suite-runner/.suite/results/craton-fullsuite-azure-20260805-s2/all-jit/logs/core_spring-boot-autoconfigure.org.springframework.boot.autoconfigure.condition.ConditionalOnPropertyTests.err.log	
214	core/spring-boot-autoconfigure	org.springframework.boot.autoconfigure.logging.ConditionEvaluationReportLoggerTests	craton	on	0	PASS	2.435	6	0	0	0	0	/data/data/cratonvm/apps/spring-boot-suite-runner/.suite/results/craton-fullsuite-azure-20260805-s2/all-jit/logs/core_spring-boot-autoconfigure.org.springframework.boot.autoconfigure.logging.ConditionEvaluationReportLoggerTests.out.log	/data/data/cratonvm/apps/spring-boot-suite-runner/.suite/results/craton-fullsuite-azure-20260805-s2/all-jit/logs/core_spring-boot-autoconfigure.org.springframework.boot.autoconfigure.logging.ConditionEvaluationReportLoggerTests.err.log	
215	core/spring-boot-autoconfigure	org.springframework.boot.autoconfigure.logging.ConditionEvaluationReportLoggingProcessorTests	craton	on	0	PASS	1.608	1	0	0	0	0	/data/data/cratonvm/apps/spring-boot-suite-runner/.suite/results/craton-fullsuite-azure-20260805-s2/all-jit/logs/core_spring-boot-autoconfigure.org.springframework.boot.autoconfigure.logging.ConditionEvaluationReportLog-6dbc08deaf1f.out.log	/data/data/cratonvm/apps/spring-boot-suite-runner/.suite/results/craton-fullsuite-azure-20260805-s2/all-jit/logs/core_spring-boot-autoconfigure.org.springframework.boot.autoconfigure.logging.ConditionEvaluationReportLog-6dbc08deaf1f.err.log	
216	core/spring-boot-autoconfigure	org.springframework.boot.autoconfigure.logging.ConditionEvaluationReportLoggingListenerTests	craton	on	0	PASS	2.856	5	0	0	0	0	/data/data/cratonvm/apps/spring-boot-suite-runner/.suite/results/craton-fullsuite-azure-20260805-s2/all-jit/logs/core_spring-boot-autoconfigure.org.springframework.boot.autoconfigure.logging.ConditionEvaluationReportLog-8dc52a8b2d5e.out.log	/data/data/cratonvm/apps/spring-boot-suite-runner/.suite/results/craton-fullsuite-azure-20260805-s2/all-jit/logs/core_spring-boot-autoconfigure.org.springframework.boot.autoconfigure.logging.ConditionEvaluationReportLog-8dc52a8b2d5e.err.log	
217	core/spring-boot-autoconfigure	org.springframework.boot.autoconfigure.service.connection.ConnectionDetailsFactoriesTests	craton	on	0	PASS	0.819	9	0	0	0	0	/data/data/cratonvm/apps/spring-boot-suite-runner/.suite/results/craton-fullsuite-azure-20260805-s2/all-jit/logs/core_spring-boot-autoconfigure.org.springframework.boot.autoconfigure.service.connection.ConnectionDetails-87aa3b6a6761.out.log	/data/data/cratonvm/apps/spring-boot-suite-runner/.suite/results/craton-fullsuite-azure-20260805-s2/all-jit/logs/core_spring-boot-autoconfigure.org.springframework.boot.autoconfigure.service.connection.ConnectionDetails-87aa3b6a6761.err.log	
218	core/spring-boot-autoconfigure	org.springframework.boot.autoconfigure.SpringBootApplicationTests	craton	on	0	PASS	0.805	4	0	0	0	0	/data/data/cratonvm/apps/spring-boot-suite-runner/.suite/results/craton-fullsuite-azure-20260805-s2/all-jit/logs/core_spring-boot-autoconfigure.org.springframework.boot.autoconfigure.SpringBootApplicationTests.out.log	/data/data/cratonvm/apps/spring-boot-suite-runner/.suite/results/craton-fullsuite-azure-20260805-s2/all-jit/logs/core_spring-boot-autoconfigure.org.springframework.boot.autoconfigure.SpringBootApplicationTests.err.log	
219	core/spring-boot-autoconfigure	org.springframework.boot.autoconfigure.ssl.BundleContentNotWatchableFailureAnalyzerTests	craton	on	0	PASS	0.604	2	0	0	0	0	/data/data/cratonvm/apps/spring-boot-suite-runner/.suite/results/craton-fullsuite-azure-20260805-s2/all-jit/logs/core_spring-boot-autoconfigure.org.springframework.boot.autoconfigure.ssl.BundleContentNotWatchableFailureAnalyzerTests.out.log	/data/data/cratonvm/apps/spring-boot-suite-runner/.suite/results/craton-fullsuite-azure-20260805-s2/all-jit/logs/core_spring-boot-autoconfigure.org.springframework.boot.autoconfigure.ssl.BundleContentNotWatchableFailureAnalyzerTests.err.log	
220	core/spring-boot-autoconfigure	org.springframework.boot.autoconfigure.ssl.BundleContentPropertyTests	craton	on	0	PASS	2.619	9	0	0	0	0	/data/data/cratonvm/apps/spring-boot-suite-runner/.suite/results/craton-fullsuite-azure-20260805-s2/all-jit/logs/core_spring-boot-autoconfigure.org.springframework.boot.autoconfigure.ssl.BundleContentPropertyTests.out.log	/data/data/cratonvm/apps/spring-boot-suite-runner/.suite/results/craton-fullsuite-azure-20260805-s2/all-jit/logs/core_spring-boot-autoconfigure.org.springframework.boot.autoconfigure.ssl.BundleContentPropertyTests.err.log	
221	core/spring-boot-autoconfigure	org.springframework.boot.autoconfigure.SharedMetadataReaderFactoryContextInitializerTests	craton	on	0	PASS	4.498	2	0	0	0	0	/data/data/cratonvm/apps/spring-boot-suite-runner/.suite/results/craton-fullsuite-azure-20260805-s2/all-jit/logs/core_spring-boot-autoconfigure.org.springframework.boot.autoconfigure.SharedMetadataReaderFactoryContextIn-f2e6055a6d84.out.log	/data/data/cratonvm/apps/spring-boot-suite-runner/.suite/results/craton-fullsuite-azure-20260805-s2/all-jit/logs/core_spring-boot-autoconfigure.org.springframework.boot.autoconfigure.SharedMetadataReaderFactoryContextIn-f2e6055a6d84.err.log	
222	core/spring-boot-autoconfigure	org.springframework.boot.autoconfigure.ssl.CertificateMatchingTest	craton	on	0	EMPTY	0.402	0	0	0	0	0	/data/data/cratonvm/apps/spring-boot-suite-runner/.suite/results/craton-fullsuite-azure-20260805-s2/all-jit/logs/core_spring-boot-autoconfigure.org.springframework.boot.autoconfigure.ssl.CertificateMatchingTest.out.log	/data/data/cratonvm/apps/spring-boot-suite-runner/.suite/results/craton-fullsuite-azure-20260805-s2/all-jit/logs/core_spring-boot-autoconfigure.org.springframework.boot.autoconfigure.ssl.CertificateMatchingTest.err.log	
223	core/spring-boot-autoconfigure	org.springframework.boot.autoconfigure.ssl.FileWatcherTests	craton	on	0	PASS	6.439	15	0	0	0	0	/data/data/cratonvm/apps/spring-boot-suite-runner/.suite/results/craton-fullsuite-azure-20260805-s2/all-jit/logs/core_spring-boot-autoconfigure.org.springframework.boot.autoconfigure.ssl.FileWatcherTests.out.log	/data/data/cratonvm/apps/spring-boot-suite-runner/.suite/results/craton-fullsuite-azure-20260805-s2/all-jit/logs/core_spring-boot-autoconfigure.org.springframework.boot.autoconfigure.ssl.FileWatcherTests.err.log	
224	core/spring-boot-autoconfigure	org.springframework.boot.autoconfigure.ssl.PropertiesSslBundleTests	craton	on	0	PASS	2.620	6	0	0	0	0	/data/data/cratonvm/apps/spring-boot-suite-runner/.suite/results/craton-fullsuite-azure-20260805-s2/all-jit/logs/core_spring-boot-autoconfigure.org.springframework.boot.autoconfigure.ssl.PropertiesSslBundleTests.out.log	/data/data/cratonvm/apps/spring-boot-suite-runner/.suite/results/craton-fullsuite-azure-20260805-s2/all-jit/logs/core_spring-boot-autoconfigure.org.springframework.boot.autoconfigure.ssl.PropertiesSslBundleTests.err.log	
225	core/spring-boot-autoconfigure	org.springframework.boot.autoconfigure.ssl.SslAutoConfigurationTests	craton	on	0	PASS	2.814	4	0	0	0	0	/data/data/cratonvm/apps/spring-boot-suite-runner/.suite/results/craton-fullsuite-azure-20260805-s2/all-jit/logs/core_spring-boot-autoconfigure.org.springframework.boot.autoconfigure.ssl.SslAutoConfigurationTests.out.log	/data/data/cratonvm/apps/spring-boot-suite-runner/.suite/results/craton-fullsuite-azure-20260805-s2/all-jit/logs/core_spring-boot-autoconfigure.org.springframework.boot.autoconfigure.ssl.SslAutoConfigurationTests.err.log	
226	core/spring-boot-autoconfigure	org.springframework.boot.autoconfigure.ssl.SslPropertiesBundleRegistrarTests	craton	on	0	PASS	3.217	7	0	0	0	0	/data/data/cratonvm/apps/spring-boot-suite-runner/.suite/results/craton-fullsuite-azure-20260805-s2/all-jit/logs/core_spring-boot-autoconfigure.org.springframework.boot.autoconfigure.ssl.SslPropertiesBundleRegistrarTests.out.log	/data/data/cratonvm/apps/spring-boot-suite-runner/.suite/results/craton-fullsuite-azure-20260805-s2/all-jit/logs/core_spring-boot-autoconfigure.org.springframework.boot.autoconfigure.ssl.SslPropertiesBundleRegistrarTests.err.log	
227	core/spring-boot-autoconfigure	org.springframework.boot.autoconfigure.task.ScheduledBeanLazyInitializationExcludeFilterTests	craton	on	0	PASS	0.603	3	0	0	0	0	/data/data/cratonvm/apps/spring-boot-suite-runner/.suite/results/craton-fullsuite-azure-20260805-s2/all-jit/logs/core_spring-boot-autoconfigure.org.springframework.boot.autoconfigure.task.ScheduledBeanLazyInitialization-4e9e04957a6d.out.log	/data/data/cratonvm/apps/spring-boot-suite-runner/.suite/results/craton-fullsuite-azure-20260805-s2/all-jit/logs/core_spring-boot-autoconfigure.org.springframework.boot.autoconfigure.task.ScheduledBeanLazyInitialization-4e9e04957a6d.err.log	
228	core/spring-boot-autoconfigure	org.springframework.boot.autoconfigure.ssl.CertificateMatcherTests	craton	on	1	FAIL	16.783	18	0	0	0	1	/data/data/cratonvm/apps/spring-boot-suite-runner/.suite/results/craton-fullsuite-azure-20260805-s2/all-jit/logs/core_spring-boot-autoconfigure.org.springframework.boot.autoconfigure.ssl.CertificateMatcherTests.out.log	/data/data/cratonvm/apps/spring-boot-suite-runner/.suite/results/craton-fullsuite-azure-20260805-s2/all-jit/logs/core_spring-boot-autoconfigure.org.springframework.boot.autoconfigure.ssl.CertificateMatcherTests.err.log	    => org.mockito.exceptions.base.MockitoException:  | hotspot-baseline: PASS 0/24
229	core/spring-boot-autoconfigure	org.springframework.boot.autoconfigure.task.TaskSchedulingAutoConfigurationTests	craton	on	0	PASS	12.077	16	0	0	0	0	/data/data/cratonvm/apps/spring-boot-suite-runner/.suite/results/craton-fullsuite-azure-20260805-s2/all-jit/logs/core_spring-boot-autoconfigure.org.springframework.boot.autoconfigure.task.TaskSchedulingAutoConfigurationTests.out.log	/data/data/cratonvm/apps/spring-boot-suite-runner/.suite/results/craton-fullsuite-azure-20260805-s2/all-jit/logs/core_spring-boot-autoconfigure.org.springframework.boot.autoconfigure.task.TaskSchedulingAutoConfigurationTests.err.log	
230	core/spring-boot-autoconfigure	org.springframework.boot.autoconfigure.template.TemplateAvailabilityProvidersTests	craton	on	0	PASS	4.832	16	0	0	0	0	/data/data/cratonvm/apps/spring-boot-suite-runner/.suite/results/craton-fullsuite-azure-20260805-s2/all-jit/logs/core_spring-boot-autoconfigure.org.springframework.boot.autoconfigure.template.TemplateAvailabilityProvidersTests.out.log	/data/data/cratonvm/apps/spring-boot-suite-runner/.suite/results/craton-fullsuite-azure-20260805-s2/all-jit/logs/core_spring-boot-autoconfigure.org.springframework.boot.autoconfigure.template.TemplateAvailabilityProvidersTests.err.log	
231	core/spring-boot-autoconfigure	org.springframework.boot.autoconfigure.template.TemplateRuntimeHintsTests	craton	on	0	PASS	0.804	3	0	0	0	0	/data/data/cratonvm/apps/spring-boot-suite-runner/.suite/results/craton-fullsuite-azure-20260805-s2/all-jit/logs/core_spring-boot-autoconfigure.org.springframework.boot.autoconfigure.template.TemplateRuntimeHintsTests.out.log	/data/data/cratonvm/apps/spring-boot-suite-runner/.suite/results/craton-fullsuite-azure-20260805-s2/all-jit/logs/core_spring-boot-autoconfigure.org.springframework.boot.autoconfigure.template.TemplateRuntimeHintsTests.err.log	
232	core/spring-boot-autoconfigure	org.springframework.boot.autoconfigure.web.ConditionalOnEnabledResourceChainTests	craton	on	0	PASS	1.609	5	0	0	0	0	/data/data/cratonvm/apps/spring-boot-suite-runner/.suite/results/craton-fullsuite-azure-20260805-s2/all-jit/logs/core_spring-boot-autoconfigure.org.springframework.boot.autoconfigure.web.ConditionalOnEnabledResourceChainTests.out.log	/data/data/cratonvm/apps/spring-boot-suite-runner/.suite/results/craton-fullsuite-azure-20260805-s2/all-jit/logs/core_spring-boot-autoconfigure.org.springframework.boot.autoconfigure.web.ConditionalOnEnabledResourceChainTests.err.log	
233	core/spring-boot-autoconfigure	org.springframework.boot.autoconfigure.web.format.WebConversionServiceTests	craton	on	0	PASS	1.613	18	0	0	0	0	/data/data/cratonvm/apps/spring-boot-suite-runner/.suite/results/craton-fullsuite-azure-20260805-s2/all-jit/logs/core_spring-boot-autoconfigure.org.springframework.boot.autoconfigure.web.format.WebConversionServiceTests.out.log	/data/data/cratonvm/apps/spring-boot-suite-runner/.suite/results/craton-fullsuite-azure-20260805-s2/all-jit/logs/core_spring-boot-autoconfigure.org.springframework.boot.autoconfigure.web.format.WebConversionServiceTests.err.log	
234	core/spring-boot-autoconfigure	org.springframework.boot.autoconfigure.web.WebPropertiesResourcesBindingTests	craton	on	0	PASS	1.004	1	0	0	0	0	/data/data/cratonvm/apps/spring-boot-suite-runner/.suite/results/craton-fullsuite-azure-20260805-s2/all-jit/logs/core_spring-boot-autoconfigure.org.springframework.boot.autoconfigure.web.WebPropertiesResourcesBindingTests.out.log	/data/data/cratonvm/apps/spring-boot-suite-runner/.suite/results/craton-fullsuite-azure-20260805-s2/all-jit/logs/core_spring-boot-autoconfigure.org.springframework.boot.autoconfigure.web.WebPropertiesResourcesBindingTests.err.log	
235	core/spring-boot-autoconfigure	org.springframework.boot.autoconfigure.web.WebPropertiesResourcesTests	craton	on	0	PASS	0.603	9	0	0	0	0	/data/data/cratonvm/apps/spring-boot-suite-runner/.suite/results/craton-fullsuite-azure-20260805-s2/all-jit/logs/core_spring-boot-autoconfigure.org.springframework.boot.autoconfigure.web.WebPropertiesResourcesTests.out.log	/data/data/cratonvm/apps/spring-boot-suite-runner/.suite/results/craton-fullsuite-azure-20260805-s2/all-jit/logs/core_spring-boot-autoconfigure.org.springframework.boot.autoconfigure.web.WebPropertiesResourcesTests.err.log	
236	core/spring-boot-autoconfigure	org.springframework.boot.autoconfigure.web.WebResourcesRuntimeHintsTests	craton	on	0	PASS	0.603	3	0	0	0	0	/data/data/cratonvm/apps/spring-boot-suite-runner/.suite/results/craton-fullsuite-azure-20260805-s2/all-jit/logs/core_spring-boot-autoconfigure.org.springframework.boot.autoconfigure.web.WebResourcesRuntimeHintsTests.out.log	/data/data/cratonvm/apps/spring-boot-suite-runner/.suite/results/craton-fullsuite-azure-20260805-s2/all-jit/logs/core_spring-boot-autoconfigure.org.springframework.boot.autoconfigure.web.WebResourcesRuntimeHintsTests.err.log	
237	core/spring-boot-autoconfigure	org.springframework.boot.autoconfigure.task.TaskExecutionAutoConfigurationTests	craton	on	0	PASS	37.764	36	0	0	0	0	/data/data/cratonvm/apps/spring-boot-suite-runner/.suite/results/craton-fullsuite-azure-20260805-s2/all-jit/logs/core_spring-boot-autoconfigure.org.springframework.boot.autoconfigure.task.TaskExecutionAutoConfigurationTests.out.log	/data/data/cratonvm/apps/spring-boot-suite-runner/.suite/results/craton-fullsuite-azure-20260805-s2/all-jit/logs/core_spring-boot-autoconfigure.org.springframework.boot.autoconfigure.task.TaskExecutionAutoConfigurationTests.err.log	
238	core/spring-boot-autoconfigure-processor	org.springframework.boot.autoconfigureprocessor.AutoConfigureAnnotationProcessorTests	craton	on	0	PASS	14.706	8	0	0	0	0	/data/data/cratonvm/apps/spring-boot-suite-runner/.suite/results/craton-fullsuite-azure-20260805-s2/all-jit/logs/core_spring-boot-autoconfigure-processor.org.springframework.boot.autoconfigureprocessor.AutoConfigureAnno-1d2e565d60ca.out.log	/data/data/cratonvm/apps/spring-boot-suite-runner/.suite/results/craton-fullsuite-azure-20260805-s2/all-jit/logs/core_spring-boot-autoconfigure-processor.org.springframework.boot.autoconfigureprocessor.AutoConfigureAnno-1d2e565d60ca.err.log	
239	core/spring-boot-docker-compose	org.springframework.boot.docker.compose.core.DefaultConnectionPortsTests	craton	on	0	PASS	1.223	6	0	0	0	0	/data/data/cratonvm/apps/spring-boot-suite-runner/.suite/results/craton-fullsuite-azure-20260805-s2/all-jit/logs/core_spring-boot-docker-compose.org.springframework.boot.docker.compose.core.DefaultConnectionPortsTests.out.log	/data/data/cratonvm/apps/spring-boot-suite-runner/.suite/results/craton-fullsuite-azure-20260805-s2/all-jit/logs/core_spring-boot-docker-compose.org.springframework.boot.docker.compose.core.DefaultConnectionPortsTests.err.log	
240	core/spring-boot-docker-compose	org.springframework.boot.docker.compose.core.DefaultRunningServiceTests	craton	on	0	PASS	0.806	9	0	0	0	0	/data/data/cratonvm/apps/spring-boot-suite-runner/.suite/results/craton-fullsuite-azure-20260805-s2/all-jit/logs/core_spring-boot-docker-compose.org.springframework.boot.docker.compose.core.DefaultRunningServiceTests.out.log	/data/data/cratonvm/apps/spring-boot-suite-runner/.suite/results/craton-fullsuite-azure-20260805-s2/all-jit/logs/core_spring-boot-docker-compose.org.springframework.boot.docker.compose.core.DefaultRunningServiceTests.err.log	
241	core/spring-boot-docker-compose	org.springframework.boot.docker.compose.core.DefaultDockerComposeTests	craton	on	0	PASS	2.040	9	0	0	0	0	/data/data/cratonvm/apps/spring-boot-suite-runner/.suite/results/craton-fullsuite-azure-20260805-s2/all-jit/logs/core_spring-boot-docker-compose.org.springframework.boot.docker.compose.core.DefaultDockerComposeTests.out.log	/data/data/cratonvm/apps/spring-boot-suite-runner/.suite/results/craton-fullsuite-azure-20260805-s2/all-jit/logs/core_spring-boot-docker-compose.org.springframework.boot.docker.compose.core.DefaultDockerComposeTests.err.log	
242	core/spring-boot-docker-compose	org.springframework.boot.docker.compose.core.DockerCliCommandTests	craton	on	0	PASS	1.223	11	0	0	0	0	/data/data/cratonvm/apps/spring-boot-suite-runner/.suite/results/craton-fullsuite-azure-20260805-s2/all-jit/logs/core_spring-boot-docker-compose.org.springframework.boot.docker.compose.core.DockerCliCommandTests.out.log	/data/data/cratonvm/apps/spring-boot-suite-runner/.suite/results/craton-fullsuite-azure-20260805-s2/all-jit/logs/core_spring-boot-docker-compose.org.springframework.boot.docker.compose.core.DockerCliCommandTests.err.log	
243	core/spring-boot-docker-compose	org.springframework.boot.docker.compose.core.DockerCliComposeConfigResponseTests	craton	on	0	PASS	0.818	1	0	0	0	0	/data/data/cratonvm/apps/spring-boot-suite-runner/.suite/results/craton-fullsuite-azure-20260805-s2/all-jit/logs/core_spring-boot-docker-compose.org.springframework.boot.docker.compose.core.DockerCliComposeConfigResponseTests.out.log	/data/data/cratonvm/apps/spring-boot-suite-runner/.suite/results/craton-fullsuite-azure-20260805-s2/all-jit/logs/core_spring-boot-docker-compose.org.springframework.boot.docker.compose.core.DockerCliComposeConfigResponseTests.err.log	
244	core/spring-boot-docker-compose	org.springframework.boot.docker.compose.core.DockerCliComposePsResponseTests	craton	on	0	PASS	0.818	1	0	0	0	0	/data/data/cratonvm/apps/spring-boot-suite-runner/.suite/results/craton-fullsuite-azure-20260805-s2/all-jit/logs/core_spring-boot-docker-compose.org.springframework.boot.docker.compose.core.DockerCliComposePsResponseTests.out.log	/data/data/cratonvm/apps/spring-boot-suite-runner/.suite/results/craton-fullsuite-azure-20260805-s2/all-jit/logs/core_spring-boot-docker-compose.org.springframework.boot.docker.compose.core.DockerCliComposePsResponseTests.err.log	
245	core/spring-boot-docker-compose	org.springframework.boot.docker.compose.core.DockerCliComposeVersionResponseTests	craton	on	0	PASS	0.813	1	0	0	0	0	/data/data/cratonvm/apps/spring-boot-suite-runner/.suite/results/craton-fullsuite-azure-20260805-s2/all-jit/logs/core_spring-boot-docker-compose.org.springframework.boot.docker.compose.core.DockerCliComposeVersionResponseTests.out.log	/data/data/cratonvm/apps/spring-boot-suite-runner/.suite/results/craton-fullsuite-azure-20260805-s2/all-jit/logs/core_spring-boot-docker-compose.org.springframework.boot.docker.compose.core.DockerCliComposeVersionResponseTests.err.log	
246	core/spring-boot-docker-compose	org.springframework.boot.docker.compose.core.DockerCliContextResponseTests	craton	on	0	PASS	0.817	2	0	0	0	0	/data/data/cratonvm/apps/spring-boot-suite-runner/.suite/results/craton-fullsuite-azure-20260805-s2/all-jit/logs/core_spring-boot-docker-compose.org.springframework.boot.docker.compose.core.DockerCliContextResponseTests.out.log	/data/data/cratonvm/apps/spring-boot-suite-runner/.suite/results/craton-fullsuite-azure-20260805-s2/all-jit/logs/core_spring-boot-docker-compose.org.springframework.boot.docker.compose.core.DockerCliContextResponseTests.err.log	
247	core/spring-boot-docker-compose	org.springframework.boot.docker.compose.core.DockerCliInspectResponseTests	craton	on	0	PASS	0.806	1	0	0	0	0	/data/data/cratonvm/apps/spring-boot-suite-runner/.suite/results/craton-fullsuite-azure-20260805-s2/all-jit/logs/core_spring-boot-docker-compose.org.springframework.boot.docker.compose.core.DockerCliInspectResponseTests.out.log	/data/data/cratonvm/apps/spring-boot-suite-runner/.suite/results/craton-fullsuite-azure-20260805-s2/all-jit/logs/core_spring-boot-docker-compose.org.springframework.boot.docker.compose.core.DockerCliInspectResponseTests.err.log	
